Jurisdiction,Emissions Category,Emissions Sub-Category,Emissions Source,Density,Material Density Unit,Source,,,
Australia,Constructors’ Site Overheads,Principal's Project Accommodation,Establishment of Principals Project Site Buildings,0.19,t/m2,TfNSW Engineering Carbon and Cost Library (ECCL) L5,,,
Australia,Constructors’ Site Overheads,Principal's Project Accommodation,Establishment of Principals Site Compound,0.24,t/m2,TfNSW Engineering Carbon and Cost Library (ECCL) L5,,,
Australia,Constructors’ Site Overheads,Principal's Project Accommodation,Principals Project Site Buildings,-   ,t/m2/week,TfNSW Engineering Carbon and Cost Library (ECCL) L5,,,
Australia,Constructors’ Site Overheads,Principal's Project Accommodation,Principals Site Compound,0,t/m2/week,TfNSW Engineering Carbon and Cost Library (ECCL) L5,,,
Australia,Constructors’ Site Overheads,Principal's Project Accommodation,Principals Project Site Buildings,-   ,t/m2/week,TfNSW Engineering Carbon and Cost Library (ECCL) L5,,,
Australia,Constructors’ Site Overheads,Principal's Project Accommodation,Principals Site Compound,0,t/m2/week,TfNSW Engineering Carbon and Cost Library (ECCL) L5,,,
Australia,Constructors’ Site Overheads,Principal's Project Accommodation,Principals Project Site Buildings,-   ,t/m2,TfNSW Engineering Carbon and Cost Library (ECCL) L5,,,
Australia,Constructors’ Site Overheads,Principal's Project Accommodation,Principals Site Compound,0.02,t/m2,TfNSW Engineering Carbon and Cost Library (ECCL) L5,,,
Australia,Substructure and Pavements,Soil and Water Management,Kerb Inlet Protection,0.01,t/each,TfNSW Engineering Carbon and Cost Library (ECCL) L5,,,
Australia,Substructure and Pavements,Soil and Water Management,Drop Inlet Protection,0.2,t/each,TfNSW Engineering Carbon and Cost Library (ECCL) L5,,,
Australia,Substructure and Pavements,Soil and Water Management,Silt / Sediment Fence,0,t/m,TfNSW Engineering Carbon and Cost Library (ECCL) L5,,,
Australia,Substructure and Pavements,Soil and Water Management,Clean water Diversion Drain,-   ,t/m,TfNSW Engineering Carbon and Cost Library (ECCL) L5,,,
Australia,Substructure and Pavements,Soil and Water Management,Sediment -laden water diversion drain,-   ,t/m,TfNSW Engineering Carbon and Cost Library (ECCL) L5,,,
Australia,Preliminaries,Soil and Water Management,Site Exit Point - Shaker ramp,1.4,t/each,TfNSW Engineering Carbon and Cost Library (ECCL) L5,,,
Australia,Preliminaries,Soil and Water Management,Site Exit Point - Wheel Wash,-   ,t/each,TfNSW Engineering Carbon and Cost Library (ECCL) L5,,,
Australia,Services and Equipment,Soil and Water Management,Maintenance of Soil and Water Management Control Measures,-   ,t/week,TfNSW Engineering Carbon and Cost Library (ECCL) L5,,,
Australia,Services and Equipment,Soil and Water Management,Site Water Quality Monitoring,-   ,t/each/week,TfNSW Engineering Carbon and Cost Library (ECCL) L5,,,
Australia,Substructure and Pavements,Soil and Water Management,Basin Volume <100 m3,23.44,t/each,TfNSW Engineering Carbon and Cost Library (ECCL) L5,,,
Australia,Substructure and Pavements,Soil and Water Management,Basin Volume 100 - 200 m3,28.09,t/each,TfNSW Engineering Carbon and Cost Library (ECCL) L5,,,
Australia,Substructure and Pavements,Soil and Water Management,Basin Volume 200 - 500 m3,32.75,t/each,TfNSW Engineering Carbon and Cost Library (ECCL) L5,,,
Australia,Substructure and Pavements,Soil and Water Management,Basin Volume 500 - 1000 m3,37.4,t/each,TfNSW Engineering Carbon and Cost Library (ECCL) L5,,,
Australia,Substructure and Pavements,Soil and Water Management,Basin Volume 1000 - 2000 m3,42.06,t/each,TfNSW Engineering Carbon and Cost Library (ECCL) L5,,,
Australia,Substructure and Pavements,Soil and Water Management,Basin Volume 2000 - 5000 m3,46.71,t/each,TfNSW Engineering Carbon and Cost Library (ECCL) L5,,,
Australia,Substructure and Pavements,Soil and Water Management,Basin Volume >5000 m3,56.6,t/each,TfNSW Engineering Carbon and Cost Library (ECCL) L5,,,
Australia,Substructure and Pavements,Soil and Water Management,Basin Volume <100 m3,22.74,t/each,TfNSW Engineering Carbon and Cost Library (ECCL) L5,,,
Australia,Substructure and Pavements,Soil and Water Management,Basin Volume 100 - 200 m3,27.25,t/each,TfNSW Engineering Carbon and Cost Library (ECCL) L5,,,
Australia,Substructure and Pavements,Soil and Water Management,Basin Volume 200 - 500 m3,31.77,t/each,TfNSW Engineering Carbon and Cost Library (ECCL) L5,,,
Australia,Substructure and Pavements,Soil and Water Management,Basin Volume 500 - 1000 m3,36.28,t/each,TfNSW Engineering Carbon and Cost Library (ECCL) L5,,,
Australia,Substructure and Pavements,Soil and Water Management,Basin Volume 1000 - 2000 m3,40.8,t/each,TfNSW Engineering Carbon and Cost Library (ECCL) L5,,,
Australia,Substructure and Pavements,Soil and Water Management,Basin Volume 2000 - 5000 m3,45.31,t/each,TfNSW Engineering Carbon and Cost Library (ECCL) L5,,,
Australia,Substructure and Pavements,Soil and Water Management,Basin Volume >5000 m3,56.6,t/each,TfNSW Engineering Carbon and Cost Library (ECCL) L5,,,
Australia,Surface and Underground Drainage,Clearing and Grubbing,Production and Stockpiling of Mulch,-   ,t/m3,TfNSW Engineering Carbon and Cost Library (ECCL) L5,,,
Australia,Surface and Underground Drainage,Open Drains,Excavation for Open Drains,-   ,t/m3,TfNSW Engineering Carbon and Cost Library (ECCL) L5,,,
Australia,Surface and Underground Drainage,Open Drains,Embankment for Open Drains,-   ,t/m3,TfNSW Engineering Carbon and Cost Library (ECCL) L5,,,
Australia,Surface and Underground Drainage,Excavation,Excavation for Pipe Culverts,-   ,t/m3,TfNSW Engineering Carbon and Cost Library (ECCL) L5,,,
Australia,Surface and Underground Drainage,Excavation,Excavation for Box Culverts,-   ,t/m3,TfNSW Engineering Carbon and Cost Library (ECCL) L5,,,
Australia,Surface and Underground Drainage,Excavation,Excavation for Other Drainage Structures,-   ,t/m3,TfNSW Engineering Carbon and Cost Library (ECCL) L5,,,
Australia,Surface and Underground Drainage,Excavation,Inadequate Foundation Material under Drainage Structures and Open Drains (Item with provisional quantity),1.15,t/m3,TfNSW Engineering Carbon and Cost Library (ECCL) L5,,,
Australia,Surface and Underground Drainage,Lining of Catch Drains,Plain Concrete,0.1,t/m2,TfNSW Engineering Carbon and Cost Library (ECCL) L5,,,
Australia,Surface and Underground Drainage,Lining of Catch Drains,Reinforced Concrete,0.1,t/m2,TfNSW Engineering Carbon and Cost Library (ECCL) L5,,,
Australia,Surface and Underground Drainage,Lining of Catch Drains,Rock,0.1,t/m2,TfNSW Engineering Carbon and Cost Library (ECCL) L5,,,
Australia,Surface and Underground Drainage,Stormwater Drainage Pipe,100mm Diameter,0.85,t/m,TfNSW Engineering Carbon and Cost Library (ECCL) L5,,,
Australia,Surface and Underground Drainage,Stormwater Drainage Pipe,150mm Diameter,1.04,t/m,TfNSW Engineering Carbon and Cost Library (ECCL) L5,,,
Australia,Surface and Underground Drainage,Stormwater Drainage Pipe,200mm Diameter,1.19,t/m,TfNSW Engineering Carbon and Cost Library (ECCL) L5,,,
Australia,Surface and Underground Drainage,Stormwater Drainage Pipe,225mm Diameter,1.25,t/m,TfNSW Engineering Carbon and Cost Library (ECCL) L5,,,
Australia,Surface and Underground Drainage,Stormwater Drainage Pipe,300mm Diameter,1.52,t/m,TfNSW Engineering Carbon and Cost Library (ECCL) L5,,,
Australia,Surface and Underground Drainage,Stormwater Drainage Pipe,375mm Class 3 RRJ,1.78,t/m,TfNSW Engineering Carbon and Cost Library (ECCL) L5,,,
Australia,Surface and Underground Drainage,Stormwater Drainage Pipe,375mm Class 4 RRJ,1.78,t/m,TfNSW Engineering Carbon and Cost Library (ECCL) L5,,,
Australia,Surface and Underground Drainage,Stormwater Drainage Pipe,450mm Class 3 RRJ,2.07,t/m,TfNSW Engineering Carbon and Cost Library (ECCL) L5,,,
Australia,Surface and Underground Drainage,Stormwater Drainage Pipe,450mm Class 4 RRJ,2.07,t/m,TfNSW Engineering Carbon and Cost Library (ECCL) L5,,,
Australia,Surface and Underground Drainage,Stormwater Drainage Pipe,525mm Class 3 RRJ,2.36,t/m,TfNSW Engineering Carbon and Cost Library (ECCL) L5,,,
Australia,Surface and Underground Drainage,Stormwater Drainage Pipe,525mm Class 4 RRJ,2.4,t/m,TfNSW Engineering Carbon and Cost Library (ECCL) L5,,,
Australia,Surface and Underground Drainage,Stormwater Drainage Pipe,600mm Class 3 RRJ,2.64,t/m,TfNSW Engineering Carbon and Cost Library (ECCL) L5,,,
Australia,Surface and Underground Drainage,Stormwater Drainage Pipe,600mm Class 4 RRJ,2.67,t/m,TfNSW Engineering Carbon and Cost Library (ECCL) L5,,,
Australia,Surface and Underground Drainage,Stormwater Drainage Pipe,675mm Class 3 RRJ,2.95,t/m,TfNSW Engineering Carbon and Cost Library (ECCL) L5,,,
Australia,Surface and Underground Drainage,Stormwater Drainage Pipe,675mm Class 4 RRJ,3,t/m,TfNSW Engineering Carbon and Cost Library (ECCL) L5,,,
Australia,Surface and Underground Drainage,Stormwater Drainage Pipe,750mm Class 3 RRJ,3.25,t/m,TfNSW Engineering Carbon and Cost Library (ECCL) L5,,,
Australia,Surface and Underground Drainage,Stormwater Drainage Pipe,750mm Class 4 RRJ,3.33,t/m,TfNSW Engineering Carbon and Cost Library (ECCL) L5,,,
Australia,Surface and Underground Drainage,Stormwater Drainage Pipe,825mm Class 3 RRJ,3.55,t/m,TfNSW Engineering Carbon and Cost Library (ECCL) L5,,,
Australia,Surface and Underground Drainage,Stormwater Drainage Pipe,825mm Class 4 RRJ,3.64,t/m,TfNSW Engineering Carbon and Cost Library (ECCL) L5,,,
Australia,Surface and Underground Drainage,Stormwater Drainage Pipe,900mm Class 3 RRJ,3.95,t/m,TfNSW Engineering Carbon and Cost Library (ECCL) L5,,,
Australia,Surface and Underground Drainage,Stormwater Drainage Pipe,900mm Class 4 RRJ,4.02,t/m,TfNSW Engineering Carbon and Cost Library (ECCL) L5,,,
Australia,Surface and Underground Drainage,Stormwater Drainage Pipe,900mm Class 6 RRJ,4.03,t/m,TfNSW Engineering Carbon and Cost Library (ECCL) L5,,,
Australia,Surface and Underground Drainage,Stormwater Drainage Pipe,1050mm Class 4 RRJ,4.72,t/m,TfNSW Engineering Carbon and Cost Library (ECCL) L5,,,
Australia,Surface and Underground Drainage,Stormwater Drainage Pipe,1050mm Class 6 RRJ,4.73,t/m,TfNSW Engineering Carbon and Cost Library (ECCL) L5,,,
Australia,Surface and Underground Drainage,Stormwater Drainage Pipe,1200mm Class 4 RRJ,5.49,t/m,TfNSW Engineering Carbon and Cost Library (ECCL) L5,,,
Australia,Surface and Underground Drainage,Stormwater Drainage Pipe,1200mm Class 6 RRJ,5.54,t/m,TfNSW Engineering Carbon and Cost Library (ECCL) L5,,,
Australia,Surface and Underground Drainage,Stormwater Drainage Pipe,1200mm Class 8 RRJ,5.84,t/m,TfNSW Engineering Carbon and Cost Library (ECCL) L5,,,
Australia,Surface and Underground Drainage,Stormwater Drainage Pipe,1200mm Class 10 RRJ,6.07,t/m,TfNSW Engineering Carbon and Cost Library (ECCL) L5,,,
Australia,Surface and Underground Drainage,Stormwater Drainage Pipe,1350mm Class 3 RRJ,6.15,t/m,TfNSW Engineering Carbon and Cost Library (ECCL) L5,,,
Australia,Surface and Underground Drainage,Stormwater Drainage Pipe,1350mm Class 4 RRJ,6.3,t/m,TfNSW Engineering Carbon and Cost Library (ECCL) L5,,,
Australia,Surface and Underground Drainage,Stormwater Drainage Pipe,1350mm Class 6 RRJ,6.53,t/m,TfNSW Engineering Carbon and Cost Library (ECCL) L5,,,
Australia,Surface and Underground Drainage,Stormwater Drainage Pipe,1500mm Class 4 RRJ,8.06,t/m,TfNSW Engineering Carbon and Cost Library (ECCL) L5,,,
Australia,Surface and Underground Drainage,Stormwater Drainage Pipe,1500mm Class 6 RRJ,7.74,t/m,TfNSW Engineering Carbon and Cost Library (ECCL) L5,,,
Australia,Surface and Underground Drainage,Stormwater Drainage Pipe,1500mm Class 8 RRJ,8.06,t/m,TfNSW Engineering Carbon and Cost Library (ECCL) L5,,,
Australia,Surface and Underground Drainage,Stormwater Drainage Pipe,1650mm Class 10 RRJ,9.93,t/m,TfNSW Engineering Carbon and Cost Library (ECCL) L5,,,
Australia,Surface and Underground Drainage,Stormwater Drainage Pipe,1800mm Class 4 RRJ,10.4,t/m,TfNSW Engineering Carbon and Cost Library (ECCL) L5,,,
Australia,Surface and Underground Drainage,Stormwater Drainage Pipe,1800mm Class 6 RRJ,10.79,t/m,TfNSW Engineering Carbon and Cost Library (ECCL) L5,,,
Australia,Surface and Underground Drainage,Class B1 - 1 Cell,300mm x 225mm Class B1 - 1 Cell,1.91,t/m,TfNSW Engineering Carbon and Cost Library (ECCL) L5,,,
Australia,Surface and Underground Drainage,Class B1 - 1 Cell,375mm x 225mm Class B1 - 1 Cell,2.05,t/m,TfNSW Engineering Carbon and Cost Library (ECCL) L5,,,
Australia,Surface and Underground Drainage,Class B1 - 1 Cell,375mm x 300mm Class B1 - 1 Cell,2.2,t/m,TfNSW Engineering Carbon and Cost Library (ECCL) L5,,,
Australia,Surface and Underground Drainage,Class B1 - 1 Cell,450mm x 150mm Class B1 - 1 Cell,2.04,t/m,TfNSW Engineering Carbon and Cost Library (ECCL) L5,,,
Australia,Surface and Underground Drainage,Class B1 - 1 Cell,450mm x 160mm Class B1 - 1 Cell,2.06,t/m,TfNSW Engineering Carbon and Cost Library (ECCL) L5,,,
Australia,Surface and Underground Drainage,Class B1 - 1 Cell,450mm x 300mm Class B1 - 1 Cell,2.34,t/m,TfNSW Engineering Carbon and Cost Library (ECCL) L5,,,
Australia,Surface and Underground Drainage,Class B1 - 1 Cell,450mm x 325mm Class B1 - 1 Cell,2.39,t/m,TfNSW Engineering Carbon and Cost Library (ECCL) L5,,,
Australia,Surface and Underground Drainage,Class B1 - 1 Cell,450mm x 450mm Class B1 - 1 Cell,2.64,t/m,TfNSW Engineering Carbon and Cost Library (ECCL) L5,,,
Australia,Surface and Underground Drainage,Class B1 - 1 Cell,600mm x 225mm Class B1 - 1 Cell,2.46,t/m,TfNSW Engineering Carbon and Cost Library (ECCL) L5,,,
Australia,Surface and Underground Drainage,Class B1 - 1 Cell,600mm x 300mm Class B1 - 1 Cell,2.61,t/m,TfNSW Engineering Carbon and Cost Library (ECCL) L5,,,
Australia,Surface and Underground Drainage,Class B1 - 1 Cell,600mm x 380mm Class B1 - 1 Cell,2.77,t/m,TfNSW Engineering Carbon and Cost Library (ECCL) L5,,,
Australia,Surface and Underground Drainage,Class B1 - 1 Cell,600mm x 450mm Class B1 - 1 Cell,2.91,t/m,TfNSW Engineering Carbon and Cost Library (ECCL) L5,,,
Australia,Surface and Underground Drainage,Class B1 - 1 Cell,600mm x 600mm Class B1 - 1 Cell,3.22,t/m,TfNSW Engineering Carbon and Cost Library (ECCL) L5,,,
Australia,Surface and Underground Drainage,Class B1 - 1 Cell,750mm x 375mm Class B1 - 1 Cell,3.51,t/m,TfNSW Engineering Carbon and Cost Library (ECCL) L5,,,
Australia,Surface and Underground Drainage,Class B1 - 1 Cell,750mm x 450mm Class B1 - 1 Cell,3.66,t/m,TfNSW Engineering Carbon and Cost Library (ECCL) L5,,,
Australia,Surface and Underground Drainage,Class B1 - 1 Cell,750mm x 600mm Class B1 - 1 Cell,3.96,t/m,TfNSW Engineering Carbon and Cost Library (ECCL) L5,,,
Australia,Surface and Underground Drainage,Class B1 - 2 Cell,750mm x 600mm Class B1 - 2 Cell,6.23,t/m,TfNSW Engineering Carbon and Cost Library (ECCL) L5,,,
Australia,Surface and Underground Drainage,Class B1 - 1 Cell,900mm x 300mm Class B1 - 1 Cell,3.67,t/m,TfNSW Engineering Carbon and Cost Library (ECCL) L5,,,
Australia,Surface and Underground Drainage,Class B1 - 2 Cell,900mm x 300mm Class B1 - 2 Cell,6.06,t/m,TfNSW Engineering Carbon and Cost Library (ECCL) L5,,,
Australia,Surface and Underground Drainage,Class B1 - 1 Cell,900mm x 375mm Class B1 - 1 Cell,3.82,t/m,TfNSW Engineering Carbon and Cost Library (ECCL) L5,,,
Australia,Surface and Underground Drainage,Class B1 - 1 Cell,900mm x 450mm Class B1 - 1 Cell,3.97,t/m,TfNSW Engineering Carbon and Cost Library (ECCL) L5,,,
Australia,Surface and Underground Drainage,Class B1 - 2 Cell,900mm x 450mm Class B1 - 2 Cell,6.46,t/m,TfNSW Engineering Carbon and Cost Library (ECCL) L5,,,
Australia,Surface and Underground Drainage,Class B1 - 1 Cell,900mm x 600mm Class B1 - 1 Cell,4.27,t/m,TfNSW Engineering Carbon and Cost Library (ECCL) L5,,,
Australia,Surface and Underground Drainage,Class B1 - 2 Cell,900mm x 600mm Class B1 - 2 Cell,6.86,t/m,TfNSW Engineering Carbon and Cost Library (ECCL) L5,,,
Australia,Surface and Underground Drainage,Class B1 - 5 Cell,900mm x 600mm Class B1 - 5 Cell,14.42,t/m,TfNSW Engineering Carbon and Cost Library (ECCL) L5,,,
Australia,Surface and Underground Drainage,Class B1 - 2 Cell,1050mm x 225mm Class B1 - 2 Cell,7.29,t/m,TfNSW Engineering Carbon and Cost Library (ECCL) L5,,,
Australia,Surface and Underground Drainage,Class B1 - 1 Cell,1050mm x 300mm Class B1 - 1 Cell,4.32,t/m,TfNSW Engineering Carbon and Cost Library (ECCL) L5,,,
Australia,Surface and Underground Drainage,Class B1 - 1 Cell,1200mm x 225mm Class B1 - 1 Cell,4.49,t/m,TfNSW Engineering Carbon and Cost Library (ECCL) L5,,,
Australia,Surface and Underground Drainage,Class B1 - 1 Cell,1200mm x 300mm Class B1 - 1 Cell,4.66,t/m,TfNSW Engineering Carbon and Cost Library (ECCL) L5,,,
Australia,Surface and Underground Drainage,Class B1 - 2 Cell,1200mm x 300mm Class B1 - 2 Cell,8.17,t/m,TfNSW Engineering Carbon and Cost Library (ECCL) L5,,,
Australia,Surface and Underground Drainage,Class B1 - 1 Cell,1200mm x 450mm Class B1 - 1 Cell,5.01,t/m,TfNSW Engineering Carbon and Cost Library (ECCL) L5,,,
Australia,Surface and Underground Drainage,Class B1 - 2 Cell,1200mm x 450mm Class B1 - 2 Cell,8.66,t/m,TfNSW Engineering Carbon and Cost Library (ECCL) L5,,,
Australia,Surface and Underground Drainage,Class B1 - 3 Cell,1200mm x 450mm Class B1 - 3 Cell,12.2,t/m,TfNSW Engineering Carbon and Cost Library (ECCL) L5,,,
Australia,Surface and Underground Drainage,Class B1 - 4 Cell,1200mm x 450mm Class B1 - 4 Cell,15.84,t/m,TfNSW Engineering Carbon and Cost Library (ECCL) L5,,,
Australia,Surface and Underground Drainage,Class B1 - 6 Cell,1200mm x 450mm Class B1 - 6 Cell,23.03,t/m,TfNSW Engineering Carbon and Cost Library (ECCL) L5,,,
Australia,Surface and Underground Drainage,Class B1 - 1 Cell,1200mm x 600mm Class B1 - 1 Cell,5.36,t/m,TfNSW Engineering Carbon and Cost Library (ECCL) L5,,,
Australia,Surface and Underground Drainage,Class B1 - 2 Cell,1200mm x 600mm Class B1 - 2 Cell,9.15,t/m,TfNSW Engineering Carbon and Cost Library (ECCL) L5,,,
Australia,Surface and Underground Drainage,Class B1 - 3 Cell,1200mm x 600mm Class B1 - 3 Cell,12.83,t/m,TfNSW Engineering Carbon and Cost Library (ECCL) L5,,,
Australia,Surface and Underground Drainage,Class B1 - 6 Cell,1200mm x 675mm Class B1 - 6 Cell,24.61,t/m,TfNSW Engineering Carbon and Cost Library (ECCL) L5,,,
Australia,Surface and Underground Drainage,Class B1 - 1 Cell,1200mm x 750mm Class B1 - 1 Cell,5.71,t/m,TfNSW Engineering Carbon and Cost Library (ECCL) L5,,,
Australia,Surface and Underground Drainage,Class B1 - 1 Cell,1200mm x 900mm Class B1 - 1 Cell,6.06,t/m,TfNSW Engineering Carbon and Cost Library (ECCL) L5,,,
Australia,Surface and Underground Drainage,Class B1 - 2 Cell,1200mm x 900mm Class B1 - 2 Cell,10.13,t/m,TfNSW Engineering Carbon and Cost Library (ECCL) L5,,,
Australia,Surface and Underground Drainage,Class B1 - 4 Cell,1200mm x 900mm Class B1 - 4 Cell,18.16,t/m,TfNSW Engineering Carbon and Cost Library (ECCL) L5,,,
Australia,Surface and Underground Drainage,Class B1 - 6 Cell,1200mm x 900mm Class B1 - 6 Cell,26.2,t/m,TfNSW Engineering Carbon and Cost Library (ECCL) L5,,,
Australia,Surface and Underground Drainage,Class B1 - 1 Cell,1200mm x 1200mm Class B1 - 1 Cell,6.75,t/m,TfNSW Engineering Carbon and Cost Library (ECCL) L5,,,
Australia,Surface and Underground Drainage,Class B1 - 2 Cell,1200mm x 1200mm Class B1 - 2 Cell,11.1,t/m,TfNSW Engineering Carbon and Cost Library (ECCL) L5,,,
Australia,Surface and Underground Drainage,Class B1 - 1 Cell,1500mm x 300mm Class B1 - 1 Cell,6.81,t/m,TfNSW Engineering Carbon and Cost Library (ECCL) L5,,,
Australia,Surface and Underground Drainage,Class B1 - 2 Cell,1500mm x 300mm Class B1 - 2 Cell,11.87,t/m,TfNSW Engineering Carbon and Cost Library (ECCL) L5,,,
Australia,Surface and Underground Drainage,Class B1 - 1 Cell,1500mm x 375mm Class B1 - 1 Cell,7.03,t/m,TfNSW Engineering Carbon and Cost Library (ECCL) L5,,,
Australia,Surface and Underground Drainage,Class B1 - 1 Cell,1500mm x 450mm Class B1 - 1 Cell,7.25,t/m,TfNSW Engineering Carbon and Cost Library (ECCL) L5,,,
Australia,Surface and Underground Drainage,Class B1 - 2 Cell,1500mm x 450mm Class B1 - 2 Cell,12.47,t/m,TfNSW Engineering Carbon and Cost Library (ECCL) L5,,,
Australia,Surface and Underground Drainage,Class B1 - 1 Cell,1500mm x 600mm Class B1 - 1 Cell,7.69,t/m,TfNSW Engineering Carbon and Cost Library (ECCL) L5,,,
Australia,Surface and Underground Drainage,Class B1 - 2 Cell,1500mm x 600mm Class B1 - 2 Cell,13.08,t/m,TfNSW Engineering Carbon and Cost Library (ECCL) L5,,,
Australia,Surface and Underground Drainage,Class B1 - 5 Cell,1500mm x 600mm Class B1 - 5 Cell,28.61,t/m,TfNSW Engineering Carbon and Cost Library (ECCL) L5,,,
Australia,Surface and Underground Drainage,Class B1 - 2 Cell,1500mm x 750mm Class B1 - 2 Cell,13.69,t/m,TfNSW Engineering Carbon and Cost Library (ECCL) L5,,,
Australia,Surface and Underground Drainage,Class B1 - 1 Cell,1500mm x 900mm Class B1 - 1 Cell,8.57,t/m,TfNSW Engineering Carbon and Cost Library (ECCL) L5,,,
Australia,Surface and Underground Drainage,Class B1 - 2 Cell,1500mm x 900mm Class B1 - 2 Cell,14.29,t/m,TfNSW Engineering Carbon and Cost Library (ECCL) L5,,,
Australia,Surface and Underground Drainage,Class B1 - 6 Cell,1500mm x 900mm Class B1 - 6 Cell,36.53,t/m,TfNSW Engineering Carbon and Cost Library (ECCL) L5,,,
Australia,Surface and Underground Drainage,Class B1 - 1 Cell,1500mm x 1200mm Class B1 - 1 Cell,9.45,t/m,TfNSW Engineering Carbon and Cost Library (ECCL) L5,,,
Australia,Surface and Underground Drainage,Class B1 - 2 Cell,1500mm x 1200mm Class B1 - 2 Cell,15.5,t/m,TfNSW Engineering Carbon and Cost Library (ECCL) L5,,,
Australia,Surface and Underground Drainage,Class B1 - 3 Cell,1500mm x 1200mm Class B1 - 3 Cell,21.23,t/m,TfNSW Engineering Carbon and Cost Library (ECCL) L5,,,
Australia,Surface and Underground Drainage,Class B1 - 4 Cell,1500mm x 1500mm Class B1 - 4 Cell,29.15,t/m,TfNSW Engineering Carbon and Cost Library (ECCL) L5,,,
Australia,Surface and Underground Drainage,Class B1 - 1 Cell,1800mm x 300mm Class B1 - 1 Cell,7.26,t/m,TfNSW Engineering Carbon and Cost Library (ECCL) L5,,,
Australia,Surface and Underground Drainage,Class B1 - 1 Cell,1800mm x 450mm Class B1 - 1 Cell,7.64,t/m,TfNSW Engineering Carbon and Cost Library (ECCL) L5,,,
Australia,Surface and Underground Drainage,Class B1 - 8 Cell,1800mm x 450mm Class B1 - 8 Cell,48.86,t/m,TfNSW Engineering Carbon and Cost Library (ECCL) L5,,,
Australia,Surface and Underground Drainage,Class B1 - 12 Cell,1800mm x 450mm Class B1 - 12 Cell,72.33,t/m,TfNSW Engineering Carbon and Cost Library (ECCL) L5,,,
Australia,Surface and Underground Drainage,Class B1 - 1 Cell,1800mm x 600mm Class B1 - 1 Cell,8.01,t/m,TfNSW Engineering Carbon and Cost Library (ECCL) L5,,,
Australia,Surface and Underground Drainage,Class B1 - 5 Cell,1800mm x 600mm Class B1 - 5 Cell,32.13,t/m,TfNSW Engineering Carbon and Cost Library (ECCL) L5,,,
Australia,Surface and Underground Drainage,Class B1 - 8 Cell,1800mm x 600mm Class B1 - 8 Cell,50.39,t/m,TfNSW Engineering Carbon and Cost Library (ECCL) L5,,,
Australia,Surface and Underground Drainage,Class B1 - 1 Cell,1800mm x 750mm Class B1 - 1 Cell,8.38,t/m,TfNSW Engineering Carbon and Cost Library (ECCL) L5,,,
Australia,Surface and Underground Drainage,Class B1 - 2 Cell,1800mm x 750mm Class B1 - 2 Cell,14.74,t/m,TfNSW Engineering Carbon and Cost Library (ECCL) L5,,,
Australia,Surface and Underground Drainage,Class B1 - 3 Cell,1800mm x 750mm Class B1 - 3 Cell,20.77,t/m,TfNSW Engineering Carbon and Cost Library (ECCL) L5,,,
Australia,Surface and Underground Drainage,Class B1 - 1 Cell,1800mm x 900mm Class B1 - 1 Cell,8.75,t/m,TfNSW Engineering Carbon and Cost Library (ECCL) L5,,,
Australia,Surface and Underground Drainage,Class B1 - 2 Cell,1800mm x 900mm Class B1 - 2 Cell,15.27,t/m,TfNSW Engineering Carbon and Cost Library (ECCL) L5,,,
Australia,Surface and Underground Drainage,Class B1 - 3 Cell,1800mm x 900mm Class B1 - 3 Cell,21.48,t/m,TfNSW Engineering Carbon and Cost Library (ECCL) L5,,,
Australia,Surface and Underground Drainage,Class B1 - 4 Cell,1800mm x 900mm Class B1 - 4 Cell,28,t/m,TfNSW Engineering Carbon and Cost Library (ECCL) L5,,,
Australia,Surface and Underground Drainage,Class B1 - 12 Cell,1800mm x 900mm Class B1 - 12 Cell,78.89,t/m,TfNSW Engineering Carbon and Cost Library (ECCL) L5,,,
Australia,Surface and Underground Drainage,Class B1 - 1 Cell,1800mm x 1200mm Class B1 - 1 Cell,9.5,t/m,TfNSW Engineering Carbon and Cost Library (ECCL) L5,,,
Australia,Surface and Underground Drainage,Class B1 - 2 Cell,1800mm x 1200mm Class B1 - 2 Cell,16.35,t/m,TfNSW Engineering Carbon and Cost Library (ECCL) L5,,,
Australia,Surface and Underground Drainage,Class B1 - 4 Cell,1800mm x 1200mm Class B1 - 4 Cell,29.73,t/m,TfNSW Engineering Carbon and Cost Library (ECCL) L5,,,
Australia,Surface and Underground Drainage,Class B1 - 1 Cell,1800mm x 1500mm Class B1 - 1 Cell,10.24,t/m,TfNSW Engineering Carbon and Cost Library (ECCL) L5,,,
Australia,Surface and Underground Drainage,Class B1 - 2 Cell,1800mm x 1500mm Class B1 - 2 Cell,17.42,t/m,TfNSW Engineering Carbon and Cost Library (ECCL) L5,,,
Australia,Surface and Underground Drainage,Class B1 - 5 Cell,1800mm x 1500mm Class B1 - 5 Cell,38.32,t/m,TfNSW Engineering Carbon and Cost Library (ECCL) L5,,,
Australia,Surface and Underground Drainage,Class B1 - 1 Cell,1800mm x 1800mm Class B1 - 1 Cell,12.02,t/m,TfNSW Engineering Carbon and Cost Library (ECCL) L5,,,
Australia,Surface and Underground Drainage,Class B1 - 3 Cell,1800mm x 1800mm Class B1 - 3 Cell,26.72,t/m,TfNSW Engineering Carbon and Cost Library (ECCL) L5,,,
Australia,Surface and Underground Drainage,Class B1 - 1 Cell,1840mm x 625mm Class B1 - 1 Cell,8.18,t/m,TfNSW Engineering Carbon and Cost Library (ECCL) L5,,,
Australia,Surface and Underground Drainage,Class B1 - 1 Cell,2100mm x 450mm Class B1 - 1 Cell,9.37,t/m,TfNSW Engineering Carbon and Cost Library (ECCL) L5,,,
Australia,Surface and Underground Drainage,Class B1 - 2 Cell,2100mm x 450mm Class B1 - 2 Cell,16.72,t/m,TfNSW Engineering Carbon and Cost Library (ECCL) L5,,,
Australia,Surface and Underground Drainage,Class B1 - 1 Cell,2100mm x 600mm Class B1 - 1 Cell,9.83,t/m,TfNSW Engineering Carbon and Cost Library (ECCL) L5,,,
Australia,Surface and Underground Drainage,Class B1 - 2 Cell,2100mm x 600mm Class B1 - 2 Cell,17.37,t/m,TfNSW Engineering Carbon and Cost Library (ECCL) L5,,,
Australia,Surface and Underground Drainage,Class B1 - 1 Cell,2100mm x 750mm Class B1 - 1 Cell,10.3,t/m,TfNSW Engineering Carbon and Cost Library (ECCL) L5,,,
Australia,Surface and Underground Drainage,Class B1 - 1 Cell,2100mm x 900mm Class B1 - 1 Cell,10.76,t/m,TfNSW Engineering Carbon and Cost Library (ECCL) L5,,,
Australia,Surface and Underground Drainage,Class B1 - 2 Cell,2100mm x 900mm Class B1 - 2 Cell,18.68,t/m,TfNSW Engineering Carbon and Cost Library (ECCL) L5,,,
Australia,Surface and Underground Drainage,Class B1 - 3 Cell,2100mm x 900mm Class B1 - 3 Cell,26.27,t/m,TfNSW Engineering Carbon and Cost Library (ECCL) L5,,,
Australia,Surface and Underground Drainage,Class B1 - 1 Cell,2100mm x 1200mm Class B1 - 1 Cell,11.69,t/m,TfNSW Engineering Carbon and Cost Library (ECCL) L5,,,
Australia,Surface and Underground Drainage,Class B1 - 10 Cell,2100mm x 1200mm Class B1 - 10 Cell,85.02,t/m,TfNSW Engineering Carbon and Cost Library (ECCL) L5,,,
Australia,Surface and Underground Drainage,Class B1 - 24 Cell,2100mm x 1200mm Class B1 - 24 Cell,198.83,t/m,TfNSW Engineering Carbon and Cost Library (ECCL) L5,,,
Australia,Surface and Underground Drainage,Class B1 - 57 Cell,2100mm x 1200mm Class B1 - 57 Cell,466.94,t/m,TfNSW Engineering Carbon and Cost Library (ECCL) L5,,,
Australia,Surface and Underground Drainage,Class B1 - 1 Cell,2100mm x 1500mm Class B1 - 1 Cell,12.62,t/m,TfNSW Engineering Carbon and Cost Library (ECCL) L5,,,
Australia,Surface and Underground Drainage,Class B1 - 1 Cell,2100mm x 1800mm Class B1 - 1 Cell,13.55,t/m,TfNSW Engineering Carbon and Cost Library (ECCL) L5,,,
Australia,Surface and Underground Drainage,Class B1 - 1 Cell,2100mm x 2100mm Class B1 - 1 Cell,14.48,t/m,TfNSW Engineering Carbon and Cost Library (ECCL) L5,,,
Australia,Surface and Underground Drainage,Class B1 - 1 Cell,2400mm x 450mm Class B1 - 1 Cell,10.27,t/m,TfNSW Engineering Carbon and Cost Library (ECCL) L5,,,
Australia,Surface and Underground Drainage,Class B1 - 2 Cell,2400mm x 450mm Class B1 - 2 Cell,18.51,t/m,TfNSW Engineering Carbon and Cost Library (ECCL) L5,,,
Australia,Surface and Underground Drainage,Class B1 - 1 Cell,2400mm x 600mm Class B1 - 1 Cell,10.73,t/m,TfNSW Engineering Carbon and Cost Library (ECCL) L5,,,
Australia,Surface and Underground Drainage,Class B1 - 2 Cell,2400mm x 600mm Class B1 - 2 Cell,19.16,t/m,TfNSW Engineering Carbon and Cost Library (ECCL) L5,,,
Australia,Surface and Underground Drainage,Class B1 - 6 Cell,2400mm x 750mm Class B1 - 6 Cell,53.57,t/m,TfNSW Engineering Carbon and Cost Library (ECCL) L5,,,
Australia,Surface and Underground Drainage,Class B1 - 1 Cell,2400mm x 900mm Class B1 - 1 Cell,11.66,t/m,TfNSW Engineering Carbon and Cost Library (ECCL) L5,,,
Australia,Surface and Underground Drainage,Class B1 - 2 Cell,2400mm x 900mm Class B1 - 2 Cell,20.47,t/m,TfNSW Engineering Carbon and Cost Library (ECCL) L5,,,
Australia,Surface and Underground Drainage,Class B1 - 3 Cell,2400mm x 900mm Class B1 - 3 Cell,28.91,t/m,TfNSW Engineering Carbon and Cost Library (ECCL) L5,,,
Australia,Surface and Underground Drainage,Class B1 - 5 Cell,2400mm x 900mm Class B1 - 5 Cell,46.16,t/m,TfNSW Engineering Carbon and Cost Library (ECCL) L5,,,
Australia,Surface and Underground Drainage,Class B1 - 1 Cell,2400mm x 1200mm Class B1 - 1 Cell,12.59,t/m,TfNSW Engineering Carbon and Cost Library (ECCL) L5,,,
Australia,Surface and Underground Drainage,Class B1 - 2 Cell,2400mm x 1200mm Class B1 - 2 Cell,21.78,t/m,TfNSW Engineering Carbon and Cost Library (ECCL) L5,,,
Australia,Surface and Underground Drainage,Class B1 - 3 Cell,2400mm x 1200mm Class B1 - 3 Cell,30.59,t/m,TfNSW Engineering Carbon and Cost Library (ECCL) L5,,,
Australia,Surface and Underground Drainage,Class B1 - 7 Cell,2400mm x 1200mm Class B1 - 7 Cell,66.6,t/m,TfNSW Engineering Carbon and Cost Library (ECCL) L5,,,
Australia,Surface and Underground Drainage,Class B1 - 1 Cell,2400mm x 1500mm Class B1 - 1 Cell,13.52,t/m,TfNSW Engineering Carbon and Cost Library (ECCL) L5,,,
Australia,Surface and Underground Drainage,Class B1 - 2 Cell,2400mm x 1500mm Class B1 - 2 Cell,23.08,t/m,TfNSW Engineering Carbon and Cost Library (ECCL) L5,,,
Australia,Surface and Underground Drainage,Class B1 - 3 Cell,2400mm x 1500mm Class B1 - 3 Cell,32.28,t/m,TfNSW Engineering Carbon and Cost Library (ECCL) L5,,,
Australia,Surface and Underground Drainage,Class B1 - 5 Cell,2400mm x 1500mm Class B1 - 5 Cell,51.04,t/m,TfNSW Engineering Carbon and Cost Library (ECCL) L5,,,
Australia,Surface and Underground Drainage,Class B1 - 8 Cell,2400mm x 1500mm Class B1 - 8 Cell,79.36,t/m,TfNSW Engineering Carbon and Cost Library (ECCL) L5,,,
Australia,Surface and Underground Drainage,Class B1 - 1 Cell,2400mm x 1800mm Class B1 - 1 Cell,14.45,t/m,TfNSW Engineering Carbon and Cost Library (ECCL) L5,,,
Australia,Surface and Underground Drainage,Class B1 - 1 Cell,2400mm  x 2100mm Class B1 - 1 Cell,18.99,t/m,TfNSW Engineering Carbon and Cost Library (ECCL) L5,,,
Australia,Surface and Underground Drainage,Class B1 - 1 Cell,2400mm x 2400mm Class B1 - 1 Cell,20.33,t/m,TfNSW Engineering Carbon and Cost Library (ECCL) L5,,,
Australia,Surface and Underground Drainage,Class B1 - 2 Cell,2400mm x 2400mm Class B1 - 2 Cell,31.12,t/m,TfNSW Engineering Carbon and Cost Library (ECCL) L5,,,
Australia,Surface and Underground Drainage,Class B1 - 3 Cell,2400mm x 2400mm Class B1 - 3 Cell,41.45,t/m,TfNSW Engineering Carbon and Cost Library (ECCL) L5,,,
Australia,Surface and Underground Drainage,Class B1 - 6 Cell,2400mm x 2400mm Class B1 - 6 Cell,73.35,t/m,TfNSW Engineering Carbon and Cost Library (ECCL) L5,,,
Australia,Surface and Underground Drainage,Class B1 - 1 Cell,2450mm x 1200mm Class B1 - 1 Cell,12.73,t/m,TfNSW Engineering Carbon and Cost Library (ECCL) L5,,,
Australia,Surface and Underground Drainage,Class B1 - 1 Cell,2700mm x 600mm Class B1 - 1 Cell,12.72,t/m,TfNSW Engineering Carbon and Cost Library (ECCL) L5,,,
Australia,Surface and Underground Drainage,Class B1 - 2 Cell,2700mm x 600mm Class B1 - 2 Cell,22.65,t/m,TfNSW Engineering Carbon and Cost Library (ECCL) L5,,,
Australia,Surface and Underground Drainage,Class B1 - 4 Cell,2700mm x 600mm Class B1 - 4 Cell,42.15,t/m,TfNSW Engineering Carbon and Cost Library (ECCL) L5,,,
Australia,Surface and Underground Drainage,Class B1 - 2 Cell,2700mm x 750mm Class B1 - 2 Cell,23.42,t/m,TfNSW Engineering Carbon and Cost Library (ECCL) L5,,,
Australia,Surface and Underground Drainage,Class B1 - 1 Cell,2700mm x 900mm Class B1 - 1 Cell,13.83,t/m,TfNSW Engineering Carbon and Cost Library (ECCL) L5,,,
Australia,Surface and Underground Drainage,Class B1 - 2 Cell,2700mm x 900mm Class B1 - 2 Cell,24.19,t/m,TfNSW Engineering Carbon and Cost Library (ECCL) L5,,,
Australia,Surface and Underground Drainage,Class B1 - 4 Cell,2700mm x 900mm Class B1 - 4 Cell,44.53,t/m,TfNSW Engineering Carbon and Cost Library (ECCL) L5,,,
Australia,Surface and Underground Drainage,Class B1 - 8 Cell,2700mm x 900mm Class B1 - 8 Cell,85.23,t/m,TfNSW Engineering Carbon and Cost Library (ECCL) L5,,,
Australia,Surface and Underground Drainage,Class B1 - 1 Cell,2700mm x 1200mm Class B1 - 1 Cell,14.94,t/m,TfNSW Engineering Carbon and Cost Library (ECCL) L5,,,
Australia,Surface and Underground Drainage,Class B1 - 2 Cell,2700mm x 1200mm Class B1 - 2 Cell,25.72,t/m,TfNSW Engineering Carbon and Cost Library (ECCL) L5,,,
Australia,Surface and Underground Drainage,Class B1 - 4 Cell,2700mm x 1200mm Class B1 - 4 Cell,46.92,t/m,TfNSW Engineering Carbon and Cost Library (ECCL) L5,,,
Australia,Surface and Underground Drainage,Class B1 - 1 Cell,2700mm x 1500mm Class B1 - 1 Cell,16.06,t/m,TfNSW Engineering Carbon and Cost Library (ECCL) L5,,,
Australia,Surface and Underground Drainage,Class B1 - 2 Cell,2700mm x 1500mm Class B1 - 2 Cell,27.26,t/m,TfNSW Engineering Carbon and Cost Library (ECCL) L5,,,
Australia,Surface and Underground Drainage,Class B1 - 5 Cell,2700mm  x 1500mm Class B1 - 5 Cell,60.14,t/m,TfNSW Engineering Carbon and Cost Library (ECCL) L5,,,
Australia,Surface and Underground Drainage,Class B1 - 1 Cell,2700mm x 1800mm Class B1 - 1 Cell,17.17,t/m,TfNSW Engineering Carbon and Cost Library (ECCL) L5,,,
Australia,Surface and Underground Drainage,Class B1 - 1 Cell,2700mm x 2100mm Class B1 - 1 Cell,18.28,t/m,TfNSW Engineering Carbon and Cost Library (ECCL) L5,,,
Australia,Surface and Underground Drainage,Class B1 - 2 Cell,2700mm x 2100mm Class B1 - 2 Cell,30.34,t/m,TfNSW Engineering Carbon and Cost Library (ECCL) L5,,,
Australia,Surface and Underground Drainage,Class B1 - 1 Cell,2700mm x 2400mm Class B1 - 1 Cell,22.12,t/m,TfNSW Engineering Carbon and Cost Library (ECCL) L5,,,
Australia,Surface and Underground Drainage,Class B1 - 2 Cell,2700mm x 2400mm Class B1 - 2 Cell,34.69,t/m,TfNSW Engineering Carbon and Cost Library (ECCL) L5,,,
Australia,Surface and Underground Drainage,Class B1 - 3 Cell,2700mm x 2400mm Class B1 - 3 Cell,46.8,t/m,TfNSW Engineering Carbon and Cost Library (ECCL) L5,,,
Australia,Surface and Underground Drainage,Class B1 - 4 Cell,2700mm x 2400mm Class B1 - 4 Cell,59.37,t/m,TfNSW Engineering Carbon and Cost Library (ECCL) L5,,,
Australia,Surface and Underground Drainage,Class B1 - 5 Cell,2700mm x 2400mm Class B1 - 5 Cell,71.48,t/m,TfNSW Engineering Carbon and Cost Library (ECCL) L5,,,
Australia,Surface and Underground Drainage,Class B1 - 2 Cell,2700mm x 2700mm Class B1 - 2 Cell,36.5,t/m,TfNSW Engineering Carbon and Cost Library (ECCL) L5,,,
Australia,Surface and Underground Drainage,Class B1 - 3 Cell,2700mm x 2700mm Class B1 - 3 Cell,49.04,t/m,TfNSW Engineering Carbon and Cost Library (ECCL) L5,,,
Australia,Surface and Underground Drainage,Class B1 - 1 Cell,2800mm x 900mm Class B1 - 1 Cell,15.47,t/m,TfNSW Engineering Carbon and Cost Library (ECCL) L5,,,
Australia,Surface and Underground Drainage,Class B1 - 1 Cell,3000mm x 0450mm Class B1 - 1 Cell,13.98,t/m,TfNSW Engineering Carbon and Cost Library (ECCL) L5,,,
Australia,Surface and Underground Drainage,Class B1 - 1 Cell,3000mm x 0600mm Class B1 - 1 Cell,14.67,t/m,TfNSW Engineering Carbon and Cost Library (ECCL) L5,,,
Australia,Surface and Underground Drainage,Class B1 - 4 Cell,3000mm x 0600mm Class B1 - 4 Cell,46.98,t/m,TfNSW Engineering Carbon and Cost Library (ECCL) L5,,,
Australia,Surface and Underground Drainage,Class B1 - 1 Cell,3000mm x 0750mm Class B1 - 1 Cell,15.37,t/m,TfNSW Engineering Carbon and Cost Library (ECCL) L5,,,
Australia,Surface and Underground Drainage,Class B1 - 1 Cell,3000mm x 0900mm Class B1 - 1 Cell,16.06,t/m,TfNSW Engineering Carbon and Cost Library (ECCL) L5,,,
Australia,Surface and Underground Drainage,Class B1 - 2 Cell,3000mm x 0900mm Class B1 - 2 Cell,27.41,t/m,TfNSW Engineering Carbon and Cost Library (ECCL) L5,,,
Australia,Surface and Underground Drainage,Class B1 - 4 Cell,3000mm x 0900mm Class B1 - 4 Cell,49.65,t/m,TfNSW Engineering Carbon and Cost Library (ECCL) L5,,,
Australia,Surface and Underground Drainage,Class B1 - 1 Cell,3000mm x 1200mm Class B1 - 1 Cell,17.45,t/m,TfNSW Engineering Carbon and Cost Library (ECCL) L5,,,
Australia,Surface and Underground Drainage,Class B1 - 2 Cell,3000mm x 1200mm Class B1 - 2 Cell,29.23,t/m,TfNSW Engineering Carbon and Cost Library (ECCL) L5,,,
Australia,Surface and Underground Drainage,Class B1 - 3 Cell,3000mm x 1200mm Class B1 - 3 Cell,40.54,t/m,TfNSW Engineering Carbon and Cost Library (ECCL) L5,,,
Australia,Surface and Underground Drainage,Class B1 - 4 Cell,3000mm x 1200mm Class B1 - 4 Cell,52.31,t/m,TfNSW Engineering Carbon and Cost Library (ECCL) L5,,,
Australia,Surface and Underground Drainage,Class B1 - 5 Cell,3000mm x 1200mm Class B1 - 5 Cell,63.62,t/m,TfNSW Engineering Carbon and Cost Library (ECCL) L5,,,
Australia,Surface and Underground Drainage,Class B1 - 1 Cell,3000mm x 1500mm Class B1 - 1 Cell,18.84,t/m,TfNSW Engineering Carbon and Cost Library (ECCL) L5,,,
Australia,Surface and Underground Drainage,Class B1 - 2 Cell,3000mm x 1500mm Class B1 - 2 Cell,31.04,t/m,TfNSW Engineering Carbon and Cost Library (ECCL) L5,,,
Australia,Surface and Underground Drainage,Class B1 - 3 Cell,3000mm x 1500mm Class B1 - 3 Cell,42.77,t/m,TfNSW Engineering Carbon and Cost Library (ECCL) L5,,,
Australia,Surface and Underground Drainage,Class B1 - 4 Cell,3000mm x 1500mm Class B1 - 4 Cell,54.97,t/m,TfNSW Engineering Carbon and Cost Library (ECCL) L5,,,
Australia,Surface and Underground Drainage,Class B1 - 1 Cell,3000mm x 1800mm Class B1 - 1 Cell,20.23,t/m,TfNSW Engineering Carbon and Cost Library (ECCL) L5,,,
Australia,Surface and Underground Drainage,Class B1 - 1 Cell,3000mm x 2400mm Class B1 - 1 Cell,23.01,t/m,TfNSW Engineering Carbon and Cost Library (ECCL) L5,,,
Australia,Surface and Underground Drainage,Class B1 - 2 Cell,3000mm x 2400mm Class B1 - 2 Cell,36.48,t/m,TfNSW Engineering Carbon and Cost Library (ECCL) L5,,,
Australia,Surface and Underground Drainage,Class B1 - 3 Cell,3000mm  x 2400mm Class B1 - 3 Cell,49.49,t/m,TfNSW Engineering Carbon and Cost Library (ECCL) L5,,,
Australia,Surface and Underground Drainage,Class B1 - 4 Cell,3000mm x 2400mm Class B1 - 4 Cell,62.96,t/m,TfNSW Engineering Carbon and Cost Library (ECCL) L5,,,
Australia,Surface and Underground Drainage,Class B1 - 5 Cell,3000mm x 2400mm Class B1 - 5 Cell,75.96,t/m,TfNSW Engineering Carbon and Cost Library (ECCL) L5,,,
Australia,Surface and Underground Drainage,Class B1 - 1 Cell,3000mm x 2700mm Class B1 - 1 Cell,24.4,t/m,TfNSW Engineering Carbon and Cost Library (ECCL) L5,,,
Australia,Surface and Underground Drainage,Class B1 - 2 Cell,3000mm x 2700mm Class B1 - 2 Cell,38.29,t/m,TfNSW Engineering Carbon and Cost Library (ECCL) L5,,,
Australia,Surface and Underground Drainage,Class B1 - 1 Cell,3000mm x 3000mm Class B1 - 1 Cell,25.79,t/m,TfNSW Engineering Carbon and Cost Library (ECCL) L5,,,
Australia,Surface and Underground Drainage,Class B1 - 2 Cell,3000mm x 3000mm Class B1 - 2 Cell,40.11,t/m,TfNSW Engineering Carbon and Cost Library (ECCL) L5,,,
Australia,Surface and Underground Drainage,Class B1 - 3 Cell,3000mm x 3000mm Class B1 - 3 Cell,53.96,t/m,TfNSW Engineering Carbon and Cost Library (ECCL) L5,,,
Australia,Surface and Underground Drainage,Class B1 - 4 Cell,3000mm x 3000mm Class B1 - 4 Cell,68.28,t/m,TfNSW Engineering Carbon and Cost Library (ECCL) L5,,,
Australia,Surface and Underground Drainage,Class B1 - 1 Cell,3100mm x 1800mm Class B1 - 1 Cell,20.53,t/m,TfNSW Engineering Carbon and Cost Library (ECCL) L5,,,
Australia,Surface and Underground Drainage,Class B1 - 1 Cell,3300mm x 0600mm Class B1 - 1 Cell,15.57,t/m,TfNSW Engineering Carbon and Cost Library (ECCL) L5,,,
Australia,Surface and Underground Drainage,Class B1 - 3 Cell,3300mm x 0600mm Class B1 - 3 Cell,38.75,t/m,TfNSW Engineering Carbon and Cost Library (ECCL) L5,,,
Australia,Surface and Underground Drainage,Class B1 - 1 Cell,3300mm x 1200mm Class B1 - 1 Cell,18.35,t/m,TfNSW Engineering Carbon and Cost Library (ECCL) L5,,,
Australia,Surface and Underground Drainage,Class B1 - 4 Cell,3300mm x 1200mm Class B1 - 4 Cell,55.89,t/m,TfNSW Engineering Carbon and Cost Library (ECCL) L5,,,
Australia,Surface and Underground Drainage,Class B1 - 6 Cell,3300mm x 1200mm Class B1 - 6 Cell,80.77,t/m,TfNSW Engineering Carbon and Cost Library (ECCL) L5,,,
Australia,Surface and Underground Drainage,Class B1 - 1 Cell,3300mm x 3000mm Class B1 - 1 Cell,26.69,t/m,TfNSW Engineering Carbon and Cost Library (ECCL) L5,,,
Australia,Surface and Underground Drainage,Class B1 - 3 Cell,3300mm x 1500mm Class B1 - 3 Cell,45.46,t/m,TfNSW Engineering Carbon and Cost Library (ECCL) L5,,,
Australia,Surface and Underground Drainage,Class B1 - 1 Cell,3300mm x 1800mm Class B1 - 1 Cell,21.13,t/m,TfNSW Engineering Carbon and Cost Library (ECCL) L5,,,
Australia,Surface and Underground Drainage,Class B1 - 1 Cell,3300mm x 2400mm Class B1 - 1 Cell,23.91,t/m,TfNSW Engineering Carbon and Cost Library (ECCL) L5,,,
Australia,Surface and Underground Drainage,Class B1 - 3 Cell,3300mm x 2400mm Class B1 - 3 Cell,52.18,t/m,TfNSW Engineering Carbon and Cost Library (ECCL) L5,,,
Australia,Surface and Underground Drainage,Class B1 - 1 Cell,3300mm x 3300mm Class B1 - 1 Cell,28.17,t/m,TfNSW Engineering Carbon and Cost Library (ECCL) L5,,,
Australia,Surface and Underground Drainage,Class B1 - 1 Cell,3348mm x 3004mm Class B1 - 1 Cell,26.78,t/m,TfNSW Engineering Carbon and Cost Library (ECCL) L5,,,
Australia,Surface and Underground Drainage,Class B1 - 3 Cell,3353mm x 1500mm Class B1 - 3 Cell,46.13,t/m,TfNSW Engineering Carbon and Cost Library (ECCL) L5,,,
Australia,Surface and Underground Drainage,Class B1 - 2 Cell,3540mm x 3520mm Class B1 - 2 Cell,74.12,t/m,TfNSW Engineering Carbon and Cost Library (ECCL) L5,,,
Australia,Surface and Underground Drainage,Class B1 - 3 Cell,3600mm x 600mm Class B1 - 3 Cell,44.05,t/m,TfNSW Engineering Carbon and Cost Library (ECCL) L5,,,
Australia,Surface and Underground Drainage,Class B1 - 4 Cell,3600mm x 600mm Class B1 - 4 Cell,57.68,t/m,TfNSW Engineering Carbon and Cost Library (ECCL) L5,,,
Australia,Surface and Underground Drainage,Class B1 - 1 Cell,3600mm x 900mm Class B1 - 1 Cell,18.81,t/m,TfNSW Engineering Carbon and Cost Library (ECCL) L5,,,
Australia,Surface and Underground Drainage,Class B1 - 15 Cell,3600mm x 900mm Class B1 - 15 Cell,212.2,t/m,TfNSW Engineering Carbon and Cost Library (ECCL) L5,,,
Australia,Surface and Underground Drainage,Class B1 - 1 Cell,3600mm x 1200mm Class B1 - 1 Cell,20.24,t/m,TfNSW Engineering Carbon and Cost Library (ECCL) L5,,,
Australia,Surface and Underground Drainage,Class B1 - 2 Cell,3600mm x 1200mm Class B1 - 2 Cell,34.81,t/m,TfNSW Engineering Carbon and Cost Library (ECCL) L5,,,
Australia,Surface and Underground Drainage,Class B1 - 3 Cell,3600mm x 1200mm Class B1 - 3 Cell,48.81,t/m,TfNSW Engineering Carbon and Cost Library (ECCL) L5,,,
Australia,Surface and Underground Drainage,Class B1 - 6 Cell,3600mm x 1200mm Class B1 - 6 Cell,91.95,t/m,TfNSW Engineering Carbon and Cost Library (ECCL) L5,,,
Australia,Surface and Underground Drainage,Class B1 - 1 Cell,3600mm x 1500mm Class B1 - 1 Cell,21.68,t/m,TfNSW Engineering Carbon and Cost Library (ECCL) L5,,,
Australia,Surface and Underground Drainage,Class B1 - 2 Cell,3600mm x 1500mm Class B1 - 2 Cell,36.72,t/m,TfNSW Engineering Carbon and Cost Library (ECCL) L5,,,
Australia,Surface and Underground Drainage,Class B1 - 3 Cell,3600mm x 1500mm Class B1 - 3 Cell,51.19,t/m,TfNSW Engineering Carbon and Cost Library (ECCL) L5,,,
Australia,Surface and Underground Drainage,Class B1 - 9 Cell,3600mm x 1500mm Class B1 - 9 Cell,139.73,t/m,TfNSW Engineering Carbon and Cost Library (ECCL) L5,,,
Australia,Surface and Underground Drainage,Class B1 - 15 Cell,3600mm x 1500mm Class B1 - 15 Cell,228.26,t/m,TfNSW Engineering Carbon and Cost Library (ECCL) L5,,,
Australia,Surface and Underground Drainage,Class B1 - 2 Cell,3600mm x 1800mm Class B1 - 2 Cell,38.62,t/m,TfNSW Engineering Carbon and Cost Library (ECCL) L5,,,
Australia,Surface and Underground Drainage,Class B1 - 6 Cell,3600mm x 1800mm Class B1 - 6 Cell,99.53,t/m,TfNSW Engineering Carbon and Cost Library (ECCL) L5,,,
Australia,Surface and Underground Drainage,Class B1 - 9 Cell,3600mm x 1800mm Class B1 - 9 Cell,144.94,t/m,TfNSW Engineering Carbon and Cost Library (ECCL) L5,,,
Australia,Surface and Underground Drainage,Class B1 - 1 Cell,3600mm x 2100mm Class B1 - 1 Cell,24.55,t/m,TfNSW Engineering Carbon and Cost Library (ECCL) L5,,,
Australia,Surface and Underground Drainage,Class B1 - 2 Cell,3600mm x 2100mm Class B1 - 2 Cell,40.53,t/m,TfNSW Engineering Carbon and Cost Library (ECCL) L5,,,
Australia,Surface and Underground Drainage,Class B1 - 1 Cell,3600mm x 2400mm Class B1 - 1 Cell,25.99,t/m,TfNSW Engineering Carbon and Cost Library (ECCL) L5,,,
Australia,Surface and Underground Drainage,Class B1 - 7 Cell,3600mm x 2400mm Class B1 - 7 Cell,123.01,t/m,TfNSW Engineering Carbon and Cost Library (ECCL) L5,,,
Australia,Surface and Underground Drainage,Class B1 - 1 Cell,3600mm x 2700mm Class B1 - 1 Cell,27.43,t/m,TfNSW Engineering Carbon and Cost Library (ECCL) L5,,,
Australia,Surface and Underground Drainage,Class B1 - 4 Cell,3600mm x 2700mm Class B1 - 4 Cell,77.63,t/m,TfNSW Engineering Carbon and Cost Library (ECCL) L5,,,
Australia,Surface and Underground Drainage,Class B1 - 1 Cell,3600mm x 3000mm Class B1 - 1 Cell,28.87,t/m,TfNSW Engineering Carbon and Cost Library (ECCL) L5,,,
Australia,Surface and Underground Drainage,Class B1 - 1 Cell,3600mm x 3600mm Class B1 - 1 Cell,31.74,t/m,TfNSW Engineering Carbon and Cost Library (ECCL) L5,,,
Australia,Surface and Underground Drainage,Class B1 - 1 Cell,4000mm  x 1500mm Class B1 - 1 Cell,22.94,t/m,TfNSW Engineering Carbon and Cost Library (ECCL) L5,,,
Australia,Surface and Underground Drainage,Class B1 - 1 Cell,4000mm x 4000mm Class B1 - 1 Cell,34.91,t/m,TfNSW Engineering Carbon and Cost Library (ECCL) L5,,,
Australia,Surface and Underground Drainage,Class B1 - 4 Cell,4200mm x 0900mm Class B1 - 4 Cell,68.07,t/m,TfNSW Engineering Carbon and Cost Library (ECCL) L5,,,
Australia,Surface and Underground Drainage,Class B1 - 1 Cell,4200mm x 2700mm Class B1 - 1 Cell,29.31,t/m,TfNSW Engineering Carbon and Cost Library (ECCL) L5,,,
Australia,Surface and Underground Drainage,Class B1 - 7 Cell,4200mm x 2750mm Class B1 - 7 Cell,141.19,t/m,TfNSW Engineering Carbon and Cost Library (ECCL) L5,,,
Australia,Surface and Underground Drainage,Class B1 - 2 Cell,4200mm x 3600mm Class B1 - 2 Cell,53.85,t/m,TfNSW Engineering Carbon and Cost Library (ECCL) L5,,,
Australia,Surface and Underground Drainage,Class B1 - 7 Cell,4200mm x 3650mm Class B1 - 7 Cell,153.98,t/m,TfNSW Engineering Carbon and Cost Library (ECCL) L5,,,
Australia,Surface and Underground Drainage,Class B1 - 1 Cell,4600mm x 4600mm Class B1 - 1 Cell,39.67,t/m,TfNSW Engineering Carbon and Cost Library (ECCL) L5,,,
Australia,Surface and Underground Drainage,Class B1 - 1 Cell,4800mm  x 3000mm Class B1 - 1 Cell,32.64,t/m,TfNSW Engineering Carbon and Cost Library (ECCL) L5,,,
Australia,Surface and Underground Drainage,Pit,SA1 Pit,4.02,t/each,TfNSW Engineering Carbon and Cost Library (ECCL) L5,,,
Australia,Surface and Underground Drainage,Pit,SA2 Pit,4.59,t/each,TfNSW Engineering Carbon and Cost Library (ECCL) L5,,,
Australia,Surface and Underground Drainage,Pit,SA3 Pit,5.08,t/each,TfNSW Engineering Carbon and Cost Library (ECCL) L5,,,
Australia,Surface and Underground Drainage,Pit,SAS Pit,5.08,t/each,TfNSW Engineering Carbon and Cost Library (ECCL) L5,,,
Australia,Surface and Underground Drainage,Pit,SE Pit,6.67,t/each,TfNSW Engineering Carbon and Cost Library (ECCL) L5,,,
Australia,Surface and Underground Drainage,Pit,SF1 Pit,6.67,t/each,TfNSW Engineering Carbon and Cost Library (ECCL) L5,,,
Australia,Surface and Underground Drainage,Pit,SF2 Pit,6.9,t/each,TfNSW Engineering Carbon and Cost Library (ECCL) L5,,,
Australia,Surface and Underground Drainage,Pit,SL1 Pit,4.02,t/each,TfNSW Engineering Carbon and Cost Library (ECCL) L5,,,
Australia,Surface and Underground Drainage,Pit,SL2 Pit,4.59,t/each,TfNSW Engineering Carbon and Cost Library (ECCL) L5,,,
Australia,Surface and Underground Drainage,Pit,SL3 Pit,5.08,t/each,TfNSW Engineering Carbon and Cost Library (ECCL) L5,,,
Australia,Surface and Underground Drainage,Pit,SO1 Pit,2.79,t/each,TfNSW Engineering Carbon and Cost Library (ECCL) L5,,,
Australia,Surface and Underground Drainage,Pit,SO2 Pit,4.26,t/each,TfNSW Engineering Carbon and Cost Library (ECCL) L5,,,
Australia,Surface and Underground Drainage,Pit,FBTO Pit,9.44,t/each,TfNSW Engineering Carbon and Cost Library (ECCL) L5,,,
Australia,Surface and Underground Drainage,Pit,FDG Pit,2.89,t/each,TfNSW Engineering Carbon and Cost Library (ECCL) L5,,,
Australia,Surface and Underground Drainage,Pit,Gully Pit,5.08,t/each,TfNSW Engineering Carbon and Cost Library (ECCL) L5,,,
Australia,Surface and Underground Drainage,Pit,MGDG Pit,3.44,t/each,TfNSW Engineering Carbon and Cost Library (ECCL) L5,,,
Australia,Surface and Underground Drainage,Pit,MGSG Pit,2.41,t/each,TfNSW Engineering Carbon and Cost Library (ECCL) L5,,,
Australia,Surface and Underground Drainage,Pit,MGTG Pit,4.03,t/each,TfNSW Engineering Carbon and Cost Library (ECCL) L5,,,
Australia,Surface and Underground Drainage,Pit,SATO Pit,9.44,t/each,TfNSW Engineering Carbon and Cost Library (ECCL) L5,,,
Australia,Surface and Underground Drainage,Pit,SOTO1 BC Pit,9.44,t/each,TfNSW Engineering Carbon and Cost Library (ECCL) L5,,,
Australia,Surface and Underground Drainage,Pit,SOTO2 CTF Pit,9.44,t/each,TfNSW Engineering Carbon and Cost Library (ECCL) L5,,,
Australia,Surface and Underground Drainage,Pit,SOTO Verge Pit,9.44,t/each,TfNSW Engineering Carbon and Cost Library (ECCL) L5,,,
Australia,Surface and Underground Drainage,Pit,TD1 Pit,3.1,t/each,TfNSW Engineering Carbon and Cost Library (ECCL) L5,,,
Australia,Surface and Underground Drainage,Pit,Inspection Pit,3.84,t/each,TfNSW Engineering Carbon and Cost Library (ECCL) L5,,,
Australia,Surface and Underground Drainage,Drainage box,Junction Box,3.48,t/each,TfNSW Engineering Carbon and Cost Library (ECCL) L5,,,
Australia,Surface and Underground Drainage,Drainage box,Inlet Sump,2,t/each,TfNSW Engineering Carbon and Cost Library (ECCL) L5,,,
Australia,Surface and Underground Drainage,Drainage box,Blind,5.02,t/each,TfNSW Engineering Carbon and Cost Library (ECCL) L5,,,
Australia,Surface and Underground Drainage,Drainage box,Raised Inlet (letterbox),2.68,t/each,TfNSW Engineering Carbon and Cost Library (ECCL) L5,,,
Australia,Surface and Underground Drainage,Pit,Junction Pit,3.14,t/each,TfNSW Engineering Carbon and Cost Library (ECCL) L5,,,
Australia,Surface and Underground Drainage,Pit,Dummy Pit,3.14,t/each,TfNSW Engineering Carbon and Cost Library (ECCL) L5,,,
Australia,Surface and Underground Drainage,Pit,SB Pit,6.42,t/each,TfNSW Engineering Carbon and Cost Library (ECCL) L5,,,
Australia,Surface and Underground Drainage,Pit,SM1 Pit,6.67,t/each,TfNSW Engineering Carbon and Cost Library (ECCL) L5,,,
Australia,Surface and Underground Drainage,Pit,SM2 Pit,6.67,t/each,TfNSW Engineering Carbon and Cost Library (ECCL) L5,,,
Australia,Surface and Underground Drainage,Pit,SM3 Pit,6.67,t/each,TfNSW Engineering Carbon and Cost Library (ECCL) L5,,,
Australia,Surface and Underground Drainage,Grate,Type F Single Grate,2.83,t/each,TfNSW Engineering Carbon and Cost Library (ECCL) L5,,,
Australia,Surface and Underground Drainage,Grate,Type F Double Grate,2.89,t/each,TfNSW Engineering Carbon and Cost Library (ECCL) L5,,,
Australia,Surface and Underground Drainage,Pit,SA1 Bowe Pit,4.02,t/each,TfNSW Engineering Carbon and Cost Library (ECCL) L5,,,
Australia,Surface and Underground Drainage,Pit,SA2 Bowe Pit,4.59,t/each,TfNSW Engineering Carbon and Cost Library (ECCL) L5,,,
Australia,Surface and Underground Drainage,Pit,SA3 Bowe Pit,5.08,t/each,TfNSW Engineering Carbon and Cost Library (ECCL) L5,,,
Australia,Surface and Underground Drainage,Pit,SAS Bowe Pit,5.08,t/each,TfNSW Engineering Carbon and Cost Library (ECCL) L5,,,
Australia,Surface and Underground Drainage,Pit,FDG Bowe Pit,2.89,t/each,TfNSW Engineering Carbon and Cost Library (ECCL) L5,,,
Australia,Surface and Underground Drainage,Pit,FSG Bowe Pit,2.83,t/each,TfNSW Engineering Carbon and Cost Library (ECCL) L5,,,
Australia,Surface and Underground Drainage,Headwalls to Suit 1 Cell,HW to Suit 1 cell x 100mm,0.13,t/each,TfNSW Engineering Carbon and Cost Library (ECCL) L5,,,
Australia,Surface and Underground Drainage,Headwalls to Suit 1 Cell,HW to Suit 1 cell x 150mm,0.15,t/each,TfNSW Engineering Carbon and Cost Library (ECCL) L5,,,
Australia,Surface and Underground Drainage,Headwalls to Suit 1 Cell,HW to Suit 1 cell x 200mm,0.2,t/each,TfNSW Engineering Carbon and Cost Library (ECCL) L5,,,
Australia,Surface and Underground Drainage,Headwalls to Suit 1 Cell,HW to Suit 1 cell x 225mm,0.23,t/each,TfNSW Engineering Carbon and Cost Library (ECCL) L5,,,
Australia,Surface and Underground Drainage,Headwalls to Suit 1 Cell,HW to Suit 1 cell x 250mm,0.26,t/each,TfNSW Engineering Carbon and Cost Library (ECCL) L5,,,
Australia,Surface and Underground Drainage,Headwalls to Suit 1 Cell,HW to Suit 1 cell x 300mm,0.39,t/each,TfNSW Engineering Carbon and Cost Library (ECCL) L5,,,
Australia,Surface and Underground Drainage,Headwalls to Suit 1 Cell,HW to Suit 1 cell x 375mm,1.36,t/each,TfNSW Engineering Carbon and Cost Library (ECCL) L5,,,
Australia,Surface and Underground Drainage,Headwalls to Suit 1 Cell,HW to Suit 1 cell x 450mm,1.46,t/each,TfNSW Engineering Carbon and Cost Library (ECCL) L5,,,
Australia,Surface and Underground Drainage,Headwalls to Suit 1 Cell,HW to Suit 1 cell x 525mm,2.16,t/each,TfNSW Engineering Carbon and Cost Library (ECCL) L5,,,
Australia,Surface and Underground Drainage,Headwalls to Suit 1 Cell,HW to Suit 1 cell x 600mm,2.41,t/each,TfNSW Engineering Carbon and Cost Library (ECCL) L5,,,
Australia,Surface and Underground Drainage,Headwalls to Suit 1 Cell,HW to Suit 1 cell x 675mm,2.9,t/each,TfNSW Engineering Carbon and Cost Library (ECCL) L5,,,
Australia,Surface and Underground Drainage,Headwalls to Suit 1 Cell,HW to Suit 1 cell x 750mm,3.39,t/each,TfNSW Engineering Carbon and Cost Library (ECCL) L5,,,
Australia,Surface and Underground Drainage,Headwalls to Suit 1 Cell,HW to Suit 1 cell x 825mm,4.1,t/each,TfNSW Engineering Carbon and Cost Library (ECCL) L5,,,
Australia,Surface and Underground Drainage,Headwalls to Suit 1 Cell,HW to Suit 1 cell x 900mm,4.35,t/each,TfNSW Engineering Carbon and Cost Library (ECCL) L5,,,
Australia,Surface and Underground Drainage,Headwalls to Suit 1 Cell,HW to Suit 1 cell x 1050mm,9.89,t/each,TfNSW Engineering Carbon and Cost Library (ECCL) L5,,,
Australia,Surface and Underground Drainage,Headwalls to Suit 1 Cell,HW to Suit 1 cell x 1200mm,11.82,t/each,TfNSW Engineering Carbon and Cost Library (ECCL) L5,,,
Australia,Surface and Underground Drainage,Headwalls to Suit 1 Cell,HW to Suit 1 cell x 1350mm,13.76,t/each,TfNSW Engineering Carbon and Cost Library (ECCL) L5,,,
Australia,Surface and Underground Drainage,Headwalls to Suit 1 Cell,HW to Suit 1 cell x 1500mm,17.89,t/each,TfNSW Engineering Carbon and Cost Library (ECCL) L5,,,
Australia,Surface and Underground Drainage,Headwalls to Suit 1 Cell,HW to Suit 1 cell x 1650mm,20.3,t/each,TfNSW Engineering Carbon and Cost Library (ECCL) L5,,,
Australia,Surface and Underground Drainage,Headwalls to Suit 1 Cell,HW to Suit 1 cell x 1800mm,22.98,t/each,TfNSW Engineering Carbon and Cost Library (ECCL) L5,,,
Australia,Surface and Underground Drainage,Headwalls to Suit 2 Cell,HW to Suit 2 cells x 225mm,0.52,t/each,TfNSW Engineering Carbon and Cost Library (ECCL) L5,,,
Australia,Surface and Underground Drainage,Headwalls to Suit 2 Cell,HW to Suit 2 cells x 250mm,0.58,t/each,TfNSW Engineering Carbon and Cost Library (ECCL) L5,,,
Australia,Surface and Underground Drainage,Headwalls to Suit 2 Cell,HW to Suit 2 cells x 300mm,0.67,t/each,TfNSW Engineering Carbon and Cost Library (ECCL) L5,,,
Australia,Surface and Underground Drainage,Headwalls to Suit 2 Cell,HW to Suit 2 cells x 375mm,1.69,t/each,TfNSW Engineering Carbon and Cost Library (ECCL) L5,,,
Australia,Surface and Underground Drainage,Headwalls to Suit 2 Cell,HW to Suit 2 cells x 450mm,2.4,t/each,TfNSW Engineering Carbon and Cost Library (ECCL) L5,,,
Australia,Surface and Underground Drainage,Headwalls to Suit 2 Cell,HW to Suit 2 cells x 525mm,2.89,t/each,TfNSW Engineering Carbon and Cost Library (ECCL) L5,,,
Australia,Surface and Underground Drainage,Headwalls to Suit 2 Cell,HW to Suit 2 cells x 600mm,3.15,t/each,TfNSW Engineering Carbon and Cost Library (ECCL) L5,,,
Australia,Surface and Underground Drainage,Headwalls to Suit 2 Cell,HW to Suit 2 cells x 675mm,3.85,t/each,TfNSW Engineering Carbon and Cost Library (ECCL) L5,,,
Australia,Surface and Underground Drainage,Headwalls to Suit 2 Cell,HW to Suit 2 cells x 750mm,4.34,t/each,TfNSW Engineering Carbon and Cost Library (ECCL) L5,,,
Australia,Surface and Underground Drainage,Headwalls to Suit 2 Cell,HW to Suit 2 cells x 825mm,5.3,t/each,TfNSW Engineering Carbon and Cost Library (ECCL) L5,,,
Australia,Surface and Underground Drainage,Headwalls to Suit 2 Cell,HW to Suit 2 cells x 900mm,6.01,t/each,TfNSW Engineering Carbon and Cost Library (ECCL) L5,,,
Australia,Surface and Underground Drainage,Headwalls to Suit 2 Cell,HW to Suit 2 cells x 1050mm,13.97,t/each,TfNSW Engineering Carbon and Cost Library (ECCL) L5,,,
Australia,Surface and Underground Drainage,Headwalls to Suit 2 Cell,HW to Suit 2 cells x 1200 mm,15.68,t/each,TfNSW Engineering Carbon and Cost Library (ECCL) L5,,,
Australia,Surface and Underground Drainage,Headwalls to Suit 2 Cell,HW to Suit 2 cells x 1350mm,18.81,t/each,TfNSW Engineering Carbon and Cost Library (ECCL) L5,,,
Australia,Surface and Underground Drainage,Headwalls to Suit 2 Cell,HW to Suit 2 cells x 1500mm,24.14,t/each,TfNSW Engineering Carbon and Cost Library (ECCL) L5,,,
Australia,Surface and Underground Drainage,Headwalls to Suit 2 Cell,HW to Suit 2 cells x 1650mm,27.28,t/each,TfNSW Engineering Carbon and Cost Library (ECCL) L5,,,
Australia,Surface and Underground Drainage,Headwalls to Suit 2 Cell,HW to Suit 2 cells x 1800mm,30.2,t/each,TfNSW Engineering Carbon and Cost Library (ECCL) L5,,,
Australia,Surface and Underground Drainage,Headwalls to Suit 3 Cell,HW to Suit 3 cells x 225mm,0.66,t/each,TfNSW Engineering Carbon and Cost Library (ECCL) L5,,,
Australia,Surface and Underground Drainage,Headwalls to Suit 3 Cell,HW to Suit 3 cells x 250mm,0.72,t/each,TfNSW Engineering Carbon and Cost Library (ECCL) L5,,,
Australia,Surface and Underground Drainage,Headwalls to Suit 3 Cell,HW to Suit 3 cells x 300mm,0.83,t/each,TfNSW Engineering Carbon and Cost Library (ECCL) L5,,,
Australia,Surface and Underground Drainage,Headwalls to Suit 3 Cell,HW to Suit 3 cells x 375mm,2.4,t/each,TfNSW Engineering Carbon and Cost Library (ECCL) L5,,,
Australia,Surface and Underground Drainage,Headwalls to Suit 3 Cell,HW to Suit 3 cells x 450mm,2.65,t/each,TfNSW Engineering Carbon and Cost Library (ECCL) L5,,,
Australia,Surface and Underground Drainage,Headwalls to Suit 3 Cell,HW to Suit 3 cells x 525mm,3.36,t/each,TfNSW Engineering Carbon and Cost Library (ECCL) L5,,,
Australia,Surface and Underground Drainage,Headwalls to Suit 3 Cell,HW to Suit 3 cells x 600mm,4.09,t/each,TfNSW Engineering Carbon and Cost Library (ECCL) L5,,,
Australia,Surface and Underground Drainage,Headwalls to Suit 3 Cell,HW to Suit 3 cells x 750mm,5.54,t/each,TfNSW Engineering Carbon and Cost Library (ECCL) L5,,,
Australia,Surface and Underground Drainage,Headwalls to Suit 3 Cell,HW to Suit 3 cells x 900mm,7.45,t/each,TfNSW Engineering Carbon and Cost Library (ECCL) L5,,,
Australia,Surface and Underground Drainage,Headwalls to Suit 3 Cell,HW to Suit 3 cells x 1200mm,20.99,t/each,TfNSW Engineering Carbon and Cost Library (ECCL) L5,,,
Australia,Surface and Underground Drainage,Headwalls to Suit 3 Cell,HW to Suit 3 cells x 1350mm,24.63,t/each,TfNSW Engineering Carbon and Cost Library (ECCL) L5,,,
Australia,Surface and Underground Drainage,Headwalls to Suit 3 Cell,HW to Suit 3 cells x 1500mm,31.64,t/each,TfNSW Engineering Carbon and Cost Library (ECCL) L5,,,
Australia,Surface and Underground Drainage,Headwalls to Suit 3 Cell,HW to Suit 3 cells x 1800mm,39.63,t/each,TfNSW Engineering Carbon and Cost Library (ECCL) L5,,,
Australia,Surface and Underground Drainage,Headwalls to Suit 4 Cell,HW to Suit 4 cells x 600mm,4.8,t/each,TfNSW Engineering Carbon and Cost Library (ECCL) L5,,,
Australia,Surface and Underground Drainage,Headwalls to Suit 4 Cell,HW to Suit 4 cells x 750mm,6.73,t/each,TfNSW Engineering Carbon and Cost Library (ECCL) L5,,,
Australia,Surface and Underground Drainage,Headwalls to Suit 4 Cell,HW to Suit 4 cells x 1500mm,38.87,t/each,TfNSW Engineering Carbon and Cost Library (ECCL) L5,,,
Australia,Surface and Underground Drainage,Headwalls to Suit 5 Cell,HW to Suit 5 cell x 675mm,6.73,t/each,TfNSW Engineering Carbon and Cost Library (ECCL) L5,,,
Australia,Surface and Underground Drainage,Headwalls to Suit 5 Cell,HW to Suit 5 cells x 1500mm,43.72,t/each,TfNSW Engineering Carbon and Cost Library (ECCL) L5,,,
Australia,Surface and Underground Drainage,Headwalls to Suit 7 Cell,HW to Suit 7 cells x 600mm,7.19,t/each,TfNSW Engineering Carbon and Cost Library (ECCL) L5,,,
Australia,Surface and Underground Drainage,Class B1 - 1 Cell,HW to suit 300mm x 225mm Class B1 - 1 Cell,2.46,t/each,TfNSW Engineering Carbon and Cost Library (ECCL) L5,,,
Australia,Surface and Underground Drainage,Class B1 - 1 Cell,HW to suit 375mm x 225mm Class B1 - 1 Cell,2.59,t/each,TfNSW Engineering Carbon and Cost Library (ECCL) L5,,,
Australia,Surface and Underground Drainage,Class B1 - 1 Cell,HW to suit 375mm x 300mm Class B1 - 1 Cell,2.6,t/each,TfNSW Engineering Carbon and Cost Library (ECCL) L5,,,
Australia,Surface and Underground Drainage,Class B1 - 1 Cell,HW to suit 450mm x 150mm Class B1 - 1 Cell,2.76,t/each,TfNSW Engineering Carbon and Cost Library (ECCL) L5,,,
Australia,Surface and Underground Drainage,Class B1 - 1 Cell,HW to suit 450mm x 160mm Class B1 - 1 Cell,2.76,t/each,TfNSW Engineering Carbon and Cost Library (ECCL) L5,,,
Australia,Surface and Underground Drainage,Class B1 - 1 Cell,HW to suit 450mm x 300mm Class B1 - 1 Cell,4.7,t/each,TfNSW Engineering Carbon and Cost Library (ECCL) L5,,,
Australia,Surface and Underground Drainage,Class B1 - 1 Cell,HW to suit 450mm x 325mm Class B1 - 1 Cell,4.96,t/each,TfNSW Engineering Carbon and Cost Library (ECCL) L5,,,
Australia,Surface and Underground Drainage,Class B1 - 1 Cell,HW to suit 450mm x 450mm Class B1 - 1 Cell,5.72,t/each,TfNSW Engineering Carbon and Cost Library (ECCL) L5,,,
Australia,Surface and Underground Drainage,Class B1 - 1 Cell,HW to suit 600mm x 225mm Class B1 - 1 Cell,4.45,t/each,TfNSW Engineering Carbon and Cost Library (ECCL) L5,,,
Australia,Surface and Underground Drainage,Class B1 - 1 Cell,HW to suit 600mm x 300mm Class B1 - 1 Cell,4.96,t/each,TfNSW Engineering Carbon and Cost Library (ECCL) L5,,,
Australia,Surface and Underground Drainage,Class B1 - 1 Cell,HW to suit 600mm x 380mm Class B1 - 1 Cell,5.46,t/each,TfNSW Engineering Carbon and Cost Library (ECCL) L5,,,
Australia,Surface and Underground Drainage,Class B1 - 1 Cell,HW to suit 600mm x 450mm Class B1 - 1 Cell,5.72,t/each,TfNSW Engineering Carbon and Cost Library (ECCL) L5,,,
Australia,Surface and Underground Drainage,Class B1 - 1 Cell,HW to suit 600mm x 600mm Class B1 - 1 Cell,6.73,t/each,TfNSW Engineering Carbon and Cost Library (ECCL) L5,,,
Australia,Surface and Underground Drainage,Class B1 - 1 Cell,HW to suit 750mm x 375mm Class B1 - 1 Cell,5.46,t/each,TfNSW Engineering Carbon and Cost Library (ECCL) L5,,,
Australia,Surface and Underground Drainage,Class B1 - 1 Cell,HW to suit 750mm x 450mm Class B1 - 1 Cell,5.97,t/each,TfNSW Engineering Carbon and Cost Library (ECCL) L5,,,
Australia,Surface and Underground Drainage,Class B1 - 1 Cell,HW to suit 750mm x 600mm Class B1 - 1 Cell,6.99,t/each,TfNSW Engineering Carbon and Cost Library (ECCL) L5,,,
Australia,Surface and Underground Drainage,Class B1 - 2 Cell,HW to suit 750mm x 600mm Class B1 - 2 Cell,8.24,t/each,TfNSW Engineering Carbon and Cost Library (ECCL) L5,,,
Australia,Surface and Underground Drainage,Class B1 - 1 Cell,HW to suit 900mm x 300mm Class B1 - 1 Cell,5.21,t/each,TfNSW Engineering Carbon and Cost Library (ECCL) L5,,,
Australia,Surface and Underground Drainage,Class B1 - 2 Cell,HW to suit 900mm x 300mm Class B1 - 2 Cell,6.46,t/each,TfNSW Engineering Carbon and Cost Library (ECCL) L5,,,
Australia,Surface and Underground Drainage,Class B1 - 1 Cell,HW to suit 900mm x 375mm Class B1 - 1 Cell,5.72,t/each,TfNSW Engineering Carbon and Cost Library (ECCL) L5,,,
Australia,Surface and Underground Drainage,Class B1 - 1 Cell,HW to suit 900mm x 450mm Class B1 - 1 Cell,6.22,t/each,TfNSW Engineering Carbon and Cost Library (ECCL) L5,,,
Australia,Surface and Underground Drainage,Class B1 - 2 Cell,HW to suit 900mm x 450mm Class B1 - 2 Cell,7.48,t/each,TfNSW Engineering Carbon and Cost Library (ECCL) L5,,,
Australia,Surface and Underground Drainage,Class B1 - 1 Cell,HW to suit 900mm x 600mm Class B1 - 1 Cell,7.23,t/each,TfNSW Engineering Carbon and Cost Library (ECCL) L5,,,
Australia,Surface and Underground Drainage,Class B1 - 2 Cell,HW to suit 900mm x 600mm Class B1 - 2 Cell,8.73,t/each,TfNSW Engineering Carbon and Cost Library (ECCL) L5,,,
Australia,Surface and Underground Drainage,Class B1 - 5 Cell,HW to suit 900mm x 600mm Class B1 - 5 Cell,13.01,t/each,TfNSW Engineering Carbon and Cost Library (ECCL) L5,,,
Australia,Surface and Underground Drainage,Class B1 - 2 Cell,HW to suit 1050mm x 225mm Class B1 - 2 Cell,6.21,t/each,TfNSW Engineering Carbon and Cost Library (ECCL) L5,,,
Australia,Surface and Underground Drainage,Class B1 - 1 Cell,HW to suit 1050mm x 300mm Class B1 - 1 Cell,5.46,t/each,TfNSW Engineering Carbon and Cost Library (ECCL) L5,,,
Australia,Surface and Underground Drainage,Class B1 - 1 Cell,HW to suit 1200mm x 225mm Class B1 - 1 Cell,4.96,t/each,TfNSW Engineering Carbon and Cost Library (ECCL) L5,,,
Australia,Surface and Underground Drainage,Class B1 - 1 Cell,HW to suit 1200mm x 300mm Class B1 - 1 Cell,5.46,t/each,TfNSW Engineering Carbon and Cost Library (ECCL) L5,,,
Australia,Surface and Underground Drainage,Class B1 - 2 Cell,HW to suit 1200mm x 300mm Class B1 - 2 Cell,6.97,t/each,TfNSW Engineering Carbon and Cost Library (ECCL) L5,,,
Australia,Surface and Underground Drainage,Class B1 - 1 Cell,HW to suit 1200mm x 450mm Class B1 - 1 Cell,6.47,t/each,TfNSW Engineering Carbon and Cost Library (ECCL) L5,,,
Australia,Surface and Underground Drainage,Class B1 - 2 Cell,HW to suit 1200mm x 450mm Class B1 - 2 Cell,7.98,t/each,TfNSW Engineering Carbon and Cost Library (ECCL) L5,,,
Australia,Surface and Underground Drainage,Class B1 - 3 Cell,HW to suit 1200mm x 450mm Class B1 - 3 Cell,9.73,t/each,TfNSW Engineering Carbon and Cost Library (ECCL) L5,,,
Australia,Surface and Underground Drainage,Class B1 - 4 Cell,HW to suit 1200mm x 450mm Class B1 - 4 Cell,11.24,t/each,TfNSW Engineering Carbon and Cost Library (ECCL) L5,,,
Australia,Surface and Underground Drainage,Class B1 - 6 Cell,HW to suit 1200mm x 450mm Class B1 - 6 Cell,14.5,t/each,TfNSW Engineering Carbon and Cost Library (ECCL) L5,,,
Australia,Surface and Underground Drainage,Class B1 - 1 Cell,HW to suit 1200mm x 600mm Class B1 - 1 Cell,7.48,t/each,TfNSW Engineering Carbon and Cost Library (ECCL) L5,,,
Australia,Surface and Underground Drainage,Class B1 - 2 Cell,HW to suit 1200mm x 600mm Class B1 - 2 Cell,9.24,t/each,TfNSW Engineering Carbon and Cost Library (ECCL) L5,,,
Australia,Surface and Underground Drainage,Class B1 - 3 Cell,HW to suit 1200mm x 600mm Class B1 - 3 Cell,11.25,t/each,TfNSW Engineering Carbon and Cost Library (ECCL) L5,,,
Australia,Surface and Underground Drainage,Class B1 - 6 Cell,HW to suit 1200mm x 675mm Class B1 - 6 Cell,17.52,t/each,TfNSW Engineering Carbon and Cost Library (ECCL) L5,,,
Australia,Surface and Underground Drainage,Class B1 - 1 Cell,HW to suit 1200mm x 750mm Class B1 - 1 Cell,8.75,t/each,TfNSW Engineering Carbon and Cost Library (ECCL) L5,,,
Australia,Surface and Underground Drainage,Class B1 - 1 Cell,HW to suit 1200mm x 900mm Class B1 - 1 Cell,11.25,t/each,TfNSW Engineering Carbon and Cost Library (ECCL) L5,,,
Australia,Surface and Underground Drainage,Class B1 - 2 Cell,HW to suit 1200mm x 900mm Class B1 - 2 Cell,13.76,t/each,TfNSW Engineering Carbon and Cost Library (ECCL) L5,,,
Australia,Surface and Underground Drainage,Class B1 - 4 Cell,HW to suit 1200mm x 900mm Class B1 - 4 Cell,18.75,t/each,TfNSW Engineering Carbon and Cost Library (ECCL) L5,,,
Australia,Surface and Underground Drainage,Class B1 - 6 Cell,HW to suit 1200mm x 900mm Class B1 - 6 Cell,25.92,t/each,TfNSW Engineering Carbon and Cost Library (ECCL) L5,,,
Australia,Surface and Underground Drainage,Class B1 - 1 Cell,HW to suit 1200mm x 1200mm Class B1 - 1 Cell,14.82,t/each,TfNSW Engineering Carbon and Cost Library (ECCL) L5,,,
Australia,Surface and Underground Drainage,Class B1 - 2 Cell,HW to suit 1200mm x 1200mm Class B1 - 2 Cell,17.57,t/each,TfNSW Engineering Carbon and Cost Library (ECCL) L5,,,
Australia,Surface and Underground Drainage,Class B1 - 1 Cell,HW to suit 1500mm x 300mm Class B1 - 1 Cell,5.72,t/each,TfNSW Engineering Carbon and Cost Library (ECCL) L5,,,
Australia,Surface and Underground Drainage,Class B1 - 2 Cell,HW to suit 1500mm x 300mm Class B1 - 2 Cell,7.47,t/each,TfNSW Engineering Carbon and Cost Library (ECCL) L5,,,
Australia,Surface and Underground Drainage,Class B1 - 1 Cell,HW to suit 1500mm x 375mm Class B1 - 1 Cell,6.22,t/each,TfNSW Engineering Carbon and Cost Library (ECCL) L5,,,
Australia,Surface and Underground Drainage,Class B1 - 1 Cell,HW to suit 1500mm x 450mm Class B1 - 1 Cell,6.72,t/each,TfNSW Engineering Carbon and Cost Library (ECCL) L5,,,
Australia,Surface and Underground Drainage,Class B1 - 2 Cell,HW to suit 1500mm x 450mm Class B1 - 2 Cell,8.73,t/each,TfNSW Engineering Carbon and Cost Library (ECCL) L5,,,
Australia,Surface and Underground Drainage,Class B1 - 1 Cell,HW to suit 1500mm x 600mm Class B1 - 1 Cell,7.99,t/each,TfNSW Engineering Carbon and Cost Library (ECCL) L5,,,
Australia,Surface and Underground Drainage,Class B1 - 2 Cell,HW to suit 1500mm x 600mm Class B1 - 2 Cell,10,t/each,TfNSW Engineering Carbon and Cost Library (ECCL) L5,,,
Australia,Surface and Underground Drainage,Class B1 - 5 Cell,HW to suit 1500mm x 600mm Class B1 - 5 Cell,16.51,t/each,TfNSW Engineering Carbon and Cost Library (ECCL) L5,,,
Australia,Surface and Underground Drainage,Class B1 - 2 Cell,HW to suit 1500mm x 750mm Class B1 - 2 Cell,11.5,t/each,TfNSW Engineering Carbon and Cost Library (ECCL) L5,,,
Australia,Surface and Underground Drainage,Class B1 - 1 Cell,HW to suit 1500mm x 900mm Class B1 - 1 Cell,11.75,t/each,TfNSW Engineering Carbon and Cost Library (ECCL) L5,,,
Australia,Surface and Underground Drainage,Class B1 - 2 Cell,HW to suit 1500mm x 900mm Class B1 - 2 Cell,14.75,t/each,TfNSW Engineering Carbon and Cost Library (ECCL) L5,,,
Australia,Surface and Underground Drainage,Class B1 - 6 Cell,HW to suit 1500mm x 900mm Class B1 - 6 Cell,28.68,t/each,TfNSW Engineering Carbon and Cost Library (ECCL) L5,,,
Australia,Surface and Underground Drainage,Class B1 - 1 Cell,HW to suit 1500mm x 1200mm Class B1 - 1 Cell,15.32,t/each,TfNSW Engineering Carbon and Cost Library (ECCL) L5,,,
Australia,Surface and Underground Drainage,Class B1 - 2 Cell,HW to suit 1500mm x 1200mm Class B1 - 2 Cell,20.99,t/each,TfNSW Engineering Carbon and Cost Library (ECCL) L5,,,
Australia,Surface and Underground Drainage,Class B1 - 3 Cell,HW to suit 1500mm x 1200mm Class B1 - 3 Cell,24.5,t/each,TfNSW Engineering Carbon and Cost Library (ECCL) L5,,,
Australia,Surface and Underground Drainage,Class B1 - 4 Cell,HW to suit 1500mm x 1500mm Class B1 - 4 Cell,40.66,t/each,TfNSW Engineering Carbon and Cost Library (ECCL) L5,,,
Australia,Surface and Underground Drainage,Class B1 - 1 Cell,HW to suit 1800mm x 300mm Class B1 - 1 Cell,6.21,t/each,TfNSW Engineering Carbon and Cost Library (ECCL) L5,,,
Australia,Surface and Underground Drainage,Class B1 - 1 Cell,HW to suit 1800mm x 450mm Class B1 - 1 Cell,6.97,t/each,TfNSW Engineering Carbon and Cost Library (ECCL) L5,,,
Australia,Surface and Underground Drainage,Class B1 - 8 Cell,HW to suit 1800mm x 450mm Class B1 - 8 Cell,25.21,t/each,TfNSW Engineering Carbon and Cost Library (ECCL) L5,,,
Australia,Surface and Underground Drainage,Class B1 - 12 Cell,HW to suit 1800mm x 450mm Class B1 - 12 Cell,34.5,t/each,TfNSW Engineering Carbon and Cost Library (ECCL) L5,,,
Australia,Surface and Underground Drainage,Class B1 - 1 Cell,HW to suit 1800mm x 600mm Class B1 - 1 Cell,8.24,t/each,TfNSW Engineering Carbon and Cost Library (ECCL) L5,,,
Australia,Surface and Underground Drainage,Class B1 - 5 Cell,HW to suit 1800mm x 600mm Class B1 - 5 Cell,18.27,t/each,TfNSW Engineering Carbon and Cost Library (ECCL) L5,,,
Australia,Surface and Underground Drainage,Class B1 - 8 Cell,HW to suit 1800mm x 600mm Class B1 - 8 Cell,28.22,t/each,TfNSW Engineering Carbon and Cost Library (ECCL) L5,,,
Australia,Surface and Underground Drainage,Class B1 - 1 Cell,HW to suit 1800mm x 750mm Class B1 - 1 Cell,9.49,t/each,TfNSW Engineering Carbon and Cost Library (ECCL) L5,,,
Australia,Surface and Underground Drainage,Class B1 - 2 Cell,HW to suit 1800mm x 750mm Class B1 - 2 Cell,12.25,t/each,TfNSW Engineering Carbon and Cost Library (ECCL) L5,,,
Australia,Surface and Underground Drainage,Class B1 - 3 Cell,HW to suit 1800mm x 750mm Class B1 - 3 Cell,15.01,t/each,TfNSW Engineering Carbon and Cost Library (ECCL) L5,,,
Australia,Surface and Underground Drainage,Class B1 - 1 Cell,HW to suit 1800mm x 900mm Class B1 - 1 Cell,12.26,t/each,TfNSW Engineering Carbon and Cost Library (ECCL) L5,,,
Australia,Surface and Underground Drainage,Class B1 - 2 Cell,HW to suit 1800mm x 900mm Class B1 - 2 Cell,15.75,t/each,TfNSW Engineering Carbon and Cost Library (ECCL) L5,,,
Australia,Surface and Underground Drainage,Class B1 - 3 Cell,HW to suit 1800mm x 900mm Class B1 - 3 Cell,21.43,t/each,TfNSW Engineering Carbon and Cost Library (ECCL) L5,,,
Australia,Surface and Underground Drainage,Class B1 - 4 Cell,HW to suit 1800mm x 900mm Class B1 - 4 Cell,24.92,t/each,TfNSW Engineering Carbon and Cost Library (ECCL) L5,,,
Australia,Surface and Underground Drainage,Class B1 - 12 Cell,HW to suit 1800mm x 900mm Class B1 - 12 Cell,56.77,t/each,TfNSW Engineering Carbon and Cost Library (ECCL) L5,,,
Australia,Surface and Underground Drainage,Class B1 - 1 Cell,HW to suit 1800mm x 1200mm Class B1 - 1 Cell,15.82,t/each,TfNSW Engineering Carbon and Cost Library (ECCL) L5,,,
Australia,Surface and Underground Drainage,Class B1 - 2 Cell,HW to suit 1800mm x 1200mm Class B1 - 2 Cell,22.25,t/each,TfNSW Engineering Carbon and Cost Library (ECCL) L5,,,
Australia,Surface and Underground Drainage,Class B1 - 4 Cell,HW to suit 1800mm x 1200mm Class B1 - 4 Cell,30.26,t/each,TfNSW Engineering Carbon and Cost Library (ECCL) L5,,,
Australia,Surface and Underground Drainage,Class B1 - 1 Cell,HW to suit 1800mm x 1500mm Class B1 - 1 Cell,25.01,t/each,TfNSW Engineering Carbon and Cost Library (ECCL) L5,,,
Australia,Surface and Underground Drainage,Class B1 - 2 Cell,HW to suit 1800mm x 1500mm Class B1 - 2 Cell,30.5,t/each,TfNSW Engineering Carbon and Cost Library (ECCL) L5,,,
Australia,Surface and Underground Drainage,Class B1 - 5 Cell,HW to suit 1800mm x 1500mm Class B1 - 5 Cell,49.41,t/each,TfNSW Engineering Carbon and Cost Library (ECCL) L5,,,
Australia,Surface and Underground Drainage,Class B1 - 1 Cell,HW to suit 1800mm x 1800mm Class B1 - 1 Cell,25.77,t/each,TfNSW Engineering Carbon and Cost Library (ECCL) L5,,,
Australia,Surface and Underground Drainage,Class B1 - 3 Cell,HW to suit 1800mm x 1800mm Class B1 - 3 Cell,36.76,t/each,TfNSW Engineering Carbon and Cost Library (ECCL) L5,,,
Australia,Surface and Underground Drainage,Class B1 - 1 Cell,HW to suit 1840mm x 625mm Class B1 - 1 Cell,8.49,t/each,TfNSW Engineering Carbon and Cost Library (ECCL) L5,,,
Australia,Surface and Underground Drainage,Class B1 - 1 Cell,HW to suit 2100mm x 450mm Class B1 - 1 Cell,7.48,t/each,TfNSW Engineering Carbon and Cost Library (ECCL) L5,,,
Australia,Surface and Underground Drainage,Class B1 - 2 Cell,HW to suit 2100mm x 450mm Class B1 - 2 Cell,9.98,t/each,TfNSW Engineering Carbon and Cost Library (ECCL) L5,,,
Australia,Surface and Underground Drainage,Class B1 - 1 Cell,HW to suit 2100mm x 600mm Class B1 - 1 Cell,8.73,t/each,TfNSW Engineering Carbon and Cost Library (ECCL) L5,,,
Australia,Surface and Underground Drainage,Class B1 - 2 Cell,HW to suit 2100mm x 600mm Class B1 - 2 Cell,11.5,t/each,TfNSW Engineering Carbon and Cost Library (ECCL) L5,,,
Australia,Surface and Underground Drainage,Class B1 - 1 Cell,HW to suit 2100mm x 750mm Class B1 - 1 Cell,9.75,t/each,TfNSW Engineering Carbon and Cost Library (ECCL) L5,,,
Australia,Surface and Underground Drainage,Class B1 - 1 Cell,HW to suit 2100mm x 900mm Class B1 - 1 Cell,12.75,t/each,TfNSW Engineering Carbon and Cost Library (ECCL) L5,,,
Australia,Surface and Underground Drainage,Class B1 - 2 Cell,HW to suit 2100mm x 900mm Class B1 - 2 Cell,16.76,t/each,TfNSW Engineering Carbon and Cost Library (ECCL) L5,,,
Australia,Surface and Underground Drainage,Class B1 - 3 Cell,HW to suit 2100mm x 900mm Class B1 - 3 Cell,22.93,t/each,TfNSW Engineering Carbon and Cost Library (ECCL) L5,,,
Australia,Surface and Underground Drainage,Class B1 - 1 Cell,HW to suit 2100mm x 1200mm Class B1 - 1 Cell,16.57,t/each,TfNSW Engineering Carbon and Cost Library (ECCL) L5,,,
Australia,Surface and Underground Drainage,Class B1 - 10 Cell,HW to suit 2100mm x 1200mm Class B1 - 10 Cell,67.32,t/each,TfNSW Engineering Carbon and Cost Library (ECCL) L5,,,
Australia,Surface and Underground Drainage,Class B1 - 24 Cell,HW to suit 2100mm x 1200mm Class B1 - 24 Cell,143.76,t/each,TfNSW Engineering Carbon and Cost Library (ECCL) L5,,,
Australia,Surface and Underground Drainage,Class B1 - 57 Cell,HW to suit 2100mm x 1200mm Class B1 - 57 Cell,322.37,t/each,TfNSW Engineering Carbon and Cost Library (ECCL) L5,,,
Australia,Surface and Underground Drainage,Class B1 - 1 Cell,HW to suit 2100mm x 1500mm Class B1 - 1 Cell,26,t/each,TfNSW Engineering Carbon and Cost Library (ECCL) L5,,,
Australia,Surface and Underground Drainage,Class B1 - 1 Cell,HW to suit 2100mm x 1800mm Class B1 - 1 Cell,26.52,t/each,TfNSW Engineering Carbon and Cost Library (ECCL) L5,,,
Australia,Surface and Underground Drainage,Class B1 - 1 Cell,HW to suit 2100mm x 2100mm Class B1 - 1 Cell,27.28,t/each,TfNSW Engineering Carbon and Cost Library (ECCL) L5,,,
Australia,Surface and Underground Drainage,Class B1 - 1 Cell,HW to suit 2400mm x 450mm Class B1 - 1 Cell,7.73,t/each,TfNSW Engineering Carbon and Cost Library (ECCL) L5,,,
Australia,Surface and Underground Drainage,Class B1 - 2 Cell,HW to suit 2400mm x 450mm Class B1 - 2 Cell,10.74,t/each,TfNSW Engineering Carbon and Cost Library (ECCL) L5,,,
Australia,Surface and Underground Drainage,Class B1 - 1 Cell,HW to suit 2400mm x 600mm Class B1 - 1 Cell,8.99,t/each,TfNSW Engineering Carbon and Cost Library (ECCL) L5,,,
Australia,Surface and Underground Drainage,Class B1 - 2 Cell,HW to suit 2400mm x 600mm Class B1 - 2 Cell,12.25,t/each,TfNSW Engineering Carbon and Cost Library (ECCL) L5,,,
Australia,Surface and Underground Drainage,Class B1 - 6 Cell,HW to suit 2400mm x 750mm Class B1 - 6 Cell,30.21,t/each,TfNSW Engineering Carbon and Cost Library (ECCL) L5,,,
Australia,Surface and Underground Drainage,Class B1 - 1 Cell,HW to suit 2400mm x 900mm Class B1 - 1 Cell,13.25,t/each,TfNSW Engineering Carbon and Cost Library (ECCL) L5,,,
Australia,Surface and Underground Drainage,Class B1 - 2 Cell,HW to suit 2400mm x 900mm Class B1 - 2 Cell,17.76,t/each,TfNSW Engineering Carbon and Cost Library (ECCL) L5,,,
Australia,Surface and Underground Drainage,Class B1 - 3 Cell,HW to suit 2400mm x 900mm Class B1 - 3 Cell,24.42,t/each,TfNSW Engineering Carbon and Cost Library (ECCL) L5,,,
Australia,Surface and Underground Drainage,Class B1 - 5 Cell,HW to suit 2400mm x 900mm Class B1 - 5 Cell,33.18,t/each,TfNSW Engineering Carbon and Cost Library (ECCL) L5,,,
Australia,Surface and Underground Drainage,Class B1 - 1 Cell,HW to suit 2400mm x 1200mm Class B1 - 1 Cell,17.07,t/each,TfNSW Engineering Carbon and Cost Library (ECCL) L5,,,
Australia,Surface and Underground Drainage,Class B1 - 2 Cell,HW to suit 2400mm x 1200mm Class B1 - 2 Cell,24.5,t/each,TfNSW Engineering Carbon and Cost Library (ECCL) L5,,,
Australia,Surface and Underground Drainage,Class B1 - 3 Cell,HW to suit 2400mm x 1200mm Class B1 - 3 Cell,29.76,t/each,TfNSW Engineering Carbon and Cost Library (ECCL) L5,,,
Australia,Surface and Underground Drainage,Class B1 - 7 Cell,HW to suit 2400mm x 1200mm Class B1 - 7 Cell,55.13,t/each,TfNSW Engineering Carbon and Cost Library (ECCL) L5,,,
Australia,Surface and Underground Drainage,Class B1 - 1 Cell,HW to suit 2400mm x 1500mm Class B1 - 1 Cell,26.75,t/each,TfNSW Engineering Carbon and Cost Library (ECCL) L5,,,
Australia,Surface and Underground Drainage,Class B1 - 2 Cell,HW to suit 2400mm x 1500mm Class B1 - 2 Cell,33.75,t/each,TfNSW Engineering Carbon and Cost Library (ECCL) L5,,,
Australia,Surface and Underground Drainage,Class B1 - 3 Cell,HW to suit 2400mm x 1500mm Class B1 - 3 Cell,42.91,t/each,TfNSW Engineering Carbon and Cost Library (ECCL) L5,,,
Australia,Surface and Underground Drainage,Class B1 - 5 Cell,HW to suit 2400mm x 1500mm Class B1 - 5 Cell,59.32,t/each,TfNSW Engineering Carbon and Cost Library (ECCL) L5,,,
Australia,Surface and Underground Drainage,Class B1 - 8 Cell,HW to suit 2400mm x 1500mm Class B1 - 8 Cell,82.73,t/each,TfNSW Engineering Carbon and Cost Library (ECCL) L5,,,
Australia,Surface and Underground Drainage,Class B1 - 1 Cell,HW to suit 2400mm x 1800mm Class B1 - 1 Cell,27.27,t/each,TfNSW Engineering Carbon and Cost Library (ECCL) L5,,,
Australia,Surface and Underground Drainage,Class B1 - 1 Cell,HW to suit 2400mm  x 2100mm Class B1 - 1 Cell,28.03,t/each,TfNSW Engineering Carbon and Cost Library (ECCL) L5,,,
Australia,Surface and Underground Drainage,Class B1 - 1 Cell,HW to suit 2400mm x 2400mm Class B1 - 1 Cell,32.27,t/each,TfNSW Engineering Carbon and Cost Library (ECCL) L5,,,
Australia,Surface and Underground Drainage,Class B1 - 2 Cell,HW to suit 2400mm x 2400mm Class B1 - 2 Cell,40.5,t/each,TfNSW Engineering Carbon and Cost Library (ECCL) L5,,,
Australia,Surface and Underground Drainage,Class B1 - 3 Cell,HW to suit 2400mm x 2400mm Class B1 - 3 Cell,50.65,t/each,TfNSW Engineering Carbon and Cost Library (ECCL) L5,,,
Australia,Surface and Underground Drainage,Class B1 - 6 Cell,HW to suit 2400mm x 2400mm Class B1 - 6 Cell,77.04,t/each,TfNSW Engineering Carbon and Cost Library (ECCL) L5,,,
Australia,Surface and Underground Drainage,Class B1 - 1 Cell,HW to suit 2450mm x 1200mm Class B1 - 1 Cell,17.08,t/each,TfNSW Engineering Carbon and Cost Library (ECCL) L5,,,
Australia,Surface and Underground Drainage,Class B1 - 1 Cell,HW to suit 2700mm x 600mm Class B1 - 1 Cell,9.24,t/each,TfNSW Engineering Carbon and Cost Library (ECCL) L5,,,
Australia,Surface and Underground Drainage,Class B1 - 2 Cell,HW to suit 2700mm x 600mm Class B1 - 2 Cell,13.01,t/each,TfNSW Engineering Carbon and Cost Library (ECCL) L5,,,
Australia,Surface and Underground Drainage,Class B1 - 4 Cell,HW to suit 2700mm x 600mm Class B1 - 4 Cell,22.44,t/each,TfNSW Engineering Carbon and Cost Library (ECCL) L5,,,
Australia,Surface and Underground Drainage,Class B1 - 2 Cell,HW to suit 2700mm x 750mm Class B1 - 2 Cell,14.51,t/each,TfNSW Engineering Carbon and Cost Library (ECCL) L5,,,
Australia,Surface and Underground Drainage,Class B1 - 1 Cell,HW to suit 2700mm x 900mm Class B1 - 1 Cell,13.76,t/each,TfNSW Engineering Carbon and Cost Library (ECCL) L5,,,
Australia,Surface and Underground Drainage,Class B1 - 2 Cell,HW to suit 2700mm x 900mm Class B1 - 2 Cell,18.75,t/each,TfNSW Engineering Carbon and Cost Library (ECCL) L5,,,
Australia,Surface and Underground Drainage,Class B1 - 4 Cell,HW to suit 2700mm x 900mm Class B1 - 4 Cell,30.68,t/each,TfNSW Engineering Carbon and Cost Library (ECCL) L5,,,
Australia,Surface and Underground Drainage,Class B1 - 8 Cell,HW to suit 2700mm x 900mm Class B1 - 8 Cell,55.02,t/each,TfNSW Engineering Carbon and Cost Library (ECCL) L5,,,
Australia,Surface and Underground Drainage,Class B1 - 1 Cell,HW to suit 2700mm x 1200mm Class B1 - 1 Cell,17.57,t/each,TfNSW Engineering Carbon and Cost Library (ECCL) L5,,,
Australia,Surface and Underground Drainage,Class B1 - 2 Cell,HW to suit 2700mm x 1200mm Class B1 - 2 Cell,25.75,t/each,TfNSW Engineering Carbon and Cost Library (ECCL) L5,,,
Australia,Surface and Underground Drainage,Class B1 - 4 Cell,HW to suit 2700mm x 1200mm Class B1 - 4 Cell,39.44,t/each,TfNSW Engineering Carbon and Cost Library (ECCL) L5,,,
Australia,Surface and Underground Drainage,Class B1 - 1 Cell,HW to suit 2700mm x 1500mm Class B1 - 1 Cell,27.5,t/each,TfNSW Engineering Carbon and Cost Library (ECCL) L5,,,
Australia,Surface and Underground Drainage,Class B1 - 2 Cell,HW to suit 2700mm x 1500mm Class B1 - 2 Cell,35.24,t/each,TfNSW Engineering Carbon and Cost Library (ECCL) L5,,,
Australia,Surface and Underground Drainage,Class B1 - 5 Cell,HW to suit 2700mm  x 1500mm Class B1 - 5 Cell,63.32,t/each,TfNSW Engineering Carbon and Cost Library (ECCL) L5,,,
Australia,Surface and Underground Drainage,Class B1 - 1 Cell,HW to suit 2700mm x 1800mm Class B1 - 1 Cell,28.26,t/each,TfNSW Engineering Carbon and Cost Library (ECCL) L5,,,
Australia,Surface and Underground Drainage,Class B1 - 1 Cell,HW to suit 2700mm x 2100mm Class B1 - 1 Cell,28.78,t/each,TfNSW Engineering Carbon and Cost Library (ECCL) L5,,,
Australia,Surface and Underground Drainage,Class B1 - 2 Cell,HW to suit 2700mm x 2100mm Class B1 - 2 Cell,36.77,t/each,TfNSW Engineering Carbon and Cost Library (ECCL) L5,,,
Australia,Surface and Underground Drainage,Class B1 - 1 Cell,HW to suit 2700mm x 2400mm Class B1 - 1 Cell,33.26,t/each,TfNSW Engineering Carbon and Cost Library (ECCL) L5,,,
Australia,Surface and Underground Drainage,Class B1 - 2 Cell,HW to suit 2700mm x 2400mm Class B1 - 2 Cell,42.25,t/each,TfNSW Engineering Carbon and Cost Library (ECCL) L5,,,
Australia,Surface and Underground Drainage,Class B1 - 3 Cell,HW to suit 2700mm x 2400mm Class B1 - 3 Cell,53.4,t/each,TfNSW Engineering Carbon and Cost Library (ECCL) L5,,,
Australia,Surface and Underground Drainage,Class B1 - 4 Cell,HW to suit 2700mm x 2400mm Class B1 - 4 Cell,62.39,t/each,TfNSW Engineering Carbon and Cost Library (ECCL) L5,,,
Australia,Surface and Underground Drainage,Class B1 - 5 Cell,HW to suit 2700mm x 2400mm Class B1 - 5 Cell,73.55,t/each,TfNSW Engineering Carbon and Cost Library (ECCL) L5,,,
Australia,Surface and Underground Drainage,Class B1 - 2 Cell,HW to suit 2700mm x 2700mm Class B1 - 2 Cell,43.01,t/each,TfNSW Engineering Carbon and Cost Library (ECCL) L5,,,
Australia,Surface and Underground Drainage,Class B1 - 3 Cell,HW to suit 2700mm x 2700mm Class B1 - 3 Cell,54.16,t/each,TfNSW Engineering Carbon and Cost Library (ECCL) L5,,,
Australia,Surface and Underground Drainage,Class B1 - 1 Cell,HW to suit 2800mm x 900mm Class B1 - 1 Cell,14,t/each,TfNSW Engineering Carbon and Cost Library (ECCL) L5,,,
Australia,Surface and Underground Drainage,Class B1 - 1 Cell,HW to suit 3000mm x 0450mm Class B1 - 1 Cell,8.48,t/each,TfNSW Engineering Carbon and Cost Library (ECCL) L5,,,
Australia,Surface and Underground Drainage,Class B1 - 1 Cell,HW to suit 3000mm x 0600mm Class B1 - 1 Cell,9.74,t/each,TfNSW Engineering Carbon and Cost Library (ECCL) L5,,,
Australia,Surface and Underground Drainage,Class B1 - 4 Cell,HW to suit 3000mm x 0600mm Class B1 - 4 Cell,23.7,t/each,TfNSW Engineering Carbon and Cost Library (ECCL) L5,,,
Australia,Surface and Underground Drainage,Class B1 - 1 Cell,HW to suit 3000mm x 0750mm Class B1 - 1 Cell,11,t/each,TfNSW Engineering Carbon and Cost Library (ECCL) L5,,,
Australia,Surface and Underground Drainage,Class B1 - 1 Cell,HW to suit 3000mm x 0900mm Class B1 - 1 Cell,14.25,t/each,TfNSW Engineering Carbon and Cost Library (ECCL) L5,,,
Australia,Surface and Underground Drainage,Class B1 - 2 Cell,HW to suit 3000mm x 0900mm Class B1 - 2 Cell,21.92,t/each,TfNSW Engineering Carbon and Cost Library (ECCL) L5,,,
Australia,Surface and Underground Drainage,Class B1 - 4 Cell,HW to suit 3000mm x 0900mm Class B1 - 4 Cell,32.68,t/each,TfNSW Engineering Carbon and Cost Library (ECCL) L5,,,
Australia,Surface and Underground Drainage,Class B1 - 1 Cell,HW to suit 3000mm x 1200mm Class B1 - 1 Cell,18.33,t/each,TfNSW Engineering Carbon and Cost Library (ECCL) L5,,,
Australia,Surface and Underground Drainage,Class B1 - 2 Cell,HW to suit 3000mm x 1200mm Class B1 - 2 Cell,26.76,t/each,TfNSW Engineering Carbon and Cost Library (ECCL) L5,,,
Australia,Surface and Underground Drainage,Class B1 - 3 Cell,HW to suit 3000mm x 1200mm Class B1 - 3 Cell,33.27,t/each,TfNSW Engineering Carbon and Cost Library (ECCL) L5,,,
Australia,Surface and Underground Drainage,Class B1 - 4 Cell,HW to suit 3000mm x 1200mm Class B1 - 4 Cell,41.95,t/each,TfNSW Engineering Carbon and Cost Library (ECCL) L5,,,
Australia,Surface and Underground Drainage,Class B1 - 5 Cell,HW to suit 3000mm x 1200mm Class B1 - 5 Cell,48.46,t/each,TfNSW Engineering Carbon and Cost Library (ECCL) L5,,,
Australia,Surface and Underground Drainage,Class B1 - 1 Cell,HW to suit 3000mm x 1500mm Class B1 - 1 Cell,28.25,t/each,TfNSW Engineering Carbon and Cost Library (ECCL) L5,,,
Australia,Surface and Underground Drainage,Class B1 - 2 Cell,HW to suit 3000mm x 1500mm Class B1 - 2 Cell,37,t/each,TfNSW Engineering Carbon and Cost Library (ECCL) L5,,,
Australia,Surface and Underground Drainage,Class B1 - 3 Cell,HW to suit 3000mm x 1500mm Class B1 - 3 Cell,47.66,t/each,TfNSW Engineering Carbon and Cost Library (ECCL) L5,,,
Australia,Surface and Underground Drainage,Class B1 - 4 Cell,HW to suit 3000mm x 1500mm Class B1 - 4 Cell,58.57,t/each,TfNSW Engineering Carbon and Cost Library (ECCL) L5,,,
Australia,Surface and Underground Drainage,Class B1 - 1 Cell,HW to suit 3000mm x 1800mm Class B1 - 1 Cell,29.01,t/each,TfNSW Engineering Carbon and Cost Library (ECCL) L5,,,
Australia,Surface and Underground Drainage,Class B1 - 1 Cell,HW to suit 3000mm x 2400mm Class B1 - 1 Cell,34.01,t/each,TfNSW Engineering Carbon and Cost Library (ECCL) L5,,,
Australia,Surface and Underground Drainage,Class B1 - 2 Cell,HW to suit 3000mm x 2400mm Class B1 - 2 Cell,43.99,t/each,TfNSW Engineering Carbon and Cost Library (ECCL) L5,,,
Australia,Surface and Underground Drainage,Class B1 - 3 Cell,HW to suit 3000mm  x 2400mm Class B1 - 3 Cell,56.15,t/each,TfNSW Engineering Carbon and Cost Library (ECCL) L5,,,
Australia,Surface and Underground Drainage,Class B1 - 4 Cell,HW to suit 3000mm x 2400mm Class B1 - 4 Cell,68.05,t/each,TfNSW Engineering Carbon and Cost Library (ECCL) L5,,,
Australia,Surface and Underground Drainage,Class B1 - 5 Cell,HW to suit 3000mm x 2400mm Class B1 - 5 Cell,78.04,t/each,TfNSW Engineering Carbon and Cost Library (ECCL) L5,,,
Australia,Surface and Underground Drainage,Class B1 - 1 Cell,HW to suit 3000mm x 2700mm Class B1 - 1 Cell,35.02,t/each,TfNSW Engineering Carbon and Cost Library (ECCL) L5,,,
Australia,Surface and Underground Drainage,Class B1 - 2 Cell,HW to suit 3000mm x 2700mm Class B1 - 2 Cell,44.76,t/each,TfNSW Engineering Carbon and Cost Library (ECCL) L5,,,
Australia,Surface and Underground Drainage,Class B1 - 1 Cell,HW to suit 3000mm x 3000mm Class B1 - 1 Cell,35.78,t/each,TfNSW Engineering Carbon and Cost Library (ECCL) L5,,,
Australia,Surface and Underground Drainage,Class B1 - 2 Cell,HW to suit 3000mm x 3000mm Class B1 - 2 Cell,45.52,t/each,TfNSW Engineering Carbon and Cost Library (ECCL) L5,,,
Australia,Surface and Underground Drainage,Class B1 - 3 Cell,HW to suit 3000mm x 3000mm Class B1 - 3 Cell,57.68,t/each,TfNSW Engineering Carbon and Cost Library (ECCL) L5,,,
Australia,Surface and Underground Drainage,Class B1 - 4 Cell,HW to suit 3000mm x 3000mm Class B1 - 4 Cell,69.58,t/each,TfNSW Engineering Carbon and Cost Library (ECCL) L5,,,
Australia,Surface and Underground Drainage,Class B1 - 1 Cell,HW to suit 3100mm x 1800mm Class B1 - 1 Cell,29.26,t/each,TfNSW Engineering Carbon and Cost Library (ECCL) L5,,,
Australia,Surface and Underground Drainage,Class B1 - 1 Cell,HW to suit 3300mm x 0600mm Class B1 - 1 Cell,10,t/each,TfNSW Engineering Carbon and Cost Library (ECCL) L5,,,
Australia,Surface and Underground Drainage,Class B1 - 3 Cell,HW to suit 3300mm x 0600mm Class B1 - 3 Cell,18.77,t/each,TfNSW Engineering Carbon and Cost Library (ECCL) L5,,,
Australia,Surface and Underground Drainage,Class B1 - 1 Cell,HW to suit 3300mm x 1200mm Class B1 - 1 Cell,20.99,t/each,TfNSW Engineering Carbon and Cost Library (ECCL) L5,,,
Australia,Surface and Underground Drainage,Class B1 - 4 Cell,HW to suit 3300mm x 1200mm Class B1 - 4 Cell,44.2,t/each,TfNSW Engineering Carbon and Cost Library (ECCL) L5,,,
Australia,Surface and Underground Drainage,Class B1 - 1 Cell,HW to suit 3100mm x 1800mm Class B1 - 1 Cell,29.26,t/each,TfNSW Engineering Carbon and Cost Library (ECCL) L5,,,
Australia,Surface and Underground Drainage,Class B1 - 1 Cell,HW to suit 3300mm x 3000mm Class B1 - 1 Cell,36.53,t/each,TfNSW Engineering Carbon and Cost Library (ECCL) L5,,,
Australia,Surface and Underground Drainage,Class B1 - 3 Cell,HW to suit 3300mm x 1500mm Class B1 - 3 Cell,50.16,t/each,TfNSW Engineering Carbon and Cost Library (ECCL) L5,,,
Australia,Surface and Underground Drainage,Class B1 - 1 Cell,HW to suit 3300mm x 1800mm Class B1 - 1 Cell,29.77,t/each,TfNSW Engineering Carbon and Cost Library (ECCL) L5,,,
Australia,Surface and Underground Drainage,Class B1 - 1 Cell,HW to suit 3300mm x 2400mm Class B1 - 1 Cell,35.01,t/each,TfNSW Engineering Carbon and Cost Library (ECCL) L5,,,
Australia,Surface and Underground Drainage,Class B1 - 3 Cell,HW to suit 3300mm x 2400mm Class B1 - 3 Cell,58.64,t/each,TfNSW Engineering Carbon and Cost Library (ECCL) L5,,,
Australia,Surface and Underground Drainage,Class B1 - 1 Cell,HW to suit 3300mm x 3300mm Class B1 - 1 Cell,37.3,t/each,TfNSW Engineering Carbon and Cost Library (ECCL) L5,,,
Australia,Surface and Underground Drainage,Class B1 - 1 Cell,HW to suit 3348mm x 3004mm Class B1 - 1 Cell,36.78,t/each,TfNSW Engineering Carbon and Cost Library (ECCL) L5,,,
Australia,Surface and Underground Drainage,Class B1 - 3 Cell,HW to suit 3353mm x 1500mm Class B1 - 3 Cell,50.4,t/each,TfNSW Engineering Carbon and Cost Library (ECCL) L5,,,
Australia,Surface and Underground Drainage,Class B1 - 2 Cell,HW to suit 3540mm x 3520mm Class B1 - 2 Cell,52.46,t/each,TfNSW Engineering Carbon and Cost Library (ECCL) L5,,,
Australia,Surface and Underground Drainage,Class B1 - 3 Cell,HW to suit 3600mm x 600mm Class B1 - 3 Cell,21.94,t/each,TfNSW Engineering Carbon and Cost Library (ECCL) L5,,,
Australia,Surface and Underground Drainage,Class B1 - 4 Cell,HW to suit 3600mm x 600mm Class B1 - 4 Cell,26.71,t/each,TfNSW Engineering Carbon and Cost Library (ECCL) L5,,,
Australia,Surface and Underground Drainage,Class B1 - 1 Cell,HW to suit 3600mm x 900mm Class B1 - 1 Cell,15.26,t/each,TfNSW Engineering Carbon and Cost Library (ECCL) L5,,,
Australia,Surface and Underground Drainage,Class B1 - 15 Cell,HW to suit 3600mm x 900mm Class B1 - 15 Cell,118.29,t/each,TfNSW Engineering Carbon and Cost Library (ECCL) L5,,,
Australia,Surface and Underground Drainage,Class B1 - 1 Cell,HW to suit 3600mm x 1200mm Class B1 - 1 Cell,21.49,t/each,TfNSW Engineering Carbon and Cost Library (ECCL) L5,,,
Australia,Surface and Underground Drainage,Class B1 - 2 Cell,HW to suit 3600mm x 1200mm Class B1 - 2 Cell,29.26,t/each,TfNSW Engineering Carbon and Cost Library (ECCL) L5,,,
Australia,Surface and Underground Drainage,Class B1 - 3 Cell,HW to suit 3600mm x 1200mm Class B1 - 3 Cell,38.94,t/each,TfNSW Engineering Carbon and Cost Library (ECCL) L5,,,
Australia,Surface and Underground Drainage,Class B1 - 6 Cell,HW to suit 3600mm x 1200mm Class B1 - 6 Cell,63.9,t/each,TfNSW Engineering Carbon and Cost Library (ECCL) L5,,,
Australia,Surface and Underground Drainage,Class B1 - 1 Cell,HW to suit 3600mm x 1500mm Class B1 - 1 Cell,29.75,t/each,TfNSW Engineering Carbon and Cost Library (ECCL) L5,,,
Australia,Surface and Underground Drainage,Class B1 - 2 Cell,HW to suit 3600mm x 1500mm Class B1 - 2 Cell,42.17,t/each,TfNSW Engineering Carbon and Cost Library (ECCL) L5,,,
Australia,Surface and Underground Drainage,Class B1 - 3 Cell,HW to suit 3600mm x 1500mm Class B1 - 3 Cell,52.4,t/each,TfNSW Engineering Carbon and Cost Library (ECCL) L5,,,
Australia,Surface and Underground Drainage,Class B1 - 9 Cell,HW to suit 3600mm x 1500mm Class B1 - 9 Cell,124.7,t/each,TfNSW Engineering Carbon and Cost Library (ECCL) L5,,,
Australia,Surface and Underground Drainage,Class B1 - 15 Cell,HW to suit 3600mm x 1500mm Class B1 - 15 Cell,194.84,t/each,TfNSW Engineering Carbon and Cost Library (ECCL) L5,,,
Australia,Surface and Underground Drainage,Class B1 - 2 Cell,HW to suit 3600mm x 1800mm Class B1 - 2 Cell,42.93,t/each,TfNSW Engineering Carbon and Cost Library (ECCL) L5,,,
Australia,Surface and Underground Drainage,Class B1 - 6 Cell,HW to suit 3600mm x 1800mm Class B1 - 6 Cell,90.4,t/each,TfNSW Engineering Carbon and Cost Library (ECCL) L5,,,
Australia,Surface and Underground Drainage,Class B1 - 9 Cell,HW to suit 3600mm x 1800mm Class B1 - 9 Cell,125.46,t/each,TfNSW Engineering Carbon and Cost Library (ECCL) L5,,,
Australia,Surface and Underground Drainage,Class B1 - 1 Cell,HW to suit 3600mm x 2100mm Class B1 - 1 Cell,31.27,t/each,TfNSW Engineering Carbon and Cost Library (ECCL) L5,,,
Australia,Surface and Underground Drainage,Class B1 - 2 Cell,HW to suit 3600mm x 2100mm Class B1 - 2 Cell,43.69,t/each,TfNSW Engineering Carbon and Cost Library (ECCL) L5,,,
Australia,Surface and Underground Drainage,Class B1 - 1 Cell,HW to suit 3600mm x 2400mm Class B1 - 1 Cell,36.01,t/each,TfNSW Engineering Carbon and Cost Library (ECCL) L5,,,
Australia,Surface and Underground Drainage,Class B1 - 7 Cell,HW to suit 3600mm x 2400mm Class B1 - 7 Cell,114.57,t/each,TfNSW Engineering Carbon and Cost Library (ECCL) L5,,,
Australia,Surface and Underground Drainage,Class B1 - 1 Cell,HW to suit 3600mm x 2700mm Class B1 - 1 Cell,36.77,t/each,TfNSW Engineering Carbon and Cost Library (ECCL) L5,,,
Australia,Surface and Underground Drainage,Class B1 - 4 Cell,HW to suit 3600mm x 2700mm Class B1 - 4 Cell,76.05,t/each,TfNSW Engineering Carbon and Cost Library (ECCL) L5,,,
Australia,Surface and Underground Drainage,Class B1 - 1 Cell,HW to suit 3600mm x 3000mm Class B1 - 1 Cell,37.53,t/each,TfNSW Engineering Carbon and Cost Library (ECCL) L5,,,
Australia,Surface and Underground Drainage,Class B1 - 1 Cell,HW to suit 3600mm x 3600mm Class B1 - 1 Cell,39.06,t/each,TfNSW Engineering Carbon and Cost Library (ECCL) L5,,,
Australia,Surface and Underground Drainage,Class B1 - 1 Cell,HW to suit 4000mm  x 1500mm Class B1 - 1 Cell,30.99,t/each,TfNSW Engineering Carbon and Cost Library (ECCL) L5,,,
Australia,Surface and Underground Drainage,Class B1 - 1 Cell,HW to suit 4000mm x 4000mm Class B1 - 1 Cell,41.32,t/each,TfNSW Engineering Carbon and Cost Library (ECCL) L5,,,
Australia,Surface and Underground Drainage,Class B1 - 4 Cell,HW to suit 4200mm x 0900mm Class B1 - 4 Cell,42.85,t/each,TfNSW Engineering Carbon and Cost Library (ECCL) L5,,,
Australia,Surface and Underground Drainage,Class B1 - 1 Cell,HW to suit 4200mm x 2700mm Class B1 - 1 Cell,38.52,t/each,TfNSW Engineering Carbon and Cost Library (ECCL) L5,,,
Australia,Surface and Underground Drainage,Class B1 - 7 Cell,HW to suit 4200mm x 2750mm Class B1 - 7 Cell,130.24,t/each,TfNSW Engineering Carbon and Cost Library (ECCL) L5,,,
Australia,Surface and Underground Drainage,Class B1 - 2 Cell,HW to suit 4200mm x 3600mm Class B1 - 2 Cell,56.45,t/each,TfNSW Engineering Carbon and Cost Library (ECCL) L5,,,
Australia,Surface and Underground Drainage,Class B1 - 7 Cell,HW to suit 4200mm x 3650mm Class B1 - 7 Cell,132.78,t/each,TfNSW Engineering Carbon and Cost Library (ECCL) L5,,,
Australia,Surface and Underground Drainage,Class B1 - 1 Cell,HW to suit 4600mm x 4600mm Class B1 - 1 Cell,44.84,t/each,TfNSW Engineering Carbon and Cost Library (ECCL) L5,,,
Australia,Surface and Underground Drainage,Class B1 - 1 Cell,HW to suit 4800mm  x 3000mm Class B1 - 1 Cell,41.03,t/each,TfNSW Engineering Carbon and Cost Library (ECCL) L5,,,
Australia,Surface and Underground Drainage,Pits,Gross Pollutant Trap,19.2,t/each,TfNSW Engineering Carbon and Cost Library (ECCL) L5,,,
Australia,Surface and Underground Drainage,Pits,Drainage Pit Inserts,0.05,t/each,TfNSW Engineering Carbon and Cost Library (ECCL) L5,,,
Australia,Surface and Underground Drainage,Pits,Trash Rack,0.07,t/m2,TfNSW Engineering Carbon and Cost Library (ECCL) L5,,,
Australia,Surface and Underground Drainage,Filter,Filter / Bio Retention - Subsurface Filters,1.88,t/m3,TfNSW Engineering Carbon and Cost Library (ECCL) L5,,,
Australia,Surface and Underground Drainage,Aggregate,Coarse Aggregate Type 1,2,t/m3,TfNSW Engineering Carbon and Cost Library (ECCL) L5,,,
Australia,Surface and Underground Drainage,Aggregate,Coarse Aggregate Type 2,2,t/m3,TfNSW Engineering Carbon and Cost Library (ECCL) L5,,,
Australia,Surface and Underground Drainage,Aggregate,Coarse Aggregate Type 3,2,t/m3,TfNSW Engineering Carbon and Cost Library (ECCL) L5,,,
Australia,Surface and Underground Drainage,Kerbs,Type SA Kerb,0.36,t/m,TfNSW Engineering Carbon and Cost Library (ECCL) L5,,,
Australia,Surface and Underground Drainage,Kerbs,Type SB Kerb,0.4,t/m,TfNSW Engineering Carbon and Cost Library (ECCL) L5,,,
Australia,Surface and Underground Drainage,Kerbs,Type SE Kerb,0.24,t/m,TfNSW Engineering Carbon and Cost Library (ECCL) L5,,,
Australia,Surface and Underground Drainage,Kerbs,Type SF Kerb,0.11,t/m,TfNSW Engineering Carbon and Cost Library (ECCL) L5,,,
Australia,Surface and Underground Drainage,Kerbs,Type SFM Kerb,0.22,t/m,TfNSW Engineering Carbon and Cost Library (ECCL) L5,,,
Australia,Surface and Underground Drainage,Kerbs,Type SK Kerb,0.64,t/m,TfNSW Engineering Carbon and Cost Library (ECCL) L5,,,
Australia,Surface and Underground Drainage,Kerbs,Type SL Kerb,0.25,t/m,TfNSW Engineering Carbon and Cost Library (ECCL) L5,,,
Australia,Surface and Underground Drainage,Kerbs,Type SM Kerb,0.11,t/m,TfNSW Engineering Carbon and Cost Library (ECCL) L5,,,
Australia,Surface and Underground Drainage,Kerbs,Type SO Kerb,0.46,t/m,TfNSW Engineering Carbon and Cost Library (ECCL) L5,,,
Australia,Surface and Underground Drainage,Kerbs,Type SA to Type SF,0.22,t/m,TfNSW Engineering Carbon and Cost Library (ECCL) L5,,,
Australia,Surface and Underground Drainage,Kerbs,Type SA to Type SK,0.48,t/m,TfNSW Engineering Carbon and Cost Library (ECCL) L5,,,
Australia,Surface and Underground Drainage,Kerbs,Type SA to Type SM,0.21,t/m,TfNSW Engineering Carbon and Cost Library (ECCL) L5,,,
Australia,Surface and Underground Drainage,Kerbs,Type SA to Type SO,0.39,t/m,TfNSW Engineering Carbon and Cost Library (ECCL) L5,,,
Australia,Surface and Underground Drainage,Kerbs,Type SE to Type SK,0.43,t/m,TfNSW Engineering Carbon and Cost Library (ECCL) L5,,,
Australia,Surface and Underground Drainage,Kerbs,Type SE to Concrete Pavement,0.21,t/m,TfNSW Engineering Carbon and Cost Library (ECCL) L5,,,
Australia,Surface and Underground Drainage,Kerbs,Type SF to Type SM,0.09,t/m,TfNSW Engineering Carbon and Cost Library (ECCL) L5,,,
Australia,Surface and Underground Drainage,Kerbs,Residential Vehicular Crossing,2.96,t/each,TfNSW Engineering Carbon and Cost Library (ECCL) L5,,,
Australia,Surface and Underground Drainage,Kerbs,Commercial Vehicular Crossing,5.9,t/each,TfNSW Engineering Carbon and Cost Library (ECCL) L5,,,
Australia,Surface and Underground Drainage,Ramps,Kerb Ramps at Traffic Signal / Pedestrian Crossing - nominal 3.6m width (excluding wings),3.69,t/each,TfNSW Engineering Carbon and Cost Library (ECCL) L5,,,
Australia,Surface and Underground Drainage,Ramps,Kerb Ramps - nominal 1.2m (excluding wings),2.06,t/each,TfNSW Engineering Carbon and Cost Library (ECCL) L5,,,
Australia,Surface and Underground Drainage,Ramps,Kerb Ramps - nominal 2.4m width  (excluding wings),2.65,t/each,TfNSW Engineering Carbon and Cost Library (ECCL) L5,,,
Australia,Surface and Underground Drainage,Ramps,Kerb Ramps - nominal 3.0m width (excluding wings),3.21,t/each,TfNSW Engineering Carbon and Cost Library (ECCL) L5,,,
Australia,Surface and Underground Drainage,Gutters,QK100,0.03,t/m,TfNSW Engineering Carbon and Cost Library (ECCL) L5,,,
Australia,Surface and Underground Drainage,Gutters,QK200SF,0.42,t/m,TfNSW Engineering Carbon and Cost Library (ECCL) L5,,,
Australia,Surface and Underground Drainage,Gutters,QK200SM,0.5,t/m,TfNSW Engineering Carbon and Cost Library (ECCL) L5,,,
Australia,Surface and Underground Drainage,Gutters,QK200B,0.49,t/m,TfNSW Engineering Carbon and Cost Library (ECCL) L5,,,
Australia,Surface and Underground Drainage,Gutters,Qmax 150,0.04,t/m,TfNSW Engineering Carbon and Cost Library (ECCL) L5,,,
Australia,Surface and Underground Drainage,Gutters,Qmax 225,0.06,t/m,TfNSW Engineering Carbon and Cost Library (ECCL) L5,,,
Australia,Surface and Underground Drainage,Gutters,Qmax 350,0.05,t/m,TfNSW Engineering Carbon and Cost Library (ECCL) L5,,,
Australia,Surface and Underground Drainage,Gutters,Qmax 550,0.08,t/m,TfNSW Engineering Carbon and Cost Library (ECCL) L5,,,
Australia,Surface and Underground Drainage,Gutters,Qmax 700,0.14,t/m,TfNSW Engineering Carbon and Cost Library (ECCL) L5,,,
Australia,Surface and Underground Drainage,Gutters,Qmax 900,0.18,t/m,TfNSW Engineering Carbon and Cost Library (ECCL) L5,,,
Australia,Surface and Underground Drainage,Gutters,TD200,0.1,t/m,TfNSW Engineering Carbon and Cost Library (ECCL) L5,,,
Australia,Surface and Underground Drainage,Gutters,TD300,0.15,t/m,TfNSW Engineering Carbon and Cost Library (ECCL) L5,,,
Australia,Surface and Underground Drainage,Gutters,S100K,0.58,t/m,TfNSW Engineering Carbon and Cost Library (ECCL) L5,,,
Australia,Surface and Underground Drainage,Gutters,S200K,0.62,t/m,TfNSW Engineering Carbon and Cost Library (ECCL) L5,,,
Australia,Surface and Underground Drainage,Gutters,S300K,0.65,t/m,TfNSW Engineering Carbon and Cost Library (ECCL) L5,,,
Australia,Surface and Underground Drainage,Kerbs and Gutters,No Fines Concrete,2.37,t/m3,TfNSW Engineering Carbon and Cost Library (ECCL) L5,,,
Australia,Surface and Underground Drainage,Kerbs and Gutters,Geotextile,0,t/m2,TfNSW Engineering Carbon and Cost Library (ECCL) L5,,,
Australia,Surface and Underground Drainage,Kerb removal,Remove Type SA Kerb,-   ,t/m,TfNSW Engineering Carbon and Cost Library (ECCL) L5,,,
Australia,Surface and Underground Drainage,Kerb removal,Remove Type SB Kerb,-   ,t/m,TfNSW Engineering Carbon and Cost Library (ECCL) L5,,,
Australia,Surface and Underground Drainage,Kerb removal,Remove Type SE Kerb,-   ,t/m,TfNSW Engineering Carbon and Cost Library (ECCL) L5,,,
Australia,Surface and Underground Drainage,Kerb removal,Remove Type SF Kerb,-   ,t/m,TfNSW Engineering Carbon and Cost Library (ECCL) L5,,,
Australia,Surface and Underground Drainage,Kerb removal,Remove Type SFM Kerb,-   ,t/m,TfNSW Engineering Carbon and Cost Library (ECCL) L5,,,
Australia,Surface and Underground Drainage,Kerb removal,Remove Type SK Kerb,-   ,t/m,TfNSW Engineering Carbon and Cost Library (ECCL) L5,,,
Australia,Surface and Underground Drainage,Kerb removal,Remove Type SL Kerb,-   ,t/m,TfNSW Engineering Carbon and Cost Library (ECCL) L5,,,
Australia,Surface and Underground Drainage,Kerb removal,Remove Type SM Kerb,-   ,t/m,TfNSW Engineering Carbon and Cost Library (ECCL) L5,,,
Australia,Surface and Underground Drainage,Kerb removal,Remove Type SO Kerb,-   ,t/m,TfNSW Engineering Carbon and Cost Library (ECCL) L5,,,
Australia,Surface and Underground Drainage,Kerb removal,Remove Type SA to Type SF,-   ,t/m,TfNSW Engineering Carbon and Cost Library (ECCL) L5,,,
Australia,Surface and Underground Drainage,Kerb removal,Remove Type SA to Type SK,-   ,t/m,TfNSW Engineering Carbon and Cost Library (ECCL) L5,,,
Australia,Surface and Underground Drainage,Kerb removal,Remove Type SA to Type SM,-   ,t/m,TfNSW Engineering Carbon and Cost Library (ECCL) L5,,,
Australia,Surface and Underground Drainage,Kerb removal,Remove Type SA to Type SO,-   ,t/m,TfNSW Engineering Carbon and Cost Library (ECCL) L5,,,
Australia,Surface and Underground Drainage,Kerb removal,Remove Type SE to Type SK,-   ,t/m,TfNSW Engineering Carbon and Cost Library (ECCL) L5,,,
Australia,Surface and Underground Drainage,Kerb removal,Remove Type SE to Concrete Pavement,-   ,t/m,TfNSW Engineering Carbon and Cost Library (ECCL) L5,,,
Australia,Surface and Underground Drainage,Kerb removal,Remove Type SF to Type SM,-   ,t/m,TfNSW Engineering Carbon and Cost Library (ECCL) L5,,,
Australia,Surface and Underground Drainage,Crossing removal,Residential Vehicular Crossing,-   ,t/each,TfNSW Engineering Carbon and Cost Library (ECCL) L5,,,
Australia,Surface and Underground Drainage,Ramp Removal,Commercial Vehicular Crossing,-   ,t/each,TfNSW Engineering Carbon and Cost Library (ECCL) L5,,,
Australia,Surface and Underground Drainage,Ramp Removal,Kerb Ramps at Traffic Signal / Pedestrian Crossing - nominal 3.6m width (excluding wings),-   ,t/each,TfNSW Engineering Carbon and Cost Library (ECCL) L5,,,
Australia,Surface and Underground Drainage,Ramp Removal,Kerb Ramps - nominal 1.2m (excluding wings),-   ,t/each,TfNSW Engineering Carbon and Cost Library (ECCL) L5,,,
Australia,Surface and Underground Drainage,Ramp Removal,Kerb Ramps - nominal 2.4m width  (excluding wings),-   ,t/each,TfNSW Engineering Carbon and Cost Library (ECCL) L5,,,
Australia,Surface and Underground Drainage,Ramp Removal,Kerb Ramps - nominal 3.0m width (excluding wings),-   ,t/each,TfNSW Engineering Carbon and Cost Library (ECCL) L5,,,
Australia,Substructure and Pavements,Plastic Flexible Pipes,Excavation for Plastic Flexible Pipes,-   ,t/m3,TfNSW Engineering Carbon and Cost Library (ECCL) L5,,,
Australia,Substructure and Pavements,Plastic Flexible Pipes,Unsuitable Material (Item with provisional quantity),-   ,t/m3,TfNSW Engineering Carbon and Cost Library (ECCL) L5,,,
Australia,Substructure and Pavements,Plastic Flexible Pipes,100mm diameter,0.85,t/m,TfNSW Engineering Carbon and Cost Library (ECCL) L5,,,
Australia,Substructure and Pavements,Plastic Flexible Pipes,150mm diameter,1.04,t/m,TfNSW Engineering Carbon and Cost Library (ECCL) L5,,,
Australia,Substructure and Pavements,Plastic Flexible Pipes,200mm diameter,1.19,t/m,TfNSW Engineering Carbon and Cost Library (ECCL) L5,,,
Australia,Substructure and Pavements,Plastic Flexible Pipes,225mm diameter,1.25,t/m,TfNSW Engineering Carbon and Cost Library (ECCL) L5,,,
Australia,Substructure and Pavements,Plastic Flexible Pipes,300mm diameter,1.52,t/m,TfNSW Engineering Carbon and Cost Library (ECCL) L5,,,
Australia,Substructure and Pavements,Plastic Flexible Pipes,100mm diameter,0.85,t/m,TfNSW Engineering Carbon and Cost Library (ECCL) L5,,,
Australia,Substructure and Pavements,Plastic Flexible Pipes,150mm diameter,1.04,t/m,TfNSW Engineering Carbon and Cost Library (ECCL) L5,,,
Australia,Substructure and Pavements,Plastic Flexible Pipes,200mm diameter,1.19,t/m,TfNSW Engineering Carbon and Cost Library (ECCL) L5,,,
Australia,Substructure and Pavements,Plastic Flexible Pipes,225mm diameter,1.25,t/m,TfNSW Engineering Carbon and Cost Library (ECCL) L5,,,
Australia,Substructure and Pavements,Plastic Flexible Pipes,300mm diameter,1.52,t/m,TfNSW Engineering Carbon and Cost Library (ECCL) L5,,,
Australia,Substructure and Pavements,Plastic Flexible Pipes,100mm diameter,0.85,t/m,TfNSW Engineering Carbon and Cost Library (ECCL) L5,,,
Australia,Substructure and Pavements,Plastic Flexible Pipes,150mm diameter,1.04,t/m,TfNSW Engineering Carbon and Cost Library (ECCL) L5,,,
Australia,Substructure and Pavements,Plastic Flexible Pipes,200mm diameter,1.19,t/m,TfNSW Engineering Carbon and Cost Library (ECCL) L5,,,
Australia,Substructure and Pavements,Plastic Flexible Pipes,225mm diameter,1.25,t/m,TfNSW Engineering Carbon and Cost Library (ECCL) L5,,,
Australia,Substructure and Pavements,Plastic Flexible Pipes,300mm diameter,1.52,t/m,TfNSW Engineering Carbon and Cost Library (ECCL) L5,,,
Australia,Substructure and Pavements,Plastic Flexible Pipes,100mm diameter,0.85,t/m,TfNSW Engineering Carbon and Cost Library (ECCL) L5,,,
Australia,Substructure and Pavements,Plastic Flexible Pipes,150mm diameter,1.04,t/m,TfNSW Engineering Carbon and Cost Library (ECCL) L5,,,
Australia,Substructure and Pavements,Plastic Flexible Pipes,200mm diameter,1.19,t/m,TfNSW Engineering Carbon and Cost Library (ECCL) L5,,,
Australia,Substructure and Pavements,Plastic Flexible Pipes,300mm diameter,1.52,t/m,TfNSW Engineering Carbon and Cost Library (ECCL) L5,,,
Australia,Substructure and Pavements,Plastic Flexible Pipes,100mm diameter,0.85,t/m,TfNSW Engineering Carbon and Cost Library (ECCL) L5,,,
Australia,Substructure and Pavements,Plastic Flexible Pipes,150mm diameter,1.04,t/m,TfNSW Engineering Carbon and Cost Library (ECCL) L5,,,
Australia,Substructure and Pavements,Plastic Flexible Pipes,200mm diameter,1.19,t/m,TfNSW Engineering Carbon and Cost Library (ECCL) L5,,,
Australia,Substructure and Pavements,Plastic Flexible Pipes,225mm diameter,1.25,t/m,TfNSW Engineering Carbon and Cost Library (ECCL) L5,,,
Australia,Substructure and Pavements,Plastic Flexible Pipes,300mm diameter,1.52,t/m,TfNSW Engineering Carbon and Cost Library (ECCL) L5,,,
Australia,Substructure and Pavements,Plastic Flexible Pipes,375mm diameter,1.5,t/m,TfNSW Engineering Carbon and Cost Library (ECCL) L5,,,
Australia,Substructure and Pavements,Plastic Flexible Pipes,450mm diameter,1.72,t/m,TfNSW Engineering Carbon and Cost Library (ECCL) L5,,,
Australia,Substructure and Pavements,Plastic Flexible Pipes,500mm diameter,1.87,t/m,TfNSW Engineering Carbon and Cost Library (ECCL) L5,,,
Australia,Substructure and Pavements,Plastic Flexible Pipes,560mm diameter,2.05,t/m,TfNSW Engineering Carbon and Cost Library (ECCL) L5,,,
Australia,Substructure and Pavements,Plastic Flexible Pipes,630mm diameter,2.27,t/m,TfNSW Engineering Carbon and Cost Library (ECCL) L5,,,
Australia,Substructure and Pavements,Plastic Flexible Pipes,710mm diameter,2.53,t/m,TfNSW Engineering Carbon and Cost Library (ECCL) L5,,,
Australia,Substructure and Pavements,Plastic Flexible Pipes,800mm diameter,2.83,t/m,TfNSW Engineering Carbon and Cost Library (ECCL) L5,,,
Australia,Substructure and Pavements,Plastic Flexible Pipes,900mm diameter,3.18,t/m,TfNSW Engineering Carbon and Cost Library (ECCL) L5,,,
Australia,Surface and Underground Drainage,Vertical Wick Drains,Vertical Wick Drains,#DIV/0! ,t/,TfNSW Engineering Carbon and Cost Library (ECCL) L5,,,
Australia,Surface and Underground Drainage,Vertical Wick Drains,Drainage Blanket for Wick Drains Working Platform,2.3,t/m3,TfNSW Engineering Carbon and Cost Library (ECCL) L5,,,
Australia,Surface and Underground Drainage,Trench Drains,Excavation,-   ,t/m3,TfNSW Engineering Carbon and Cost Library (ECCL) L5,,,
Australia,Surface and Underground Drainage,Trench Drains,100 mm dia Corrugated Perforated Plastic Drainage Pipe,0,t/m,TfNSW Engineering Carbon and Cost Library (ECCL) L5,,,
Australia,Surface and Underground Drainage,Trench Drains,100 mm dia Corrugated Non-perforated Plastic Drainage Pipe,0,t/m,TfNSW Engineering Carbon and Cost Library (ECCL) L5,,,
Australia,Surface and Underground Drainage,Trench Drains,20mm thick - 100mm height,0,t/m,TfNSW Engineering Carbon and Cost Library (ECCL) L5,,,
Australia,Surface and Underground Drainage,Trench Drains,20mm thick - 150mm height,0,t/m,TfNSW Engineering Carbon and Cost Library (ECCL) L5,,,
Australia,Surface and Underground Drainage,Trench Drains,20mm thick - 200mm height,0,t/m,TfNSW Engineering Carbon and Cost Library (ECCL) L5,,,
Australia,Surface and Underground Drainage,Trench Drains,20mm thick - 300mm height,0,t/m,TfNSW Engineering Carbon and Cost Library (ECCL) L5,,,
Australia,Surface and Underground Drainage,Trench Drains,40mm thick - 100mm height,0,t/m,TfNSW Engineering Carbon and Cost Library (ECCL) L5,,,
Australia,Surface and Underground Drainage,Trench Drains,40mm thick - 150mm height,0,t/m,TfNSW Engineering Carbon and Cost Library (ECCL) L5,,,
Australia,Surface and Underground Drainage,Trench Drains,40mm thick - 200mm height,0,t/m,TfNSW Engineering Carbon and Cost Library (ECCL) L5,,,
Australia,Surface and Underground Drainage,Trench Drains,40mm thick - 300mm height,0,t/m,TfNSW Engineering Carbon and Cost Library (ECCL) L5,,,
Australia,Surface and Underground Drainage,Trench Drains,40mm thick - 450mm height,0,t/m,TfNSW Engineering Carbon and Cost Library (ECCL) L5,,,
Australia,Surface and Underground Drainage,Trench Drains,40mm thick - 500mm height,0,t/m,TfNSW Engineering Carbon and Cost Library (ECCL) L5,,,
Australia,Surface and Underground Drainage,Trench Drains,20mm thick - 100mm height,0,t/m,TfNSW Engineering Carbon and Cost Library (ECCL) L5,,,
Australia,Surface and Underground Drainage,Trench Drains,20mm thick - 150mm height,0,t/m,TfNSW Engineering Carbon and Cost Library (ECCL) L5,,,
Australia,Surface and Underground Drainage,Trench Drains,20mm thick - 200mm height,0,t/m,TfNSW Engineering Carbon and Cost Library (ECCL) L5,,,
Australia,Surface and Underground Drainage,Trench Drains,20mm thick - 300mm height,0,t/m,TfNSW Engineering Carbon and Cost Library (ECCL) L5,,,
Australia,Surface and Underground Drainage,Trench Drains,40mm thick - 100mm height,0,t/m,TfNSW Engineering Carbon and Cost Library (ECCL) L5,,,
Australia,Surface and Underground Drainage,Trench Drains,40mm thick - 150mm height,0,t/m,TfNSW Engineering Carbon and Cost Library (ECCL) L5,,,
Australia,Surface and Underground Drainage,Trench Drains,40mm thick - 200mm height,0,t/m,TfNSW Engineering Carbon and Cost Library (ECCL) L5,,,
Australia,Surface and Underground Drainage,Trench Drains,40mm thick - 300mm height,0,t/m,TfNSW Engineering Carbon and Cost Library (ECCL) L5,,,
Australia,Surface and Underground Drainage,Trench Drains,40mm thick - 450mm height,0,t/m,TfNSW Engineering Carbon and Cost Library (ECCL) L5,,,
Australia,Surface and Underground Drainage,Trench Drains,40mm thick - 500mm height,0,t/m,TfNSW Engineering Carbon and Cost Library (ECCL) L5,,,
Australia,Surface and Underground Drainage,Trench Drains,Aggregate Filter Material,4.18,t/m3,TfNSW Engineering Carbon and Cost Library (ECCL) L5,,,
Australia,Surface and Underground Drainage,Trench Drains,No Fines Concrete,2.37,t/m3,TfNSW Engineering Carbon and Cost Library (ECCL) L5,,,
Australia,Surface and Underground Drainage,Trench Drains,Supply and Installation of Geotextile,0,t/m2,TfNSW Engineering Carbon and Cost Library (ECCL) L5,,,
Australia,Surface and Underground Drainage,Trench Drains,Selected Fill Material for Plug,2.3,t/m3,TfNSW Engineering Carbon and Cost Library (ECCL) L5,,,
Australia,Surface and Underground Drainage,Trench Drains,Selected Material at Batter Outlets,2.3,t/m3,TfNSW Engineering Carbon and Cost Library (ECCL) L5,,,
Australia,Surface and Underground Drainage,Trench Drains,Steep Batter Outlet,0.09,t/each,TfNSW Engineering Carbon and Cost Library (ECCL) L5,,,
Australia,Surface and Underground Drainage,Trench Drains,Flat Batter Outlet,0.09,t/each,TfNSW Engineering Carbon and Cost Library (ECCL) L5,,,
Australia,Surface and Underground Drainage,Intra-Pavement Drains,Excavation,-   ,t/m3,TfNSW Engineering Carbon and Cost Library (ECCL) L5,,,
Australia,Surface and Underground Drainage,Intra-Pavement Drains,100 mm Slotted Fibre-reinforced Concrete Pipe,0,t/m,TfNSW Engineering Carbon and Cost Library (ECCL) L5,,,
Australia,Surface and Underground Drainage,Intra-Pavement Drains,100 mm Unslotted Fibre-reinforced Concrete Pipe,0,t/m,TfNSW Engineering Carbon and Cost Library (ECCL) L5,,,
Australia,Surface and Underground Drainage,Intra-Pavement Drains,Filter Material - No Fines Concrete,2.37,t/m3,TfNSW Engineering Carbon and Cost Library (ECCL) L5,,,
Australia,Surface and Underground Drainage,Intra-Pavement Drains,Supply and Installation of Geotextile,0,t/m2,TfNSW Engineering Carbon and Cost Library (ECCL) L5,,,
Australia,Surface and Underground Drainage,Intra-Pavement Drains,Selected Material Backfill at Batter Outlets,2.37,t/m3,TfNSW Engineering Carbon and Cost Library (ECCL) L5,,,
Australia,Surface and Underground Drainage,Intra-Pavement Drains,Steep Batter Outlet,0.09,t/each,TfNSW Engineering Carbon and Cost Library (ECCL) L5,,,
Australia,Surface and Underground Drainage,Intra-Pavement Drains,Flat Batter Outlet,0.09,t/each,TfNSW Engineering Carbon and Cost Library (ECCL) L5,,,
Australia,Surface and Underground Drainage,Edge Drains,Excavation,-   ,t/m3,TfNSW Engineering Carbon and Cost Library (ECCL) L5,,,
Australia,Surface and Underground Drainage,Edge Drains,65 mm dia Corrugated Perforated Plastic Drainage Pipe,0,t/m,TfNSW Engineering Carbon and Cost Library (ECCL) L5,,,
Australia,Surface and Underground Drainage,Edge Drains,65 mm dia Corrugated Non-perforated Plastic Drainage Pipe,0,t/m,TfNSW Engineering Carbon and Cost Library (ECCL) L5,,,
Australia,Surface and Underground Drainage,Edge Drains,Perforated Rigid Strip Filter Drains,0,t/m,TfNSW Engineering Carbon and Cost Library (ECCL) L5,,,
Australia,Surface and Underground Drainage,Edge Drains,Non-perforated Rigid Strip Filter Drains,0,t/m,TfNSW Engineering Carbon and Cost Library (ECCL) L5,,,
Australia,Surface and Underground Drainage,Edge Drains,Filter Material - No Fines Concrete,2.37,t/m3,TfNSW Engineering Carbon and Cost Library (ECCL) L5,,,
Australia,Surface and Underground Drainage,Edge Drains,Supply and Installation of Geotextile,0,t/m2,TfNSW Engineering Carbon and Cost Library (ECCL) L5,,,
Australia,Surface and Underground Drainage,Edge Drains,Selected Material Backfill at Outlets,2.3,t/m3,TfNSW Engineering Carbon and Cost Library (ECCL) L5,,,
Australia,Surface and Underground Drainage,Edge Drains,Steep Batter Outlet,0.09,t/each,TfNSW Engineering Carbon and Cost Library (ECCL) L5,,,
Australia,Surface and Underground Drainage,Edge Drains,Flat Batter Outlet,0.09,t/each,TfNSW Engineering Carbon and Cost Library (ECCL) L5,,,
Australia,Substructure and Pavements,Earthworks,Removal and Stockpiling of Non-contaminated Topsoil (Stockpile Volumes),-   ,t/m3,TfNSW Engineering Carbon and Cost Library (ECCL) L5,,,
Australia,Substructure and Pavements,Earthworks,Removal and Disposal Off Site of Topsoil (Bank Volume),-   ,t/m3,TfNSW Engineering Carbon and Cost Library (ECCL) L5,,,
Australia,Substructure and Pavements,Earthworks,"Cut, load and haul to fill area",-   ,t/m3,TfNSW Engineering Carbon and Cost Library (ECCL) L5,,,
Australia,Substructure and Pavements,Earthworks,"Cut, load and haul to stockpile area",-   ,t/m3,TfNSW Engineering Carbon and Cost Library (ECCL) L5,,,
Australia,Substructure and Pavements,Earthworks,Cut and load only (disposal directly offsite),-   ,t/m3,TfNSW Engineering Carbon and Cost Library (ECCL) L5,,,
Australia,Substructure and Pavements,Earthworks,Spread and compact,-   ,t/m3,TfNSW Engineering Carbon and Cost Library (ECCL) L5,,,
Australia,Substructure and Pavements,Earthworks,"Load and Haul from stockpile, spread and compact",-   ,t/m3,TfNSW Engineering Carbon and Cost Library (ECCL) L5,,,
Australia,Substructure and Pavements,Earthworks,Imported material from offsite,2.53,t/m3,TfNSW Engineering Carbon and Cost Library (ECCL) L5,,,
Australia,Substructure and Pavements,Earthworks,Borrowed material from site,-   ,t/m3,TfNSW Engineering Carbon and Cost Library (ECCL) L5,,,
Australia,Substructure and Pavements,Earthworks,Unsuitable Material (Item with provisional quantity),-   ,t/m3,TfNSW Engineering Carbon and Cost Library (ECCL) L5,,,
Australia,Substructure and Pavements,Earthworks,Selected Material Zone – Site Won Material,-   ,t/m3,TfNSW Engineering Carbon and Cost Library (ECCL) L5,,,
Australia,Substructure and Pavements,Earthworks,Selected Material Zone – Imported Material,2.53,t/m3,TfNSW Engineering Carbon and Cost Library (ECCL) L5,,,
Australia,Substructure and Pavements,Earthworks,Verge – Site Won Material,-   ,t/m3,TfNSW Engineering Carbon and Cost Library (ECCL) L5,,,
Australia,Substructure and Pavements,Earthworks,Verge – Imported Material,2.53,t/m3,TfNSW Engineering Carbon and Cost Library (ECCL) L5,,,
Australia,Substructure and Pavements,Earthworks,Disposal Off Site of Non-contaminated Spoil (other than Topsoil),-   ,t/m3,TfNSW Engineering Carbon and Cost Library (ECCL) L5,,,
Australia,Substructure and Pavements,Earthworks,Treatment Type E1 – Loosen and Recompact,-   ,t/m2,TfNSW Engineering Carbon and Cost Library (ECCL) L5,,,
Australia,Substructure and Pavements,Earthworks,Treatment Type C1 – Loosen and Recompact,-   ,t/m2,TfNSW Engineering Carbon and Cost Library (ECCL) L5,,,
Australia,Substructure and Pavements,Earthworks,Treatment Type E2 – Bridging Layer – Site Won Material,-   ,t/m3,TfNSW Engineering Carbon and Cost Library (ECCL) L5,,,
Australia,Substructure and Pavements,Earthworks,Treatment Type E2 – Bridging Layer – Imported Material,1.98,t/m3,TfNSW Engineering Carbon and Cost Library (ECCL) L5,,,
Australia,Substructure and Pavements,Earthworks,Treatment Type C2 – Backfill – Site Won Material,-   ,t/m3,TfNSW Engineering Carbon and Cost Library (ECCL) L5,,,
Australia,Substructure and Pavements,Earthworks,Treatment Type C2 – Backfill – Imported Material,2.53,t/m3,TfNSW Engineering Carbon and Cost Library (ECCL) L5,,,
Australia,Substructure and Pavements,Earthworks,Geotextile,0,t/m2,TfNSW Engineering Carbon and Cost Library (ECCL) L5,,,
Australia,Substructure and Pavements,Earthworks,Geogrid,0,t/m2,TfNSW Engineering Carbon and Cost Library (ECCL) L5,,,
Australia,Substructure and Pavements,Earthworks,Treatment Type E5 – Drainage Layer – Site Won Material,-   ,t/m3,TfNSW Engineering Carbon and Cost Library (ECCL) L5,,,
Australia,Substructure and Pavements,Earthworks,Treatment Type E5 – Drainage Layer – Imported Material,1.98,t/m3,TfNSW Engineering Carbon and Cost Library (ECCL) L5,,,
Australia,Substructure and Pavements,Earthworks,Treatment Type C5 – Drainage Layer – Site Won Material,-   ,t/m3,TfNSW Engineering Carbon and Cost Library (ECCL) L5,,,
Australia,Substructure and Pavements,Earthworks,Asphalt Open Graded AC14,1,t/t,TfNSW Engineering Carbon and Cost Library (ECCL) L5,,,
Australia,Substructure and Pavements,Earthworks,Granular Material,1.88,t/m3,TfNSW Engineering Carbon and Cost Library (ECCL) L5,,,
Australia,Substructure and Pavements,Earthworks,Treatment Type E6 – Earth Fill Foundation Treatment Layer,-   ,t/m3,TfNSW Engineering Carbon and Cost Library (ECCL) L5,,,
Australia,Substructure and Pavements,Earthworks,Material Classified as Special Waste,-   ,t/t,TfNSW Engineering Carbon and Cost Library (ECCL) L5,,,
Australia,Substructure and Pavements,Earthworks,Material Classified as Hazardous Waste,-   ,t/t,TfNSW Engineering Carbon and Cost Library (ECCL) L5,,,
Australia,Substructure and Pavements,Earthworks,Material Classified as Restricted Solid Waste,-   ,t/t,TfNSW Engineering Carbon and Cost Library (ECCL) L5,,,
Australia,External and Ancillary Works,Construction of Verges,Haul and Place Verge Material from Stockpiles,-   ,t/m3,TfNSW Engineering Carbon and Cost Library (ECCL) L5,,,
Australia,Substructure and Pavements,Stabilisation of Earthworks,Quicklime,1,t/t,TfNSW Engineering Carbon and Cost Library (ECCL) L5,,,
Australia,Substructure and Pavements,Stabilisation of Earthworks,Hydrated Lime,1,t/t,TfNSW Engineering Carbon and Cost Library (ECCL) L5,,,
Australia,Substructure and Pavements,Stabilisation of Earthworks,Slag/Lime blend,1,t/t,TfNSW Engineering Carbon and Cost Library (ECCL) L5,,,
Australia,Substructure and Pavements,Stabilisation of Earthworks,Cement,1,t/t,TfNSW Engineering Carbon and Cost Library (ECCL) L5,,,
Australia,Substructure and Pavements,Stabilisation of Earthworks,Quicklime,-   ,t/m3,TfNSW Engineering Carbon and Cost Library (ECCL) L5,,,
Australia,Substructure and Pavements,Stabilisation of Earthworks,Hydrated Lime,-   ,t/m3,TfNSW Engineering Carbon and Cost Library (ECCL) L5,,,
Australia,Substructure and Pavements,Stabilisation of Earthworks,Slag/Lime Blend,-   ,t/m3,TfNSW Engineering Carbon and Cost Library (ECCL) L5,,,
Australia,Substructure and Pavements,Stabilisation of Earthworks,Cement,-   ,t/m3,TfNSW Engineering Carbon and Cost Library (ECCL) L5,,,
Australia,Substructure and Pavements,Stabilisation of Earthworks,Quicklime,-   ,t/m3,TfNSW Engineering Carbon and Cost Library (ECCL) L5,,,
Australia,Substructure and Pavements,Stabilisation of Earthworks,Hydrated Lime,-   ,t/m3,TfNSW Engineering Carbon and Cost Library (ECCL) L5,,,
Australia,Substructure and Pavements,Stabilisation of Earthworks,Slag/Lime Blend,-   ,t/m3,TfNSW Engineering Carbon and Cost Library (ECCL) L5,,,
Australia,Substructure and Pavements,Stabilisation of Earthworks,Cement,-   ,t/m3,TfNSW Engineering Carbon and Cost Library (ECCL) L5,,,
Australia,Substructure and Pavements,General Concrete Paving,N25 Concrete 100mm thick reinforced with SL72,0.27,t/m2,TfNSW Engineering Carbon and Cost Library (ECCL) L5,,,
Australia,Substructure and Pavements,General Concrete Paving,N25 Concrete 125mm thick reinforced with SL72,0.33,t/m2,TfNSW Engineering Carbon and Cost Library (ECCL) L5,,,
Australia,Substructure and Pavements,General Concrete Paving,N25 Concrete 150mm thick reinforced with SL72,0.39,t/m2,TfNSW Engineering Carbon and Cost Library (ECCL) L5,,,
Australia,Substructure and Pavements,General Concrete Paving,N25 Concrete 100mm thick reinforced with SL82,0.27,t/m2,TfNSW Engineering Carbon and Cost Library (ECCL) L5,,,
Australia,Substructure and Pavements,General Concrete Paving,N25 Concrete 125mm thick reinforced with SL82,0.33,t/m2,TfNSW Engineering Carbon and Cost Library (ECCL) L5,,,
Australia,Substructure and Pavements,General Concrete Paving,N25 Concrete 150mm thick reinforced with SL82,0.39,t/m2,TfNSW Engineering Carbon and Cost Library (ECCL) L5,,,
Australia,Substructure and Pavements,General Concrete Paving,N32 Concrete 100mm thick reinforced with SL72,0.26,t/m2,TfNSW Engineering Carbon and Cost Library (ECCL) L5,,,
Australia,Substructure and Pavements,General Concrete Paving,N32 Concrete 125mm thick reinforced with SL72,0.33,t/m2,TfNSW Engineering Carbon and Cost Library (ECCL) L5,,,
Australia,Substructure and Pavements,General Concrete Paving,N32 Concrete 150mm thick reinforced with SL72,0.39,t/m2,TfNSW Engineering Carbon and Cost Library (ECCL) L5,,,
Australia,Substructure and Pavements,General Concrete Paving,N32 Concrete 100mm thick reinforced with SL82,0.27,t/m2,TfNSW Engineering Carbon and Cost Library (ECCL) L5,,,
Australia,Substructure and Pavements,General Concrete Paving,N32 Concrete 125mm thick reinforced with SL82,0.33,t/m2,TfNSW Engineering Carbon and Cost Library (ECCL) L5,,,
Australia,Substructure and Pavements,General Concrete Paving,N32 Concrete 150mm thick reinforced with SL82,0.39,t/m2,TfNSW Engineering Carbon and Cost Library (ECCL) L5,,,
Australia,Substructure and Pavements,General Concrete Paving,N25 Concrete 100mm thick reinforced with SL72,0.27,t/m2,TfNSW Engineering Carbon and Cost Library (ECCL) L5,,,
Australia,Substructure and Pavements,General Concrete Paving,N25 Concrete 125mm thick reinforced with SL72,0.33,t/m2,TfNSW Engineering Carbon and Cost Library (ECCL) L5,,,
Australia,Substructure and Pavements,General Concrete Paving,N25 Concrete 150mm thick reinforced with SL72,0.39,t/m2,TfNSW Engineering Carbon and Cost Library (ECCL) L5,,,
Australia,Substructure and Pavements,General Concrete Paving,N25 Concrete 100mm thick reinforced with SL82,0.27,t/m2,TfNSW Engineering Carbon and Cost Library (ECCL) L5,,,
Australia,Substructure and Pavements,General Concrete Paving,N25 Concrete 125mm thick reinforced with SL82,0.33,t/m2,TfNSW Engineering Carbon and Cost Library (ECCL) L5,,,
Australia,Substructure and Pavements,General Concrete Paving,N25 Concrete 150mm thick reinforced with SL82,0.39,t/m2,TfNSW Engineering Carbon and Cost Library (ECCL) L5,,,
Australia,Substructure and Pavements,General Concrete Paving,N32 Concrete 100mm thick reinforced with SL72,0.26,t/m2,TfNSW Engineering Carbon and Cost Library (ECCL) L5,,,
Australia,Substructure and Pavements,General Concrete Paving,N32 Concrete 125mm thick reinforced with SL72,0.33,t/m2,TfNSW Engineering Carbon and Cost Library (ECCL) L5,,,
Australia,Substructure and Pavements,General Concrete Paving,N32 Concrete 150mm thick reinforced with SL72,0.39,t/m2,TfNSW Engineering Carbon and Cost Library (ECCL) L5,,,
Australia,Substructure and Pavements,General Concrete Paving,N32 Concrete 100mm thick reinforced with SL82,0.27,t/m2,TfNSW Engineering Carbon and Cost Library (ECCL) L5,,,
Australia,Substructure and Pavements,General Concrete Paving,N32 Concrete 125mm thick reinforced with SL82,0.33,t/m2,TfNSW Engineering Carbon and Cost Library (ECCL) L5,,,
Australia,Substructure and Pavements,General Concrete Paving,N32 Concrete 150mm thick reinforced with SL82,0.39,t/m2,TfNSW Engineering Carbon and Cost Library (ECCL) L5,,,
Australia,Substructure and Pavements,General Concrete Paving,N25 Concrete 100mm thick reinforced with SL72,0.27,t/m2,TfNSW Engineering Carbon and Cost Library (ECCL) L5,,,
Australia,Substructure and Pavements,General Concrete Paving,N25 Concrete 125mm thick reinforced with SL72,0.33,t/m2,TfNSW Engineering Carbon and Cost Library (ECCL) L5,,,
Australia,Substructure and Pavements,General Concrete Paving,N25 Concrete 150mm thick reinforced with SL72,0.39,t/m2,TfNSW Engineering Carbon and Cost Library (ECCL) L5,,,
Australia,Substructure and Pavements,General Concrete Paving,N25 Concrete 100mm thick reinforced with SL82,0.27,t/m2,TfNSW Engineering Carbon and Cost Library (ECCL) L5,,,
Australia,Substructure and Pavements,General Concrete Paving,N25 Concrete 125mm thick reinforced with SL82,0.33,t/m2,TfNSW Engineering Carbon and Cost Library (ECCL) L5,,,
Australia,Substructure and Pavements,General Concrete Paving,N25 Concrete 150mm thick reinforced with SL82,0.39,t/m2,TfNSW Engineering Carbon and Cost Library (ECCL) L5,,,
Australia,Substructure and Pavements,General Concrete Paving,N32 Concrete 100mm thick reinforced with SL72,0.26,t/m2,TfNSW Engineering Carbon and Cost Library (ECCL) L5,,,
Australia,Substructure and Pavements,General Concrete Paving,N32 Concrete 125mm thick reinforced with SL72,0.33,t/m2,TfNSW Engineering Carbon and Cost Library (ECCL) L5,,,
Australia,Substructure and Pavements,General Concrete Paving,N32 Concrete 150mm thick reinforced with SL72,0.39,t/m2,TfNSW Engineering Carbon and Cost Library (ECCL) L5,,,
Australia,Substructure and Pavements,General Concrete Paving,N32 Concrete 100mm thick reinforced with SL82,0.27,t/m2,TfNSW Engineering Carbon and Cost Library (ECCL) L5,,,
Australia,Substructure and Pavements,General Concrete Paving,N32 Concrete 125mm thick reinforced with SL82,0.33,t/m2,TfNSW Engineering Carbon and Cost Library (ECCL) L5,,,
Australia,Substructure and Pavements,General Concrete Paving,N32 Concrete 150mm thick reinforced with SL82,0.39,t/m2,TfNSW Engineering Carbon and Cost Library (ECCL) L5,,,
Australia,Substructure and Pavements,General Concrete Paving,N25 Concrete 100mm thick reinforced with SL72,0.27,t/m2,TfNSW Engineering Carbon and Cost Library (ECCL) L5,,,
Australia,Substructure and Pavements,General Concrete Paving,N25 Concrete 125mm thick reinforced with SL72,0.33,t/m2,TfNSW Engineering Carbon and Cost Library (ECCL) L5,,,
Australia,Substructure and Pavements,General Concrete Paving,N25 Concrete 150mm thick reinforced with SL72,0.39,t/m2,TfNSW Engineering Carbon and Cost Library (ECCL) L5,,,
Australia,Substructure and Pavements,General Concrete Paving,N25 Concrete 100mm thick reinforced with SL82,0.27,t/m2,TfNSW Engineering Carbon and Cost Library (ECCL) L5,,,
Australia,Substructure and Pavements,General Concrete Paving,N25 Concrete 125mm thick reinforced with SL82,0.33,t/m2,TfNSW Engineering Carbon and Cost Library (ECCL) L5,,,
Australia,Substructure and Pavements,General Concrete Paving,N25 Concrete 150mm thick reinforced with SL82,0.39,t/m2,TfNSW Engineering Carbon and Cost Library (ECCL) L5,,,
Australia,Substructure and Pavements,General Concrete Paving,N32 Concrete 100mm thick reinforced with SL72,0.26,t/m2,TfNSW Engineering Carbon and Cost Library (ECCL) L5,,,
Australia,Substructure and Pavements,General Concrete Paving,N32 Concrete 125mm thick reinforced with SL72,0.33,t/m2,TfNSW Engineering Carbon and Cost Library (ECCL) L5,,,
Australia,Substructure and Pavements,General Concrete Paving,N32 Concrete 150mm thick reinforced with SL72,0.39,t/m2,TfNSW Engineering Carbon and Cost Library (ECCL) L5,,,
Australia,Substructure and Pavements,General Concrete Paving,N32 Concrete 100mm thick reinforced with SL82,0.27,t/m2,TfNSW Engineering Carbon and Cost Library (ECCL) L5,,,
Australia,Substructure and Pavements,General Concrete Paving,N32 Concrete 125mm thick reinforced with SL82,0.33,t/m2,TfNSW Engineering Carbon and Cost Library (ECCL) L5,,,
Australia,Substructure and Pavements,General Concrete Paving,N32 Concrete 150mm thick reinforced with SL82,0.39,t/m2,TfNSW Engineering Carbon and Cost Library (ECCL) L5,,,
Australia,Substructure and Pavements,General Concrete Paving,N25 Concrete 100mm thick reinforced with SL72,0.27,t/m2,TfNSW Engineering Carbon and Cost Library (ECCL) L5,,,
Australia,Substructure and Pavements,General Concrete Paving,N25 Concrete 125mm thick reinforced with SL72,0.33,t/m2,TfNSW Engineering Carbon and Cost Library (ECCL) L5,,,
Australia,Substructure and Pavements,General Concrete Paving,N25 Concrete 150mm thick reinforced with SL72,0.39,t/m2,TfNSW Engineering Carbon and Cost Library (ECCL) L5,,,
Australia,Substructure and Pavements,General Concrete Paving,N25 Concrete 100mm thick reinforced with SL82,0.27,t/m2,TfNSW Engineering Carbon and Cost Library (ECCL) L5,,,
Australia,Substructure and Pavements,General Concrete Paving,N25 Concrete 125mm thick reinforced with SL82,0.33,t/m2,TfNSW Engineering Carbon and Cost Library (ECCL) L5,,,
Australia,Substructure and Pavements,General Concrete Paving,N25 Concrete 150mm thick reinforced with SL82,0.39,t/m2,TfNSW Engineering Carbon and Cost Library (ECCL) L5,,,
Australia,Substructure and Pavements,General Concrete Paving,N32 Concrete 100mm thick reinforced with SL72,0.26,t/m2,TfNSW Engineering Carbon and Cost Library (ECCL) L5,,,
Australia,Substructure and Pavements,General Concrete Paving,N32 Concrete 125mm thick reinforced with SL72,0.33,t/m2,TfNSW Engineering Carbon and Cost Library (ECCL) L5,,,
Australia,Substructure and Pavements,General Concrete Paving,N32 Concrete 150mm thick reinforced with SL72,0.39,t/m2,TfNSW Engineering Carbon and Cost Library (ECCL) L5,,,
Australia,Substructure and Pavements,General Concrete Paving,N32 Concrete 100mm thick reinforced with SL82,0.27,t/m2,TfNSW Engineering Carbon and Cost Library (ECCL) L5,,,
Australia,Substructure and Pavements,General Concrete Paving,N32 Concrete 125mm thick reinforced with SL82,0.33,t/m2,TfNSW Engineering Carbon and Cost Library (ECCL) L5,,,
Australia,Substructure and Pavements,General Concrete Paving,N32 Concrete 150mm thick reinforced with SL82,0.39,t/m2,TfNSW Engineering Carbon and Cost Library (ECCL) L5,,,
Australia,Substructure and Pavements,General Concrete Paving,N25 Concrete 100mm thick reinforced with SL72,0.27,t/m2,TfNSW Engineering Carbon and Cost Library (ECCL) L5,,,
Australia,Substructure and Pavements,General Concrete Paving,N25 Concrete 125mm thick reinforced with SL72,0.33,t/m2,TfNSW Engineering Carbon and Cost Library (ECCL) L5,,,
Australia,Substructure and Pavements,General Concrete Paving,N25 Concrete 150mm thick reinforced with SL72,0.39,t/m2,TfNSW Engineering Carbon and Cost Library (ECCL) L5,,,
Australia,Substructure and Pavements,General Concrete Paving,N25 Concrete 100mm thick reinforced with SL82,0.27,t/m2,TfNSW Engineering Carbon and Cost Library (ECCL) L5,,,
Australia,Substructure and Pavements,General Concrete Paving,N25 Concrete 125mm thick reinforced with SL82,0.33,t/m2,TfNSW Engineering Carbon and Cost Library (ECCL) L5,,,
Australia,Substructure and Pavements,General Concrete Paving,N25 Concrete 150mm thick reinforced with SL82,0.39,t/m2,TfNSW Engineering Carbon and Cost Library (ECCL) L5,,,
Australia,Substructure and Pavements,General Concrete Paving,N32 Concrete 100mm thick reinforced with SL72,0.26,t/m2,TfNSW Engineering Carbon and Cost Library (ECCL) L5,,,
Australia,Substructure and Pavements,General Concrete Paving,N32 Concrete 125mm thick reinforced with SL72,0.33,t/m2,TfNSW Engineering Carbon and Cost Library (ECCL) L5,,,
Australia,Substructure and Pavements,General Concrete Paving,N32 Concrete 150mm thick reinforced with SL72,0.39,t/m2,TfNSW Engineering Carbon and Cost Library (ECCL) L5,,,
Australia,Substructure and Pavements,General Concrete Paving,N32 Concrete 100mm thick reinforced with SL82,0.27,t/m2,TfNSW Engineering Carbon and Cost Library (ECCL) L5,,,
Australia,Substructure and Pavements,General Concrete Paving,N32 Concrete 125mm thick reinforced with SL82,0.33,t/m2,TfNSW Engineering Carbon and Cost Library (ECCL) L5,,,
Australia,Substructure and Pavements,General Concrete Paving,N32 Concrete 150mm thick reinforced with SL82,0.39,t/m2,TfNSW Engineering Carbon and Cost Library (ECCL) L5,,,
Australia,Substructure and Pavements,General Concrete Paving,Subbase Layer,2.3,t/m3,TfNSW Engineering Carbon and Cost Library (ECCL) L5,,,
Australia,Substructure and Pavements,General Concrete Paving,Tactile Indicators,0.03,t/m2,TfNSW Engineering Carbon and Cost Library (ECCL) L5,,,
Australia,Substructure and Pavements,Rock Filled Gabions and Mattresses,Galvanised wire mesh gabions,1.71,t/m3,TfNSW Engineering Carbon and Cost Library (ECCL) L5,,,
Australia,Substructure and Pavements,Rock Filled Gabions and Mattresses,PVC Coated Galvanised wire mesh gabions,1.71,t/m3,TfNSW Engineering Carbon and Cost Library (ECCL) L5,,,
Australia,Substructure and Pavements,Rock Filled Gabions and Mattresses,170mm thickness,0.29,t/m2,TfNSW Engineering Carbon and Cost Library (ECCL) L5,,,
Australia,Substructure and Pavements,Rock Filled Gabions and Mattresses,230mm thickness,0.39,t/m2,TfNSW Engineering Carbon and Cost Library (ECCL) L5,,,
Australia,Substructure and Pavements,Rock Filled Gabions and Mattresses,300mm thickness,0.51,t/m2,TfNSW Engineering Carbon and Cost Library (ECCL) L5,,,
Australia,Substructure and Pavements,Rock Filled Gabions and Mattresses,170mm thickness,0.29,t/m2,TfNSW Engineering Carbon and Cost Library (ECCL) L5,,,
Australia,Substructure and Pavements,Rock Filled Gabions and Mattresses,230mm thickness,0.39,t/m2,TfNSW Engineering Carbon and Cost Library (ECCL) L5,,,
Australia,Substructure and Pavements,Rock Filled Gabions and Mattresses,300mm thickness,0.51,t/m2,TfNSW Engineering Carbon and Cost Library (ECCL) L5,,,
Australia,Substructure and Pavements,Rock Filled Gabions and Mattresses,Galvanised Wire Terramesh,1.7,t/m2,TfNSW Engineering Carbon and Cost Library (ECCL) L5,,,
Australia,Substructure and Pavements,Rock Filled Gabions and Mattresses,PVC Coated Galvanised wire Terramesh,2.27,t/m2,TfNSW Engineering Carbon and Cost Library (ECCL) L5,,,
Australia,Substructure and Pavements,Rock Filled Gabions and Mattresses,Select Backfill for Terramesh Panels,2.24,t/m3,TfNSW Engineering Carbon and Cost Library (ECCL) L5,,,
Australia,Substructure and Pavements,Rock Filled Gabions and Mattresses,Excavation for Gabions,-   ,t/m3,TfNSW Engineering Carbon and Cost Library (ECCL) L5,,,
Australia,Substructure and Pavements,Rock Filled Gabions and Mattresses,Excavation for Mattresses,-   ,t/m3,TfNSW Engineering Carbon and Cost Library (ECCL) L5,,,
Australia,Structure,Construction of Reinforced Soil Walls (contractor’s design),Supply of Components,0.36,t/m2,TfNSW Engineering Carbon and Cost Library (ECCL) L5,,,
Australia,Structure,Construction of Reinforced Soil Walls (contractor’s design),Preparation of Foundation,-   ,t/m2,TfNSW Engineering Carbon and Cost Library (ECCL) L5,,,
Australia,Structure,Construction of Reinforced Soil Walls (contractor’s design),Base/Concrete Strip Footings,0.36,t/m,TfNSW Engineering Carbon and Cost Library (ECCL) L5,,,
Australia,Structure,Construction of Reinforced Soil Walls (contractor’s design),Erection of RSW Panels,-   ,t/m2,TfNSW Engineering Carbon and Cost Library (ECCL) L5,,,
Australia,Structure,Construction of Reinforced Soil Walls (contractor’s design),Drainage Layer,1.88,t/m3,TfNSW Engineering Carbon and Cost Library (ECCL) L5,,,
Australia,Surface and Underground Drainage,Construction of Reinforced Soil Walls (contractor’s design),Capping,0.54,t/m,TfNSW Engineering Carbon and Cost Library (ECCL) L5,,,
Australia,Substructure and Pavements,Construction of Reinforced Soil Walls (contractor’s design),Extra Over for Supply and Placing Reinforced Fill Material,2.3,t/m3,TfNSW Engineering Carbon and Cost Library (ECCL) L5,,,
Australia,Structure,Construction of Reinforced Soil Walls (contractor’s design),Extra Over for Supply and Placing Imported or Borrowed Material for Fill Above and Behind Reinforced Soil Block,2.3,t/m3,TfNSW Engineering Carbon and Cost Library (ECCL) L5,,,
Australia,Substructure and Pavements,Construction of Reinforced Soil Walls (principal’s design),Supply of Components,0.36,t/m2,TfNSW Engineering Carbon and Cost Library (ECCL) L5,,,
Australia,Substructure and Pavements,Construction of Reinforced Soil Walls (principal’s design),Preparation of Foundation,-   ,t/m2,TfNSW Engineering Carbon and Cost Library (ECCL) L5,,,
Australia,Substructure and Pavements,Construction of Reinforced Soil Walls (principal’s design),Base/Concrete Strip Footings,0.36,t/m,TfNSW Engineering Carbon and Cost Library (ECCL) L5,,,
Australia,Structure,Construction of Reinforced Soil Walls (principal’s design),Erection of RSW Panels,-   ,t/m2,TfNSW Engineering Carbon and Cost Library (ECCL) L5,,,
Australia,Surface and Underground Drainage,Construction of Reinforced Soil Walls (principal’s design),Drainage Layer,1.88,t/m3,TfNSW Engineering Carbon and Cost Library (ECCL) L5,,,
Australia,Substructure and Pavements,Construction of Reinforced Soil Walls (principal’s design),Capping,0.54,t/m,TfNSW Engineering Carbon and Cost Library (ECCL) L5,,,
Australia,Structure,Construction of Reinforced Soil Walls (principal’s design),Extra Over for Supply and Placing Reinforced Fill Material,2.3,t/m3,TfNSW Engineering Carbon and Cost Library (ECCL) L5,,,
Australia,Structure,Construction of Reinforced Soil Walls (principal’s design),Extra Over for Supply and Placing Imported or Borrowed Material for Fill Above and Behind Reinforced Soil Block,2.3,t/m3,TfNSW Engineering Carbon and Cost Library (ECCL) L5,,,
Australia,Structure,Construction of Reinforced Concrete Walls,Excavation to Required Levels,-   ,t/m3,TfNSW Engineering Carbon and Cost Library (ECCL) L5,,,
Australia,Structure,Construction of Reinforced Concrete Walls,Preparation of Foundation,-   ,t/m2,TfNSW Engineering Carbon and Cost Library (ECCL) L5,,,
Australia,Structure,Construction of Reinforced Concrete Walls,Mass Concrete Blinding Layer,2.91,t/m3,TfNSW Engineering Carbon and Cost Library (ECCL) L5,,,
Australia,Structure,Construction of Reinforced Concrete Walls,Supply and Place Steel Bar Reinforcement,1.05,t/t,TfNSW Engineering Carbon and Cost Library (ECCL) L5,,,
Australia,Structure,Construction of Reinforced Concrete Walls,Supply and Place Wire Reinforcing Fabric,0.02,t/m2,TfNSW Engineering Carbon and Cost Library (ECCL) L5,,,
Australia,Structure,Construction of Reinforced Concrete Walls,Supply and Placement of N25 Concrete to base slab,2.28,t/m3,TfNSW Engineering Carbon and Cost Library (ECCL) L5,,,
Australia,Structure,Construction of Reinforced Concrete Walls,Supply and Placement of N32 Concrete to base slab,2.26,t/m3,TfNSW Engineering Carbon and Cost Library (ECCL) L5,,,
Australia,Structure,Construction of Reinforced Concrete Walls,Supply and Placement of N40 Concrete to base slab,2.38,t/m3,TfNSW Engineering Carbon and Cost Library (ECCL) L5,,,
Australia,Structure,Construction of Reinforced Concrete Walls,Supply and Placement of N25 Concrete to wall,2.35,t/m3,TfNSW Engineering Carbon and Cost Library (ECCL) L5,,,
Australia,Structure,Construction of Reinforced Concrete Walls,Supply and Placement of N32 Concrete to wall,2.32,t/m3,TfNSW Engineering Carbon and Cost Library (ECCL) L5,,,
Australia,Structure,Construction of Reinforced Concrete Walls,Supply and Placement of N40 Concrete to wall,2.45,t/m3,TfNSW Engineering Carbon and Cost Library (ECCL) L5,,,
Australia,Structure,Construction of Reinforced Concrete Walls,Finish and Cure Concrete,0,t/m2,TfNSW Engineering Carbon and Cost Library (ECCL) L5,,,
Australia,Structure,Construction of Reinforced Concrete Walls,100 mm dia Corrugated Perforated Plastic Drainage Pipe,0,t/m,TfNSW Engineering Carbon and Cost Library (ECCL) L5,,,
Australia,Structure,Construction of Reinforced Concrete Walls,Geofabric,0,t/m2,TfNSW Engineering Carbon and Cost Library (ECCL) L5,,,
Australia,Structure,Construction of Reinforced Concrete Walls,Drainage Aggregate,2.09,t/m3,TfNSW Engineering Carbon and Cost Library (ECCL) L5,,,
Australia,Structure,Construction of Reinforced Concrete Walls,Expansion Joints,0,t/m,TfNSW Engineering Carbon and Cost Library (ECCL) L5,,,
Australia,Structure,Construction of Reinforced Concrete Walls,Isolation Joints,0,t/m,TfNSW Engineering Carbon and Cost Library (ECCL) L5,,,
Australia,Structure,Construction of Reinforced Concrete Walls,Contraction Joints,0,t/m,TfNSW Engineering Carbon and Cost Library (ECCL) L5,,,
Australia,Structure,Construction of Reinforced Concrete Walls,Select Fill,2.4,t/m3,TfNSW Engineering Carbon and Cost Library (ECCL) L5,,,
Australia,Structure,Construction of Reinforced Concrete Walls,Earth Fill,-   ,t/m3,TfNSW Engineering Carbon and Cost Library (ECCL) L5,,,
Australia,Structure,Construction of Reinforced Concrete Walls with Piled Foundations,750mm Diameter,0.32,t/m,TfNSW Engineering Carbon and Cost Library (ECCL) L5,,,
Australia,Structure,Construction of Reinforced Concrete Walls with Piled Foundations,900mm Diameter,0.38,t/m,TfNSW Engineering Carbon and Cost Library (ECCL) L5,,,
Australia,Structure,Construction of Reinforced Concrete Walls with Piled Foundations,1050mm Diameter,0.45,t/m,TfNSW Engineering Carbon and Cost Library (ECCL) L5,,,
Australia,Structure,Construction of Reinforced Concrete Walls with Piled Foundations,1200mm Diameter,0.51,t/m,TfNSW Engineering Carbon and Cost Library (ECCL) L5,,,
Australia,Structure,Construction of Reinforced Concrete Walls with Piled Foundations,1500mm Diameter,0.64,t/m,TfNSW Engineering Carbon and Cost Library (ECCL) L5,,,
Australia,Structure,Construction of Reinforced Concrete Walls with Piled Foundations,Drilling from Ground Level to Start of Rock Coring,-   ,t/m,TfNSW Engineering Carbon and Cost Library (ECCL) L5,,,
Australia,Structure,Construction of Reinforced Concrete Walls with Piled Foundations,Rock Coring,-   ,t/m,TfNSW Engineering Carbon and Cost Library (ECCL) L5,,,
Australia,Structure,Construction of Reinforced Concrete Walls with Piled Foundations,Attendance of Professional Geotechnical Engineer During Pile Hole Excavation Inside Casing,-   ,t/hour,TfNSW Engineering Carbon and Cost Library (ECCL) L5,,,
Australia,Structure,Construction of Reinforced Concrete Walls with Piled Foundations,750mm Diameter,-   ,t/m,TfNSW Engineering Carbon and Cost Library (ECCL) L5,,,
Australia,Structure,Construction of Reinforced Concrete Walls with Piled Foundations,900mm Diameter,-   ,t/m,TfNSW Engineering Carbon and Cost Library (ECCL) L5,,,
Australia,Structure,Construction of Reinforced Concrete Walls with Piled Foundations,1050mm Diameter,-   ,t/m,TfNSW Engineering Carbon and Cost Library (ECCL) L5,,,
Australia,Structure,Construction of Reinforced Concrete Walls with Piled Foundations,1200mm Diameter,-   ,t/m,TfNSW Engineering Carbon and Cost Library (ECCL) L5,,,
Australia,Structure,Construction of Reinforced Concrete Walls with Piled Foundations,1500mm Diameter,-   ,t/m,TfNSW Engineering Carbon and Cost Library (ECCL) L5,,,
Australia,Structure,Construction of Reinforced Concrete Walls with Piled Foundations,750mm Diameter,-   ,t/m,TfNSW Engineering Carbon and Cost Library (ECCL) L5,,,
Australia,Structure,Construction of Reinforced Concrete Walls with Piled Foundations,900mm Diameter,-   ,t/m,TfNSW Engineering Carbon and Cost Library (ECCL) L5,,,
Australia,Structure,Construction of Reinforced Concrete Walls with Piled Foundations,1050mm Diameter,-   ,t/m,TfNSW Engineering Carbon and Cost Library (ECCL) L5,,,
Australia,Structure,Construction of Reinforced Concrete Walls with Piled Foundations,1200mm Diameter,-   ,t/m,TfNSW Engineering Carbon and Cost Library (ECCL) L5,,,
Australia,Structure,Construction of Reinforced Concrete Walls with Piled Foundations,1500mm Diameter,-   ,t/m,TfNSW Engineering Carbon and Cost Library (ECCL) L5,,,
Australia,Structure,Construction of Reinforced Concrete Walls with Piled Foundations,750mm Diameter,0.03,t/m,TfNSW Engineering Carbon and Cost Library (ECCL) L5,,,
Australia,Structure,Construction of Reinforced Concrete Walls with Piled Foundations,900mm Diameter,0.04,t/m,TfNSW Engineering Carbon and Cost Library (ECCL) L5,,,
Australia,Structure,Construction of Reinforced Concrete Walls with Piled Foundations,1050mm Diameter,0.04,t/m,TfNSW Engineering Carbon and Cost Library (ECCL) L5,,,
Australia,Structure,Construction of Reinforced Concrete Walls with Piled Foundations,1200mm Diameter,0.05,t/m,TfNSW Engineering Carbon and Cost Library (ECCL) L5,,,
Australia,Structure,Construction of Reinforced Concrete Walls with Piled Foundations,1500mm Diameter,0.06,t/m,TfNSW Engineering Carbon and Cost Library (ECCL) L5,,,
Australia,Structure,Construction of Reinforced Concrete Walls with Piled Foundations,750mm Diameter,-   ,t/m,TfNSW Engineering Carbon and Cost Library (ECCL) L5,,,
Australia,Structure,Construction of Reinforced Concrete Walls with Piled Foundations,900mm Diameter,-   ,t/m,TfNSW Engineering Carbon and Cost Library (ECCL) L5,,,
Australia,Structure,Construction of Reinforced Concrete Walls with Piled Foundations,1050mm Diameter,-   ,t/m,TfNSW Engineering Carbon and Cost Library (ECCL) L5,,,
Australia,Structure,Construction of Reinforced Concrete Walls with Piled Foundations,1200mm Diameter,-   ,t/m,TfNSW Engineering Carbon and Cost Library (ECCL) L5,,,
Australia,Structure,Construction of Reinforced Concrete Walls with Piled Foundations,1500mm Diameter,-   ,t/m,TfNSW Engineering Carbon and Cost Library (ECCL) L5,,,
Australia,Structure,Construction of Reinforced Concrete Walls with Piled Foundations,For Indirect Visual or Other Inspection Method,-   ,t/each,TfNSW Engineering Carbon and Cost Library (ECCL) L5,,,
Australia,Structure,Construction of Reinforced Concrete Walls with Piled Foundations,For CCTV Indirect Examination Method - Provisional Quantity,-   ,t/each,TfNSW Engineering Carbon and Cost Library (ECCL) L5,,,
Australia,Structure,Construction of Reinforced Concrete Walls with Piled Foundations,To Contract Level,1.07,t/t,TfNSW Engineering Carbon and Cost Library (ECCL) L5,,,
Australia,Structure,Construction of Reinforced Concrete Walls with Piled Foundations,Below Contract Level - Provisional Quantity.,1.04,t/t,TfNSW Engineering Carbon and Cost Library (ECCL) L5,,,
Australia,Structure,Construction of Reinforced Concrete Walls with Piled Foundations,To Contract Level,2.49,t/m3,TfNSW Engineering Carbon and Cost Library (ECCL) L5,,,
Australia,Structure,Construction of Reinforced Concrete Walls with Piled Foundations,Below Contract Level - Provisional Quantity.,2.49,t/m3,TfNSW Engineering Carbon and Cost Library (ECCL) L5,,,
Australia,Structure,Construction of Reinforced Concrete Walls with Piled Foundations,Pile Integrity Testing,-   ,t/each,TfNSW Engineering Carbon and Cost Library (ECCL) L5,,,
Australia,Structure,Construction of Reinforced Concrete Walls with Piled Foundations,Additional Pile Integrity Testing - Provisional Quantity,-   ,t/each,TfNSW Engineering Carbon and Cost Library (ECCL) L5,,,
Australia,Structure,Construction of Reinforced Concrete Walls with Piled Foundations,Site Establishment,-   ,t/each,TfNSW Engineering Carbon and Cost Library (ECCL) L5,,,
Australia,Structure,Construction of Reinforced Concrete Walls with Piled Foundations,Pile Testing,-   ,t/each,TfNSW Engineering Carbon and Cost Library (ECCL) L5,,,
Australia,Structure,Construction of Reinforced Concrete Walls with Piled Foundations,Additional Pile Testing - Provisional Quantity,-   ,t/each,TfNSW Engineering Carbon and Cost Library (ECCL) L5,,,
Australia,Structure,Construction of Reinforced Concrete Walls with Piled Foundations,Test Member - Provisional Quantity,-   ,t/each,TfNSW Engineering Carbon and Cost Library (ECCL) L5,,,
Australia,Structure,Construction of Reinforced Concrete Walls with Piled Foundations,Excavation to Required Levels,-   ,t/m3,TfNSW Engineering Carbon and Cost Library (ECCL) L5,,,
Australia,Structure,Construction of Reinforced Concrete Walls with Piled Foundations,Preparation of Foundation,-   ,t/m2,TfNSW Engineering Carbon and Cost Library (ECCL) L5,,,
Australia,Structure,Construction of Reinforced Concrete Walls with Piled Foundations,Mass Concrete Blinding Layer,2.91,t/m3,TfNSW Engineering Carbon and Cost Library (ECCL) L5,,,
Australia,Structure,Construction of Reinforced Concrete Walls with Piled Foundations,Supply and Place Steel Bar Reinforcement,1.05,t/t,TfNSW Engineering Carbon and Cost Library (ECCL) L5,,,
Australia,Structure,Construction of Reinforced Concrete Walls with Piled Foundations,Supply and Placement of N25 Concrete,2.41,t/m3,TfNSW Engineering Carbon and Cost Library (ECCL) L5,,,
Australia,Structure,Construction of Reinforced Concrete Walls with Piled Foundations,Supply and Placement of N32 Concrete,2.38,t/m3,TfNSW Engineering Carbon and Cost Library (ECCL) L5,,,
Australia,Structure,Construction of Reinforced Concrete Walls with Piled Foundations,Supply and Placement of N40 Concrete,2.51,t/m3,TfNSW Engineering Carbon and Cost Library (ECCL) L5,,,
Australia,Structure,Construction of Reinforced Concrete Walls with Piled Foundations,Finish and Cure Concrete,0,t/m2,TfNSW Engineering Carbon and Cost Library (ECCL) L5,,,
Australia,Structure,Construction of Reinforced Concrete Walls with Piled Foundations,Supply and Place Steel Bar Reinforcement,1.05,t/t,TfNSW Engineering Carbon and Cost Library (ECCL) L5,,,
Australia,Structure,Construction of Reinforced Concrete Walls with Piled Foundations,Supply and Placement of N25 Concrete to wall,2.35,t/m3,TfNSW Engineering Carbon and Cost Library (ECCL) L5,,,
Australia,Structure,Construction of Reinforced Concrete Walls with Piled Foundations,Supply and Placement of N32 Concrete to wall,2.32,t/m3,TfNSW Engineering Carbon and Cost Library (ECCL) L5,,,
Australia,Structure,Construction of Reinforced Concrete Walls with Piled Foundations,Supply and Placement of N40 Concrete to wall,2.45,t/m3,TfNSW Engineering Carbon and Cost Library (ECCL) L5,,,
Australia,Structure,Construction of Reinforced Concrete Walls with Piled Foundations,Finish and Cure Concrete,0,t/m2,TfNSW Engineering Carbon and Cost Library (ECCL) L5,,,
Australia,Structure,Construction of Reinforced Concrete Walls with Piled Foundations,100 mm dia Corrugated Perforated Plastic Drainage Pipe,0,t/m,TfNSW Engineering Carbon and Cost Library (ECCL) L5,,,
Australia,Structure,Construction of Reinforced Concrete Walls with Piled Foundations,Geofabric,0,t/m2,TfNSW Engineering Carbon and Cost Library (ECCL) L5,,,
Australia,Structure,Construction of Reinforced Concrete Walls with Piled Foundations,Drainage Aggregate,2.09,t/m3,TfNSW Engineering Carbon and Cost Library (ECCL) L5,,,
Australia,Structure,Construction of Reinforced Concrete Walls with Piled Foundations,Expansion Joints,0,t/m,TfNSW Engineering Carbon and Cost Library (ECCL) L5,,,
Australia,Structure,Construction of Reinforced Concrete Walls with Piled Foundations,Isolation Joints,0,t/m,TfNSW Engineering Carbon and Cost Library (ECCL) L5,,,
Australia,Structure,Construction of Reinforced Concrete Walls with Piled Foundations,Contraction Joints,0,t/m,TfNSW Engineering Carbon and Cost Library (ECCL) L5,,,
Australia,Structure,Construction of Reinforced Concrete Walls with Piled Foundations,Select Fill,2.4,t/m3,TfNSW Engineering Carbon and Cost Library (ECCL) L5,,,
Australia,Structure,Construction of Reinforced Concrete Walls with Piled Foundations,Earth Fill,-   ,t/m3,TfNSW Engineering Carbon and Cost Library (ECCL) L5,,,
Australia,Services and Equipment,Soil Nailing,up to 6 m length,-   ,t/each,TfNSW Engineering Carbon and Cost Library (ECCL) L5,,,
Australia,Services and Equipment,Soil Nailing,>6 to 9 m length,-   ,t/each,TfNSW Engineering Carbon and Cost Library (ECCL) L5,,,
Australia,Services and Equipment,Soil Nailing,>9 to 12 m length,-   ,t/each,TfNSW Engineering Carbon and Cost Library (ECCL) L5,,,
Australia,Services and Equipment,Soil Nailing,>12 to 15 m length,-   ,t/each,TfNSW Engineering Carbon and Cost Library (ECCL) L5,,,
Australia,Services and Equipment,Soil Nailing,>15 m length,-   ,t/each,TfNSW Engineering Carbon and Cost Library (ECCL) L5,,,
Australia,Services and Equipment,Soil Nailing,up to 6 m length,0.04,t/each,TfNSW Engineering Carbon and Cost Library (ECCL) L5,,,
Australia,Services and Equipment,Soil Nailing,>6 to 9 m length,0.06,t/each,TfNSW Engineering Carbon and Cost Library (ECCL) L5,,,
Australia,Services and Equipment,Soil Nailing,>9 to 12 m length,0.08,t/each,TfNSW Engineering Carbon and Cost Library (ECCL) L5,,,
Australia,Services and Equipment,Soil Nailing,>12 to 15 m length,0.09,t/each,TfNSW Engineering Carbon and Cost Library (ECCL) L5,,,
Australia,Services and Equipment,Soil Nailing,>15 m length,0.11,t/each,TfNSW Engineering Carbon and Cost Library (ECCL) L5,,,
Australia,Services and Equipment,Soil Nailing,Up to 50mm thick,0.17,t/m2,TfNSW Engineering Carbon and Cost Library (ECCL) L5,,,
Australia,Services and Equipment,Soil Nailing,50mm to 100mm thick,0.24,t/m2,TfNSW Engineering Carbon and Cost Library (ECCL) L5,,,
Australia,Services and Equipment,Soil Nailing,100mm to 150mm thick,0.39,t/m2,TfNSW Engineering Carbon and Cost Library (ECCL) L5,,,
Australia,Services and Equipment,Soil Nailing,>150mm thick,0.46,t/m2,TfNSW Engineering Carbon and Cost Library (ECCL) L5,,,
Australia,Services and Equipment,Soil Nailing,Strip Drains,0,t/m,TfNSW Engineering Carbon and Cost Library (ECCL) L5,,,
Australia,Structure,Shotcrete Work without Steel Fibres,up to 100mm thick,0.29,t/m2,TfNSW Engineering Carbon and Cost Library (ECCL) L5,,,
Australia,Structure,Shotcrete Work without Steel Fibres,100mm to 150mm thick,0.37,t/m2,TfNSW Engineering Carbon and Cost Library (ECCL) L5,,,
Australia,Structure,Shotcrete Work without Steel Fibres,> 150mm thick,0.51,t/m2,TfNSW Engineering Carbon and Cost Library (ECCL) L5,,,
Australia,Structure,Shotcrete Work without Steel Fibres,up to 100mm thick,0.29,t/m2,TfNSW Engineering Carbon and Cost Library (ECCL) L5,,,
Australia,Structure,Shotcrete Work without Steel Fibres,100mm to 150mm thick,0.37,t/m2,TfNSW Engineering Carbon and Cost Library (ECCL) L5,,,
Australia,Structure,Shotcrete Work without Steel Fibres,> 150mm thick,0.51,t/m2,TfNSW Engineering Carbon and Cost Library (ECCL) L5,,,
Australia,Structure,Shotcrete Work without Steel Fibres,up to 100mm thick,0.29,t/m2,TfNSW Engineering Carbon and Cost Library (ECCL) L5,,,
Australia,Structure,Shotcrete Work without Steel Fibres,100mm to 150mm thick,0.37,t/m2,TfNSW Engineering Carbon and Cost Library (ECCL) L5,,,
Australia,Structure,Shotcrete Work without Steel Fibres,> 150mm thick,0.51,t/m2,TfNSW Engineering Carbon and Cost Library (ECCL) L5,,,
Australia,Structure,Shotcrete Work without Steel Fibres,up to 100mm thick,0.29,t/m2,TfNSW Engineering Carbon and Cost Library (ECCL) L5,,,
Australia,Structure,Shotcrete Work without Steel Fibres,100mm to 150mm thick,0.37,t/m2,TfNSW Engineering Carbon and Cost Library (ECCL) L5,,,
Australia,Structure,Shotcrete Work without Steel Fibres,> 150mm thick,0.51,t/m2,TfNSW Engineering Carbon and Cost Library (ECCL) L5,,,
Australia,Substructure and Pavements,Unbound and Modified Pavement Course,Supply and Place Subbase,2.29,t/m3,TfNSW Engineering Carbon and Cost Library (ECCL) L5,,,
Australia,Substructure and Pavements,Unbound and Modified Pavement Course,Supply and Place Base,2.29,t/m3,TfNSW Engineering Carbon and Cost Library (ECCL) L5,,,
Australia,Substructure and Pavements,Construction of Plant Mixed Heavily Bound Pavement Course,up to 100mm thick,1.38,t/m2,TfNSW Engineering Carbon and Cost Library (ECCL) L5,,,
Australia,Substructure and Pavements,Construction of Plant Mixed Heavily Bound Pavement Course,101 to 150mm thick,1.72,t/m2,TfNSW Engineering Carbon and Cost Library (ECCL) L5,,,
Australia,Substructure and Pavements,Construction of Plant Mixed Heavily Bound Pavement Course,151 to 200mm thick,2.41,t/m2,TfNSW Engineering Carbon and Cost Library (ECCL) L5,,,
Australia,Substructure and Pavements,Construction of Plant Mixed Heavily Bound Pavement Course,201 to 250mm thick,3.1,t/m2,TfNSW Engineering Carbon and Cost Library (ECCL) L5,,,
Australia,Substructure and Pavements,Construction of Plant Mixed Heavily Bound Pavement Course,251 to 300mm thick,3.79,t/m2,TfNSW Engineering Carbon and Cost Library (ECCL) L5,,,
Australia,Substructure and Pavements,Construction of Plant Mixed Heavily Bound Pavement Course,301 to 350mm thick,4.47,t/m2,TfNSW Engineering Carbon and Cost Library (ECCL) L5,,,
Australia,Substructure and Pavements,Construction of Plant Mixed Heavily Bound Pavement Course,351 to 400mm thick,5.16,t/m2,TfNSW Engineering Carbon and Cost Library (ECCL) L5,,,
Australia,Substructure and Pavements,Construction of Plant Mixed Heavily Bound Pavement Course,401 to 450mm thick,5.85,t/m2,TfNSW Engineering Carbon and Cost Library (ECCL) L5,,,
Australia,Substructure and Pavements,Construction of Plant Mixed Heavily Bound Pavement Course,451 to 500mm thick,6.54,t/m2,TfNSW Engineering Carbon and Cost Library (ECCL) L5,,,
Australia,Substructure and Pavements,Construction of Plant Mixed Heavily Bound Pavement Course,>500mm thick,7.23,t/m2,TfNSW Engineering Carbon and Cost Library (ECCL) L5,,,
Australia,Substructure and Pavements,Insitu Pavement Stabilisation Using Slow Setting Binders,up to 100mm thick,0.01,t/m2,TfNSW Engineering Carbon and Cost Library (ECCL) L5,,,
Australia,Substructure and Pavements,Insitu Pavement Stabilisation Using Slow Setting Binders,101 to 150mm thick,0.01,t/m2,TfNSW Engineering Carbon and Cost Library (ECCL) L5,,,
Australia,Substructure and Pavements,Insitu Pavement Stabilisation Using Slow Setting Binders,151 to 200mm thick,0.02,t/m2,TfNSW Engineering Carbon and Cost Library (ECCL) L5,,,
Australia,Substructure and Pavements,Insitu Pavement Stabilisation Using Slow Setting Binders,201 to 250mm thick,0.03,t/m2,TfNSW Engineering Carbon and Cost Library (ECCL) L5,,,
Australia,Substructure and Pavements,Insitu Pavement Stabilisation Using Slow Setting Binders,251 to 300mm thick,0.03,t/m2,TfNSW Engineering Carbon and Cost Library (ECCL) L5,,,
Australia,Substructure and Pavements,Insitu Pavement Stabilisation Using Slow Setting Binders,301 to 350mm thick,0.04,t/m2,TfNSW Engineering Carbon and Cost Library (ECCL) L5,,,
Australia,Substructure and Pavements,Insitu Pavement Stabilisation Using Slow Setting Binders,351 to 400mm thick,0.04,t/m2,TfNSW Engineering Carbon and Cost Library (ECCL) L5,,,
Australia,Substructure and Pavements,Insitu Pavement Stabilisation Using Slow Setting Binders,401 to 450mm thick,0.05,t/m2,TfNSW Engineering Carbon and Cost Library (ECCL) L5,,,
Australia,Substructure and Pavements,Insitu Pavement Stabilisation Using Slow Setting Binders,451 to 500mm thick,0.05,t/m2,TfNSW Engineering Carbon and Cost Library (ECCL) L5,,,
Australia,Substructure and Pavements,Insitu Pavement Stabilisation Using Slow Setting Binders,>500mm thick,0.06,t/m2,TfNSW Engineering Carbon and Cost Library (ECCL) L5,,,
Australia,Substructure and Pavements,Insitu Pavement Stabilisation Using Slow Setting Binders,Supply and Spreading of Imported Material To Be Bound,1,t/t,TfNSW Engineering Carbon and Cost Library (ECCL) L5,,,
Australia,Substructure and Pavements,No Fines Concrete Subbase,Supply and Place No Fines Concrete in Subbase,2.27,t/m3,TfNSW Engineering Carbon and Cost Library (ECCL) L5,,,
Australia,Substructure and Pavements,No Fines Concrete Subbase,Supply and Place Dental Concrete,3.03,t/m3,TfNSW Engineering Carbon and Cost Library (ECCL) L5,,,
Australia,Substructure and Pavements,No Fines Concrete Subbase,Supply and Place Asphalt Interlayer,1,t/t,TfNSW Engineering Carbon and Cost Library (ECCL) L5,,,
Australia,Substructure and Pavements,Lean-Mix Concrete Subbase,Supply and Place Concrete in Subbase,0,t/m3,TfNSW Engineering Carbon and Cost Library (ECCL) L5,,,
Australia,Substructure and Pavements,Lean-Mix Concrete Subbase,Finish and Cure Subbase,0,t/m2,TfNSW Engineering Carbon and Cost Library (ECCL) L5,,,
Australia,Substructure and Pavements,Lean-Mix Concrete Subbase,Surface Debonding Treatment,0.01,t/m2,TfNSW Engineering Carbon and Cost Library (ECCL) L5,,,
Australia,Substructure and Pavements,Lean-Mix Concrete Subbase,Subgrade Beams,2.39,t/m3,TfNSW Engineering Carbon and Cost Library (ECCL) L5,,,
Australia,Substructure and Pavements,Jointed Concrete Base,Supply and Place Concrete in Base (other than steel fibre reinforced concrete),2.24,t/m3,TfNSW Engineering Carbon and Cost Library (ECCL) L5,,,
Australia,Substructure and Pavements,Jointed Concrete Base,Supply and Place Steel Fibre Reinforced Concrete in Base,2.28,t/m3,TfNSW Engineering Carbon and Cost Library (ECCL) L5,,,
Australia,Substructure and Pavements,Jointed Concrete Base,"Finish, Cure and Texture Base",0,t/m2,TfNSW Engineering Carbon and Cost Library (ECCL) L5,,,
Australia,Substructure and Pavements,Jointed Concrete Base,SL72,0.02,t/m2,TfNSW Engineering Carbon and Cost Library (ECCL) L5,,,
Australia,Substructure and Pavements,Jointed Concrete Base,SL82,0.02,t/m2,TfNSW Engineering Carbon and Cost Library (ECCL) L5,,,
Australia,Substructure and Pavements,Jointed Concrete Base,SL92,0.02,t/m2,TfNSW Engineering Carbon and Cost Library (ECCL) L5,,,
Australia,Substructure and Pavements,Jointed Concrete Base,Supply and Place Steel Bar Reinforcement,1.05,t/t,TfNSW Engineering Carbon and Cost Library (ECCL) L5,,,
Australia,Substructure and Pavements,Jointed Concrete Base,Longitudinal Joints,0,t/m,TfNSW Engineering Carbon and Cost Library (ECCL) L5,,,
Australia,Substructure and Pavements,Jointed Concrete Base,Expansion Joints and Isolation Joints,0,t/m,TfNSW Engineering Carbon and Cost Library (ECCL) L5,,,
Australia,Substructure and Pavements,Jointed Concrete Base,Transverse Contraction Joints,0,t/m,TfNSW Engineering Carbon and Cost Library (ECCL) L5,,,
Australia,Substructure and Pavements,Jointed Concrete Base,Terminal and Slab Anchors,2.29,t/m3,TfNSW Engineering Carbon and Cost Library (ECCL) L5,,,
Australia,Substructure and Pavements,Roller Compacted Concrete Subbase,"Supply and Delivery, Spread Compact and Finish Roller Compacted Concrete",-   ,t/m3,TfNSW Engineering Carbon and Cost Library (ECCL) L5,,,
Australia,Substructure and Pavements,Roller Compacted Concrete Subbase,Emulsion Curing,0,t/m2,TfNSW Engineering Carbon and Cost Library (ECCL) L5,,,
Australia,Substructure and Pavements,Roller Compacted Concrete Subbase,Prime or Primer Seal,0.01,t/m2,TfNSW Engineering Carbon and Cost Library (ECCL) L5,,,
Australia,Structure,Cold Milling of Road Pavement Materials,<30mm,-   ,t/m2,TfNSW Engineering Carbon and Cost Library (ECCL) L5,,,
Australia,Structure,Cold Milling of Road Pavement Materials,30mm,-   ,t/m2,TfNSW Engineering Carbon and Cost Library (ECCL) L5,,,
Australia,Structure,Cold Milling of Road Pavement Materials,40mm,-   ,t/m2,TfNSW Engineering Carbon and Cost Library (ECCL) L5,,,
Australia,Structure,Cold Milling of Road Pavement Materials,50mm,-   ,t/m2,TfNSW Engineering Carbon and Cost Library (ECCL) L5,,,
Australia,Structure,Cold Milling of Road Pavement Materials,60mm,-   ,t/m2,TfNSW Engineering Carbon and Cost Library (ECCL) L5,,,
Australia,Structure,Cold Milling of Road Pavement Materials,70mm,-   ,t/m2,TfNSW Engineering Carbon and Cost Library (ECCL) L5,,,
Australia,Structure,Cold Milling of Road Pavement Materials,80mm,-   ,t/m2,TfNSW Engineering Carbon and Cost Library (ECCL) L5,,,
Australia,Structure,Cold Milling of Road Pavement Materials,90mm,-   ,t/m2,TfNSW Engineering Carbon and Cost Library (ECCL) L5,,,
Australia,Structure,Cold Milling of Road Pavement Materials,100mm,-   ,t/m2,TfNSW Engineering Carbon and Cost Library (ECCL) L5,,,
Australia,Structure,Cold Milling of Road Pavement Materials,>100mm,-   ,t/m2,TfNSW Engineering Carbon and Cost Library (ECCL) L5,,,
Australia,Structure,Cold Milling of Road Pavement Materials,<30mm (average depth),-   ,t/m2,TfNSW Engineering Carbon and Cost Library (ECCL) L5,,,
Australia,Structure,Cold Milling of Road Pavement Materials,30mm (average depth),-   ,t/m2,TfNSW Engineering Carbon and Cost Library (ECCL) L5,,,
Australia,Structure,Cold Milling of Road Pavement Materials,40mm (average depth),-   ,t/m2,TfNSW Engineering Carbon and Cost Library (ECCL) L5,,,
Australia,Structure,Cold Milling of Road Pavement Materials,50mm (average depth),-   ,t/m2,TfNSW Engineering Carbon and Cost Library (ECCL) L5,,,
Australia,Structure,Cold Milling of Road Pavement Materials,60mm (average depth),-   ,t/m2,TfNSW Engineering Carbon and Cost Library (ECCL) L5,,,
Australia,Structure,Cold Milling of Road Pavement Materials,70mm (average depth),-   ,t/m2,TfNSW Engineering Carbon and Cost Library (ECCL) L5,,,
Australia,Structure,Cold Milling of Road Pavement Materials,80mm (average depth),-   ,t/m2,TfNSW Engineering Carbon and Cost Library (ECCL) L5,,,
Australia,Structure,Cold Milling of Road Pavement Materials,90mm (average depth),-   ,t/m2,TfNSW Engineering Carbon and Cost Library (ECCL) L5,,,
Australia,Structure,Cold Milling of Road Pavement Materials,100mm (average depth),-   ,t/m2,TfNSW Engineering Carbon and Cost Library (ECCL) L5,,,
Australia,Structure,Cold Milling of Road Pavement Materials,>100mm (average depth),-   ,t/m2,TfNSW Engineering Carbon and Cost Library (ECCL) L5,,,
Australia,Structure,Cold Milling of Road Pavement Materials,Milling to Retexture a Surface,-   ,t/m2,TfNSW Engineering Carbon and Cost Library (ECCL) L5,,,
Australia,Structure,Cold Milling of Road Pavement Materials,Milling to Optimise Final Ride Quality,-   ,t/m2,TfNSW Engineering Carbon and Cost Library (ECCL) L5,,,
Australia,Structure,Cold Milling of Road Pavement Materials,<30mm (average depth),-   ,t/m2,TfNSW Engineering Carbon and Cost Library (ECCL) L5,,,
Australia,Structure,Cold Milling of Road Pavement Materials,30mm (average depth),-   ,t/m2,TfNSW Engineering Carbon and Cost Library (ECCL) L5,,,
Australia,Structure,Cold Milling of Road Pavement Materials,40mm (average depth),-   ,t/m2,TfNSW Engineering Carbon and Cost Library (ECCL) L5,,,
Australia,Structure,Cold Milling of Road Pavement Materials,50mm (average depth),-   ,t/m2,TfNSW Engineering Carbon and Cost Library (ECCL) L5,,,
Australia,Structure,Cold Milling of Road Pavement Materials,60mm (average depth),-   ,t/m2,TfNSW Engineering Carbon and Cost Library (ECCL) L5,,,
Australia,Structure,Cold Milling of Road Pavement Materials,70mm (average depth),-   ,t/m2,TfNSW Engineering Carbon and Cost Library (ECCL) L5,,,
Australia,Structure,Cold Milling of Road Pavement Materials,80mm (average depth),-   ,t/m2,TfNSW Engineering Carbon and Cost Library (ECCL) L5,,,
Australia,Structure,Cold Milling of Road Pavement Materials,90mm (average depth),-   ,t/m2,TfNSW Engineering Carbon and Cost Library (ECCL) L5,,,
Australia,Structure,Cold Milling of Road Pavement Materials,100mm (average depth),-   ,t/m2,TfNSW Engineering Carbon and Cost Library (ECCL) L5,,,
Australia,Structure,Cold Milling of Road Pavement Materials,>100mm (average depth),-   ,t/m2,TfNSW Engineering Carbon and Cost Library (ECCL) L5,,,
Australia,Structure,Cold Milling of Road Pavement Materials,Affected Area Up to 10 Square Metres,-   ,t/m2,TfNSW Engineering Carbon and Cost Library (ECCL) L5,,,
Australia,Structure,Cold Milling of Road Pavement Materials,Affected Area Over 10 and Up to 25 Square Metres,-   ,t/m2,TfNSW Engineering Carbon and Cost Library (ECCL) L5,,,
Australia,Structure,Cold Milling of Road Pavement Materials,Affected Area Over 25 and Up to 50 Square Metres,-   ,t/m2,TfNSW Engineering Carbon and Cost Library (ECCL) L5,,,
Australia,Structure,Cold Milling of Road Pavement Materials,Affected Area Over 50 Square Metres,-   ,t/m2,TfNSW Engineering Carbon and Cost Library (ECCL) L5,,,
Australia,Structure,Cold Milling of Road Pavement Materials,Surcharge for Milling Base Concrete,-   ,t/m2,TfNSW Engineering Carbon and Cost Library (ECCL) L5,,,
Australia,Structure,Cold Milling of Road Pavement Materials,Investigation Visit Undertaken,-   ,t/each,TfNSW Engineering Carbon and Cost Library (ECCL) L5,,,
Australia,Structure,Cold Milling of Road Pavement Materials,Cores Taken,-   ,t/each,TfNSW Engineering Carbon and Cost Library (ECCL) L5,,,
Australia,Substructure and Pavements,Sprayed Bituminous Surfacing (with cutback bitumen),AMC00,0,t/litre,TfNSW Engineering Carbon and Cost Library (ECCL) L5,,,
Australia,Substructure and Pavements,Sprayed Bituminous Surfacing (with cutback bitumen),AMC0,0,t/litre,TfNSW Engineering Carbon and Cost Library (ECCL) L5,,,
Australia,Substructure and Pavements,Sprayed Bituminous Surfacing (with cutback bitumen),AMC1,0,t/litre,TfNSW Engineering Carbon and Cost Library (ECCL) L5,,,
Australia,Substructure and Pavements,Sprayed Bituminous Surfacing (with cutback bitumen),AMC2,0,t/litre,TfNSW Engineering Carbon and Cost Library (ECCL) L5,,,
Australia,Substructure and Pavements,Sprayed Bituminous Surfacing (with cutback bitumen),AMC3,0,t/litre,TfNSW Engineering Carbon and Cost Library (ECCL) L5,,,
Australia,Substructure and Pavements,Sprayed Bituminous Surfacing (with cutback bitumen),AMC4,0,t/litre,TfNSW Engineering Carbon and Cost Library (ECCL) L5,,,
Australia,Substructure and Pavements,Sprayed Bituminous Surfacing (with cutback bitumen),Field Cutback Primer/Primerbinder,0,t/litre,TfNSW Engineering Carbon and Cost Library (ECCL) L5,,,
Australia,Substructure and Pavements,Sprayed Bituminous Surfacing (with cutback bitumen),Supply and Spray Binder - Class 170 Bitumen (including Adhesion Agent where required and Preparation of Surface),0,t/litre,TfNSW Engineering Carbon and Cost Library (ECCL) L5,,,
Australia,Substructure and Pavements,Sprayed Bituminous Surfacing (with cutback bitumen),Supply and Spray Binder - Class 320 Bitumen (including Adhesion Agent where required and Preparation of Surface),0,t/litre,TfNSW Engineering Carbon and Cost Library (ECCL) L5,,,
Australia,Substructure and Pavements,Sprayed Bituminous Surfacing (with cutback bitumen),Supply and Spray Binder – Multigrade 600/170 Bitumen (including Adhesion Agent where required and Preparation of Surface),0,t/litre,TfNSW Engineering Carbon and Cost Library (ECCL) L5,,,
Australia,Substructure and Pavements,Sprayed Bituminous Surfacing (with cutback bitumen),"Supply, Incorporate and Spray Cutter Oil in Binder",0,t/litre,TfNSW Engineering Carbon and Cost Library (ECCL) L5,,,
Australia,Substructure and Pavements,Sprayed Bituminous Surfacing (with cutback bitumen),"Supply, Incorporate and Spray Flux Oil in Binder",0,t/litre,TfNSW Engineering Carbon and Cost Library (ECCL) L5,,,
Australia,Substructure and Pavements,Sprayed Bituminous Surfacing (with cutback bitumen),5 mm Aggregate (Precoated),1.81,t/m3,TfNSW Engineering Carbon and Cost Library (ECCL) L5,,,
Australia,Substructure and Pavements,Sprayed Bituminous Surfacing (with cutback bitumen),7 mm Aggregate (Precoated),1.81,t/m3,TfNSW Engineering Carbon and Cost Library (ECCL) L5,,,
Australia,Substructure and Pavements,Sprayed Bituminous Surfacing (with cutback bitumen),10 mm Aggregate (Precoated),1.81,t/m3,TfNSW Engineering Carbon and Cost Library (ECCL) L5,,,
Australia,Substructure and Pavements,Sprayed Bituminous Surfacing (with cutback bitumen),14 mm Aggregate (Precoated),1.81,t/m3,TfNSW Engineering Carbon and Cost Library (ECCL) L5,,,
Australia,Substructure and Pavements,Sprayed Bituminous Surfacing (with cutback bitumen),Geotextile,0,t/m2,TfNSW Engineering Carbon and Cost Library (ECCL) L5,,,
Australia,Substructure and Pavements,Sprayed Bituminous Surfacing (with polymer modified bitumen),Supply and Spray Polymer Modified Bitumen (including Adhesion Agent where required and Preparation of Surface),0,t/litre,TfNSW Engineering Carbon and Cost Library (ECCL) L5,,,
Australia,Substructure and Pavements,Sprayed Bituminous Surfacing (with polymer modified bitumen),"Supply, Incorporate and Spray Cutter Oil in Binder",0,t/litre,TfNSW Engineering Carbon and Cost Library (ECCL) L5,,,
Australia,Substructure and Pavements,Sprayed Bituminous Surfacing (with polymer modified bitumen),Supply and Spray Binder - Class 170 Bitumen (including Adhesion Agent where required and Preparation of Surface),0,t/litre,TfNSW Engineering Carbon and Cost Library (ECCL) L5,,,
Australia,Substructure and Pavements,Sprayed Bituminous Surfacing (with polymer modified bitumen),5 mm Aggregate (Precoated),1.81,t/m3,TfNSW Engineering Carbon and Cost Library (ECCL) L5,,,
Australia,Substructure and Pavements,Sprayed Bituminous Surfacing (with polymer modified bitumen),7 mm Aggregate (Precoated),1.81,t/m3,TfNSW Engineering Carbon and Cost Library (ECCL) L5,,,
Australia,Substructure and Pavements,Sprayed Bituminous Surfacing (with polymer modified bitumen),10 mm Aggregate (Precoated),1.81,t/m3,TfNSW Engineering Carbon and Cost Library (ECCL) L5,,,
Australia,Substructure and Pavements,Sprayed Bituminous Surfacing (with polymer modified bitumen),14 mm Aggregate (Precoated),1.81,t/m3,TfNSW Engineering Carbon and Cost Library (ECCL) L5,,,
Australia,Substructure and Pavements,Sprayed Bituminous Surfacing (with polymer modified bitumen),Supply and Incorporate Geotextile,0,t/m2,TfNSW Engineering Carbon and Cost Library (ECCL) L5,,,
Australia,Substructure and Pavements,Bituminous Slurry Surfacing,Surface Preparation,-   ,t/m2,TfNSW Engineering Carbon and Cost Library (ECCL) L5,,,
Australia,Substructure and Pavements,Bituminous Slurry Surfacing,3 mm Nominal Size,1.52,t/m3,TfNSW Engineering Carbon and Cost Library (ECCL) L5,,,
Australia,Substructure and Pavements,Bituminous Slurry Surfacing,4 mm Nominal Size,1.52,t/m3,TfNSW Engineering Carbon and Cost Library (ECCL) L5,,,
Australia,Substructure and Pavements,Bituminous Slurry Surfacing,5 mm Nominal Size,1.52,t/m3,TfNSW Engineering Carbon and Cost Library (ECCL) L5,,,
Australia,Substructure and Pavements,Bituminous Slurry Surfacing,7 mm Nominal Size,1.52,t/m3,TfNSW Engineering Carbon and Cost Library (ECCL) L5,,,
Australia,Substructure and Pavements,Bituminous Slurry Surfacing,10 mm Nominal Size,1.52,t/m3,TfNSW Engineering Carbon and Cost Library (ECCL) L5,,,
Australia,Substructure and Pavements,Bituminous Slurry Surfacing,3 mm Nominal Size,-   ,t/m2,TfNSW Engineering Carbon and Cost Library (ECCL) L5,,,
Australia,Substructure and Pavements,Bituminous Slurry Surfacing,4 mm Nominal Size,-   ,t/m2,TfNSW Engineering Carbon and Cost Library (ECCL) L5,,,
Australia,Substructure and Pavements,Bituminous Slurry Surfacing,5 mm Nominal Size,-   ,t/m2,TfNSW Engineering Carbon and Cost Library (ECCL) L5,,,
Australia,Substructure and Pavements,Bituminous Slurry Surfacing,7 mm Nominal Size,-   ,t/m2,TfNSW Engineering Carbon and Cost Library (ECCL) L5,,,
Australia,Substructure and Pavements,Bituminous Slurry Surfacing,10 mm Nominal Size,-   ,t/m2,TfNSW Engineering Carbon and Cost Library (ECCL) L5,,,
Australia,Substructure and Pavements,Coloured Surface Coatings for Bus Lanes and Cycleways,Preparation of Surface,-   ,t/m2,TfNSW Engineering Carbon and Cost Library (ECCL) L5,,,
Australia,Substructure and Pavements,Coloured Surface Coatings for Bus Lanes and Cycleways,Red,0.01,t/m2,TfNSW Engineering Carbon and Cost Library (ECCL) L5,,,
Australia,Substructure and Pavements,Coloured Surface Coatings for Bus Lanes and Cycleways,Green,0.01,t/m2,TfNSW Engineering Carbon and Cost Library (ECCL) L5,,,
Australia,Substructure and Pavements,Sprayed Bituminous Surfacing (with bitumen emulsion),Seal or Reseal (1.2 litres per m2),0,t/litre,TfNSW Engineering Carbon and Cost Library (ECCL) L5,,,
Australia,Substructure and Pavements,Sprayed Bituminous Surfacing (with bitumen emulsion),Curing Membrane,0,t/litre,TfNSW Engineering Carbon and Cost Library (ECCL) L5,,,
Australia,Substructure and Pavements,Sprayed Bituminous Surfacing (with bitumen emulsion),5 mm Aggregate (Precoated),2,t/m3,TfNSW Engineering Carbon and Cost Library (ECCL) L5,,,
Australia,Substructure and Pavements,Sprayed Bituminous Surfacing (with bitumen emulsion),7 mm Aggregate (Precoated),2,t/m3,TfNSW Engineering Carbon and Cost Library (ECCL) L5,,,
Australia,Substructure and Pavements,Sprayed Bituminous Surfacing (with bitumen emulsion),10 mm Aggregate (Precoated),2,t/m3,TfNSW Engineering Carbon and Cost Library (ECCL) L5,,,
Australia,Substructure and Pavements,Sprayed Bituminous Surfacing (with bitumen emulsion),14 mm Aggregate (Precoated),2,t/m3,TfNSW Engineering Carbon and Cost Library (ECCL) L5,,,
Australia,Substructure and Pavements,Sprayed Bituminous Surfacing (for enrichment & rejuvenation),AMC00,0,t/litre,TfNSW Engineering Carbon and Cost Library (ECCL) L5,,,
Australia,Substructure and Pavements,Sprayed Bituminous Surfacing (for enrichment & rejuvenation),AMC0,0,t/litre,TfNSW Engineering Carbon and Cost Library (ECCL) L5,,,
Australia,Substructure and Pavements,Sprayed Bituminous Surfacing (for enrichment & rejuvenation),AMC1,0,t/litre,TfNSW Engineering Carbon and Cost Library (ECCL) L5,,,
Australia,Substructure and Pavements,Sprayed Bituminous Surfacing (for enrichment & rejuvenation),AMC2,0,t/litre,TfNSW Engineering Carbon and Cost Library (ECCL) L5,,,
Australia,Substructure and Pavements,Sprayed Bituminous Surfacing (for enrichment & rejuvenation),AMC3,0,t/litre,TfNSW Engineering Carbon and Cost Library (ECCL) L5,,,
Australia,Substructure and Pavements,Sprayed Bituminous Surfacing (for enrichment & rejuvenation),Supply and Spray Binder - Class 170 Bitumen (Including Preparation of Surface),0,t/litre,TfNSW Engineering Carbon and Cost Library (ECCL) L5,,,
Australia,Substructure and Pavements,Sprayed Bituminous Surfacing (for enrichment & rejuvenation),Supply and Spray Bitumen Emulsion (Including Preparation of Surface),0,t/litre,TfNSW Engineering Carbon and Cost Library (ECCL) L5,,,
Australia,Substructure and Pavements,Sprayed Bituminous Surfacing (for enrichment & rejuvenation),"Supply, Incorporate and Spray Cutter Oil in Binder",0,t/litre,TfNSW Engineering Carbon and Cost Library (ECCL) L5,,,
Australia,Substructure and Pavements,Sprayed Bituminous Surfacing (for enrichment & rejuvenation),Supply and Spray Rejuvenating Agent (Including Preparation of Surface),0,t/litre,TfNSW Engineering Carbon and Cost Library (ECCL) L5,,,
Australia,Substructure and Pavements,Sprayed Bituminous Surfacing (for enrichment & rejuvenation),"Supply, Apply and Incorporate Sand",1.7,t/m3,TfNSW Engineering Carbon and Cost Library (ECCL) L5,,,
Australia,Substructure and Pavements,Sprayed Bituminous Surfacing (with fibre reinforcement),Supply and Spray Emulsion Binder (Including Preparation of Surface and Incorporation of Fibre Reinforcement),0,t/litre,TfNSW Engineering Carbon and Cost Library (ECCL) L5,,,
Australia,Substructure and Pavements,Sprayed Bituminous Surfacing (with fibre reinforcement),5 mm Aggregate,2,t/m3,TfNSW Engineering Carbon and Cost Library (ECCL) L5,,,
Australia,Substructure and Pavements,Sprayed Bituminous Surfacing (with fibre reinforcement),7 mm Aggregate,2,t/m3,TfNSW Engineering Carbon and Cost Library (ECCL) L5,,,
Australia,Substructure and Pavements,Sprayed Bituminous Surfacing (with fibre reinforcement),10 mm Aggregate,2,t/m3,TfNSW Engineering Carbon and Cost Library (ECCL) L5,,,
Australia,Substructure and Pavements,Sprayed Bituminous Surfacing (with fibre reinforcement),14 mm Aggregate,2,t/m3,TfNSW Engineering Carbon and Cost Library (ECCL) L5,,,
Australia,Substructure and Pavements,Heavy Duty Dense Graded Asphalt,Tackcoat,0,t/litre,TfNSW Engineering Carbon and Cost Library (ECCL) L5,,,
Australia,Substructure and Pavements,Heavy Duty Dense Graded Asphalt,5 mm Nominal Size,1,t/t,TfNSW Engineering Carbon and Cost Library (ECCL) L5,,,
Australia,Substructure and Pavements,Heavy Duty Dense Graded Asphalt,7 mm Nominal size,1,t/t,TfNSW Engineering Carbon and Cost Library (ECCL) L5,,,
Australia,Substructure and Pavements,Heavy Duty Dense Graded Asphalt,10 mm Nominal Size,1,t/t,TfNSW Engineering Carbon and Cost Library (ECCL) L5,,,
Australia,Substructure and Pavements,Heavy Duty Dense Graded Asphalt,14 mm Nominal Size,1,t/t,TfNSW Engineering Carbon and Cost Library (ECCL) L5,,,
Australia,Substructure and Pavements,Heavy Duty Dense Graded Asphalt,20 mm Nominal Size,1,t/t,TfNSW Engineering Carbon and Cost Library (ECCL) L5,,,
Australia,Substructure and Pavements,Heavy Duty Dense Graded Asphalt,"10 mm Nominal Size, … mm thick",1,t/t,TfNSW Engineering Carbon and Cost Library (ECCL) L5,,,
Australia,Substructure and Pavements,Heavy Duty Dense Graded Asphalt,"14 mm Nominal Size, … mm thick",1,t/t,TfNSW Engineering Carbon and Cost Library (ECCL) L5,,,
Australia,Substructure and Pavements,Heavy Duty Dense Graded Asphalt,"20 mm Nominal Size, … mm thick",1,t/t,TfNSW Engineering Carbon and Cost Library (ECCL) L5,,,
Australia,Substructure and Pavements,Heavy Duty Dense Graded Asphalt,"28 mm Nominal Size, … mm thick",1,t/t,TfNSW Engineering Carbon and Cost Library (ECCL) L5,,,
Australia,Substructure and Pavements,Heavy Duty Dense Graded Asphalt,Cold Mix,-   ,t/t,TfNSW Engineering Carbon and Cost Library (ECCL) L5,,,
Australia,Substructure and Pavements,Heavy Duty Dense Graded Asphalt,Fine Gap Graded,-   ,t/t,TfNSW Engineering Carbon and Cost Library (ECCL) L5,,,
Australia,Substructure and Pavements,Heavy Duty Dense Graded Asphalt,Proprietary Mix,-   ,t/t,TfNSW Engineering Carbon and Cost Library (ECCL) L5,,,
Australia,Substructure and Pavements,Heavy Duty Dense Graded Asphalt,"5 mm Nominal Size, … mm thick",1,t/t,TfNSW Engineering Carbon and Cost Library (ECCL) L5,,,
Australia,Substructure and Pavements,Heavy Duty Dense Graded Asphalt,"7 mm Nominal Size, … mm thick",1,t/t,TfNSW Engineering Carbon and Cost Library (ECCL) L5,,,
Australia,Substructure and Pavements,Heavy Duty Dense Graded Asphalt,"10 mm Nominal Size, … mm thick",1,t/t,TfNSW Engineering Carbon and Cost Library (ECCL) L5,,,
Australia,Substructure and Pavements,Heavy Duty Dense Graded Asphalt,"14 mm Nominal Size, … mm thick",1,t/t,TfNSW Engineering Carbon and Cost Library (ECCL) L5,,,
Australia,Substructure and Pavements,Heavy Duty Dense Graded Asphalt,Cold Mix,-   ,t/t,TfNSW Engineering Carbon and Cost Library (ECCL) L5,,,
Australia,Substructure and Pavements,Heavy Duty Dense Graded Asphalt,Fine Gap Graded,-   ,t/t,TfNSW Engineering Carbon and Cost Library (ECCL) L5,,,
Australia,Substructure and Pavements,Heavy Duty Dense Graded Asphalt,Proprietary Mix,-   ,t/t,TfNSW Engineering Carbon and Cost Library (ECCL) L5,,,
Australia,Substructure and Pavements,Heavy Duty Dense Graded Asphalt,5 mm Nominal Size,1,t/t,TfNSW Engineering Carbon and Cost Library (ECCL) L5,,,
Australia,Substructure and Pavements,Heavy Duty Dense Graded Asphalt,7 mm Nominal Size,1,t/t,TfNSW Engineering Carbon and Cost Library (ECCL) L5,,,
Australia,Substructure and Pavements,Heavy Duty Dense Graded Asphalt,10 mm Nominal Size,1,t/t,TfNSW Engineering Carbon and Cost Library (ECCL) L5,,,
Australia,Substructure and Pavements,Heavy Duty Dense Graded Asphalt,14 mm Nominal Size,1,t/t,TfNSW Engineering Carbon and Cost Library (ECCL) L5,,,
Australia,Substructure and Pavements,Heavy Duty Dense Graded Asphalt,5 mm Nominal Size,1,t/t,TfNSW Engineering Carbon and Cost Library (ECCL) L5,,,
Australia,Substructure and Pavements,Heavy Duty Dense Graded Asphalt,7 mm Nominal Size,1,t/t,TfNSW Engineering Carbon and Cost Library (ECCL) L5,,,
Australia,Substructure and Pavements,Heavy Duty Dense Graded Asphalt,10 mm Nominal Size,1,t/t,TfNSW Engineering Carbon and Cost Library (ECCL) L5,,,
Australia,Substructure and Pavements,Heavy Duty Dense Graded Asphalt,14 mm Nominal Size,1,t/t,TfNSW Engineering Carbon and Cost Library (ECCL) L5,,,
Australia,Substructure and Pavements,Heavy Duty Dense Graded Asphalt,Resilient Modulus Test,-   ,t/each mix,TfNSW Engineering Carbon and Cost Library (ECCL) L5,,,
Australia,Substructure and Pavements,Heavy Duty Dense Graded Asphalt,Wheel Tracking Test,-   ,t/each mix,TfNSW Engineering Carbon and Cost Library (ECCL) L5,,,
Australia,Substructure and Pavements,Light Duty Dense Graded Asphalt,Supply and Application of Tackcoat (Including Preparation of Surface),0,t/litre,TfNSW Engineering Carbon and Cost Library (ECCL) L5,,,
Australia,Substructure and Pavements,Light Duty Dense Graded Asphalt,5 mm Nominal Size,1,t/t,TfNSW Engineering Carbon and Cost Library (ECCL) L5,,,
Australia,Substructure and Pavements,Light Duty Dense Graded Asphalt,7 mm Nominal Size,1,t/t,TfNSW Engineering Carbon and Cost Library (ECCL) L5,,,
Australia,Substructure and Pavements,Light Duty Dense Graded Asphalt,10 mm Nominal Size,1,t/t,TfNSW Engineering Carbon and Cost Library (ECCL) L5,,,
Australia,Substructure and Pavements,Light Duty Dense Graded Asphalt,14 mm Nominal Size,1,t/t,TfNSW Engineering Carbon and Cost Library (ECCL) L5,,,
Australia,Substructure and Pavements,Light Duty Dense Graded Asphalt,20 mm Nominal Size,1,t/t,TfNSW Engineering Carbon and Cost Library (ECCL) L5,,,
Australia,Substructure and Pavements,Light Duty Dense Graded Asphalt,10 mm Nominal Size,1,t/t,TfNSW Engineering Carbon and Cost Library (ECCL) L5,,,
Australia,Substructure and Pavements,Light Duty Dense Graded Asphalt,14 mm Nominal Size,1,t/t,TfNSW Engineering Carbon and Cost Library (ECCL) L5,,,
Australia,Substructure and Pavements,Light Duty Dense Graded Asphalt,20 mm Nominal Size,1,t/t,TfNSW Engineering Carbon and Cost Library (ECCL) L5,,,
Australia,Substructure and Pavements,Light Duty Dense Graded Asphalt,5 mm Nominal Size,1,t/t,TfNSW Engineering Carbon and Cost Library (ECCL) L5,,,
Australia,Substructure and Pavements,Light Duty Dense Graded Asphalt,7 mm Nominal Size,1,t/t,TfNSW Engineering Carbon and Cost Library (ECCL) L5,,,
Australia,Substructure and Pavements,Light Duty Dense Graded Asphalt,10 mm Nominal Size,1,t/t,TfNSW Engineering Carbon and Cost Library (ECCL) L5,,,
Australia,Substructure and Pavements,Light Duty Dense Graded Asphalt,14 mm Nominal Size,1,t/t,TfNSW Engineering Carbon and Cost Library (ECCL) L5,,,
Australia,Substructure and Pavements,Light Duty Dense Graded Asphalt,Footpath mix,1,t/t,TfNSW Engineering Carbon and Cost Library (ECCL) L5,,,
Australia,Substructure and Pavements,Light Duty Dense Graded Asphalt,5 mm Nominal Size,1,t/t,TfNSW Engineering Carbon and Cost Library (ECCL) L5,,,
Australia,Substructure and Pavements,Light Duty Dense Graded Asphalt,7 mm Nominal Size,1,t/t,TfNSW Engineering Carbon and Cost Library (ECCL) L5,,,
Australia,Substructure and Pavements,Light Duty Dense Graded Asphalt,10 mm Nominal Size,1,t/t,TfNSW Engineering Carbon and Cost Library (ECCL) L5,,,
Australia,Substructure and Pavements,Light Duty Dense Graded Asphalt,14 mm Nominal Size,1,t/t,TfNSW Engineering Carbon and Cost Library (ECCL) L5,,,
Australia,Substructure and Pavements,Light Duty Dense Graded Asphalt,Footpath mix,1,t/t,TfNSW Engineering Carbon and Cost Library (ECCL) L5,,,
Australia,Substructure and Pavements,Light Duty Dense Graded Asphalt,5 mm Nominal Size,1,t/t,TfNSW Engineering Carbon and Cost Library (ECCL) L5,,,
Australia,Substructure and Pavements,Light Duty Dense Graded Asphalt,7 mm Nominal Size,1,t/t,TfNSW Engineering Carbon and Cost Library (ECCL) L5,,,
Australia,Substructure and Pavements,Light Duty Dense Graded Asphalt,10 mm Nominal Size,1,t/t,TfNSW Engineering Carbon and Cost Library (ECCL) L5,,,
Australia,Substructure and Pavements,Light Duty Dense Graded Asphalt,14 mm Nominal Size,1,t/t,TfNSW Engineering Carbon and Cost Library (ECCL) L5,,,
Australia,Substructure and Pavements,Light Duty Dense Graded Asphalt,Footpath mix,1,t/t,TfNSW Engineering Carbon and Cost Library (ECCL) L5,,,
Australia,Substructure and Pavements,Crumb Rubber Asphalt,Supply and Application of Tackcoat (Including Preparation of Surface),0,t/litre,TfNSW Engineering Carbon and Cost Library (ECCL) L5,,,
Australia,Substructure and Pavements,Crumb Rubber Asphalt,10 mm Nominal Size,1,t/t,TfNSW Engineering Carbon and Cost Library (ECCL) L5,,,
Australia,Substructure and Pavements,Crumb Rubber Asphalt,14 mm Nominal Size,1,t/t,TfNSW Engineering Carbon and Cost Library (ECCL) L5,,,
Australia,Substructure and Pavements,Crumb Rubber Asphalt,10 mm Nominal Size,1,t/t,TfNSW Engineering Carbon and Cost Library (ECCL) L5,,,
Australia,Substructure and Pavements,Crumb Rubber Asphalt,14 mm Nominal Size,1,t/t,TfNSW Engineering Carbon and Cost Library (ECCL) L5,,,
Australia,Substructure and Pavements,Crumb Rubber Asphalt,10 mm Nominal Size,1,t/t,TfNSW Engineering Carbon and Cost Library (ECCL) L5,,,
Australia,Substructure and Pavements,Crumb Rubber Asphalt,14 mm Nominal Size,1,t/t,TfNSW Engineering Carbon and Cost Library (ECCL) L5,,,
Australia,Substructure and Pavements,Crumb Rubber Asphalt,10 mm Nominal Size,1,t/t,TfNSW Engineering Carbon and Cost Library (ECCL) L5,,,
Australia,Substructure and Pavements,Crumb Rubber Asphalt,14 mm Nominal Size,1,t/t,TfNSW Engineering Carbon and Cost Library (ECCL) L5,,,
Australia,Substructure and Pavements,Crumb Rubber Asphalt,Wheel Tracking Test,-   ,t/each mix,TfNSW Engineering Carbon and Cost Library (ECCL) L5,,,
Australia,Substructure and Pavements,Open Graded Asphalt,Supply and Application of Tack Coat (Including Preparation of Surface),0,t/litre,TfNSW Engineering Carbon and Cost Library (ECCL) L5,,,
Australia,Substructure and Pavements,Open Graded Asphalt,10 mm Nominal Size,1,t/t,TfNSW Engineering Carbon and Cost Library (ECCL) L5,,,
Australia,Substructure and Pavements,Open Graded Asphalt,14 mm Nominal Size,1,t/t,TfNSW Engineering Carbon and Cost Library (ECCL) L5,,,
Australia,Substructure and Pavements,Open Graded Asphalt,10 mm Nominal Size,1,t/t,TfNSW Engineering Carbon and Cost Library (ECCL) L5,,,
Australia,Substructure and Pavements,Open Graded Asphalt,14 mm Nominal Size,1,t/t,TfNSW Engineering Carbon and Cost Library (ECCL) L5,,,
Australia,Substructure and Pavements,Stone Mastic Asphalt,Preparation of Surface,-   ,t/m2,TfNSW Engineering Carbon and Cost Library (ECCL) L5,,,
Australia,Substructure and Pavements,Stone Mastic Asphalt,10 mm Nominal Size,1,t/t,TfNSW Engineering Carbon and Cost Library (ECCL) L5,,,
Australia,Substructure and Pavements,Stone Mastic Asphalt,14 mm Nominal Size,1,t/t,TfNSW Engineering Carbon and Cost Library (ECCL) L5,,,
Australia,Substructure and Pavements,Thin Open Graded Asphalt Surfacing,Preparation of Surface,-   ,t/m2,TfNSW Engineering Carbon and Cost Library (ECCL) L5,,,
Australia,Substructure and Pavements,Thin Open Graded Asphalt Surfacing,10 mm Nominal Size,1.02,t/t,TfNSW Engineering Carbon and Cost Library (ECCL) L5,,,
Australia,Substructure and Pavements,High Modulus Asphalt (EME2),Tackcoat,0,t/litre,TfNSW Engineering Carbon and Cost Library (ECCL) L5,,,
Australia,Substructure and Pavements,High Modulus Asphalt (EME2),14 mm Nominal Size,0.97,t/t,TfNSW Engineering Carbon and Cost Library (ECCL) L5,,,
Australia,Substructure and Pavements,High Modulus Asphalt (EME2),14 mm Nominal Size,0.97,t/t,TfNSW Engineering Carbon and Cost Library (ECCL) L5,,,
Australia,Substructure and Pavements,High Modulus Asphalt (EME2),14 mm Nominal Size,0.97,t/t,TfNSW Engineering Carbon and Cost Library (ECCL) L5,,,
Australia,Services and Equipment,Safety Barrier Systems,MASH TL 3 Steel Rail Safety Barrier,0.03,t/m,TfNSW Engineering Carbon and Cost Library (ECCL) L5,,,
Australia,Services and Equipment,Safety Barrier Systems,MASH TL4 Steel Rail Safety Barrier,0.03,t/m,TfNSW Engineering Carbon and Cost Library (ECCL) L5,,,
Australia,Services and Equipment,Safety Barrier Systems,Post Holes at 400mm Diameter (Item with provisional quantity),0.29,t/each,TfNSW Engineering Carbon and Cost Library (ECCL) L5,,,
Australia,Services and Equipment,Safety Barrier Systems,MASH TL 3 Wire Rope Safety Barrier,0.01,t/m,TfNSW Engineering Carbon and Cost Library (ECCL) L5,,,
Australia,Services and Equipment,Safety Barrier Systems,MASH TL 4 Wire Rope Safety Barrier,0.01,t/m,TfNSW Engineering Carbon and Cost Library (ECCL) L5,,,
Australia,Services and Equipment,Safety Barrier Systems,Construction of Plastic Safety Barriers,0,t/m,TfNSW Engineering Carbon and Cost Library (ECCL) L5,,,
Australia,Services and Equipment,Safety Barrier Systems,Concrete Barrier - Type F Full,0.75,t/m,TfNSW Engineering Carbon and Cost Library (ECCL) L5,,,
Australia,Services and Equipment,Safety Barrier Systems,Concrete Barrier - Type F Half,0.7,t/m,TfNSW Engineering Carbon and Cost Library (ECCL) L5,,,
Australia,Services and Equipment,Safety Barrier Systems,Concrete Barrier - Type F Single,0.75,t/m,TfNSW Engineering Carbon and Cost Library (ECCL) L5,,,
Australia,Services and Equipment,Safety Barrier Systems,Concrete Barrier - Vertical Full,0.75,t/m,TfNSW Engineering Carbon and Cost Library (ECCL) L5,,,
Australia,Services and Equipment,Safety Barrier Systems,Concrete Barrier - Vertical Half,0.7,t/m,TfNSW Engineering Carbon and Cost Library (ECCL) L5,,,
Australia,Services and Equipment,Bowe Kerbs,Concrete Barrier - Bowe Kerb - nearside,0.53,t/m,TfNSW Engineering Carbon and Cost Library (ECCL) L5,,,
Australia,Services and Equipment,Bowe Kerbs,Bowe Kerb - median (continuous keyed foundation),0.76,t/m,TfNSW Engineering Carbon and Cost Library (ECCL) L5,,,
Australia,Services and Equipment,Bowe Kerbs,Bowe Kerb - median (dowels),0.53,t/m,TfNSW Engineering Carbon and Cost Library (ECCL) L5,,,
Australia,Services and Equipment,Terminal,ET-SS Terminal,0.38,t/each,TfNSW Engineering Carbon and Cost Library (ECCL) L5,,,
Australia,Services and Equipment,Terminal,Trailing Terminal,0.06,t/each,TfNSW Engineering Carbon and Cost Library (ECCL) L5,,,
Australia,Services and Equipment,Terminal,MSKT (MASH Sequential Kinking Terminal),0.39,t/each,TfNSW Engineering Carbon and Cost Library (ECCL) L5,,,
Australia,Services and Equipment,Terminal,Max-Tension Terminal,0.55,t/each,TfNSW Engineering Carbon and Cost Library (ECCL) L5,,,
Australia,Services and Equipment,Terminal,Trend Median Terminal,0.69,t/each,TfNSW Engineering Carbon and Cost Library (ECCL) L5,,,
Australia,Services and Equipment,Safety Barrier Systems,UNIVERSAL TAU-M Crash Cushion,1.58,t/each,TfNSW Engineering Carbon and Cost Library (ECCL) L5,,,
Australia,Services and Equipment,Safety Barrier Systems,HERCULES Crash Cushion,1.02,t/each,TfNSW Engineering Carbon and Cost Library (ECCL) L5,,,
Australia,Services and Equipment,Safety Barrier Systems,QUADGUARD Elite M10 Crash Cushion,2,t/each,TfNSW Engineering Carbon and Cost Library (ECCL) L5,,,
Australia,Services and Equipment,Safety Barrier Systems,QUADGUARD M10 Crash Cushion,2,t/each,TfNSW Engineering Carbon and Cost Library (ECCL) L5,,,
Australia,Services and Equipment,Safety Barrier Systems,SMART Crash Cushion,1.57,t/each,TfNSW Engineering Carbon and Cost Library (ECCL) L5,,,
Australia,Services and Equipment,Safety Barrier Systems,Ingal RBT (Rigid Barrier Transition),0.25,t/each,TfNSW Engineering Carbon and Cost Library (ECCL) L5,,,
Australia,Services and Equipment,Safety Barrier Systems,RAMSHIELD Transition,0.14,t/each,TfNSW Engineering Carbon and Cost Library (ECCL) L5,,,
Australia,Services and Equipment,Safety Barrier Systems,HighwayGuard Safety Barrier,0.1,t/m,TfNSW Engineering Carbon and Cost Library (ECCL) L5,,,
Australia,Services and Equipment,Safety Barrier Systems,HighwayGuard LDS Steel Safety Barrier,0.1,t/m,TfNSW Engineering Carbon and Cost Library (ECCL) L5,,,
Australia,Services and Equipment,Safety Barrier Systems,SafeZone LDS Safety Barrier,0.09,t/m,TfNSW Engineering Carbon and Cost Library (ECCL) L5,,,
Australia,Services and Equipment,Safety Barrier Systems,SafeZone Safety Barrier,0.09,t/m,TfNSW Engineering Carbon and Cost Library (ECCL) L5,,,
Australia,Services and Equipment,Safety Barrier Systems,BG800 Safety Barrier,0.09,t/m,TfNSW Engineering Carbon and Cost Library (ECCL) L5,,,
Australia,Services and Equipment,Safety Barrier Systems,BG800 MDS Safety Barrier,0.09,t/m,TfNSW Engineering Carbon and Cost Library (ECCL) L5,,,
Australia,Services and Equipment,Safety Barrier Systems,HighwayGuard MDS Steel Safety Barrier,0.1,t/m,TfNSW Engineering Carbon and Cost Library (ECCL) L5,,,
Australia,Services and Equipment,Safety Barrier Systems,SafeZone MDS Safety Barrier,0.09,t/m,TfNSW Engineering Carbon and Cost Library (ECCL) L5,,,
Australia,Services and Equipment,Safety Barrier Systems,BG800 LDS Safety Barrier,0.09,t/m,TfNSW Engineering Carbon and Cost Library (ECCL) L5,,,
Australia,Services and Equipment,Sign removal,Remove Regulatory Sign - 300mm x 300mm,-   ,t/each,TfNSW Engineering Carbon and Cost Library (ECCL) L5,,,
Australia,Services and Equipment,Sign removal,Remove Regulatory Sign - 450mm x 450mm,-   ,t/each,TfNSW Engineering Carbon and Cost Library (ECCL) L5,,,
Australia,Services and Equipment,Sign removal,Remove Regulatory Sign - 600mm x 600mm,-   ,t/each,TfNSW Engineering Carbon and Cost Library (ECCL) L5,,,
Australia,Services and Equipment,Sign removal,Remove Regulatory Sign - 750mm x 750mm,-   ,t/each,TfNSW Engineering Carbon and Cost Library (ECCL) L5,,,
Australia,Services and Equipment,Sign removal,Remove Regulatory Sign - 900mm x 900mm,-   ,t/each,TfNSW Engineering Carbon and Cost Library (ECCL) L5,,,
Australia,Services and Equipment,Sign removal,Remove Regulatory Sign - 1200mm x 1200mm,-   ,t/each,TfNSW Engineering Carbon and Cost Library (ECCL) L5,,,
Australia,Services and Equipment,Sign removal,Remove Warning Sign - 600mm x 600mm,-   ,t/each,TfNSW Engineering Carbon and Cost Library (ECCL) L5,,,
Australia,Services and Equipment,Sign removal,Remove Warning Sign - 750mm x 750mm,-   ,t/each,TfNSW Engineering Carbon and Cost Library (ECCL) L5,,,
Australia,Services and Equipment,Sign removal,Remove Warning Sign - 900mm x 900mm,-   ,t/each,TfNSW Engineering Carbon and Cost Library (ECCL) L5,,,
Australia,Services and Equipment,Sign removal,Remove Warning Sign - 1200mm x 1200mm,-   ,t/each,TfNSW Engineering Carbon and Cost Library (ECCL) L5,,,
Australia,Services and Equipment,Sign removal,Remove Warning Sign - 1400mm x 1800mm,-   ,t/each,TfNSW Engineering Carbon and Cost Library (ECCL) L5,,,
Australia,Services and Equipment,Sign removal,Remove Warning Sign - 1500mm x 3000mm,-   ,t/each,TfNSW Engineering Carbon and Cost Library (ECCL) L5,,,
Australia,Services and Equipment,Sign removal,Remove Guide Sign - <500mm x <500mm,-   ,t/each,TfNSW Engineering Carbon and Cost Library (ECCL) L5,,,
Australia,Services and Equipment,Sign removal,Remove Guide Sign - <1000mm x <500mm,-   ,t/each,TfNSW Engineering Carbon and Cost Library (ECCL) L5,,,
Australia,Services and Equipment,Sign removal,Remove Guide Sign - <1000mm x <1000mm,-   ,t/each,TfNSW Engineering Carbon and Cost Library (ECCL) L5,,,
Australia,Services and Equipment,Sign removal,Remove Guide Sign - <2000mm x <500mm,-   ,t/each,TfNSW Engineering Carbon and Cost Library (ECCL) L5,,,
Australia,Services and Equipment,Sign removal,Remove Guide Sign - <2000mm x <1000mm,-   ,t/each,TfNSW Engineering Carbon and Cost Library (ECCL) L5,,,
Australia,Services and Equipment,Sign removal,Remove Guide Sign - <2000mm x <2000mm,-   ,t/each,TfNSW Engineering Carbon and Cost Library (ECCL) L5,,,
Australia,Services and Equipment,Sign removal,Remove Guide Sign - <3000mm x <500mm,-   ,t/each,TfNSW Engineering Carbon and Cost Library (ECCL) L5,,,
Australia,Services and Equipment,Sign removal,Remove Guide Sign - <3000mm x <1000mm,-   ,t/each,TfNSW Engineering Carbon and Cost Library (ECCL) L5,,,
Australia,Services and Equipment,Sign removal,Remove Guide Sign - <3000mm x <2000mm,-   ,t/each,TfNSW Engineering Carbon and Cost Library (ECCL) L5,,,
Australia,Services and Equipment,Sign removal,Remove Guide Sign - <3000mm x <3000mm,-   ,t/each,TfNSW Engineering Carbon and Cost Library (ECCL) L5,,,
Australia,Services and Equipment,Sign removal,Remove Guide Sign - <4000mm x <1000mm,-   ,t/each,TfNSW Engineering Carbon and Cost Library (ECCL) L5,,,
Australia,Services and Equipment,Sign removal,Remove Guide Sign - <4000mm x <2000mm,-   ,t/each,TfNSW Engineering Carbon and Cost Library (ECCL) L5,,,
Australia,Services and Equipment,Sign removal,Remove Guide Sign - <4000mm x <4000mm,-   ,t/each,TfNSW Engineering Carbon and Cost Library (ECCL) L5,,,
Australia,Services and Equipment,Sign removal,Remove Guide Sign - <5000mm x <1000mm,-   ,t/each,TfNSW Engineering Carbon and Cost Library (ECCL) L5,,,
Australia,Services and Equipment,Sign removal,Remove Guide Sign - <5000mm x <2000mm,-   ,t/each,TfNSW Engineering Carbon and Cost Library (ECCL) L5,,,
Australia,Services and Equipment,Sign removal,Remove Guide Sign - <5000mm x <3000mm,-   ,t/each,TfNSW Engineering Carbon and Cost Library (ECCL) L5,,,
Australia,Services and Equipment,Sign removal,Remove Expressway Guide Sign - <500mm x <500mm,-   ,t/each,TfNSW Engineering Carbon and Cost Library (ECCL) L5,,,
Australia,Services and Equipment,Sign removal,Remove Expressway Guide Sign - <1000mm x <500mm,-   ,t/each,TfNSW Engineering Carbon and Cost Library (ECCL) L5,,,
Australia,Services and Equipment,Sign removal,Remove Expressway Guide Sign - <1000mm x <1000mm,-   ,t/each,TfNSW Engineering Carbon and Cost Library (ECCL) L5,,,
Australia,Services and Equipment,Sign removal,Remove Expressway Guide Sign - <2000mm x <500mm,-   ,t/each,TfNSW Engineering Carbon and Cost Library (ECCL) L5,,,
Australia,Services and Equipment,Sign removal,Remove Expressway Guide Sign - <2000mm x <1000mm,-   ,t/each,TfNSW Engineering Carbon and Cost Library (ECCL) L5,,,
Australia,Services and Equipment,Sign removal,Remove Expressway Guide Sign - <2000mm x <2000mm,-   ,t/each,TfNSW Engineering Carbon and Cost Library (ECCL) L5,,,
Australia,Services and Equipment,Sign removal,Remove Expressway Guide Sign - <3000mm x <500mm,-   ,t/each,TfNSW Engineering Carbon and Cost Library (ECCL) L5,,,
Australia,Services and Equipment,Sign removal,Remove Expressway Guide Sign - <3000mm x <1000mm,-   ,t/each,TfNSW Engineering Carbon and Cost Library (ECCL) L5,,,
Australia,Services and Equipment,Sign removal,Remove Expressway Guide Sign - <3000mm x <2000mm,-   ,t/each,TfNSW Engineering Carbon and Cost Library (ECCL) L5,,,
Australia,Services and Equipment,Sign removal,Remove Expressway Guide Sign - <3000mm x <3000mm,-   ,t/each,TfNSW Engineering Carbon and Cost Library (ECCL) L5,,,
Australia,Services and Equipment,Sign removal,Remove Expressway Guide Sign - <4000mm x <1000mm,-   ,t/each,TfNSW Engineering Carbon and Cost Library (ECCL) L5,,,
Australia,Services and Equipment,Sign removal,Remove Expressway Guide Sign - <4000mm x <2000mm,-   ,t/each,TfNSW Engineering Carbon and Cost Library (ECCL) L5,,,
Australia,Services and Equipment,Sign removal,Remove Expressway Guide Sign - <4000mm x <4000mm,-   ,t/each,TfNSW Engineering Carbon and Cost Library (ECCL) L5,,,
Australia,Services and Equipment,Sign removal,Remove Expressway Guide Sign - <5000mm x <1000mm,-   ,t/each,TfNSW Engineering Carbon and Cost Library (ECCL) L5,,,
Australia,Services and Equipment,Sign removal,Remove Expressway Guide Sign - <5000mm x <2000mm,-   ,t/each,TfNSW Engineering Carbon and Cost Library (ECCL) L5,,,
Australia,Services and Equipment,Sign removal,Remove Expressway Guide Sign - <5000mm x <3000mm,-   ,t/each,TfNSW Engineering Carbon and Cost Library (ECCL) L5,,,
Australia,Services and Equipment,Sign removal,Remove D Series Sign - <500mm x <500mm,-   ,t/each,TfNSW Engineering Carbon and Cost Library (ECCL) L5,,,
Australia,Services and Equipment,Sign removal,Remove D Series Sign - <1000mm x <500mm,-   ,t/each,TfNSW Engineering Carbon and Cost Library (ECCL) L5,,,
Australia,Services and Equipment,Sign removal,Remove D Series Sign - <1000mm x <1000mm,-   ,t/each,TfNSW Engineering Carbon and Cost Library (ECCL) L5,,,
Australia,Services and Equipment,Sign removal,Remove D Series Sign - <2000mm x <500mm,-   ,t/each,TfNSW Engineering Carbon and Cost Library (ECCL) L5,,,
Australia,Services and Equipment,Sign removal,Remove D Series Sign - <2000mm x <1000mm,-   ,t/each,TfNSW Engineering Carbon and Cost Library (ECCL) L5,,,
Australia,Services and Equipment,Sign removal,Remove D Series Sign - <2000mm x <2000mm,-   ,t/each,TfNSW Engineering Carbon and Cost Library (ECCL) L5,,,
Australia,Services and Equipment,Sign removal,Remove D Series Sign - <3000mm x <500mm,-   ,t/each,TfNSW Engineering Carbon and Cost Library (ECCL) L5,,,
Australia,Services and Equipment,Sign removal,Remove D Series Sign - <3000mm x <1000mm,-   ,t/each,TfNSW Engineering Carbon and Cost Library (ECCL) L5,,,
Australia,Services and Equipment,Sign removal,Remove D Series Sign - <4000mm x <1000mm,-   ,t/each,TfNSW Engineering Carbon and Cost Library (ECCL) L5,,,
Australia,Services and Equipment,Safety Foundations,Reinforced Concrete Pile Foundation,2.56,t/m3,TfNSW Engineering Carbon and Cost Library (ECCL) L5,,,
Australia,Services and Equipment,Safety Foundations,Reinforced Concrete Foundation (other than piles),2.48,t/m3,TfNSW Engineering Carbon and Cost Library (ECCL) L5,,,
Australia,Services and Equipment,Safety Barrier Systems,60.3 x 2.9 CHS,1.3,t/each,TfNSW Engineering Carbon and Cost Library (ECCL) L5,,,
Australia,Services and Equipment,Safety Barrier Systems,60.3 x 3.6 CHS,1.3,t/each,TfNSW Engineering Carbon and Cost Library (ECCL) L5,,,
Australia,Services and Equipment,Safety Barrier Systems,76.1 x 3.2 CHS,1.3,t/each,TfNSW Engineering Carbon and Cost Library (ECCL) L5,,,
Australia,Services and Equipment,Safety Barrier Systems,88.9 x 3.2 CHS,1.3,t/each,TfNSW Engineering Carbon and Cost Library (ECCL) L5,,,
Australia,Services and Equipment,Safety Barrier Systems,101.6x 3.2 CHS,1.3,t/each,TfNSW Engineering Carbon and Cost Library (ECCL) L5,,,
Australia,Services and Equipment,Safety Barrier Systems,114.3 x 3.2 CHS,1.3,t/each,TfNSW Engineering Carbon and Cost Library (ECCL) L5,,,
Australia,Services and Equipment,Sign relocation,Relocate Regulatory Sign - 300mm x 300mm,-   ,t/each,TfNSW Engineering Carbon and Cost Library (ECCL) L5,,,
Australia,Services and Equipment,Sign relocation,Relocate Regulatory Sign - 450mm x 450mm,-   ,t/each,TfNSW Engineering Carbon and Cost Library (ECCL) L5,,,
Australia,Services and Equipment,Sign relocation,Relocate Regulatory Sign - 600mm x 600mm,-   ,t/each,TfNSW Engineering Carbon and Cost Library (ECCL) L5,,,
Australia,Services and Equipment,Sign relocation,Relocate Regulatory Sign - 750mm x 750mm,-   ,t/each,TfNSW Engineering Carbon and Cost Library (ECCL) L5,,,
Australia,Services and Equipment,Sign relocation,Relocate Regulatory Sign - 900mm x 900mm,-   ,t/each,TfNSW Engineering Carbon and Cost Library (ECCL) L5,,,
Australia,Services and Equipment,Sign relocation,Relocate Regulatory Sign - 1200mm x 1200mm,-   ,t/each,TfNSW Engineering Carbon and Cost Library (ECCL) L5,,,
Australia,Services and Equipment,Sign relocation,Relocate Warning Sign - 600mm x 600mm,-   ,t/each,TfNSW Engineering Carbon and Cost Library (ECCL) L5,,,
Australia,Services and Equipment,Sign relocation,Relocate Warning Sign - 750mm x 750mm,-   ,t/each,TfNSW Engineering Carbon and Cost Library (ECCL) L5,,,
Australia,Services and Equipment,Sign relocation,Relocate Warning Sign - 900mm x 900mm,-   ,t/each,TfNSW Engineering Carbon and Cost Library (ECCL) L5,,,
Australia,Services and Equipment,Sign relocation,Relocate Warning Sign - 1200mm x 1200mm,-   ,t/each,TfNSW Engineering Carbon and Cost Library (ECCL) L5,,,
Australia,Services and Equipment,Sign relocation,Relocate Warning Sign - 1400mm x 1800mm,-   ,t/each,TfNSW Engineering Carbon and Cost Library (ECCL) L5,,,
Australia,Services and Equipment,Sign relocation,Relocate Warning Sign - 1500mm x 3000mm,-   ,t/each,TfNSW Engineering Carbon and Cost Library (ECCL) L5,,,
Australia,Services and Equipment,Sign relocation,Relocate Guide Sign - <500mm x <500mm,-   ,t/each,TfNSW Engineering Carbon and Cost Library (ECCL) L5,,,
Australia,Services and Equipment,Sign relocation,Relocate Guide Sign - <1000mm x <500mm,-   ,t/each,TfNSW Engineering Carbon and Cost Library (ECCL) L5,,,
Australia,Services and Equipment,Sign relocation,Relocate Guide Sign - <1000mm x <1000mm,-   ,t/each,TfNSW Engineering Carbon and Cost Library (ECCL) L5,,,
Australia,Services and Equipment,Sign relocation,Relocate Guide Sign - <2000mm x <500mm,-   ,t/each,TfNSW Engineering Carbon and Cost Library (ECCL) L5,,,
Australia,Services and Equipment,Sign relocation,Relocate Guide Sign - <2000mm x <1000mm,-   ,t/each,TfNSW Engineering Carbon and Cost Library (ECCL) L5,,,
Australia,Services and Equipment,Sign relocation,Relocate Guide Sign - <2000mm x <2000mm,-   ,t/each,TfNSW Engineering Carbon and Cost Library (ECCL) L5,,,
Australia,Services and Equipment,Sign relocation,Relocate Guide Sign - <3000mm x <500mm,-   ,t/each,TfNSW Engineering Carbon and Cost Library (ECCL) L5,,,
Australia,Services and Equipment,Sign relocation,Relocate Guide Sign - <3000mm x <1000mm,-   ,t/each,TfNSW Engineering Carbon and Cost Library (ECCL) L5,,,
Australia,Services and Equipment,Sign relocation,Relocate Guide Sign - <3000mm x <2000mm,-   ,t/each,TfNSW Engineering Carbon and Cost Library (ECCL) L5,,,
Australia,Services and Equipment,Sign relocation,Relocate Guide Sign - <3000mm x <3000mm,-   ,t/each,TfNSW Engineering Carbon and Cost Library (ECCL) L5,,,
Australia,Services and Equipment,Sign relocation,Relocate Guide Sign - <4000mm x <1000mm,-   ,t/each,TfNSW Engineering Carbon and Cost Library (ECCL) L5,,,
Australia,Services and Equipment,Sign relocation,Relocate Guide Sign - <4000mm x <2000mm,-   ,t/each,TfNSW Engineering Carbon and Cost Library (ECCL) L5,,,
Australia,Services and Equipment,Sign relocation,Relocate Guide Sign - <4000mm x <4000mm,-   ,t/each,TfNSW Engineering Carbon and Cost Library (ECCL) L5,,,
Australia,Services and Equipment,Sign relocation,Relocate Guide Sign - <5000mm x <1000mm,-   ,t/each,TfNSW Engineering Carbon and Cost Library (ECCL) L5,,,
Australia,Services and Equipment,Sign relocation,Relocate Guide Sign - <5000mm x <2000mm,-   ,t/each,TfNSW Engineering Carbon and Cost Library (ECCL) L5,,,
Australia,Services and Equipment,Sign relocation,Relocate Guide Sign - <5000mm x <3000mm,-   ,t/each,TfNSW Engineering Carbon and Cost Library (ECCL) L5,,,
Australia,Services and Equipment,Sign relocation,Relocate Expressway Guide Sign - <500mm x <500mm,-   ,t/each,TfNSW Engineering Carbon and Cost Library (ECCL) L5,,,
Australia,Services and Equipment,Sign relocation,Relocate Expressway Guide Sign - <1000mm x <500mm,-   ,t/each,TfNSW Engineering Carbon and Cost Library (ECCL) L5,,,
Australia,Services and Equipment,Sign relocation,Relocate Expressway Guide Sign - <1000mm x <1000mm,-   ,t/each,TfNSW Engineering Carbon and Cost Library (ECCL) L5,,,
Australia,Services and Equipment,Sign relocation,Relocate Expressway Guide Sign - <2000mm x <500mm,-   ,t/each,TfNSW Engineering Carbon and Cost Library (ECCL) L5,,,
Australia,Services and Equipment,Sign relocation,Relocate Expressway Guide Sign - <2000mm x <1000mm,-   ,t/each,TfNSW Engineering Carbon and Cost Library (ECCL) L5,,,
Australia,Services and Equipment,Sign relocation,Relocate Expressway Guide Sign - <2000mm x <2000mm,-   ,t/each,TfNSW Engineering Carbon and Cost Library (ECCL) L5,,,
Australia,Services and Equipment,Sign relocation,Relocate Expressway Guide Sign - <3000mm x <500mm,-   ,t/each,TfNSW Engineering Carbon and Cost Library (ECCL) L5,,,
Australia,Services and Equipment,Sign relocation,Relocate Expressway Guide Sign - <3000mm x <1000mm,-   ,t/each,TfNSW Engineering Carbon and Cost Library (ECCL) L5,,,
Australia,Services and Equipment,Sign relocation,Relocate Expressway Guide Sign - <3000mm x <2000mm,-   ,t/each,TfNSW Engineering Carbon and Cost Library (ECCL) L5,,,
Australia,Services and Equipment,Sign relocation,Relocate Expressway Guide Sign - <3000mm x <3000mm,-   ,t/each,TfNSW Engineering Carbon and Cost Library (ECCL) L5,,,
Australia,Services and Equipment,Sign relocation,Relocate Expressway Guide Sign - <4000mm x <1000mm,-   ,t/each,TfNSW Engineering Carbon and Cost Library (ECCL) L5,,,
Australia,Services and Equipment,Sign relocation,Relocate Expressway Guide Sign - <4000mm x <2000mm,-   ,t/each,TfNSW Engineering Carbon and Cost Library (ECCL) L5,,,
Australia,Services and Equipment,Sign relocation,Relocate Expressway Guide Sign - <4000mm x <4000mm,-   ,t/each,TfNSW Engineering Carbon and Cost Library (ECCL) L5,,,
Australia,Services and Equipment,Sign relocation,Relocate Expressway Guide Sign - <5000mm x <1000mm,-   ,t/each,TfNSW Engineering Carbon and Cost Library (ECCL) L5,,,
Australia,Services and Equipment,Sign relocation,Relocate Expressway Guide Sign - <5000mm x <2000mm,-   ,t/each,TfNSW Engineering Carbon and Cost Library (ECCL) L5,,,
Australia,Services and Equipment,Sign relocation,Relocate Expressway Guide Sign - <5000mm x <3000mm,-   ,t/each,TfNSW Engineering Carbon and Cost Library (ECCL) L5,,,
Australia,Services and Equipment,Sign relocation,Relocate D Series Sign - <500mm x <500mm,-   ,t/each,TfNSW Engineering Carbon and Cost Library (ECCL) L5,,,
Australia,Services and Equipment,Sign relocation,Relocate D Series Sign - <1000mm x <500mm,-   ,t/each,TfNSW Engineering Carbon and Cost Library (ECCL) L5,,,
Australia,Services and Equipment,Sign relocation,Relocate D Series Sign - <1000mm x <1000mm,-   ,t/each,TfNSW Engineering Carbon and Cost Library (ECCL) L5,,,
Australia,Services and Equipment,Sign relocation,Relocate D Series Sign - <2000mm x <500mm,-   ,t/each,TfNSW Engineering Carbon and Cost Library (ECCL) L5,,,
Australia,Services and Equipment,Sign relocation,Relocate D Series Sign - <2000mm x <1000mm,-   ,t/each,TfNSW Engineering Carbon and Cost Library (ECCL) L5,,,
Australia,Services and Equipment,Sign relocation,Relocate D Series Sign - <2000mm x <2000mm,-   ,t/each,TfNSW Engineering Carbon and Cost Library (ECCL) L5,,,
Australia,Services and Equipment,Sign relocation,Relocate D Series Sign - <3000mm x <500mm,-   ,t/each,TfNSW Engineering Carbon and Cost Library (ECCL) L5,,,
Australia,Services and Equipment,Sign relocation,Relocate D Series Sign - <3000mm x <1000mm,-   ,t/each,TfNSW Engineering Carbon and Cost Library (ECCL) L5,,,
Australia,Services and Equipment,Sign relocation,Relocate D Series Sign - <4000mm x <1000mm,-   ,t/each,TfNSW Engineering Carbon and Cost Library (ECCL) L5,,,
Australia,Services and Equipment,Safety Barrier Systems,60.3 x 2.9 CHS,0.23,t/each,TfNSW Engineering Carbon and Cost Library (ECCL) L5,,,
Australia,Services and Equipment,Safety Barrier Systems,76.1 x 3.2 CHS,0.24,t/each,TfNSW Engineering Carbon and Cost Library (ECCL) L5,,,
Australia,Services and Equipment,Street Lighting,Excavation and Backfill of Conduit Trench,0.94,t/m3,TfNSW Engineering Carbon and Cost Library (ECCL) L5,,,
Australia,Services and Equipment,Street Lighting,Spraying Weeds with Herbicide,-   ,t/m2,TfNSW Engineering Carbon and Cost Library (ECCL) L5,,,
Australia,Services and Equipment,Street Lighting,Areas with a slope of 5 to 1 or flatter,0.01,t/m2,TfNSW Engineering Carbon and Cost Library (ECCL) L5,,,
Australia,Services and Equipment,Street Lighting,Areas steeper than 5 to 1 except stepped batters.,0.01,t/m2,TfNSW Engineering Carbon and Cost Library (ECCL) L5,,,
Australia,Services and Equipment,Street Lighting,Stepped Batters,0.01,t/m2,TfNSW Engineering Carbon and Cost Library (ECCL) L5,,,
Australia,Services and Equipment,Street Lighting,Areas with a slope of 5 to 1 or flatter.,0.27,t/m2,TfNSW Engineering Carbon and Cost Library (ECCL) L5,,,
Australia,Services and Equipment,Street Lighting,Areas steeper than 5 to 1 except stepped batters.,0.27,t/m2,TfNSW Engineering Carbon and Cost Library (ECCL) L5,,,
Australia,Services and Equipment,Street Lighting,Stepped Batters,0.27,t/m2,TfNSW Engineering Carbon and Cost Library (ECCL) L5,,,
Australia,Services and Equipment,Street Lighting,Dry Sowing,-   ,t/m2,TfNSW Engineering Carbon and Cost Library (ECCL) L5,,,
Australia,Services and Equipment,Street Lighting,Hand Sowing,-   ,t/m2,TfNSW Engineering Carbon and Cost Library (ECCL) L5,,,
Australia,Services and Equipment,Street Lighting,Preparation of Surface for Areas Not Requiring Topsoiling,-   ,t/m2,TfNSW Engineering Carbon and Cost Library (ECCL) L5,,,
Australia,Services and Equipment,Street Lighting,Hydroseeding,0,t/m2,TfNSW Engineering Carbon and Cost Library (ECCL) L5,,,
Australia,Services and Equipment,Street Lighting,Hydromulching,0,t/m2,TfNSW Engineering Carbon and Cost Library (ECCL) L5,,,
Australia,Services and Equipment,Street Lighting,Straw mulching,0,t/m2,TfNSW Engineering Carbon and Cost Library (ECCL) L5,,,
Australia,Services and Equipment,Street Lighting,Supply and Erection of Information Signs,0.25,t/each,TfNSW Engineering Carbon and Cost Library (ECCL) L5,,,
Australia,Services and Equipment,Street Lighting,Topsoiling Open Drains Using Site Material Including Surface Preparation and Screening of Topsoil Stockpiles,0.01,t/m2,TfNSW Engineering Carbon and Cost Library (ECCL) L5,,,
Australia,Services and Equipment,Street Lighting,Topsoiling Open Drains Using Imported Material Including Surface Preparation,0.27,t/m2,TfNSW Engineering Carbon and Cost Library (ECCL) L5,,,
Australia,Services and Equipment,Street Lighting,Hydroseeding of Open Drains,0,t/m2,TfNSW Engineering Carbon and Cost Library (ECCL) L5,,,
Australia,Services and Equipment,Street Lighting,Hydromulching of Open Drains,0,t/m2,TfNSW Engineering Carbon and Cost Library (ECCL) L5,,,
Australia,Services and Equipment,Street Lighting,Sowing Open Drains by Hand,-   ,t/m2,TfNSW Engineering Carbon and Cost Library (ECCL) L5,,,
Australia,Services and Equipment,Street Lighting,Spray Open Drains with Bitumen Emulsion,-   ,t/m2,TfNSW Engineering Carbon and Cost Library (ECCL) L5,,,
Australia,Services and Equipment,Street Lighting,Lining Open Drains with Organic Fibre Mat,0,t/m2,TfNSW Engineering Carbon and Cost Library (ECCL) L5,,,
Australia,Services and Equipment,Street Lighting,Areas other than Open Drains,0,t/m2,TfNSW Engineering Carbon and Cost Library (ECCL) L5,,,
Australia,Services and Equipment,Street Lighting,Open Drain Areas,0,t/m2,TfNSW Engineering Carbon and Cost Library (ECCL) L5,,,
Australia,External and Ancillary Works,Street Lighting,Watering (Item with provisional quantity),-   ,t/kilolitre,TfNSW Engineering Carbon and Cost Library (ECCL) L5,,,
Australia,Services and Equipment,Street Lighting,Recultivating and Resowing,-   ,t/m2,TfNSW Engineering Carbon and Cost Library (ECCL) L5,,,
Australia,Services and Equipment,Street Lighting,Mowing,-   ,t/m,TfNSW Engineering Carbon and Cost Library (ECCL) L5,,,
Australia,External and Ancillary Works,Landscape Planting,Preparation for Mulched Beds,-   ,t/m2,TfNSW Engineering Carbon and Cost Library (ECCL) L5,,,
Australia,External and Ancillary Works,Landscape Planting,Weed Control – Herbicide Application,-   ,t/m2,TfNSW Engineering Carbon and Cost Library (ECCL) L5,,,
Australia,External and Ancillary Works,Landscape Planting,Imported Organic Topsoil,0.27,t/m2,TfNSW Engineering Carbon and Cost Library (ECCL) L5,,,
Australia,External and Ancillary Works,Landscape Planting,Imported Organic Mulch,0.02,t/m2,TfNSW Engineering Carbon and Cost Library (ECCL) L5,,,
Australia,External and Ancillary Works,Landscape Planting,Site Won Organic Mulch,-   ,t/m2,TfNSW Engineering Carbon and Cost Library (ECCL) L5,,,
Australia,External and Ancillary Works,Landscape Planting,Weed Mat,0,t/m2,TfNSW Engineering Carbon and Cost Library (ECCL) L5,,,
Australia,External and Ancillary Works,Landscape Planting,Principal supplied plants,0,t/each,TfNSW Engineering Carbon and Cost Library (ECCL) L5,,,
Australia,External and Ancillary Works,Landscape Planting,Contractor supplied plants,0,t/each,TfNSW Engineering Carbon and Cost Library (ECCL) L5,,,
Australia,External and Ancillary Works,Landscape Planting,Principal supplied plants,0,t/each,TfNSW Engineering Carbon and Cost Library (ECCL) L5,,,
Australia,External and Ancillary Works,Landscape Planting,Contractor supplied plants,0,t/each,TfNSW Engineering Carbon and Cost Library (ECCL) L5,,,
Australia,External and Ancillary Works,Landscape Planting,Trees Transplanted (200 litre),0,t/each,TfNSW Engineering Carbon and Cost Library (ECCL) L5,,,
Australia,External and Ancillary Works,Landscape Planting,Concrete Edging,0.16,t/m,TfNSW Engineering Carbon and Cost Library (ECCL) L5,,,
Australia,External and Ancillary Works,Landscape Planting,Timber Edging,0,t/m,TfNSW Engineering Carbon and Cost Library (ECCL) L5,,,
Australia,External and Ancillary Works,Landscape Planting,Turf Underlay,0.07,t/m2,TfNSW Engineering Carbon and Cost Library (ECCL) L5,,,
Australia,External and Ancillary Works,Landscape Planting,Turfing for Lawn Areas along Medians and Roadsides,0,t/m2,TfNSW Engineering Carbon and Cost Library (ECCL) L5,,,
Australia,External and Ancillary Works,Landscape Planting,Landscape Planting Maintenance,-   ,t/month,TfNSW Engineering Carbon and Cost Library (ECCL) L5,,,
Australia,External and Ancillary Works,Landscape Planting,Pruning and/or Removal of Dead Plants (Item with provisional quantity),-   ,t/hour,TfNSW Engineering Carbon and Cost Library (ECCL) L5,,,
Australia,External and Ancillary Works,Landscape Planting,Mowing (Item with provisional quantity),-   ,t/m2,TfNSW Engineering Carbon and Cost Library (ECCL) L5,,,
Australia,External and Ancillary Works,Landscape Planting,Organic Mulch Reinstatement (Item with provisional quantity),0.02,t/m2,TfNSW Engineering Carbon and Cost Library (ECCL) L5,,,
Australia,External and Ancillary Works,Landscape Planting,Plant Replacement (Item with provisional quantity),0,t/each,TfNSW Engineering Carbon and Cost Library (ECCL) L5,,,
Australia,External and Ancillary Works,Landscape Planting,Turf Replacement (Item with provisional quantity),0,t/m2,TfNSW Engineering Carbon and Cost Library (ECCL) L5,,,
Australia,External and Ancillary Works,Landscape Planting,Disease and Insect Control (Item with provisional quantity),-   ,t/hour,TfNSW Engineering Carbon and Cost Library (ECCL) L5,,,
Australia,External and Ancillary Works,Landscape Planting,Fertilising (Item with provisional quantity),-   ,t/hour,TfNSW Engineering Carbon and Cost Library (ECCL) L5,,,
Australia,External and Ancillary Works,Landscape Planting,Watering – within first 12 weeks of Post- completion Maintenance Period,-   ,t/each,TfNSW Engineering Carbon and Cost Library (ECCL) L5,,,
Australia,External and Ancillary Works,Landscape Planting,Watering – after first 12 weeks of Post- completion Maintenance Period (Item with provisional quantity),-   ,t/each,TfNSW Engineering Carbon and Cost Library (ECCL) L5,,,
Australia,External and Ancillary Works,Landscape Planting,Grass,0.07,t/m2,TfNSW Engineering Carbon and Cost Library (ECCL) L5,,,
Australia,Structure,Landscape Planting,Trees in Grass (1 per 10m2),0.07,t/m2,TfNSW Engineering Carbon and Cost Library (ECCL) L5,,,
Australia,Structure,Design and Construction of Noise Walls,Supply of Components (Post And Panel),0.19,t/m2,TfNSW Engineering Carbon and Cost Library (ECCL) L5,,,
Australia,Structure,Design and Construction of Noise Walls,Preparation of Foundation,-   ,t/m2,TfNSW Engineering Carbon and Cost Library (ECCL) L5,,,
Australia,Structure,Design and Construction of Noise Walls,Footings,1.09,t/m,TfNSW Engineering Carbon and Cost Library (ECCL) L5,,,
Australia,Structure,Design and Construction of Noise Walls,Noise wall - Post And Panel,-   ,t/m2,TfNSW Engineering Carbon and Cost Library (ECCL) L5,,,
Australia,Structure,Design and Construction of Noise Walls,Anti-graffiti Treatment,0,t/m2,TfNSW Engineering Carbon and Cost Library (ECCL) L5,,,
Australia,Services and Equipment,Traffic Control Signals – New Installation and Reconstruction,TCS - Cycle - Two Aspect,0.01,t/each,TfNSW Engineering Carbon and Cost Library (ECCL) L5,,,
Australia,Services and Equipment,Traffic Control Signals – New Installation and Reconstruction,TCS - Pedestrian - Two Aspect,0,t/each,TfNSW Engineering Carbon and Cost Library (ECCL) L5,,,
Australia,Services and Equipment,Traffic Control Signals – New Installation and Reconstruction,TCS - Vehicular - Three Aspect,0.01,t/each,TfNSW Engineering Carbon and Cost Library (ECCL) L5,,,
Australia,Services and Equipment,Traffic Control Signals – New Installation and Reconstruction,TCS - Vehicular - Six Aspect,0.02,t/each,TfNSW Engineering Carbon and Cost Library (ECCL) L5,,,
Australia,Services and Equipment,Traffic Control Signals – New Installation and Reconstruction,TCS - Post Type 2 - Standard,1.2,t/each,TfNSW Engineering Carbon and Cost Library (ECCL) L5,,,
Australia,Services and Equipment,Traffic Control Signals – New Installation and Reconstruction,TCS - Post Type 4 Mast Arm,1.45,t/each,TfNSW Engineering Carbon and Cost Library (ECCL) L5,,,
Australia,Services and Equipment,Traffic Control Signals – New Installation and Reconstruction,TCS - Post Type 5S (Short) Mast Arm,2.57,t/each,TfNSW Engineering Carbon and Cost Library (ECCL) L5,,,
Australia,Services and Equipment,Traffic Control Signals – New Installation and Reconstruction,TCS - Post Type 5L (Long) Mast Arm,2.6,t/each,TfNSW Engineering Carbon and Cost Library (ECCL) L5,,,
Australia,Services and Equipment,Traffic Control Signals – New Installation and Reconstruction,TCS - Post Type 5XL (Extra Long) Mast Arm,2.61,t/each,TfNSW Engineering Carbon and Cost Library (ECCL) L5,,,
Australia,Services and Equipment,Traffic Control Signals – New Installation and Reconstruction,TCS - Post Type 6,2.51,t/each,TfNSW Engineering Carbon and Cost Library (ECCL) L5,,,
Australia,Services and Equipment,Traffic Control Signals – New Installation and Reconstruction,TCS - Post Type 7,0.34,t/each,TfNSW Engineering Carbon and Cost Library (ECCL) L5,,,
Australia,Services and Equipment,Traffic Control Signals – New Installation and Reconstruction,TCS - Post Type 8,0.42,t/each,TfNSW Engineering Carbon and Cost Library (ECCL) L5,,,
Australia,Services and Equipment,Traffic Control Signals – New Installation and Reconstruction,with 2.5m Outreach,2.54,t/each,TfNSW Engineering Carbon and Cost Library (ECCL) L5,,,
Australia,Services and Equipment,Traffic Control Signals – New Installation and Reconstruction,with 3.0m Outreach,2.55,t/each,TfNSW Engineering Carbon and Cost Library (ECCL) L5,,,
Australia,Services and Equipment,Traffic Control Signals – New Installation and Reconstruction,with 3.5m Outreach,2.56,t/each,TfNSW Engineering Carbon and Cost Library (ECCL) L5,,,
Australia,Services and Equipment,Traffic Control Signals – New Installation and Reconstruction,with 4.0m Outreach,2.56,t/each,TfNSW Engineering Carbon and Cost Library (ECCL) L5,,,
Australia,Services and Equipment,Traffic Control Signals – New Installation and Reconstruction,with 4.5m Outreach,2.57,t/each,TfNSW Engineering Carbon and Cost Library (ECCL) L5,,,
Australia,Services and Equipment,Traffic Control Signals – New Installation and Reconstruction,with 5.0m Outreach,2.58,t/each,TfNSW Engineering Carbon and Cost Library (ECCL) L5,,,
Australia,Services and Equipment,Traffic Control Signals – New Installation and Reconstruction,with 5.5m Outreach,2.58,t/each,TfNSW Engineering Carbon and Cost Library (ECCL) L5,,,
Australia,Services and Equipment,Traffic Control Signals – New Installation and Reconstruction,with 6.0m Outreach,2.59,t/each,TfNSW Engineering Carbon and Cost Library (ECCL) L5,,,
Australia,Services and Equipment,Traffic Control Signals – New Installation and Reconstruction,with 6.5m Outreach,2.6,t/each,TfNSW Engineering Carbon and Cost Library (ECCL) L5,,,
Australia,Services and Equipment,Traffic Control Signals – New Installation and Reconstruction,with 7.0m Outreach,2.61,t/each,TfNSW Engineering Carbon and Cost Library (ECCL) L5,,,
Australia,Services and Equipment,Traffic Control Signals – New Installation and Reconstruction,TCS - Post Type 10 Mast Arm,9.02,t/each,TfNSW Engineering Carbon and Cost Library (ECCL) L5,,,
Australia,Services and Equipment,Traffic Control Signals – New Installation and Reconstruction,TCS - Post Type 11 Mast Arm,9.02,t/each,TfNSW Engineering Carbon and Cost Library (ECCL) L5,,,
Australia,Services and Equipment,Traffic Control Signals – New Installation and Reconstruction,TCS - Post Type 13,0.27,t/each,TfNSW Engineering Carbon and Cost Library (ECCL) L5,,,
Australia,Services and Equipment,Traffic Control Signals – New Installation and Reconstruction,100mm HD uPVC Electrical Conduit in Earth,0.31,t/m,TfNSW Engineering Carbon and Cost Library (ECCL) L5,,,
Australia,Services and Equipment,Traffic Control Signals – New Installation and Reconstruction,100mm HD uPVC Electrical Conduit in Road,0.73,t/m,TfNSW Engineering Carbon and Cost Library (ECCL) L5,,,
Australia,Services and Equipment,Traffic Control Signals – New Installation and Reconstruction,"1.5mm2 36 Core, PVC Coated",0,t/m,TfNSW Engineering Carbon and Cost Library (ECCL) L5,,,
Australia,Services and Equipment,Traffic Control Signals – New Installation and Reconstruction,Traffic Signal Controller,-   ,t/each,TfNSW Engineering Carbon and Cost Library (ECCL) L5,,,
Australia,Services and Equipment,Traffic Control Signals – New Installation and Reconstruction,Uninterruptable Power Supply,-   ,t/each,TfNSW Engineering Carbon and Cost Library (ECCL) L5,,,
Australia,Services and Equipment,ITS Cantilever and Portal Gantries,750mm Diameter,0.32,t/m,TfNSW Engineering Carbon and Cost Library (ECCL) L5,,,
Australia,Services and Equipment,ITS Cantilever and Portal Gantries,900mm Diameter,0.38,t/m,TfNSW Engineering Carbon and Cost Library (ECCL) L5,,,
Australia,Services and Equipment,ITS Cantilever and Portal Gantries,1050mm Diameter,0.45,t/m,TfNSW Engineering Carbon and Cost Library (ECCL) L5,,,
Australia,Services and Equipment,ITS Cantilever and Portal Gantries,1200mm Diameter,0.51,t/m,TfNSW Engineering Carbon and Cost Library (ECCL) L5,,,
Australia,Services and Equipment,ITS Cantilever and Portal Gantries,1500mm Diameter,0.64,t/m,TfNSW Engineering Carbon and Cost Library (ECCL) L5,,,
Australia,Services and Equipment,ITS Cantilever and Portal Gantries,Drilling from Ground Level to Start of Rock Coring,-   ,t/m,TfNSW Engineering Carbon and Cost Library (ECCL) L5,,,
Australia,Services and Equipment,ITS Cantilever and Portal Gantries,Rock Coring,-   ,t/m,TfNSW Engineering Carbon and Cost Library (ECCL) L5,,,
Australia,Services and Equipment,ITS Cantilever and Portal Gantries,Attendance of Professional Geotechnical Engineer During Pile Hole Excavation Inside Casing,-   ,t/hour,TfNSW Engineering Carbon and Cost Library (ECCL) L5,,,
Australia,Services and Equipment,ITS Cantilever and Portal Gantries,750mm Diameter,-   ,t/m,TfNSW Engineering Carbon and Cost Library (ECCL) L5,,,
Australia,Services and Equipment,ITS Cantilever and Portal Gantries,900mm Diameter,-   ,t/m,TfNSW Engineering Carbon and Cost Library (ECCL) L5,,,
Australia,Services and Equipment,ITS Cantilever and Portal Gantries,1050mm Diameter,-   ,t/m,TfNSW Engineering Carbon and Cost Library (ECCL) L5,,,
Australia,Services and Equipment,ITS Cantilever and Portal Gantries,1200mm Diameter,-   ,t/m,TfNSW Engineering Carbon and Cost Library (ECCL) L5,,,
Australia,Services and Equipment,ITS Cantilever and Portal Gantries,1500mm Diameter,-   ,t/m,TfNSW Engineering Carbon and Cost Library (ECCL) L5,,,
Australia,Services and Equipment,ITS Cantilever and Portal Gantries,750mm Diameter,-   ,t/m,TfNSW Engineering Carbon and Cost Library (ECCL) L5,,,
Australia,Services and Equipment,ITS Cantilever and Portal Gantries,900mm Diameter,-   ,t/m,TfNSW Engineering Carbon and Cost Library (ECCL) L5,,,
Australia,Services and Equipment,ITS Cantilever and Portal Gantries,1050mm Diameter,-   ,t/m,TfNSW Engineering Carbon and Cost Library (ECCL) L5,,,
Australia,Services and Equipment,ITS Cantilever and Portal Gantries,1200mm Diameter,-   ,t/m,TfNSW Engineering Carbon and Cost Library (ECCL) L5,,,
Australia,Services and Equipment,ITS Cantilever and Portal Gantries,1500mm Diameter,-   ,t/m,TfNSW Engineering Carbon and Cost Library (ECCL) L5,,,
Australia,Services and Equipment,ITS Cantilever and Portal Gantries,750mm Diameter,0.03,t/m,TfNSW Engineering Carbon and Cost Library (ECCL) L5,,,
Australia,Services and Equipment,ITS Cantilever and Portal Gantries,900mm Diameter,0.04,t/m,TfNSW Engineering Carbon and Cost Library (ECCL) L5,,,
Australia,Services and Equipment,ITS Cantilever and Portal Gantries,1050mm Diameter,0.04,t/m,TfNSW Engineering Carbon and Cost Library (ECCL) L5,,,
Australia,Services and Equipment,ITS Cantilever and Portal Gantries,1200mm Diameter,0.05,t/m,TfNSW Engineering Carbon and Cost Library (ECCL) L5,,,
Australia,Services and Equipment,ITS Cantilever and Portal Gantries,1500mm Diameter,0.06,t/m,TfNSW Engineering Carbon and Cost Library (ECCL) L5,,,
Australia,Services and Equipment,ITS Cantilever and Portal Gantries,750mm Diameter,-   ,t/m,TfNSW Engineering Carbon and Cost Library (ECCL) L5,,,
Australia,Services and Equipment,ITS Cantilever and Portal Gantries,900mm Diameter,-   ,t/m,TfNSW Engineering Carbon and Cost Library (ECCL) L5,,,
Australia,Services and Equipment,ITS Cantilever and Portal Gantries,1050mm Diameter,-   ,t/m,TfNSW Engineering Carbon and Cost Library (ECCL) L5,,,
Australia,Services and Equipment,ITS Cantilever and Portal Gantries,1200mm Diameter,-   ,t/m,TfNSW Engineering Carbon and Cost Library (ECCL) L5,,,
Australia,Services and Equipment,ITS Cantilever and Portal Gantries,1500mm Diameter,-   ,t/m,TfNSW Engineering Carbon and Cost Library (ECCL) L5,,,
Australia,Services and Equipment,ITS Cantilever and Portal Gantries,For Indirect Visual or Other Inspection Method,-   ,t/each,TfNSW Engineering Carbon and Cost Library (ECCL) L5,,,
Australia,Services and Equipment,ITS Cantilever and Portal Gantries,For CCTV Indirect Examination Method - Provisional Quantity,-   ,t/each,TfNSW Engineering Carbon and Cost Library (ECCL) L5,,,
Australia,Services and Equipment,ITS Cantilever and Portal Gantries,To Contract Level,1.07,t/t,TfNSW Engineering Carbon and Cost Library (ECCL) L5,,,
Australia,Services and Equipment,ITS Cantilever and Portal Gantries,Below Contract Level - Provisional Quantity.,1.04,t/t,TfNSW Engineering Carbon and Cost Library (ECCL) L5,,,
Australia,Services and Equipment,ITS Cantilever and Portal Gantries,Supply and Placement of N25 Concrete,2.49,t/m3,TfNSW Engineering Carbon and Cost Library (ECCL) L5,,,
Australia,Services and Equipment,ITS Cantilever and Portal Gantries,Supply and Placement of N32 Concrete,2.46,t/m3,TfNSW Engineering Carbon and Cost Library (ECCL) L5,,,
Australia,Services and Equipment,ITS Cantilever and Portal Gantries,Supply and Placement of N40 Concrete,2.6,t/m3,TfNSW Engineering Carbon and Cost Library (ECCL) L5,,,
Australia,Services and Equipment,ITS Cantilever and Portal Gantries,Supply and Placement of N25 Concrete,2.49,t/m3,TfNSW Engineering Carbon and Cost Library (ECCL) L5,,,
Australia,Services and Equipment,ITS Cantilever and Portal Gantries,Supply and Placement of N32 Concrete,2.46,t/m3,TfNSW Engineering Carbon and Cost Library (ECCL) L5,,,
Australia,Services and Equipment,ITS Cantilever and Portal Gantries,Supply and Placement of N40 Concrete,2.6,t/m3,TfNSW Engineering Carbon and Cost Library (ECCL) L5,,,
Australia,Services and Equipment,ITS Cantilever and Portal Gantries,Pile Integrity Testing,-   ,t/each,TfNSW Engineering Carbon and Cost Library (ECCL) L5,,,
Australia,Services and Equipment,ITS Cantilever and Portal Gantries,Additional Pile Integrity Testing - Provisional Quantity,-   ,t/each,TfNSW Engineering Carbon and Cost Library (ECCL) L5,,,
Australia,Services and Equipment,ITS Cantilever and Portal Gantries,Site Establishment,-   ,t/each,TfNSW Engineering Carbon and Cost Library (ECCL) L5,,,
Australia,Services and Equipment,ITS Cantilever and Portal Gantries,Pile Testing,-   ,t/each,TfNSW Engineering Carbon and Cost Library (ECCL) L5,,,
Australia,Services and Equipment,ITS Cantilever and Portal Gantries,Additional Pile Testing - Provisional Quantity,-   ,t/each,TfNSW Engineering Carbon and Cost Library (ECCL) L5,,,
Australia,Services and Equipment,ITS Cantilever and Portal Gantries,Test Member - Provisional Quantity,-   ,t/each,TfNSW Engineering Carbon and Cost Library (ECCL) L5,,,
Australia,Services and Equipment,ITS Cantilever and Portal Gantries,Excavation to Required Levels,-   ,t/m3,TfNSW Engineering Carbon and Cost Library (ECCL) L5,,,
Australia,Services and Equipment,ITS Cantilever and Portal Gantries,Preparation of Foundation,-   ,t/m2,TfNSW Engineering Carbon and Cost Library (ECCL) L5,,,
Australia,Services and Equipment,ITS Cantilever and Portal Gantries,Mass Concrete Blinding Layer,3.03,t/m3,TfNSW Engineering Carbon and Cost Library (ECCL) L5,,,
Australia,Services and Equipment,ITS Cantilever and Portal Gantries,Supply and Place Steel Bar Reinforcement,1.05,t/t,TfNSW Engineering Carbon and Cost Library (ECCL) L5,,,
Australia,Services and Equipment,ITS Cantilever and Portal Gantries,Supply and Placement of N25 Concrete,2.49,t/m3,TfNSW Engineering Carbon and Cost Library (ECCL) L5,,,
Australia,Services and Equipment,ITS Cantilever and Portal Gantries,Supply and Placement of N32 Concrete,2.46,t/m3,TfNSW Engineering Carbon and Cost Library (ECCL) L5,,,
Australia,Services and Equipment,ITS Cantilever and Portal Gantries,Supply and Placement of N40 Concrete,2.6,t/m3,TfNSW Engineering Carbon and Cost Library (ECCL) L5,,,
Australia,Services and Equipment,ITS Cantilever and Portal Gantries,Finish and Cure Concrete,0,t/m2,TfNSW Engineering Carbon and Cost Library (ECCL) L5,,,
Australia,Services and Equipment,ITS Cantilever and Portal Gantries,Supply Structural Steel Cantilever Gantry Complete,1.07,t/t,TfNSW Engineering Carbon and Cost Library (ECCL) L5,,,
Australia,Services and Equipment,ITS Cantilever and Portal Gantries,Supply Structural Steel Portal Frame Complete,1.07,t/t,TfNSW Engineering Carbon and Cost Library (ECCL) L5,,,
Australia,Services and Equipment,ITS Cantilever and Portal Gantries,Install Structural Steel Cantilever Gantry Complete,-   ,t/t,TfNSW Engineering Carbon and Cost Library (ECCL) L5,,,
Australia,Services and Equipment,ITS Cantilever and Portal Gantries,Install Structural Steel Portal Frame Complete,-   ,t/t,TfNSW Engineering Carbon and Cost Library (ECCL) L5,,,
