Scenario,Region,Vehicle Category,Energy Type,2026,2027,2028,2029,2030,2031,2032,2033,2034,2035,2036,2037,2038,2039,2040,2041,2042,2043,2044,2045,2046,2047,2048,2049,2050,2051,2052,2053,2054,2055,2056,2057,2058,2059,2060,2061,2062,2063,2064,2065,2066,2067,2068,2069,2070,2071,2072,2073,2074,2075,2076,2077,2078,2079,2080,2081,2082,2083,2084,2085,2086,2087,2088,2089,2090,2091,2092,2093,2094,2095,2096,2097,2098,2099,2100
Slower Growth,New South Wales,Articulated Truck,BEV,0%,0%,0%,0%,0%,0%,1%,2%,4%,6%,8%,10%,13%,16%,19%,23%,27%,31%,35%,39%,43%,46%,50%,53%,57%,60%,64%,67%,71%,74%,77%,77%,77%,77%,77%,77%,77%,77%,77%,77%,77%,77%,77%,77%,77%,77%,77%,77%,77%,77%,77%,77%,77%,77%,77%,77%,77%,77%,77%,77%,77%,77%,77%,77%,77%,77%,77%,77%,77%,77%,77%,77%,77%,77%,77%
Slower Growth,New South Wales,Articulated Truck,FCEV,0%,0%,0%,0%,0%,0%,0%,0%,0%,0%,0%,0%,0%,0%,1%,1%,1%,1%,1%,1%,1%,1%,1%,1%,2%,2%,2%,2%,2%,2%,2%,2%,2%,2%,2%,2%,2%,2%,2%,2%,2%,2%,2%,2%,2%,2%,2%,2%,2%,2%,2%,2%,2%,2%,2%,2%,2%,2%,2%,2%,2%,2%,2%,2%,2%,2%,2%,2%,2%,2%,2%,2%,2%,2%,2%
Slower Growth,New South Wales,Articulated Truck,Hybrid,0%,0%,0%,0%,0%,0%,0%,0%,0%,0%,0%,0%,0%,0%,0%,0%,0%,0%,0%,0%,0%,0%,0%,0%,0%,0%,0%,0%,0%,0%,0%,0%,0%,0%,0%,0%,0%,0%,0%,0%,0%,0%,0%,0%,0%,0%,0%,0%,0%,0%,0%,0%,0%,0%,0%,0%,0%,0%,0%,0%,0%,0%,0%,0%,0%,0%,0%,0%,0%,0%,0%,0%,0%,0%,0%
Slower Growth,New South Wales,Articulated Truck,ICE,100%,100%,100%,100%,100%,100%,99%,97%,96%,94%,92%,89%,86%,83%,80%,75%,71%,67%,63%,59%,55%,51%,47%,44%,40%,36%,33%,29%,25%,22%,18%,18%,18%,18%,18%,18%,18%,18%,18%,18%,18%,18%,18%,18%,18%,18%,18%,18%,18%,18%,18%,18%,18%,18%,18%,18%,18%,18%,18%,18%,18%,18%,18%,18%,18%,18%,18%,18%,18%,18%,18%,18%,18%,18%,18%
Slower Growth,New South Wales,Articulated Truck,PHEV,0%,0%,0%,0%,0%,0%,0%,0%,0%,0%,0%,0%,0%,0%,1%,1%,1%,1%,1%,1%,1%,1%,1%,1%,2%,2%,2%,2%,2%,2%,2%,2%,2%,2%,2%,2%,2%,2%,2%,2%,2%,2%,2%,2%,2%,2%,2%,2%,2%,2%,2%,2%,2%,2%,2%,2%,2%,2%,2%,2%,2%,2%,2%,2%,2%,2%,2%,2%,2%,2%,2%,2%,2%,2%,2%
Slower Growth,New South Wales,Bus,BEV,1%,1%,3%,5%,8%,10%,13%,15%,17%,20%,22%,25%,27%,30%,33%,36%,39%,42%,45%,48%,50%,53%,56%,59%,62%,65%,68%,71%,74%,76%,79%,79%,79%,79%,79%,79%,79%,79%,79%,79%,79%,79%,79%,79%,79%,79%,79%,79%,79%,79%,79%,79%,79%,79%,79%,79%,79%,79%,79%,79%,79%,79%,79%,79%,79%,79%,79%,79%,79%,79%,79%,79%,79%,79%,79%
Slower Growth,New South Wales,Bus,FCEV,0%,0%,0%,1%,1%,1%,1%,1%,2%,2%,2%,2%,2%,2%,2%,2%,2%,2%,2%,2%,2%,2%,2%,2%,2%,2%,2%,2%,2%,2%,2%,2%,2%,2%,2%,2%,2%,2%,2%,2%,2%,2%,2%,2%,2%,2%,2%,2%,2%,2%,2%,2%,2%,2%,2%,2%,2%,2%,2%,2%,2%,2%,2%,2%,2%,2%,2%,2%,2%,2%,2%,2%,2%,2%,2%
Slower Growth,New South Wales,Bus,Hybrid,0%,0%,0%,0%,0%,0%,0%,0%,0%,0%,0%,0%,0%,0%,0%,0%,0%,0%,0%,1%,1%,1%,1%,1%,1%,1%,1%,1%,1%,2%,2%,2%,2%,2%,2%,2%,2%,2%,2%,2%,2%,2%,2%,2%,2%,2%,2%,2%,2%,2%,2%,2%,2%,2%,2%,2%,2%,2%,2%,2%,2%,2%,2%,2%,2%,2%,2%,2%,2%,2%,2%,2%,2%,2%,2%
Slower Growth,New South Wales,Bus,ICE,99%,98%,96%,94%,91%,89%,86%,83%,81%,78%,76%,73%,70%,67%,64%,61%,58%,54%,51%,48%,45%,42%,38%,35%,32%,29%,26%,22%,19%,16%,13%,13%,13%,13%,13%,13%,13%,13%,13%,13%,13%,13%,13%,13%,13%,13%,13%,13%,13%,13%,13%,13%,13%,13%,13%,13%,13%,13%,13%,13%,13%,13%,13%,13%,13%,13%,13%,13%,13%,13%,13%,13%,13%,13%,13%
Slower Growth,New South Wales,Bus,PHEV,0%,0%,0%,0%,0%,0%,0%,0%,0%,0%,0%,0%,1%,1%,1%,1%,1%,2%,2%,2%,2%,2%,3%,3%,3%,3%,3%,4%,4%,4%,4%,4%,4%,4%,4%,4%,4%,4%,4%,4%,4%,4%,4%,4%,4%,4%,4%,4%,4%,4%,4%,4%,4%,4%,4%,4%,4%,4%,4%,4%,4%,4%,4%,4%,4%,4%,4%,4%,4%,4%,4%,4%,4%,4%,4%
Slower Growth,New South Wales,Large Light Commercial,BEV,0%,0%,0%,0%,0%,1%,2%,3%,5%,6%,9%,11%,14%,17%,20%,23%,27%,31%,35%,39%,42%,46%,50%,53%,57%,60%,64%,67%,71%,75%,78%,78%,78%,78%,78%,78%,78%,78%,78%,78%,78%,78%,78%,78%,78%,78%,78%,78%,78%,78%,78%,78%,78%,78%,78%,78%,78%,78%,78%,78%,78%,78%,78%,78%,78%,78%,78%,78%,78%,78%,78%,78%,78%,78%,78%
Slower Growth,New South Wales,Large Light Commercial,FCEV,0%,0%,0%,0%,0%,0%,0%,0%,0%,0%,0%,0%,0%,0%,0%,0%,0%,0%,0%,0%,0%,0%,0%,0%,0%,0%,0%,0%,0%,0%,0%,0%,0%,0%,0%,0%,0%,0%,0%,0%,0%,0%,0%,0%,0%,0%,0%,0%,0%,0%,0%,0%,0%,0%,0%,0%,0%,0%,0%,0%,0%,0%,0%,0%,0%,0%,0%,0%,0%,0%,0%,0%,0%,0%,0%
Slower Growth,New South Wales,Large Light Commercial,Hybrid,1%,1%,2%,2%,3%,4%,4%,5%,5%,5%,5%,5%,5%,4%,4%,4%,4%,4%,3%,3%,3%,3%,3%,3%,3%,2%,2%,2%,2%,2%,2%,2%,2%,2%,2%,2%,2%,2%,2%,2%,2%,2%,2%,2%,2%,2%,2%,2%,2%,2%,2%,2%,2%,2%,2%,2%,2%,2%,2%,2%,2%,2%,2%,2%,2%,2%,2%,2%,2%,2%,2%,2%,2%,2%,2%
Slower Growth,New South Wales,Large Light Commercial,ICE,99%,99%,98%,97%,96%,94%,92%,91%,89%,86%,84%,81%,79%,76%,73%,69%,65%,61%,57%,54%,50%,46%,43%,39%,35%,32%,28%,25%,21%,18%,14%,14%,14%,14%,14%,14%,14%,14%,14%,14%,14%,14%,14%,14%,14%,14%,14%,14%,14%,14%,14%,14%,14%,14%,14%,14%,14%,14%,14%,14%,14%,14%,14%,14%,14%,14%,14%,14%,14%,14%,14%,14%,14%,14%,14%
Slower Growth,New South Wales,Large Light Commercial,PHEV,0%,0%,0%,1%,1%,1%,2%,2%,2%,2%,3%,3%,3%,3%,4%,4%,4%,4%,4%,4%,5%,5%,5%,5%,5%,5%,6%,6%,6%,6%,6%,6%,6%,6%,6%,6%,6%,6%,6%,6%,6%,6%,6%,6%,6%,6%,6%,6%,6%,6%,6%,6%,6%,6%,6%,6%,6%,6%,6%,6%,6%,6%,6%,6%,6%,6%,6%,6%,6%,6%,6%,6%,6%,6%,6%
Slower Growth,New South Wales,Large Residential,BEV,1%,1%,2%,2%,3%,4%,5%,7%,9%,11%,13%,15%,17%,20%,23%,26%,30%,33%,37%,40%,44%,47%,50%,54%,57%,61%,64%,68%,71%,75%,78%,78%,78%,78%,78%,78%,78%,78%,78%,78%,78%,78%,78%,78%,78%,78%,78%,78%,78%,78%,78%,78%,78%,78%,78%,78%,78%,78%,78%,78%,78%,78%,78%,78%,78%,78%,78%,78%,78%,78%,78%,78%,78%,78%,78%
Slower Growth,New South Wales,Large Residential,FCEV,0%,0%,0%,0%,0%,0%,0%,0%,0%,0%,0%,0%,0%,0%,0%,0%,0%,0%,0%,0%,0%,0%,0%,0%,0%,0%,0%,0%,0%,0%,0%,0%,0%,0%,0%,0%,0%,0%,0%,0%,0%,0%,0%,0%,0%,0%,0%,0%,0%,0%,0%,0%,0%,0%,0%,0%,0%,0%,0%,0%,0%,0%,0%,0%,0%,0%,0%,0%,0%,0%,0%,0%,0%,0%,0%
Slower Growth,New South Wales,Large Residential,Hybrid,8%,9%,11%,12%,13%,13%,14%,14%,14%,14%,13%,13%,12%,11%,10%,10%,9%,9%,8%,8%,7%,7%,6%,6%,5%,5%,5%,4%,4%,3%,3%,3%,3%,3%,3%,3%,3%,3%,3%,3%,3%,3%,3%,3%,3%,3%,3%,3%,3%,3%,3%,3%,3%,3%,3%,3%,3%,3%,3%,3%,3%,3%,3%,3%,3%,3%,3%,3%,3%,3%,3%,3%,3%,3%,3%
Slower Growth,New South Wales,Large Residential,ICE,91%,89%,86%,83%,80%,77%,75%,72%,70%,67%,65%,63%,61%,59%,57%,54%,51%,48%,46%,43%,40%,37%,34%,32%,29%,26%,23%,20%,17%,14%,12%,12%,12%,12%,12%,12%,12%,12%,12%,12%,12%,12%,12%,12%,12%,12%,12%,12%,12%,12%,12%,12%,12%,12%,12%,12%,12%,12%,12%,12%,12%,12%,12%,12%,12%,12%,12%,12%,12%,12%,12%,12%,12%,12%,12%
Slower Growth,New South Wales,Large Residential,PHEV,0%,1%,2%,3%,4%,5%,6%,7%,8%,9%,9%,10%,10%,10%,10%,10%,10%,10%,9%,9%,9%,9%,9%,9%,8%,8%,8%,8%,8%,8%,8%,8%,8%,8%,8%,8%,8%,8%,8%,8%,8%,8%,8%,8%,8%,8%,8%,8%,8%,8%,8%,8%,8%,8%,8%,8%,8%,8%,8%,8%,8%,8%,8%,8%,8%,8%,8%,8%,8%,8%,8%,8%,8%,8%,8%
Slower Growth,New South Wales,Medium Light Commercial,BEV,1%,1%,1%,2%,2%,3%,4%,5%,7%,9%,11%,14%,16%,19%,22%,26%,30%,34%,38%,41%,45%,49%,52%,56%,59%,63%,67%,70%,74%,77%,81%,81%,81%,81%,81%,81%,81%,81%,81%,81%,81%,81%,81%,81%,81%,81%,81%,81%,81%,81%,81%,81%,81%,81%,81%,81%,81%,81%,81%,81%,81%,81%,81%,81%,81%,81%,81%,81%,81%,81%,81%,81%,81%,81%,81%
Slower Growth,New South Wales,Medium Light Commercial,FCEV,0%,0%,0%,0%,0%,0%,0%,0%,0%,0%,0%,0%,0%,0%,0%,0%,0%,0%,0%,0%,0%,0%,0%,0%,0%,0%,0%,0%,0%,0%,0%,0%,0%,0%,0%,0%,0%,0%,0%,0%,0%,0%,0%,0%,0%,0%,0%,0%,0%,0%,0%,0%,0%,0%,0%,0%,0%,0%,0%,0%,0%,0%,0%,0%,0%,0%,0%,0%,0%,0%,0%,0%,0%,0%,0%
Slower Growth,New South Wales,Medium Light Commercial,Hybrid,1%,1%,2%,2%,3%,4%,5%,5%,5%,5%,5%,5%,5%,5%,5%,4%,4%,4%,4%,4%,3%,3%,3%,3%,3%,3%,2%,2%,2%,2%,2%,2%,2%,2%,2%,2%,2%,2%,2%,2%,2%,2%,2%,2%,2%,2%,2%,2%,2%,2%,2%,2%,2%,2%,2%,2%,2%,2%,2%,2%,2%,2%,2%,2%,2%,2%,2%,2%,2%,2%,2%,2%,2%,2%,2%
Slower Growth,New South Wales,Medium Light Commercial,ICE,98%,98%,96%,94%,92%,90%,87%,85%,83%,80%,78%,75%,72%,70%,67%,63%,60%,56%,53%,49%,46%,43%,39%,36%,33%,29%,26%,23%,20%,16%,13%,13%,13%,13%,13%,13%,13%,13%,13%,13%,13%,13%,13%,13%,13%,13%,13%,13%,13%,13%,13%,13%,13%,13%,13%,13%,13%,13%,13%,13%,13%,13%,13%,13%,13%,13%,13%,13%,13%,13%,13%,13%,13%,13%,13%
Slower Growth,New South Wales,Medium Light Commercial,PHEV,0%,1%,1%,2%,3%,3%,4%,5%,5%,6%,6%,6%,6%,6%,7%,6%,6%,6%,6%,6%,6%,6%,5%,5%,5%,5%,5%,5%,5%,5%,4%,4%,4%,4%,4%,4%,4%,4%,4%,4%,4%,4%,4%,4%,4%,4%,4%,4%,4%,4%,4%,4%,4%,4%,4%,4%,4%,4%,4%,4%,4%,4%,4%,4%,4%,4%,4%,4%,4%,4%,4%,4%,4%,4%,4%
Slower Growth,New South Wales,Medium Residential,BEV,3%,4%,5%,6%,7%,8%,9%,10%,12%,14%,16%,18%,21%,23%,26%,30%,33%,36%,40%,43%,47%,50%,54%,57%,60%,64%,67%,71%,74%,78%,81%,81%,81%,81%,81%,81%,81%,81%,81%,81%,81%,81%,81%,81%,81%,81%,81%,81%,81%,81%,81%,81%,81%,81%,81%,81%,81%,81%,81%,81%,81%,81%,81%,81%,81%,81%,81%,81%,81%,81%,81%,81%,81%,81%,81%
Slower Growth,New South Wales,Medium Residential,FCEV,0%,0%,0%,0%,0%,0%,0%,0%,0%,0%,0%,0%,0%,0%,0%,0%,0%,0%,0%,0%,0%,0%,0%,0%,0%,0%,0%,0%,0%,0%,0%,0%,0%,0%,0%,0%,0%,0%,0%,0%,0%,0%,0%,0%,0%,0%,0%,0%,0%,0%,0%,0%,0%,0%,0%,0%,0%,0%,0%,0%,0%,0%,0%,0%,0%,0%,0%,0%,0%,0%,0%,0%,0%,0%,0%
Slower Growth,New South Wales,Medium Residential,Hybrid,8%,9%,11%,11%,12%,13%,13%,13%,13%,13%,13%,12%,11%,10%,10%,9%,9%,8%,8%,7%,7%,6%,6%,6%,5%,5%,4%,4%,4%,3%,3%,3%,3%,3%,3%,3%,3%,3%,3%,3%,3%,3%,3%,3%,3%,3%,3%,3%,3%,3%,3%,3%,3%,3%,3%,3%,3%,3%,3%,3%,3%,3%,3%,3%,3%,3%,3%,3%,3%,3%,3%,3%,3%,3%,3%
Slower Growth,New South Wales,Medium Residential,ICE,88%,85%,82%,79%,76%,73%,70%,68%,65%,63%,61%,59%,57%,55%,53%,50%,48%,45%,42%,40%,37%,35%,32%,29%,27%,24%,21%,19%,16%,13%,11%,11%,11%,11%,11%,11%,11%,11%,11%,11%,11%,11%,11%,11%,11%,11%,11%,11%,11%,11%,11%,11%,11%,11%,11%,11%,11%,11%,11%,11%,11%,11%,11%,11%,11%,11%,11%,11%,11%,11%,11%,11%,11%,11%,11%
Slower Growth,New South Wales,Medium Residential,PHEV,1%,2%,3%,4%,5%,7%,8%,9%,10%,10%,11%,11%,11%,11%,11%,11%,11%,10%,10%,9%,9%,9%,8%,8%,8%,7%,7%,7%,6%,6%,5%,5%,5%,5%,5%,5%,5%,5%,5%,5%,5%,5%,5%,5%,5%,5%,5%,5%,5%,5%,5%,5%,5%,5%,5%,5%,5%,5%,5%,5%,5%,5%,5%,5%,5%,5%,5%,5%,5%,5%,5%,5%,5%,5%,5%
Slower Growth,New South Wales,Motorcycle,BEV,1%,1%,2%,3%,5%,6%,8%,10%,12%,15%,17%,20%,22%,25%,28%,32%,35%,39%,42%,46%,49%,53%,56%,59%,63%,66%,70%,73%,77%,80%,83%,83%,83%,83%,83%,83%,83%,83%,83%,83%,83%,83%,83%,83%,83%,83%,83%,83%,83%,83%,83%,83%,83%,83%,83%,83%,83%,83%,83%,83%,83%,83%,83%,83%,83%,83%,83%,83%,83%,83%,83%,83%,83%,83%,83%
Slower Growth,New South Wales,Motorcycle,FCEV,0%,0%,0%,0%,0%,0%,0%,0%,0%,0%,0%,0%,0%,0%,0%,0%,0%,0%,0%,0%,0%,0%,0%,0%,0%,0%,0%,0%,0%,0%,0%,0%,0%,0%,0%,0%,0%,0%,0%,0%,0%,0%,0%,0%,0%,0%,0%,0%,0%,0%,0%,0%,0%,0%,0%,0%,0%,0%,0%,0%,0%,0%,0%,0%,0%,0%,0%,0%,0%,0%,0%,0%,0%,0%,0%
Slower Growth,New South Wales,Motorcycle,Hybrid,0%,0%,0%,0%,0%,0%,0%,0%,0%,0%,0%,0%,0%,0%,0%,0%,0%,0%,0%,0%,0%,0%,0%,0%,0%,0%,0%,0%,0%,0%,0%,0%,0%,0%,0%,0%,0%,0%,0%,0%,0%,0%,0%,0%,0%,0%,0%,0%,0%,0%,0%,0%,0%,0%,0%,0%,0%,0%,0%,0%,0%,0%,0%,0%,0%,0%,0%,0%,0%,0%,0%,0%,0%,0%,0%
Slower Growth,New South Wales,Motorcycle,ICE,99%,99%,98%,97%,95%,94%,92%,90%,88%,85%,83%,80%,78%,75%,72%,68%,65%,61%,57%,54%,50%,47%,43%,40%,36%,33%,29%,26%,22%,19%,15%,15%,15%,15%,15%,15%,15%,15%,15%,15%,15%,15%,15%,15%,15%,15%,15%,15%,15%,15%,15%,15%,15%,15%,15%,15%,15%,15%,15%,15%,15%,15%,15%,15%,15%,15%,15%,15%,15%,15%,15%,15%,15%,15%,15%
Slower Growth,New South Wales,Motorcycle,PHEV,0%,0%,0%,0%,0%,0%,0%,0%,0%,0%,0%,0%,0%,0%,0%,0%,0%,0%,0%,1%,1%,1%,1%,1%,1%,1%,1%,1%,1%,2%,2%,2%,2%,2%,2%,2%,2%,2%,2%,2%,2%,2%,2%,2%,2%,2%,2%,2%,2%,2%,2%,2%,2%,2%,2%,2%,2%,2%,2%,2%,2%,2%,2%,2%,2%,2%,2%,2%,2%,2%,2%,2%,2%,2%,2%
Slower Growth,New South Wales,Rigid Truck,BEV,0%,0%,0%,0%,0%,1%,2%,3%,4%,6%,8%,11%,13%,16%,19%,23%,27%,31%,34%,38%,41%,45%,48%,52%,55%,59%,62%,65%,69%,72%,75%,75%,75%,75%,75%,75%,75%,75%,75%,75%,75%,75%,75%,75%,75%,75%,75%,75%,75%,75%,75%,75%,75%,75%,75%,75%,75%,75%,75%,75%,75%,75%,75%,75%,75%,75%,75%,75%,75%,75%,75%,75%,75%,75%,75%
Slower Growth,New South Wales,Rigid Truck,FCEV,0%,0%,0%,0%,0%,0%,0%,0%,0%,0%,0%,0%,0%,0%,0%,1%,1%,1%,1%,1%,1%,1%,1%,1%,1%,1%,1%,1%,2%,2%,2%,2%,2%,2%,2%,2%,2%,2%,2%,2%,2%,2%,2%,2%,2%,2%,2%,2%,2%,2%,2%,2%,2%,2%,2%,2%,2%,2%,2%,2%,2%,2%,2%,2%,2%,2%,2%,2%,2%,2%,2%,2%,2%,2%,2%
Slower Growth,New South Wales,Rigid Truck,Hybrid,0%,0%,0%,0%,0%,0%,0%,0%,0%,0%,0%,0%,0%,0%,0%,0%,1%,1%,1%,1%,2%,2%,2%,2%,3%,3%,3%,3%,4%,4%,4%,4%,4%,4%,4%,4%,4%,4%,4%,4%,4%,4%,4%,4%,4%,4%,4%,4%,4%,4%,4%,4%,4%,4%,4%,4%,4%,4%,4%,4%,4%,4%,4%,4%,4%,4%,4%,4%,4%,4%,4%,4%,4%,4%,4%
Slower Growth,New South Wales,Rigid Truck,ICE,100%,100%,100%,100%,100%,99%,98%,97%,95%,93%,91%,89%,86%,83%,79%,75%,71%,66%,62%,58%,54%,50%,46%,42%,38%,34%,30%,26%,22%,18%,15%,15%,15%,15%,15%,15%,15%,15%,15%,15%,15%,15%,15%,15%,15%,15%,15%,15%,15%,15%,15%,15%,15%,15%,15%,15%,15%,15%,15%,15%,15%,15%,15%,15%,15%,15%,15%,15%,15%,15%,15%,15%,15%,15%,15%
Slower Growth,New South Wales,Rigid Truck,PHEV,0%,0%,0%,0%,0%,0%,0%,0%,0%,0%,0%,1%,1%,1%,1%,1%,1%,2%,2%,2%,2%,3%,3%,3%,3%,3%,4%,4%,4%,4%,4%,4%,4%,4%,4%,4%,4%,4%,4%,4%,4%,4%,4%,4%,4%,4%,4%,4%,4%,4%,4%,4%,4%,4%,4%,4%,4%,4%,4%,4%,4%,4%,4%,4%,4%,4%,4%,4%,4%,4%,4%,4%,4%,4%,4%
Slower Growth,New South Wales,Small Light Commercial,BEV,2%,3%,3%,4%,5%,5%,7%,8%,10%,12%,14%,17%,19%,22%,25%,29%,33%,37%,40%,44%,48%,51%,55%,58%,62%,66%,69%,73%,76%,80%,83%,83%,83%,83%,83%,83%,83%,83%,83%,83%,83%,83%,83%,83%,83%,83%,83%,83%,83%,83%,83%,83%,83%,83%,83%,83%,83%,83%,83%,83%,83%,83%,83%,83%,83%,83%,83%,83%,83%,83%,83%,83%,83%,83%,83%
Slower Growth,New South Wales,Small Light Commercial,FCEV,0%,0%,0%,0%,0%,0%,0%,0%,0%,0%,0%,0%,0%,0%,0%,0%,0%,0%,0%,0%,0%,0%,0%,0%,0%,0%,0%,0%,0%,0%,0%,0%,0%,0%,0%,0%,0%,0%,0%,0%,0%,0%,0%,0%,0%,0%,0%,0%,0%,0%,0%,0%,0%,0%,0%,0%,0%,0%,0%,0%,0%,0%,0%,0%,0%,0%,0%,0%,0%,0%,0%,0%,0%,0%,0%
Slower Growth,New South Wales,Small Light Commercial,Hybrid,0%,0%,0%,0%,0%,0%,0%,0%,0%,0%,0%,0%,0%,0%,0%,0%,0%,0%,0%,0%,0%,0%,0%,0%,1%,1%,1%,1%,1%,1%,1%,1%,1%,1%,1%,1%,1%,1%,1%,1%,1%,1%,1%,1%,1%,1%,1%,1%,1%,1%,1%,1%,1%,1%,1%,1%,1%,1%,1%,1%,1%,1%,1%,1%,1%,1%,1%,1%,1%,1%,1%,1%,1%,1%,1%
Slower Growth,New South Wales,Small Light Commercial,ICE,97%,96%,95%,93%,91%,89%,87%,84%,82%,79%,77%,74%,71%,68%,65%,62%,58%,55%,52%,48%,45%,42%,39%,35%,32%,29%,26%,22%,19%,16%,13%,13%,13%,13%,13%,13%,13%,13%,13%,13%,13%,13%,13%,13%,13%,13%,13%,13%,13%,13%,13%,13%,13%,13%,13%,13%,13%,13%,13%,13%,13%,13%,13%,13%,13%,13%,13%,13%,13%,13%,13%,13%,13%,13%,13%
Slower Growth,New South Wales,Small Light Commercial,PHEV,1%,1%,2%,3%,4%,6%,7%,7%,8%,9%,9%,9%,9%,9%,9%,9%,9%,8%,8%,7%,7%,7%,6%,6%,5%,5%,5%,4%,4%,4%,3%,3%,3%,3%,3%,3%,3%,3%,3%,3%,3%,3%,3%,3%,3%,3%,3%,3%,3%,3%,3%,3%,3%,3%,3%,3%,3%,3%,3%,3%,3%,3%,3%,3%,3%,3%,3%,3%,3%,3%,3%,3%,3%,3%,3%
Slower Growth,New South Wales,Small Residential,BEV,7%,9%,10%,11%,11%,11%,12%,13%,14%,15%,17%,19%,21%,24%,27%,30%,34%,37%,41%,44%,48%,51%,55%,58%,62%,65%,69%,72%,76%,79%,83%,83%,83%,83%,83%,83%,83%,83%,83%,83%,83%,83%,83%,83%,83%,83%,83%,83%,83%,83%,83%,83%,83%,83%,83%,83%,83%,83%,83%,83%,83%,83%,83%,83%,83%,83%,83%,83%,83%,83%,83%,83%,83%,83%,83%
Slower Growth,New South Wales,Small Residential,FCEV,0%,0%,0%,0%,0%,0%,0%,0%,0%,0%,0%,0%,0%,0%,0%,0%,0%,0%,0%,0%,0%,0%,0%,0%,0%,0%,0%,0%,0%,0%,0%,0%,0%,0%,0%,0%,0%,0%,0%,0%,0%,0%,0%,0%,0%,0%,0%,0%,0%,0%,0%,0%,0%,0%,0%,0%,0%,0%,0%,0%,0%,0%,0%,0%,0%,0%,0%,0%,0%,0%,0%,0%,0%,0%,0%
Slower Growth,New South Wales,Small Residential,Hybrid,0%,0%,0%,0%,0%,0%,0%,0%,0%,0%,0%,0%,0%,0%,0%,0%,0%,0%,0%,0%,0%,0%,0%,0%,1%,1%,1%,1%,1%,1%,1%,1%,1%,1%,1%,1%,1%,1%,1%,1%,1%,1%,1%,1%,1%,1%,1%,1%,1%,1%,1%,1%,1%,1%,1%,1%,1%,1%,1%,1%,1%,1%,1%,1%,1%,1%,1%,1%,1%,1%,1%,1%,1%,1%,1%
Slower Growth,New South Wales,Small Residential,ICE,90%,88%,86%,84%,82%,81%,79%,77%,75%,73%,70%,68%,66%,63%,61%,58%,55%,52%,49%,46%,43%,40%,37%,34%,31%,28%,24%,21%,18%,15%,12%,12%,12%,12%,12%,12%,12%,12%,12%,12%,12%,12%,12%,12%,12%,12%,12%,12%,12%,12%,12%,12%,12%,12%,12%,12%,12%,12%,12%,12%,12%,12%,12%,12%,12%,12%,12%,12%,12%,12%,12%,12%,12%,12%,12%
Slower Growth,New South Wales,Small Residential,PHEV,2%,3%,4%,5%,7%,8%,10%,11%,11%,12%,12%,13%,13%,13%,13%,12%,11%,11%,10%,10%,9%,9%,8%,8%,7%,7%,6%,6%,5%,5%,4%,4%,4%,4%,4%,4%,4%,4%,4%,4%,4%,4%,4%,4%,4%,4%,4%,4%,4%,4%,4%,4%,4%,4%,4%,4%,4%,4%,4%,4%,4%,4%,4%,4%,4%,4%,4%,4%,4%,4%,4%,4%,4%,4%,4%
Slower Growth,QLD,Articulated Truck,BEV,0%,0%,0%,0%,0%,0%,1%,2%,4%,5%,7%,9%,12%,14%,17%,21%,25%,29%,33%,37%,41%,44%,48%,52%,55%,59%,63%,66%,70%,73%,77%,77%,77%,77%,77%,77%,77%,77%,77%,77%,77%,77%,77%,77%,77%,77%,77%,77%,77%,77%,77%,77%,77%,77%,77%,77%,77%,77%,77%,77%,77%,77%,77%,77%,77%,77%,77%,77%,77%,77%,77%,77%,77%,77%,77%
Slower Growth,QLD,Articulated Truck,FCEV,0%,0%,0%,0%,0%,0%,0%,0%,0%,0%,0%,0%,0%,0%,0%,1%,1%,1%,1%,1%,1%,1%,1%,1%,2%,2%,2%,2%,2%,2%,2%,2%,2%,2%,2%,2%,2%,2%,2%,2%,2%,2%,2%,2%,2%,2%,2%,2%,2%,2%,2%,2%,2%,2%,2%,2%,2%,2%,2%,2%,2%,2%,2%,2%,2%,2%,2%,2%,2%,2%,2%,2%,2%,2%,2%
Slower Growth,QLD,Articulated Truck,Hybrid,0%,0%,0%,0%,0%,0%,0%,0%,0%,0%,0%,0%,0%,0%,0%,0%,0%,0%,0%,0%,0%,0%,0%,0%,0%,0%,0%,0%,0%,0%,0%,0%,0%,0%,0%,0%,0%,0%,0%,0%,0%,0%,0%,0%,0%,0%,0%,0%,0%,0%,0%,0%,0%,0%,0%,0%,0%,0%,0%,0%,0%,0%,0%,0%,0%,0%,0%,0%,0%,0%,0%,0%,0%,0%,0%
Slower Growth,QLD,Articulated Truck,ICE,100%,100%,100%,100%,100%,99%,99%,98%,96%,95%,93%,90%,88%,85%,82%,78%,74%,69%,65%,61%,57%,53%,49%,45%,42%,38%,34%,30%,27%,23%,19%,19%,19%,19%,19%,19%,19%,19%,19%,19%,19%,19%,19%,19%,19%,19%,19%,19%,19%,19%,19%,19%,19%,19%,19%,19%,19%,19%,19%,19%,19%,19%,19%,19%,19%,19%,19%,19%,19%,19%,19%,19%,19%,19%,19%
Slower Growth,QLD,Articulated Truck,PHEV,0%,0%,0%,0%,0%,0%,0%,0%,0%,0%,0%,0%,0%,0%,0%,1%,1%,1%,1%,1%,1%,1%,1%,1%,2%,2%,2%,2%,2%,2%,2%,2%,2%,2%,2%,2%,2%,2%,2%,2%,2%,2%,2%,2%,2%,2%,2%,2%,2%,2%,2%,2%,2%,2%,2%,2%,2%,2%,2%,2%,2%,2%,2%,2%,2%,2%,2%,2%,2%,2%,2%,2%,2%,2%,2%
Slower Growth,QLD,Bus,BEV,1%,1%,2%,4%,5%,7%,9%,11%,13%,15%,17%,19%,21%,24%,26%,30%,33%,36%,39%,43%,46%,49%,52%,56%,59%,62%,65%,68%,72%,75%,78%,78%,78%,78%,78%,78%,78%,78%,78%,78%,78%,78%,78%,78%,78%,78%,78%,78%,78%,78%,78%,78%,78%,78%,78%,78%,78%,78%,78%,78%,78%,78%,78%,78%,78%,78%,78%,78%,78%,78%,78%,78%,78%,78%,78%
Slower Growth,QLD,Bus,FCEV,0%,0%,0%,0%,1%,1%,1%,1%,1%,1%,1%,1%,2%,2%,2%,2%,2%,2%,2%,2%,2%,2%,2%,2%,2%,2%,2%,2%,2%,2%,2%,2%,2%,2%,2%,2%,2%,2%,2%,2%,2%,2%,2%,2%,2%,2%,2%,2%,2%,2%,2%,2%,2%,2%,2%,2%,2%,2%,2%,2%,2%,2%,2%,2%,2%,2%,2%,2%,2%,2%,2%,2%,2%,2%,2%
Slower Growth,QLD,Bus,Hybrid,0%,0%,0%,0%,0%,0%,0%,0%,0%,0%,0%,0%,0%,0%,0%,0%,0%,0%,0%,1%,1%,1%,1%,1%,1%,1%,1%,1%,1%,2%,2%,2%,2%,2%,2%,2%,2%,2%,2%,2%,2%,2%,2%,2%,2%,2%,2%,2%,2%,2%,2%,2%,2%,2%,2%,2%,2%,2%,2%,2%,2%,2%,2%,2%,2%,2%,2%,2%,2%,2%,2%,2%,2%,2%,2%
Slower Growth,QLD,Bus,ICE,99%,99%,98%,96%,94%,92%,90%,88%,86%,84%,82%,79%,77%,74%,71%,68%,64%,60%,57%,53%,50%,46%,43%,39%,36%,32%,28%,25%,21%,18%,14%,14%,14%,14%,14%,14%,14%,14%,14%,14%,14%,14%,14%,14%,14%,14%,14%,14%,14%,14%,14%,14%,14%,14%,14%,14%,14%,14%,14%,14%,14%,14%,14%,14%,14%,14%,14%,14%,14%,14%,14%,14%,14%,14%,14%
Slower Growth,QLD,Bus,PHEV,0%,0%,0%,0%,0%,0%,0%,0%,0%,0%,0%,0%,1%,1%,1%,1%,1%,1%,2%,2%,2%,2%,3%,3%,3%,3%,3%,4%,4%,4%,4%,4%,4%,4%,4%,4%,4%,4%,4%,4%,4%,4%,4%,4%,4%,4%,4%,4%,4%,4%,4%,4%,4%,4%,4%,4%,4%,4%,4%,4%,4%,4%,4%,4%,4%,4%,4%,4%,4%,4%,4%,4%,4%,4%,4%
Slower Growth,QLD,Large Light Commercial,BEV,0%,0%,1%,1%,2%,3%,4%,6%,7%,9%,11%,14%,16%,19%,22%,26%,30%,34%,38%,42%,46%,50%,54%,58%,61%,65%,69%,73%,77%,80%,84%,84%,84%,84%,84%,84%,84%,84%,84%,84%,84%,84%,84%,84%,84%,84%,84%,84%,84%,84%,84%,84%,84%,84%,84%,84%,84%,84%,84%,84%,84%,84%,84%,84%,84%,84%,84%,84%,84%,84%,84%,84%,84%,84%,84%
Slower Growth,QLD,Large Light Commercial,FCEV,0%,0%,0%,0%,0%,0%,0%,0%,0%,0%,0%,0%,0%,0%,0%,0%,0%,0%,0%,0%,0%,0%,0%,0%,0%,0%,0%,0%,0%,0%,0%,0%,0%,0%,0%,0%,0%,0%,0%,0%,0%,0%,0%,0%,0%,0%,0%,0%,0%,0%,0%,0%,0%,0%,0%,0%,0%,0%,0%,0%,0%,0%,0%,0%,0%,0%,0%,0%,0%,0%,0%,0%,0%,0%,0%
Slower Growth,QLD,Large Light Commercial,Hybrid,0%,1%,1%,1%,2%,2%,2%,3%,3%,3%,3%,3%,2%,2%,2%,2%,2%,2%,2%,2%,2%,2%,1%,1%,1%,1%,1%,1%,1%,1%,1%,1%,1%,1%,1%,1%,1%,1%,1%,1%,1%,1%,1%,1%,1%,1%,1%,1%,1%,1%,1%,1%,1%,1%,1%,1%,1%,1%,1%,1%,1%,1%,1%,1%,1%,1%,1%,1%,1%,1%,1%,1%,1%,1%,1%
Slower Growth,QLD,Large Light Commercial,ICE,100%,99%,98%,97%,96%,95%,93%,91%,90%,87%,85%,83%,81%,78%,75%,71%,67%,64%,60%,56%,52%,48%,44%,41%,37%,33%,29%,26%,22%,18%,15%,15%,15%,15%,15%,15%,15%,15%,15%,15%,15%,15%,15%,15%,15%,15%,15%,15%,15%,15%,15%,15%,15%,15%,15%,15%,15%,15%,15%,15%,15%,15%,15%,15%,15%,15%,15%,15%,15%,15%,15%,15%,15%,15%,15%
Slower Growth,QLD,Large Light Commercial,PHEV,0%,0%,0%,0%,0%,0%,0%,0%,1%,1%,1%,1%,1%,1%,1%,0%,0%,0%,0%,0%,0%,0%,0%,0%,0%,0%,0%,0%,0%,0%,0%,0%,0%,0%,0%,0%,0%,0%,0%,0%,0%,0%,0%,0%,0%,0%,0%,0%,0%,0%,0%,0%,0%,0%,0%,0%,0%,0%,0%,0%,0%,0%,0%,0%,0%,0%,0%,0%,0%,0%,0%,0%,0%,0%,0%
Slower Growth,QLD,Large Residential,BEV,1%,2%,3%,5%,8%,11%,13%,16%,18%,21%,24%,26%,29%,31%,34%,37%,40%,43%,47%,50%,53%,56%,59%,62%,65%,69%,72%,75%,78%,81%,84%,84%,84%,84%,84%,84%,84%,84%,84%,84%,84%,84%,84%,84%,84%,84%,84%,84%,84%,84%,84%,84%,84%,84%,84%,84%,84%,84%,84%,84%,84%,84%,84%,84%,84%,84%,84%,84%,84%,84%,84%,84%,84%,84%,84%
Slower Growth,QLD,Large Residential,FCEV,0%,0%,0%,0%,0%,0%,0%,0%,0%,0%,0%,0%,0%,0%,0%,0%,0%,0%,0%,0%,0%,0%,0%,0%,0%,0%,0%,0%,0%,0%,0%,0%,0%,0%,0%,0%,0%,0%,0%,0%,0%,0%,0%,0%,0%,0%,0%,0%,0%,0%,0%,0%,0%,0%,0%,0%,0%,0%,0%,0%,0%,0%,0%,0%,0%,0%,0%,0%,0%,0%,0%,0%,0%,0%,0%
Slower Growth,QLD,Large Residential,Hybrid,7%,8%,9%,9%,10%,10%,10%,10%,10%,9%,9%,9%,8%,8%,7%,7%,7%,6%,6%,6%,5%,5%,5%,5%,5%,4%,4%,4%,4%,4%,3%,3%,3%,3%,3%,3%,3%,3%,3%,3%,3%,3%,3%,3%,3%,3%,3%,3%,3%,3%,3%,3%,3%,3%,3%,3%,3%,3%,3%,3%,3%,3%,3%,3%,3%,3%,3%,3%,3%,3%,3%,3%,3%,3%,3%
Slower Growth,QLD,Large Residential,ICE,92%,90%,87%,85%,82%,79%,76%,73%,71%,68%,66%,64%,62%,60%,58%,55%,52%,49%,46%,43%,41%,38%,35%,32%,29%,26%,23%,20%,18%,15%,12%,12%,12%,12%,12%,12%,12%,12%,12%,12%,12%,12%,12%,12%,12%,12%,12%,12%,12%,12%,12%,12%,12%,12%,12%,12%,12%,12%,12%,12%,12%,12%,12%,12%,12%,12%,12%,12%,12%,12%,12%,12%,12%,12%,12%
Slower Growth,QLD,Large Residential,PHEV,0%,0%,1%,1%,1%,1%,1%,1%,2%,2%,2%,2%,1%,1%,1%,1%,1%,1%,1%,1%,1%,1%,1%,1%,1%,1%,1%,1%,1%,1%,1%,1%,1%,1%,1%,1%,1%,1%,1%,1%,1%,1%,1%,1%,1%,1%,1%,1%,1%,1%,1%,1%,1%,1%,1%,1%,1%,1%,1%,1%,1%,1%,1%,1%,1%,1%,1%,1%,1%,1%,1%,1%,1%,1%,1%
Slower Growth,QLD,Medium Light Commercial,BEV,0%,1%,2%,3%,5%,7%,9%,11%,13%,15%,18%,21%,23%,26%,29%,32%,36%,40%,43%,47%,51%,54%,58%,61%,65%,68%,72%,75%,79%,82%,85%,85%,85%,85%,85%,85%,85%,85%,85%,85%,85%,85%,85%,85%,85%,85%,85%,85%,85%,85%,85%,85%,85%,85%,85%,85%,85%,85%,85%,85%,85%,85%,85%,85%,85%,85%,85%,85%,85%,85%,85%,85%,85%,85%,85%
Slower Growth,QLD,Medium Light Commercial,FCEV,0%,0%,0%,0%,0%,0%,0%,0%,0%,0%,0%,0%,0%,0%,0%,0%,0%,0%,0%,0%,0%,0%,0%,0%,0%,0%,0%,0%,0%,0%,0%,0%,0%,0%,0%,0%,0%,0%,0%,0%,0%,0%,0%,0%,0%,0%,0%,0%,0%,0%,0%,0%,0%,0%,0%,0%,0%,0%,0%,0%,0%,0%,0%,0%,0%,0%,0%,0%,0%,0%,0%,0%,0%,0%,0%
Slower Growth,QLD,Medium Light Commercial,Hybrid,0%,1%,1%,1%,2%,2%,2%,3%,3%,3%,3%,3%,2%,2%,2%,2%,2%,2%,2%,2%,2%,2%,1%,1%,1%,1%,1%,1%,1%,1%,1%,1%,1%,1%,1%,1%,1%,1%,1%,1%,1%,1%,1%,1%,1%,1%,1%,1%,1%,1%,1%,1%,1%,1%,1%,1%,1%,1%,1%,1%,1%,1%,1%,1%,1%,1%,1%,1%,1%,1%,1%,1%,1%,1%,1%
Slower Growth,QLD,Medium Light Commercial,ICE,99%,98%,97%,95%,93%,90%,88%,86%,84%,81%,79%,76%,74%,71%,69%,65%,61%,58%,54%,51%,47%,44%,41%,37%,34%,30%,27%,23%,20%,17%,13%,13%,13%,13%,13%,13%,13%,13%,13%,13%,13%,13%,13%,13%,13%,13%,13%,13%,13%,13%,13%,13%,13%,13%,13%,13%,13%,13%,13%,13%,13%,13%,13%,13%,13%,13%,13%,13%,13%,13%,13%,13%,13%,13%,13%
Slower Growth,QLD,Medium Light Commercial,PHEV,0%,0%,0%,0%,0%,0%,1%,1%,1%,1%,1%,1%,1%,1%,1%,1%,1%,1%,0%,0%,0%,0%,0%,0%,0%,0%,0%,0%,0%,0%,0%,0%,0%,0%,0%,0%,0%,0%,0%,0%,0%,0%,0%,0%,0%,0%,0%,0%,0%,0%,0%,0%,0%,0%,0%,0%,0%,0%,0%,0%,0%,0%,0%,0%,0%,0%,0%,0%,0%,0%,0%,0%,0%,0%,0%
Slower Growth,QLD,Medium Residential,BEV,3%,4%,6%,9%,12%,14%,17%,20%,23%,25%,28%,31%,33%,35%,38%,41%,44%,47%,50%,53%,56%,59%,62%,65%,68%,70%,73%,76%,79%,82%,85%,85%,85%,85%,85%,85%,85%,85%,85%,85%,85%,85%,85%,85%,85%,85%,85%,85%,85%,85%,85%,85%,85%,85%,85%,85%,85%,85%,85%,85%,85%,85%,85%,85%,85%,85%,85%,85%,85%,85%,85%,85%,85%,85%,85%
Slower Growth,QLD,Medium Residential,FCEV,0%,0%,0%,0%,0%,0%,0%,0%,0%,0%,0%,0%,0%,0%,0%,0%,0%,0%,0%,0%,0%,0%,0%,0%,0%,0%,0%,0%,0%,0%,0%,0%,0%,0%,0%,0%,0%,0%,0%,0%,0%,0%,0%,0%,0%,0%,0%,0%,0%,0%,0%,0%,0%,0%,0%,0%,0%,0%,0%,0%,0%,0%,0%,0%,0%,0%,0%,0%,0%,0%,0%,0%,0%,0%,0%
Slower Growth,QLD,Medium Residential,Hybrid,7%,8%,9%,9%,9%,9%,9%,9%,9%,9%,8%,8%,7%,7%,7%,6%,6%,6%,5%,5%,5%,5%,5%,4%,4%,4%,4%,4%,3%,3%,3%,3%,3%,3%,3%,3%,3%,3%,3%,3%,3%,3%,3%,3%,3%,3%,3%,3%,3%,3%,3%,3%,3%,3%,3%,3%,3%,3%,3%,3%,3%,3%,3%,3%,3%,3%,3%,3%,3%,3%,3%,3%,3%,3%,3%
Slower Growth,QLD,Medium Residential,ICE,90%,87%,84%,81%,78%,75%,72%,69%,67%,64%,62%,60%,58%,56%,54%,52%,49%,46%,43%,41%,38%,35%,33%,30%,27%,25%,22%,19%,16%,14%,11%,11%,11%,11%,11%,11%,11%,11%,11%,11%,11%,11%,11%,11%,11%,11%,11%,11%,11%,11%,11%,11%,11%,11%,11%,11%,11%,11%,11%,11%,11%,11%,11%,11%,11%,11%,11%,11%,11%,11%,11%,11%,11%,11%,11%
Slower Growth,QLD,Medium Residential,PHEV,1%,1%,1%,1%,1%,2%,2%,2%,2%,2%,2%,2%,2%,2%,1%,1%,1%,1%,1%,1%,1%,1%,1%,1%,1%,1%,1%,1%,1%,1%,1%,1%,1%,1%,1%,1%,1%,1%,1%,1%,1%,1%,1%,1%,1%,1%,1%,1%,1%,1%,1%,1%,1%,1%,1%,1%,1%,1%,1%,1%,1%,1%,1%,1%,1%,1%,1%,1%,1%,1%,1%,1%,1%,1%,1%
Slower Growth,QLD,Motorcycle,BEV,1%,1%,3%,4%,7%,9%,11%,14%,16%,19%,21%,24%,26%,29%,31%,35%,38%,41%,45%,48%,52%,55%,58%,62%,65%,69%,72%,75%,79%,82%,85%,85%,85%,85%,85%,85%,85%,85%,85%,85%,85%,85%,85%,85%,85%,85%,85%,85%,85%,85%,85%,85%,85%,85%,85%,85%,85%,85%,85%,85%,85%,85%,85%,85%,85%,85%,85%,85%,85%,85%,85%,85%,85%,85%,85%
Slower Growth,QLD,Motorcycle,FCEV,0%,0%,0%,0%,0%,0%,0%,0%,0%,0%,0%,0%,0%,0%,0%,0%,0%,0%,0%,0%,0%,0%,0%,0%,0%,0%,0%,0%,0%,0%,0%,0%,0%,0%,0%,0%,0%,0%,0%,0%,0%,0%,0%,0%,0%,0%,0%,0%,0%,0%,0%,0%,0%,0%,0%,0%,0%,0%,0%,0%,0%,0%,0%,0%,0%,0%,0%,0%,0%,0%,0%,0%,0%,0%,0%
Slower Growth,QLD,Motorcycle,Hybrid,0%,0%,0%,0%,0%,0%,0%,0%,0%,0%,0%,0%,0%,0%,0%,0%,0%,0%,0%,0%,0%,0%,0%,0%,0%,0%,0%,0%,0%,0%,0%,0%,0%,0%,0%,0%,0%,0%,0%,0%,0%,0%,0%,0%,0%,0%,0%,0%,0%,0%,0%,0%,0%,0%,0%,0%,0%,0%,0%,0%,0%,0%,0%,0%,0%,0%,0%,0%,0%,0%,0%,0%,0%,0%,0%
Slower Growth,QLD,Motorcycle,ICE,99%,99%,97%,96%,93%,91%,89%,86%,84%,81%,79%,76%,74%,71%,69%,65%,62%,59%,55%,52%,48%,45%,42%,38%,35%,31%,28%,25%,21%,18%,15%,15%,15%,15%,15%,15%,15%,15%,15%,15%,15%,15%,15%,15%,15%,15%,15%,15%,15%,15%,15%,15%,15%,15%,15%,15%,15%,15%,15%,15%,15%,15%,15%,15%,15%,15%,15%,15%,15%,15%,15%,15%,15%,15%,15%
Slower Growth,QLD,Motorcycle,PHEV,0%,0%,0%,0%,0%,0%,0%,0%,0%,0%,0%,0%,0%,0%,0%,0%,0%,0%,0%,0%,0%,0%,0%,0%,0%,0%,0%,0%,0%,0%,0%,0%,0%,0%,0%,0%,0%,0%,0%,0%,0%,0%,0%,0%,0%,0%,0%,0%,0%,0%,0%,0%,0%,0%,0%,0%,0%,0%,0%,0%,0%,0%,0%,0%,0%,0%,0%,0%,0%,0%,0%,0%,0%,0%,0%
Slower Growth,QLD,Rigid Truck,BEV,0%,0%,0%,0%,0%,1%,1%,3%,4%,5%,7%,9%,11%,14%,17%,21%,24%,28%,32%,36%,39%,43%,46%,50%,54%,57%,61%,64%,68%,71%,74%,74%,74%,74%,74%,74%,74%,74%,74%,74%,74%,74%,74%,74%,74%,74%,74%,74%,74%,74%,74%,74%,74%,74%,74%,74%,74%,74%,74%,74%,74%,74%,74%,74%,74%,74%,74%,74%,74%,74%,74%,74%,74%,74%,74%
Slower Growth,QLD,Rigid Truck,FCEV,0%,0%,0%,0%,0%,0%,0%,0%,0%,0%,0%,0%,0%,0%,0%,0%,1%,1%,1%,1%,1%,1%,1%,1%,1%,1%,1%,1%,2%,2%,2%,2%,2%,2%,2%,2%,2%,2%,2%,2%,2%,2%,2%,2%,2%,2%,2%,2%,2%,2%,2%,2%,2%,2%,2%,2%,2%,2%,2%,2%,2%,2%,2%,2%,2%,2%,2%,2%,2%,2%,2%,2%,2%,2%,2%
Slower Growth,QLD,Rigid Truck,Hybrid,0%,0%,0%,0%,0%,0%,0%,0%,0%,0%,0%,0%,0%,0%,0%,0%,1%,1%,1%,1%,2%,2%,2%,2%,3%,3%,3%,3%,4%,4%,4%,4%,4%,4%,4%,4%,4%,4%,4%,4%,4%,4%,4%,4%,4%,4%,4%,4%,4%,4%,4%,4%,4%,4%,4%,4%,4%,4%,4%,4%,4%,4%,4%,4%,4%,4%,4%,4%,4%,4%,4%,4%,4%,4%,4%
Slower Growth,QLD,Rigid Truck,ICE,100%,100%,100%,100%,100%,99%,98%,97%,96%,94%,92%,90%,88%,85%,82%,78%,73%,69%,65%,60%,56%,52%,48%,44%,40%,36%,32%,28%,24%,20%,16%,16%,16%,16%,16%,16%,16%,16%,16%,16%,16%,16%,16%,16%,16%,16%,16%,16%,16%,16%,16%,16%,16%,16%,16%,16%,16%,16%,16%,16%,16%,16%,16%,16%,16%,16%,16%,16%,16%,16%,16%,16%,16%,16%,16%
Slower Growth,QLD,Rigid Truck,PHEV,0%,0%,0%,0%,0%,0%,0%,0%,0%,0%,0%,0%,1%,1%,1%,1%,1%,2%,2%,2%,2%,2%,3%,3%,3%,3%,3%,4%,4%,4%,4%,4%,4%,4%,4%,4%,4%,4%,4%,4%,4%,4%,4%,4%,4%,4%,4%,4%,4%,4%,4%,4%,4%,4%,4%,4%,4%,4%,4%,4%,4%,4%,4%,4%,4%,4%,4%,4%,4%,4%,4%,4%,4%,4%,4%
Slower Growth,QLD,Small Light Commercial,BEV,1%,2%,4%,6%,8%,11%,14%,16%,19%,21%,24%,26%,29%,32%,34%,38%,41%,45%,48%,51%,55%,58%,61%,64%,68%,71%,74%,77%,81%,84%,87%,87%,87%,87%,87%,87%,87%,87%,87%,87%,87%,87%,87%,87%,87%,87%,87%,87%,87%,87%,87%,87%,87%,87%,87%,87%,87%,87%,87%,87%,87%,87%,87%,87%,87%,87%,87%,87%,87%,87%,87%,87%,87%,87%,87%
Slower Growth,QLD,Small Light Commercial,FCEV,0%,0%,0%,0%,0%,0%,0%,0%,0%,0%,0%,0%,0%,0%,0%,0%,0%,0%,0%,0%,0%,0%,0%,0%,0%,0%,0%,0%,0%,0%,0%,0%,0%,0%,0%,0%,0%,0%,0%,0%,0%,0%,0%,0%,0%,0%,0%,0%,0%,0%,0%,0%,0%,0%,0%,0%,0%,0%,0%,0%,0%,0%,0%,0%,0%,0%,0%,0%,0%,0%,0%,0%,0%,0%,0%
Slower Growth,QLD,Small Light Commercial,Hybrid,0%,0%,0%,0%,0%,0%,0%,0%,0%,0%,0%,0%,0%,0%,0%,0%,0%,0%,0%,0%,0%,0%,0%,0%,0%,0%,0%,0%,0%,0%,0%,0%,0%,0%,0%,0%,0%,0%,0%,0%,0%,0%,0%,0%,0%,0%,0%,0%,0%,0%,0%,0%,0%,0%,0%,0%,0%,0%,0%,0%,0%,0%,0%,0%,0%,0%,0%,0%,0%,0%,0%,0%,0%,0%,0%
Slower Growth,QLD,Small Light Commercial,ICE,98%,97%,96%,93%,91%,88%,86%,83%,81%,78%,75%,73%,70%,67%,65%,61%,58%,55%,51%,48%,45%,42%,38%,35%,32%,29%,25%,22%,19%,16%,13%,13%,13%,13%,13%,13%,13%,13%,13%,13%,13%,13%,13%,13%,13%,13%,13%,13%,13%,13%,13%,13%,13%,13%,13%,13%,13%,13%,13%,13%,13%,13%,13%,13%,13%,13%,13%,13%,13%,13%,13%,13%,13%,13%,13%
Slower Growth,QLD,Small Light Commercial,PHEV,0%,1%,1%,1%,1%,1%,1%,1%,1%,1%,1%,1%,1%,1%,1%,1%,1%,1%,1%,1%,0%,0%,0%,0%,0%,0%,0%,0%,0%,0%,0%,0%,0%,0%,0%,0%,0%,0%,0%,0%,0%,0%,0%,0%,0%,0%,0%,0%,0%,0%,0%,0%,0%,0%,0%,0%,0%,0%,0%,0%,0%,0%,0%,0%,0%,0%,0%,0%,0%,0%,0%,0%,0%,0%,0%
Slower Growth,QLD,Small Residential,BEV,6%,8%,11%,14%,17%,20%,22%,25%,28%,30%,33%,36%,38%,41%,43%,46%,49%,51%,54%,57%,60%,63%,65%,68%,71%,74%,77%,79%,82%,85%,88%,88%,88%,88%,88%,88%,88%,88%,88%,88%,88%,88%,88%,88%,88%,88%,88%,88%,88%,88%,88%,88%,88%,88%,88%,88%,88%,88%,88%,88%,88%,88%,88%,88%,88%,88%,88%,88%,88%,88%,88%,88%,88%,88%,88%
Slower Growth,QLD,Small Residential,FCEV,0%,0%,0%,0%,0%,0%,0%,0%,0%,0%,0%,0%,0%,0%,0%,0%,0%,0%,0%,0%,0%,0%,0%,0%,0%,0%,0%,0%,0%,0%,0%,0%,0%,0%,0%,0%,0%,0%,0%,0%,0%,0%,0%,0%,0%,0%,0%,0%,0%,0%,0%,0%,0%,0%,0%,0%,0%,0%,0%,0%,0%,0%,0%,0%,0%,0%,0%,0%,0%,0%,0%,0%,0%,0%,0%
Slower Growth,QLD,Small Residential,Hybrid,0%,0%,0%,0%,0%,0%,0%,0%,0%,0%,0%,0%,0%,0%,0%,0%,0%,0%,0%,0%,0%,0%,0%,0%,0%,0%,0%,0%,0%,0%,0%,0%,0%,0%,0%,0%,0%,0%,0%,0%,0%,0%,0%,0%,0%,0%,0%,0%,0%,0%,0%,0%,0%,0%,0%,0%,0%,0%,0%,0%,0%,0%,0%,0%,0%,0%,0%,0%,0%,0%,0%,0%,0%,0%,0%
Slower Growth,QLD,Small Residential,ICE,92%,89%,87%,84%,81%,78%,75%,72%,70%,67%,65%,62%,60%,58%,55%,52%,50%,47%,44%,42%,39%,36%,33%,31%,28%,25%,22%,20%,17%,14%,11%,11%,11%,11%,11%,11%,11%,11%,11%,11%,11%,11%,11%,11%,11%,11%,11%,11%,11%,11%,11%,11%,11%,11%,11%,11%,11%,11%,11%,11%,11%,11%,11%,11%,11%,11%,11%,11%,11%,11%,11%,11%,11%,11%,11%
Slower Growth,QLD,Small Residential,PHEV,2%,2%,3%,3%,2%,2%,2%,2%,2%,2%,2%,2%,2%,2%,2%,2%,2%,2%,1%,1%,1%,1%,1%,1%,1%,1%,1%,1%,1%,1%,1%,1%,1%,1%,1%,1%,1%,1%,1%,1%,1%,1%,1%,1%,1%,1%,1%,1%,1%,1%,1%,1%,1%,1%,1%,1%,1%,1%,1%,1%,1%,1%,1%,1%,1%,1%,1%,1%,1%,1%,1%,1%,1%,1%,1%
Slower Growth,SA,Articulated Truck,BEV,0%,0%,0%,0%,0%,0%,1%,2%,3%,5%,6%,8%,11%,13%,16%,20%,24%,28%,32%,36%,40%,43%,47%,51%,55%,58%,62%,65%,69%,73%,76%,76%,76%,76%,76%,76%,76%,76%,76%,76%,76%,76%,76%,76%,76%,76%,76%,76%,76%,76%,76%,76%,76%,76%,76%,76%,76%,76%,76%,76%,76%,76%,76%,76%,76%,76%,76%,76%,76%,76%,76%,76%,76%,76%,76%
Slower Growth,SA,Articulated Truck,FCEV,0%,0%,0%,0%,0%,0%,0%,0%,0%,0%,0%,0%,0%,0%,0%,1%,1%,1%,1%,1%,1%,1%,1%,1%,2%,2%,2%,2%,2%,2%,2%,2%,2%,2%,2%,2%,2%,2%,2%,2%,2%,2%,2%,2%,2%,2%,2%,2%,2%,2%,2%,2%,2%,2%,2%,2%,2%,2%,2%,2%,2%,2%,2%,2%,2%,2%,2%,2%,2%,2%,2%,2%,2%,2%,2%
Slower Growth,SA,Articulated Truck,Hybrid,0%,0%,0%,0%,0%,0%,0%,0%,0%,0%,0%,0%,0%,0%,0%,0%,0%,0%,0%,0%,0%,0%,0%,0%,0%,0%,0%,0%,0%,0%,0%,0%,0%,0%,0%,0%,0%,0%,0%,0%,0%,0%,0%,0%,0%,0%,0%,0%,0%,0%,0%,0%,0%,0%,0%,0%,0%,0%,0%,0%,0%,0%,0%,0%,0%,0%,0%,0%,0%,0%,0%,0%,0%,0%,0%
Slower Growth,SA,Articulated Truck,ICE,100%,100%,100%,100%,100%,100%,99%,98%,97%,95%,93%,91%,89%,86%,83%,79%,75%,71%,66%,62%,58%,54%,50%,46%,42%,39%,35%,31%,27%,23%,20%,20%,20%,20%,20%,20%,20%,20%,20%,20%,20%,20%,20%,20%,20%,20%,20%,20%,20%,20%,20%,20%,20%,20%,20%,20%,20%,20%,20%,20%,20%,20%,20%,20%,20%,20%,20%,20%,20%,20%,20%,20%,20%,20%,20%
Slower Growth,SA,Articulated Truck,PHEV,0%,0%,0%,0%,0%,0%,0%,0%,0%,0%,0%,0%,0%,0%,0%,1%,1%,1%,1%,1%,1%,1%,1%,1%,2%,2%,2%,2%,2%,2%,2%,2%,2%,2%,2%,2%,2%,2%,2%,2%,2%,2%,2%,2%,2%,2%,2%,2%,2%,2%,2%,2%,2%,2%,2%,2%,2%,2%,2%,2%,2%,2%,2%,2%,2%,2%,2%,2%,2%,2%,2%,2%,2%,2%,2%
Slower Growth,SA,Bus,BEV,1%,0%,1%,1%,1%,2%,3%,4%,5%,7%,8%,10%,12%,14%,16%,20%,24%,28%,32%,35%,39%,43%,47%,50%,54%,58%,61%,65%,69%,73%,76%,76%,76%,76%,76%,76%,76%,76%,76%,76%,76%,76%,76%,76%,76%,76%,76%,76%,76%,76%,76%,76%,76%,76%,76%,76%,76%,76%,76%,76%,76%,76%,76%,76%,76%,76%,76%,76%,76%,76%,76%,76%,76%,76%,76%
Slower Growth,SA,Bus,FCEV,0%,0%,0%,0%,0%,0%,0%,0%,0%,0%,0%,0%,0%,0%,1%,1%,1%,1%,1%,1%,1%,1%,1%,1%,1%,1%,1%,1%,2%,2%,2%,2%,2%,2%,2%,2%,2%,2%,2%,2%,2%,2%,2%,2%,2%,2%,2%,2%,2%,2%,2%,2%,2%,2%,2%,2%,2%,2%,2%,2%,2%,2%,2%,2%,2%,2%,2%,2%,2%,2%,2%,2%,2%,2%,2%
Slower Growth,SA,Bus,Hybrid,0%,0%,0%,0%,0%,0%,0%,0%,0%,0%,0%,0%,0%,0%,0%,0%,0%,0%,0%,1%,1%,1%,1%,1%,1%,1%,1%,1%,1%,2%,2%,2%,2%,2%,2%,2%,2%,2%,2%,2%,2%,2%,2%,2%,2%,2%,2%,2%,2%,2%,2%,2%,2%,2%,2%,2%,2%,2%,2%,2%,2%,2%,2%,2%,2%,2%,2%,2%,2%,2%,2%,2%,2%,2%,2%
Slower Growth,SA,Bus,ICE,99%,100%,99%,99%,98%,98%,97%,96%,94%,93%,91%,89%,87%,85%,82%,78%,74%,70%,65%,61%,57%,53%,49%,45%,41%,37%,33%,29%,24%,20%,16%,16%,16%,16%,16%,16%,16%,16%,16%,16%,16%,16%,16%,16%,16%,16%,16%,16%,16%,16%,16%,16%,16%,16%,16%,16%,16%,16%,16%,16%,16%,16%,16%,16%,16%,16%,16%,16%,16%,16%,16%,16%,16%,16%,16%
Slower Growth,SA,Bus,PHEV,0%,0%,0%,0%,0%,0%,0%,0%,0%,0%,0%,0%,0%,1%,1%,1%,1%,1%,2%,2%,2%,2%,2%,3%,3%,3%,3%,4%,4%,4%,4%,4%,4%,4%,4%,4%,4%,4%,4%,4%,4%,4%,4%,4%,4%,4%,4%,4%,4%,4%,4%,4%,4%,4%,4%,4%,4%,4%,4%,4%,4%,4%,4%,4%,4%,4%,4%,4%,4%,4%,4%,4%,4%,4%,4%
Slower Growth,SA,Large Light Commercial,BEV,0%,0%,0%,1%,1%,2%,2%,4%,5%,7%,9%,11%,13%,15%,18%,22%,26%,30%,33%,37%,41%,45%,48%,52%,56%,59%,63%,67%,70%,74%,78%,78%,78%,78%,78%,78%,78%,78%,78%,78%,78%,78%,78%,78%,78%,78%,78%,78%,78%,78%,78%,78%,78%,78%,78%,78%,78%,78%,78%,78%,78%,78%,78%,78%,78%,78%,78%,78%,78%,78%,78%,78%,78%,78%,78%
Slower Growth,SA,Large Light Commercial,FCEV,0%,0%,0%,0%,0%,0%,0%,0%,0%,0%,0%,0%,0%,0%,0%,0%,0%,0%,0%,0%,0%,0%,0%,0%,0%,0%,0%,0%,0%,0%,0%,0%,0%,0%,0%,0%,0%,0%,0%,0%,0%,0%,0%,0%,0%,0%,0%,0%,0%,0%,0%,0%,0%,0%,0%,0%,0%,0%,0%,0%,0%,0%,0%,0%,0%,0%,0%,0%,0%,0%,0%,0%,0%,0%,0%
Slower Growth,SA,Large Light Commercial,Hybrid,1%,1%,1%,1%,1%,2%,2%,2%,2%,2%,2%,2%,2%,2%,2%,2%,2%,2%,2%,2%,2%,2%,2%,1%,1%,1%,1%,1%,1%,1%,1%,1%,1%,1%,1%,1%,1%,1%,1%,1%,1%,1%,1%,1%,1%,1%,1%,1%,1%,1%,1%,1%,1%,1%,1%,1%,1%,1%,1%,1%,1%,1%,1%,1%,1%,1%,1%,1%,1%,1%,1%,1%,1%,1%,1%
Slower Growth,SA,Large Light Commercial,ICE,99%,99%,98%,97%,96%,95%,93%,92%,90%,88%,86%,84%,81%,79%,76%,72%,68%,64%,60%,56%,53%,49%,45%,41%,37%,34%,30%,26%,22%,18%,15%,15%,15%,15%,15%,15%,15%,15%,15%,15%,15%,15%,15%,15%,15%,15%,15%,15%,15%,15%,15%,15%,15%,15%,15%,15%,15%,15%,15%,15%,15%,15%,15%,15%,15%,15%,15%,15%,15%,15%,15%,15%,15%,15%,15%
Slower Growth,SA,Large Light Commercial,PHEV,0%,0%,0%,1%,1%,2%,2%,3%,3%,3%,3%,4%,4%,4%,4%,4%,5%,5%,5%,5%,5%,5%,5%,5%,6%,6%,6%,6%,6%,6%,6%,6%,6%,6%,6%,6%,6%,6%,6%,6%,6%,6%,6%,6%,6%,6%,6%,6%,6%,6%,6%,6%,6%,6%,6%,6%,6%,6%,6%,6%,6%,6%,6%,6%,6%,6%,6%,6%,6%,6%,6%,6%,6%,6%,6%
Slower Growth,SA,Large Residential,BEV,1%,1%,2%,3%,4%,5%,7%,8%,10%,12%,14%,16%,18%,20%,22%,26%,29%,33%,36%,40%,43%,47%,50%,54%,57%,60%,64%,67%,71%,74%,78%,78%,78%,78%,78%,78%,78%,78%,78%,78%,78%,78%,78%,78%,78%,78%,78%,78%,78%,78%,78%,78%,78%,78%,78%,78%,78%,78%,78%,78%,78%,78%,78%,78%,78%,78%,78%,78%,78%,78%,78%,78%,78%,78%,78%
Slower Growth,SA,Large Residential,FCEV,0%,0%,0%,0%,0%,0%,0%,0%,0%,0%,0%,0%,0%,0%,0%,0%,0%,0%,0%,0%,0%,0%,0%,0%,0%,0%,0%,0%,0%,0%,0%,0%,0%,0%,0%,0%,0%,0%,0%,0%,0%,0%,0%,0%,0%,0%,0%,0%,0%,0%,0%,0%,0%,0%,0%,0%,0%,0%,0%,0%,0%,0%,0%,0%,0%,0%,0%,0%,0%,0%,0%,0%,0%,0%,0%
Slower Growth,SA,Large Residential,Hybrid,7%,8%,9%,9%,9%,9%,9%,9%,9%,9%,8%,8%,7%,7%,6%,6%,5%,5%,5%,5%,4%,4%,4%,4%,3%,3%,3%,3%,2%,2%,2%,2%,2%,2%,2%,2%,2%,2%,2%,2%,2%,2%,2%,2%,2%,2%,2%,2%,2%,2%,2%,2%,2%,2%,2%,2%,2%,2%,2%,2%,2%,2%,2%,2%,2%,2%,2%,2%,2%,2%,2%,2%,2%,2%,2%
Slower Growth,SA,Large Residential,ICE,92%,90%,88%,85%,82%,80%,77%,74%,72%,69%,67%,65%,63%,61%,59%,56%,54%,51%,48%,45%,42%,39%,36%,33%,30%,27%,24%,21%,18%,15%,12%,12%,12%,12%,12%,12%,12%,12%,12%,12%,12%,12%,12%,12%,12%,12%,12%,12%,12%,12%,12%,12%,12%,12%,12%,12%,12%,12%,12%,12%,12%,12%,12%,12%,12%,12%,12%,12%,12%,12%,12%,12%,12%,12%,12%
Slower Growth,SA,Large Residential,PHEV,0%,1%,2%,3%,5%,6%,8%,9%,10%,10%,11%,11%,12%,12%,12%,12%,12%,11%,11%,11%,11%,10%,10%,10%,10%,9%,9%,9%,8%,8%,8%,8%,8%,8%,8%,8%,8%,8%,8%,8%,8%,8%,8%,8%,8%,8%,8%,8%,8%,8%,8%,8%,8%,8%,8%,8%,8%,8%,8%,8%,8%,8%,8%,8%,8%,8%,8%,8%,8%,8%,8%,8%,8%,8%,8%
Slower Growth,SA,Medium Light Commercial,BEV,0%,1%,1%,2%,3%,4%,5%,6%,8%,10%,12%,14%,16%,19%,21%,25%,29%,33%,36%,40%,44%,48%,51%,55%,59%,62%,66%,70%,73%,77%,81%,81%,81%,81%,81%,81%,81%,81%,81%,81%,81%,81%,81%,81%,81%,81%,81%,81%,81%,81%,81%,81%,81%,81%,81%,81%,81%,81%,81%,81%,81%,81%,81%,81%,81%,81%,81%,81%,81%,81%,81%,81%,81%,81%,81%
Slower Growth,SA,Medium Light Commercial,FCEV,0%,0%,0%,0%,0%,0%,0%,0%,0%,0%,0%,0%,0%,0%,0%,0%,0%,0%,0%,0%,0%,0%,0%,0%,0%,0%,0%,0%,0%,0%,0%,0%,0%,0%,0%,0%,0%,0%,0%,0%,0%,0%,0%,0%,0%,0%,0%,0%,0%,0%,0%,0%,0%,0%,0%,0%,0%,0%,0%,0%,0%,0%,0%,0%,0%,0%,0%,0%,0%,0%,0%,0%,0%,0%,0%
Slower Growth,SA,Medium Light Commercial,Hybrid,1%,1%,1%,1%,1%,2%,2%,2%,2%,2%,2%,2%,2%,2%,2%,2%,2%,2%,1%,1%,1%,1%,1%,1%,1%,1%,1%,1%,1%,1%,1%,1%,1%,1%,1%,1%,1%,1%,1%,1%,1%,1%,1%,1%,1%,1%,1%,1%,1%,1%,1%,1%,1%,1%,1%,1%,1%,1%,1%,1%,1%,1%,1%,1%,1%,1%,1%,1%,1%,1%,1%,1%,1%,1%,1%
Slower Growth,SA,Medium Light Commercial,ICE,99%,98%,97%,95%,93%,91%,88%,86%,84%,81%,79%,77%,74%,72%,69%,66%,62%,58%,55%,51%,48%,44%,41%,38%,34%,31%,27%,24%,20%,17%,13%,13%,13%,13%,13%,13%,13%,13%,13%,13%,13%,13%,13%,13%,13%,13%,13%,13%,13%,13%,13%,13%,13%,13%,13%,13%,13%,13%,13%,13%,13%,13%,13%,13%,13%,13%,13%,13%,13%,13%,13%,13%,13%,13%,13%
Slower Growth,SA,Medium Light Commercial,PHEV,0%,1%,1%,2%,3%,4%,5%,6%,6%,7%,7%,8%,8%,8%,8%,8%,8%,7%,7%,7%,7%,7%,6%,6%,6%,6%,6%,5%,5%,5%,5%,5%,5%,5%,5%,5%,5%,5%,5%,5%,5%,5%,5%,5%,5%,5%,5%,5%,5%,5%,5%,5%,5%,5%,5%,5%,5%,5%,5%,5%,5%,5%,5%,5%,5%,5%,5%,5%,5%,5%,5%,5%,5%,5%,5%
Slower Growth,SA,Medium Residential,BEV,2%,3%,4%,5%,6%,7%,9%,11%,12%,14%,16%,18%,21%,23%,25%,29%,32%,36%,39%,43%,46%,50%,53%,57%,60%,63%,67%,70%,74%,77%,81%,81%,81%,81%,81%,81%,81%,81%,81%,81%,81%,81%,81%,81%,81%,81%,81%,81%,81%,81%,81%,81%,81%,81%,81%,81%,81%,81%,81%,81%,81%,81%,81%,81%,81%,81%,81%,81%,81%,81%,81%,81%,81%,81%,81%
Slower Growth,SA,Medium Residential,FCEV,0%,0%,0%,0%,0%,0%,0%,0%,0%,0%,0%,0%,0%,0%,0%,0%,0%,0%,0%,0%,0%,0%,0%,0%,0%,0%,0%,0%,0%,0%,0%,0%,0%,0%,0%,0%,0%,0%,0%,0%,0%,0%,0%,0%,0%,0%,0%,0%,0%,0%,0%,0%,0%,0%,0%,0%,0%,0%,0%,0%,0%,0%,0%,0%,0%,0%,0%,0%,0%,0%,0%,0%,0%,0%,0%
Slower Growth,SA,Medium Residential,Hybrid,7%,8%,8%,9%,8%,8%,8%,8%,8%,8%,7%,7%,6%,6%,5%,5%,5%,4%,4%,4%,4%,4%,3%,3%,3%,3%,3%,2%,2%,2%,2%,2%,2%,2%,2%,2%,2%,2%,2%,2%,2%,2%,2%,2%,2%,2%,2%,2%,2%,2%,2%,2%,2%,2%,2%,2%,2%,2%,2%,2%,2%,2%,2%,2%,2%,2%,2%,2%,2%,2%,2%,2%,2%,2%,2%
Slower Growth,SA,Medium Residential,ICE,90%,88%,85%,82%,79%,76%,74%,71%,68%,66%,63%,62%,60%,58%,56%,53%,50%,48%,45%,42%,39%,36%,34%,31%,28%,25%,23%,20%,17%,14%,11%,11%,11%,11%,11%,11%,11%,11%,11%,11%,11%,11%,11%,11%,11%,11%,11%,11%,11%,11%,11%,11%,11%,11%,11%,11%,11%,11%,11%,11%,11%,11%,11%,11%,11%,11%,11%,11%,11%,11%,11%,11%,11%,11%,11%
Slower Growth,SA,Medium Residential,PHEV,1%,1%,3%,4%,6%,8%,9%,10%,11%,12%,13%,13%,14%,14%,14%,13%,13%,12%,12%,11%,11%,10%,10%,9%,9%,8%,8%,7%,7%,6%,6%,6%,6%,6%,6%,6%,6%,6%,6%,6%,6%,6%,6%,6%,6%,6%,6%,6%,6%,6%,6%,6%,6%,6%,6%,6%,6%,6%,6%,6%,6%,6%,6%,6%,6%,6%,6%,6%,6%,6%,6%,6%,6%,6%,6%
Slower Growth,SA,Motorcycle,BEV,1%,1%,2%,4%,6%,9%,11%,13%,16%,18%,20%,23%,25%,28%,30%,34%,37%,40%,44%,47%,50%,54%,57%,60%,64%,67%,71%,74%,77%,80%,84%,84%,84%,84%,84%,84%,84%,84%,84%,84%,84%,84%,84%,84%,84%,84%,84%,84%,84%,84%,84%,84%,84%,84%,84%,84%,84%,84%,84%,84%,84%,84%,84%,84%,84%,84%,84%,84%,84%,84%,84%,84%,84%,84%,84%
Slower Growth,SA,Motorcycle,FCEV,0%,0%,0%,0%,0%,0%,0%,0%,0%,0%,0%,0%,0%,0%,0%,0%,0%,0%,0%,0%,0%,0%,0%,0%,0%,0%,0%,0%,0%,0%,0%,0%,0%,0%,0%,0%,0%,0%,0%,0%,0%,0%,0%,0%,0%,0%,0%,0%,0%,0%,0%,0%,0%,0%,0%,0%,0%,0%,0%,0%,0%,0%,0%,0%,0%,0%,0%,0%,0%,0%,0%,0%,0%,0%,0%
Slower Growth,SA,Motorcycle,Hybrid,0%,0%,0%,0%,0%,0%,0%,0%,0%,0%,0%,0%,0%,0%,0%,0%,0%,0%,0%,0%,0%,0%,0%,0%,0%,0%,0%,0%,0%,0%,0%,0%,0%,0%,0%,0%,0%,0%,0%,0%,0%,0%,0%,0%,0%,0%,0%,0%,0%,0%,0%,0%,0%,0%,0%,0%,0%,0%,0%,0%,0%,0%,0%,0%,0%,0%,0%,0%,0%,0%,0%,0%,0%,0%,0%
Slower Growth,SA,Motorcycle,ICE,99%,99%,98%,96%,94%,91%,89%,87%,84%,82%,80%,77%,75%,72%,70%,66%,63%,59%,56%,53%,49%,46%,42%,39%,35%,32%,28%,25%,21%,18%,15%,15%,15%,15%,15%,15%,15%,15%,15%,15%,15%,15%,15%,15%,15%,15%,15%,15%,15%,15%,15%,15%,15%,15%,15%,15%,15%,15%,15%,15%,15%,15%,15%,15%,15%,15%,15%,15%,15%,15%,15%,15%,15%,15%,15%
Slower Growth,SA,Motorcycle,PHEV,0%,0%,0%,0%,0%,0%,0%,0%,0%,0%,0%,0%,0%,0%,0%,0%,0%,0%,0%,1%,1%,1%,1%,1%,1%,1%,1%,1%,1%,2%,2%,2%,2%,2%,2%,2%,2%,2%,2%,2%,2%,2%,2%,2%,2%,2%,2%,2%,2%,2%,2%,2%,2%,2%,2%,2%,2%,2%,2%,2%,2%,2%,2%,2%,2%,2%,2%,2%,2%,2%,2%,2%,2%,2%,2%
Slower Growth,SA,Rigid Truck,BEV,0%,0%,0%,0%,0%,1%,1%,2%,4%,5%,7%,9%,11%,14%,16%,20%,24%,28%,32%,36%,39%,43%,47%,50%,54%,57%,61%,64%,68%,71%,75%,75%,75%,75%,75%,75%,75%,75%,75%,75%,75%,75%,75%,75%,75%,75%,75%,75%,75%,75%,75%,75%,75%,75%,75%,75%,75%,75%,75%,75%,75%,75%,75%,75%,75%,75%,75%,75%,75%,75%,75%,75%,75%,75%,75%
Slower Growth,SA,Rigid Truck,FCEV,0%,0%,0%,0%,0%,0%,0%,0%,0%,0%,0%,0%,0%,0%,0%,0%,1%,1%,1%,1%,1%,1%,1%,1%,1%,1%,1%,1%,2%,2%,2%,2%,2%,2%,2%,2%,2%,2%,2%,2%,2%,2%,2%,2%,2%,2%,2%,2%,2%,2%,2%,2%,2%,2%,2%,2%,2%,2%,2%,2%,2%,2%,2%,2%,2%,2%,2%,2%,2%,2%,2%,2%,2%,2%,2%
Slower Growth,SA,Rigid Truck,Hybrid,0%,0%,0%,0%,0%,0%,0%,0%,0%,0%,0%,0%,0%,0%,0%,0%,1%,1%,1%,1%,2%,2%,2%,2%,3%,3%,3%,3%,4%,4%,4%,4%,4%,4%,4%,4%,4%,4%,4%,4%,4%,4%,4%,4%,4%,4%,4%,4%,4%,4%,4%,4%,4%,4%,4%,4%,4%,4%,4%,4%,4%,4%,4%,4%,4%,4%,4%,4%,4%,4%,4%,4%,4%,4%,4%
Slower Growth,SA,Rigid Truck,ICE,100%,100%,100%,100%,100%,99%,99%,97%,96%,95%,93%,90%,88%,85%,83%,78%,73%,69%,64%,60%,56%,52%,47%,43%,39%,35%,31%,27%,23%,19%,15%,15%,15%,15%,15%,15%,15%,15%,15%,15%,15%,15%,15%,15%,15%,15%,15%,15%,15%,15%,15%,15%,15%,15%,15%,15%,15%,15%,15%,15%,15%,15%,15%,15%,15%,15%,15%,15%,15%,15%,15%,15%,15%,15%,15%
Slower Growth,SA,Rigid Truck,PHEV,0%,0%,0%,0%,0%,0%,0%,0%,0%,0%,0%,0%,1%,1%,1%,1%,1%,2%,2%,2%,2%,2%,3%,3%,3%,3%,3%,4%,4%,4%,4%,4%,4%,4%,4%,4%,4%,4%,4%,4%,4%,4%,4%,4%,4%,4%,4%,4%,4%,4%,4%,4%,4%,4%,4%,4%,4%,4%,4%,4%,4%,4%,4%,4%,4%,4%,4%,4%,4%,4%,4%,4%,4%,4%,4%
Slower Growth,SA,Small Light Commercial,BEV,1%,2%,3%,4%,5%,6%,8%,9%,11%,13%,15%,17%,20%,22%,25%,29%,32%,36%,40%,43%,47%,51%,54%,58%,61%,65%,69%,72%,76%,79%,83%,83%,83%,83%,83%,83%,83%,83%,83%,83%,83%,83%,83%,83%,83%,83%,83%,83%,83%,83%,83%,83%,83%,83%,83%,83%,83%,83%,83%,83%,83%,83%,83%,83%,83%,83%,83%,83%,83%,83%,83%,83%,83%,83%,83%
Slower Growth,SA,Small Light Commercial,FCEV,0%,0%,0%,0%,0%,0%,0%,0%,0%,0%,0%,0%,0%,0%,0%,0%,0%,0%,0%,0%,0%,0%,0%,0%,0%,0%,0%,0%,0%,0%,0%,0%,0%,0%,0%,0%,0%,0%,0%,0%,0%,0%,0%,0%,0%,0%,0%,0%,0%,0%,0%,0%,0%,0%,0%,0%,0%,0%,0%,0%,0%,0%,0%,0%,0%,0%,0%,0%,0%,0%,0%,0%,0%,0%,0%
Slower Growth,SA,Small Light Commercial,Hybrid,0%,0%,0%,0%,0%,0%,0%,0%,0%,0%,0%,0%,0%,0%,0%,0%,0%,0%,0%,0%,0%,0%,0%,0%,1%,1%,1%,1%,1%,1%,1%,1%,1%,1%,1%,1%,1%,1%,1%,1%,1%,1%,1%,1%,1%,1%,1%,1%,1%,1%,1%,1%,1%,1%,1%,1%,1%,1%,1%,1%,1%,1%,1%,1%,1%,1%,1%,1%,1%,1%,1%,1%,1%,1%,1%
Slower Growth,SA,Small Light Commercial,ICE,98%,97%,95%,93%,90%,88%,85%,82%,79%,77%,74%,71%,69%,66%,64%,60%,57%,54%,51%,47%,44%,41%,38%,35%,32%,28%,25%,22%,19%,16%,12%,12%,12%,12%,12%,12%,12%,12%,12%,12%,12%,12%,12%,12%,12%,12%,12%,12%,12%,12%,12%,12%,12%,12%,12%,12%,12%,12%,12%,12%,12%,12%,12%,12%,12%,12%,12%,12%,12%,12%,12%,12%,12%,12%,12%
Slower Growth,SA,Small Light Commercial,PHEV,1%,1%,2%,3%,5%,6%,8%,9%,10%,10%,11%,11%,12%,12%,12%,11%,11%,10%,9%,9%,8%,8%,8%,7%,7%,6%,6%,5%,5%,4%,4%,4%,4%,4%,4%,4%,4%,4%,4%,4%,4%,4%,4%,4%,4%,4%,4%,4%,4%,4%,4%,4%,4%,4%,4%,4%,4%,4%,4%,4%,4%,4%,4%,4%,4%,4%,4%,4%,4%,4%,4%,4%,4%,4%,4%
Slower Growth,SA,Small Residential,BEV,5%,6%,6%,7%,7%,8%,9%,10%,11%,13%,14%,16%,18%,21%,23%,27%,30%,34%,38%,41%,45%,49%,53%,56%,60%,64%,67%,71%,75%,78%,82%,82%,82%,82%,82%,82%,82%,82%,82%,82%,82%,82%,82%,82%,82%,82%,82%,82%,82%,82%,82%,82%,82%,82%,82%,82%,82%,82%,82%,82%,82%,82%,82%,82%,82%,82%,82%,82%,82%,82%,82%,82%,82%,82%,82%
Slower Growth,SA,Small Residential,FCEV,0%,0%,0%,0%,0%,0%,0%,0%,0%,0%,0%,0%,0%,0%,0%,0%,0%,0%,0%,0%,0%,0%,0%,0%,0%,0%,0%,0%,0%,0%,0%,0%,0%,0%,0%,0%,0%,0%,0%,0%,0%,0%,0%,0%,0%,0%,0%,0%,0%,0%,0%,0%,0%,0%,0%,0%,0%,0%,0%,0%,0%,0%,0%,0%,0%,0%,0%,0%,0%,0%,0%,0%,0%,0%,0%
Slower Growth,SA,Small Residential,Hybrid,0%,0%,0%,0%,0%,0%,0%,0%,0%,0%,0%,0%,0%,0%,0%,0%,0%,0%,0%,0%,0%,0%,0%,0%,1%,1%,1%,1%,1%,1%,1%,1%,1%,1%,1%,1%,1%,1%,1%,1%,1%,1%,1%,1%,1%,1%,1%,1%,1%,1%,1%,1%,1%,1%,1%,1%,1%,1%,1%,1%,1%,1%,1%,1%,1%,1%,1%,1%,1%,1%,1%,1%,1%,1%,1%
Slower Growth,SA,Small Residential,ICE,94%,92%,90%,88%,85%,83%,80%,78%,76%,73%,71%,69%,66%,64%,62%,59%,56%,52%,49%,46%,43%,40%,37%,34%,31%,28%,25%,22%,19%,16%,13%,13%,13%,13%,13%,13%,13%,13%,13%,13%,13%,13%,13%,13%,13%,13%,13%,13%,13%,13%,13%,13%,13%,13%,13%,13%,13%,13%,13%,13%,13%,13%,13%,13%,13%,13%,13%,13%,13%,13%,13%,13%,13%,13%,13%
Slower Growth,SA,Small Residential,PHEV,2%,3%,4%,5%,8%,9%,11%,12%,13%,14%,15%,15%,15%,15%,15%,15%,14%,13%,13%,12%,11%,11%,10%,9%,9%,8%,7%,7%,6%,5%,5%,5%,5%,5%,5%,5%,5%,5%,5%,5%,5%,5%,5%,5%,5%,5%,5%,5%,5%,5%,5%,5%,5%,5%,5%,5%,5%,5%,5%,5%,5%,5%,5%,5%,5%,5%,5%,5%,5%,5%,5%,5%,5%,5%,5%
Slower Growth,TAS,Articulated Truck,BEV,0%,0%,0%,0%,0%,0%,1%,2%,3%,4%,5%,7%,9%,11%,13%,17%,21%,25%,29%,34%,38%,42%,45%,49%,53%,57%,61%,65%,68%,72%,76%,76%,76%,76%,76%,76%,76%,76%,76%,76%,76%,76%,76%,76%,76%,76%,76%,76%,76%,76%,76%,76%,76%,76%,76%,76%,76%,76%,76%,76%,76%,76%,76%,76%,76%,76%,76%,76%,76%,76%,76%,76%,76%,76%,76%
Slower Growth,TAS,Articulated Truck,FCEV,0%,0%,0%,0%,0%,0%,0%,0%,0%,0%,0%,0%,0%,0%,0%,0%,1%,1%,1%,1%,1%,1%,1%,1%,1%,2%,2%,2%,2%,2%,2%,2%,2%,2%,2%,2%,2%,2%,2%,2%,2%,2%,2%,2%,2%,2%,2%,2%,2%,2%,2%,2%,2%,2%,2%,2%,2%,2%,2%,2%,2%,2%,2%,2%,2%,2%,2%,2%,2%,2%,2%,2%,2%,2%,2%
Slower Growth,TAS,Articulated Truck,Hybrid,0%,0%,0%,0%,0%,0%,0%,0%,0%,0%,0%,0%,0%,0%,0%,0%,0%,0%,0%,0%,0%,0%,0%,0%,0%,0%,0%,0%,0%,0%,0%,0%,0%,0%,0%,0%,0%,0%,0%,0%,0%,0%,0%,0%,0%,0%,0%,0%,0%,0%,0%,0%,0%,0%,0%,0%,0%,0%,0%,0%,0%,0%,0%,0%,0%,0%,0%,0%,0%,0%,0%,0%,0%,0%,0%
Slower Growth,TAS,Articulated Truck,ICE,100%,100%,100%,100%,100%,100%,99%,98%,97%,96%,95%,93%,91%,89%,87%,82%,78%,73%,69%,65%,60%,56%,52%,48%,44%,40%,36%,32%,28%,24%,20%,20%,20%,20%,20%,20%,20%,20%,20%,20%,20%,20%,20%,20%,20%,20%,20%,20%,20%,20%,20%,20%,20%,20%,20%,20%,20%,20%,20%,20%,20%,20%,20%,20%,20%,20%,20%,20%,20%,20%,20%,20%,20%,20%,20%
Slower Growth,TAS,Articulated Truck,PHEV,0%,0%,0%,0%,0%,0%,0%,0%,0%,0%,0%,0%,0%,0%,0%,0%,1%,1%,1%,1%,1%,1%,1%,1%,1%,2%,2%,2%,2%,2%,2%,2%,2%,2%,2%,2%,2%,2%,2%,2%,2%,2%,2%,2%,2%,2%,2%,2%,2%,2%,2%,2%,2%,2%,2%,2%,2%,2%,2%,2%,2%,2%,2%,2%,2%,2%,2%,2%,2%,2%,2%,2%,2%,2%,2%
Slower Growth,TAS,Bus,BEV,1%,1%,2%,4%,6%,8%,10%,11%,13%,15%,16%,18%,20%,22%,24%,27%,31%,34%,37%,41%,44%,48%,51%,54%,58%,61%,64%,68%,71%,74%,78%,78%,78%,78%,78%,78%,78%,78%,78%,78%,78%,78%,78%,78%,78%,78%,78%,78%,78%,78%,78%,78%,78%,78%,78%,78%,78%,78%,78%,78%,78%,78%,78%,78%,78%,78%,78%,78%,78%,78%,78%,78%,78%,78%,78%
Slower Growth,TAS,Bus,FCEV,0%,0%,0%,0%,1%,1%,1%,1%,1%,1%,1%,2%,2%,2%,2%,2%,2%,2%,2%,2%,2%,2%,2%,2%,2%,2%,2%,2%,2%,2%,2%,2%,2%,2%,2%,2%,2%,2%,2%,2%,2%,2%,2%,2%,2%,2%,2%,2%,2%,2%,2%,2%,2%,2%,2%,2%,2%,2%,2%,2%,2%,2%,2%,2%,2%,2%,2%,2%,2%,2%,2%,2%,2%,2%,2%
Slower Growth,TAS,Bus,Hybrid,0%,0%,0%,0%,0%,0%,0%,0%,0%,0%,0%,0%,0%,0%,0%,0%,0%,0%,0%,1%,1%,1%,1%,1%,1%,1%,1%,1%,1%,2%,2%,2%,2%,2%,2%,2%,2%,2%,2%,2%,2%,2%,2%,2%,2%,2%,2%,2%,2%,2%,2%,2%,2%,2%,2%,2%,2%,2%,2%,2%,2%,2%,2%,2%,2%,2%,2%,2%,2%,2%,2%,2%,2%,2%,2%
Slower Growth,TAS,Bus,ICE,99%,99%,97%,96%,93%,91%,89%,87%,86%,84%,82%,80%,78%,76%,74%,70%,66%,63%,59%,55%,51%,48%,44%,40%,37%,33%,29%,26%,22%,18%,15%,15%,15%,15%,15%,15%,15%,15%,15%,15%,15%,15%,15%,15%,15%,15%,15%,15%,15%,15%,15%,15%,15%,15%,15%,15%,15%,15%,15%,15%,15%,15%,15%,15%,15%,15%,15%,15%,15%,15%,15%,15%,15%,15%,15%
Slower Growth,TAS,Bus,PHEV,0%,0%,0%,0%,0%,0%,0%,0%,0%,0%,0%,0%,0%,0%,1%,1%,1%,1%,1%,2%,2%,2%,2%,3%,3%,3%,3%,3%,4%,4%,4%,4%,4%,4%,4%,4%,4%,4%,4%,4%,4%,4%,4%,4%,4%,4%,4%,4%,4%,4%,4%,4%,4%,4%,4%,4%,4%,4%,4%,4%,4%,4%,4%,4%,4%,4%,4%,4%,4%,4%,4%,4%,4%,4%,4%
Slower Growth,TAS,Large Light Commercial,BEV,0%,0%,0%,0%,0%,0%,1%,2%,3%,4%,5%,7%,8%,10%,12%,16%,21%,25%,29%,33%,37%,41%,45%,49%,53%,57%,61%,65%,69%,73%,77%,77%,77%,77%,77%,77%,77%,77%,77%,77%,77%,77%,77%,77%,77%,77%,77%,77%,77%,77%,77%,77%,77%,77%,77%,77%,77%,77%,77%,77%,77%,77%,77%,77%,77%,77%,77%,77%,77%,77%,77%,77%,77%,77%,77%
Slower Growth,TAS,Large Light Commercial,FCEV,0%,0%,0%,0%,0%,0%,0%,0%,0%,0%,0%,0%,0%,0%,0%,0%,0%,0%,0%,0%,0%,0%,0%,0%,0%,0%,0%,0%,0%,0%,0%,0%,0%,0%,0%,0%,0%,0%,0%,0%,0%,0%,0%,0%,0%,0%,0%,0%,0%,0%,0%,0%,0%,0%,0%,0%,0%,0%,0%,0%,0%,0%,0%,0%,0%,0%,0%,0%,0%,0%,0%,0%,0%,0%,0%
Slower Growth,TAS,Large Light Commercial,Hybrid,0%,0%,1%,1%,1%,2%,2%,2%,2%,2%,2%,2%,2%,2%,2%,2%,2%,2%,2%,2%,2%,2%,2%,2%,2%,2%,1%,1%,1%,1%,1%,1%,1%,1%,1%,1%,1%,1%,1%,1%,1%,1%,1%,1%,1%,1%,1%,1%,1%,1%,1%,1%,1%,1%,1%,1%,1%,1%,1%,1%,1%,1%,1%,1%,1%,1%,1%,1%,1%,1%,1%,1%,1%,1%,1%
Slower Growth,TAS,Large Light Commercial,ICE,100%,99%,99%,99%,98%,97%,96%,95%,94%,92%,91%,89%,87%,85%,83%,79%,74%,70%,66%,61%,57%,53%,49%,44%,40%,36%,32%,28%,24%,20%,16%,16%,16%,16%,16%,16%,16%,16%,16%,16%,16%,16%,16%,16%,16%,16%,16%,16%,16%,16%,16%,16%,16%,16%,16%,16%,16%,16%,16%,16%,16%,16%,16%,16%,16%,16%,16%,16%,16%,16%,16%,16%,16%,16%,16%
Slower Growth,TAS,Large Light Commercial,PHEV,0%,0%,0%,0%,1%,1%,1%,1%,1%,2%,2%,2%,2%,2%,2%,3%,3%,3%,3%,4%,4%,4%,4%,5%,5%,5%,5%,5%,6%,6%,6%,6%,6%,6%,6%,6%,6%,6%,6%,6%,6%,6%,6%,6%,6%,6%,6%,6%,6%,6%,6%,6%,6%,6%,6%,6%,6%,6%,6%,6%,6%,6%,6%,6%,6%,6%,6%,6%,6%,6%,6%,6%,6%,6%,6%
Slower Growth,TAS,Large Residential,BEV,0%,1%,1%,1%,2%,2%,3%,4%,5%,6%,7%,9%,11%,12%,14%,18%,22%,26%,30%,34%,37%,41%,45%,49%,53%,57%,61%,65%,69%,72%,76%,76%,76%,76%,76%,76%,76%,76%,76%,76%,76%,76%,76%,76%,76%,76%,76%,76%,76%,76%,76%,76%,76%,76%,76%,76%,76%,76%,76%,76%,76%,76%,76%,76%,76%,76%,76%,76%,76%,76%,76%,76%,76%,76%,76%
Slower Growth,TAS,Large Residential,FCEV,0%,0%,0%,0%,0%,0%,0%,0%,0%,0%,0%,0%,0%,0%,0%,0%,0%,0%,0%,0%,0%,0%,0%,0%,0%,0%,0%,0%,0%,0%,0%,0%,0%,0%,0%,0%,0%,0%,0%,0%,0%,0%,0%,0%,0%,0%,0%,0%,0%,0%,0%,0%,0%,0%,0%,0%,0%,0%,0%,0%,0%,0%,0%,0%,0%,0%,0%,0%,0%,0%,0%,0%,0%,0%,0%
Slower Growth,TAS,Large Residential,Hybrid,6%,7%,7%,8%,9%,9%,9%,9%,10%,10%,9%,9%,8%,8%,7%,7%,7%,6%,6%,6%,5%,5%,5%,4%,4%,4%,4%,3%,3%,3%,2%,2%,2%,2%,2%,2%,2%,2%,2%,2%,2%,2%,2%,2%,2%,2%,2%,2%,2%,2%,2%,2%,2%,2%,2%,2%,2%,2%,2%,2%,2%,2%,2%,2%,2%,2%,2%,2%,2%,2%,2%,2%,2%,2%,2%
Slower Growth,TAS,Large Residential,ICE,94%,92%,91%,89%,87%,85%,84%,82%,80%,78%,77%,75%,74%,73%,71%,67%,64%,60%,57%,53%,50%,46%,43%,39%,36%,32%,29%,25%,22%,18%,14%,14%,14%,14%,14%,14%,14%,14%,14%,14%,14%,14%,14%,14%,14%,14%,14%,14%,14%,14%,14%,14%,14%,14%,14%,14%,14%,14%,14%,14%,14%,14%,14%,14%,14%,14%,14%,14%,14%,14%,14%,14%,14%,14%,14%
Slower Growth,TAS,Large Residential,PHEV,0%,0%,1%,2%,3%,3%,4%,5%,5%,6%,6%,7%,7%,7%,7%,7%,7%,7%,7%,7%,7%,7%,7%,7%,7%,7%,7%,7%,7%,7%,7%,7%,7%,7%,7%,7%,7%,7%,7%,7%,7%,7%,7%,7%,7%,7%,7%,7%,7%,7%,7%,7%,7%,7%,7%,7%,7%,7%,7%,7%,7%,7%,7%,7%,7%,7%,7%,7%,7%,7%,7%,7%,7%,7%,7%
Slower Growth,TAS,Medium Light Commercial,BEV,0%,0%,1%,1%,1%,1%,2%,3%,4%,5%,7%,8%,10%,12%,14%,18%,22%,27%,31%,35%,39%,43%,47%,51%,55%,60%,64%,67%,71%,75%,79%,79%,79%,79%,79%,79%,79%,79%,79%,79%,79%,79%,79%,79%,79%,79%,79%,79%,79%,79%,79%,79%,79%,79%,79%,79%,79%,79%,79%,79%,79%,79%,79%,79%,79%,79%,79%,79%,79%,79%,79%,79%,79%,79%,79%
Slower Growth,TAS,Medium Light Commercial,FCEV,0%,0%,0%,0%,0%,0%,0%,0%,0%,0%,0%,0%,0%,0%,0%,0%,0%,0%,0%,0%,0%,0%,0%,0%,0%,0%,0%,0%,0%,0%,0%,0%,0%,0%,0%,0%,0%,0%,0%,0%,0%,0%,0%,0%,0%,0%,0%,0%,0%,0%,0%,0%,0%,0%,0%,0%,0%,0%,0%,0%,0%,0%,0%,0%,0%,0%,0%,0%,0%,0%,0%,0%,0%,0%,0%
Slower Growth,TAS,Medium Light Commercial,Hybrid,0%,0%,1%,1%,2%,2%,2%,2%,3%,3%,3%,3%,3%,3%,3%,2%,2%,2%,2%,2%,2%,2%,2%,2%,2%,2%,2%,2%,1%,1%,1%,1%,1%,1%,1%,1%,1%,1%,1%,1%,1%,1%,1%,1%,1%,1%,1%,1%,1%,1%,1%,1%,1%,1%,1%,1%,1%,1%,1%,1%,1%,1%,1%,1%,1%,1%,1%,1%,1%,1%,1%,1%,1%,1%,1%
Slower Growth,TAS,Medium Light Commercial,ICE,99%,99%,98%,97%,96%,95%,93%,92%,90%,88%,87%,85%,83%,81%,79%,75%,71%,67%,63%,58%,54%,50%,46%,42%,38%,35%,31%,27%,23%,19%,15%,15%,15%,15%,15%,15%,15%,15%,15%,15%,15%,15%,15%,15%,15%,15%,15%,15%,15%,15%,15%,15%,15%,15%,15%,15%,15%,15%,15%,15%,15%,15%,15%,15%,15%,15%,15%,15%,15%,15%,15%,15%,15%,15%,15%
Slower Growth,TAS,Medium Light Commercial,PHEV,0%,0%,1%,1%,2%,2%,3%,3%,3%,4%,4%,4%,4%,5%,5%,5%,5%,5%,5%,4%,4%,4%,4%,4%,4%,4%,4%,4%,4%,4%,4%,4%,4%,4%,4%,4%,4%,4%,4%,4%,4%,4%,4%,4%,4%,4%,4%,4%,4%,4%,4%,4%,4%,4%,4%,4%,4%,4%,4%,4%,4%,4%,4%,4%,4%,4%,4%,4%,4%,4%,4%,4%,4%,4%,4%
Slower Growth,TAS,Medium Residential,BEV,2%,2%,3%,3%,4%,4%,5%,6%,7%,8%,9%,11%,13%,14%,16%,20%,24%,28%,32%,36%,40%,44%,48%,52%,55%,59%,63%,67%,71%,75%,79%,79%,79%,79%,79%,79%,79%,79%,79%,79%,79%,79%,79%,79%,79%,79%,79%,79%,79%,79%,79%,79%,79%,79%,79%,79%,79%,79%,79%,79%,79%,79%,79%,79%,79%,79%,79%,79%,79%,79%,79%,79%,79%,79%,79%
Slower Growth,TAS,Medium Residential,FCEV,0%,0%,0%,0%,0%,0%,0%,0%,0%,0%,0%,0%,0%,0%,0%,0%,0%,0%,0%,0%,0%,0%,0%,0%,0%,0%,0%,0%,0%,0%,0%,0%,0%,0%,0%,0%,0%,0%,0%,0%,0%,0%,0%,0%,0%,0%,0%,0%,0%,0%,0%,0%,0%,0%,0%,0%,0%,0%,0%,0%,0%,0%,0%,0%,0%,0%,0%,0%,0%,0%,0%,0%,0%,0%,0%
Slower Growth,TAS,Medium Residential,Hybrid,6%,6%,7%,8%,8%,9%,9%,9%,9%,9%,9%,8%,8%,7%,7%,7%,6%,6%,6%,5%,5%,5%,5%,4%,4%,4%,3%,3%,3%,2%,2%,2%,2%,2%,2%,2%,2%,2%,2%,2%,2%,2%,2%,2%,2%,2%,2%,2%,2%,2%,2%,2%,2%,2%,2%,2%,2%,2%,2%,2%,2%,2%,2%,2%,2%,2%,2%,2%,2%,2%,2%,2%,2%,2%,2%
Slower Growth,TAS,Medium Residential,ICE,92%,90%,88%,87%,85%,83%,81%,79%,77%,76%,74%,73%,71%,70%,68%,65%,62%,58%,55%,51%,48%,45%,41%,38%,34%,31%,28%,24%,21%,17%,14%,14%,14%,14%,14%,14%,14%,14%,14%,14%,14%,14%,14%,14%,14%,14%,14%,14%,14%,14%,14%,14%,14%,14%,14%,14%,14%,14%,14%,14%,14%,14%,14%,14%,14%,14%,14%,14%,14%,14%,14%,14%,14%,14%,14%
Slower Growth,TAS,Medium Residential,PHEV,1%,1%,2%,2%,4%,5%,5%,6%,7%,7%,8%,8%,8%,8%,8%,8%,8%,8%,7%,7%,7%,7%,7%,6%,6%,6%,6%,5%,5%,5%,5%,5%,5%,5%,5%,5%,5%,5%,5%,5%,5%,5%,5%,5%,5%,5%,5%,5%,5%,5%,5%,5%,5%,5%,5%,5%,5%,5%,5%,5%,5%,5%,5%,5%,5%,5%,5%,5%,5%,5%,5%,5%,5%,5%,5%
Slower Growth,TAS,Motorcycle,BEV,0%,1%,1%,2%,3%,4%,5%,7%,8%,10%,11%,13%,15%,17%,19%,23%,27%,31%,35%,39%,43%,47%,51%,55%,59%,62%,66%,70%,74%,78%,82%,82%,82%,82%,82%,82%,82%,82%,82%,82%,82%,82%,82%,82%,82%,82%,82%,82%,82%,82%,82%,82%,82%,82%,82%,82%,82%,82%,82%,82%,82%,82%,82%,82%,82%,82%,82%,82%,82%,82%,82%,82%,82%,82%,82%
Slower Growth,TAS,Motorcycle,FCEV,0%,0%,0%,0%,0%,0%,0%,0%,0%,0%,0%,0%,0%,0%,0%,0%,0%,0%,0%,0%,0%,0%,0%,0%,0%,0%,0%,0%,0%,0%,0%,0%,0%,0%,0%,0%,0%,0%,0%,0%,0%,0%,0%,0%,0%,0%,0%,0%,0%,0%,0%,0%,0%,0%,0%,0%,0%,0%,0%,0%,0%,0%,0%,0%,0%,0%,0%,0%,0%,0%,0%,0%,0%,0%,0%
Slower Growth,TAS,Motorcycle,Hybrid,0%,0%,0%,0%,0%,0%,0%,0%,0%,0%,0%,0%,0%,0%,0%,0%,0%,0%,0%,0%,0%,0%,0%,0%,0%,0%,0%,0%,0%,0%,0%,0%,0%,0%,0%,0%,0%,0%,0%,0%,0%,0%,0%,0%,0%,0%,0%,0%,0%,0%,0%,0%,0%,0%,0%,0%,0%,0%,0%,0%,0%,0%,0%,0%,0%,0%,0%,0%,0%,0%,0%,0%,0%,0%,0%
Slower Growth,TAS,Motorcycle,ICE,100%,99%,99%,98%,97%,96%,95%,93%,92%,90%,89%,87%,85%,83%,81%,77%,72%,68%,64%,60%,56%,52%,48%,44%,40%,36%,33%,29%,25%,21%,17%,17%,17%,17%,17%,17%,17%,17%,17%,17%,17%,17%,17%,17%,17%,17%,17%,17%,17%,17%,17%,17%,17%,17%,17%,17%,17%,17%,17%,17%,17%,17%,17%,17%,17%,17%,17%,17%,17%,17%,17%,17%,17%,17%,17%
Slower Growth,TAS,Motorcycle,PHEV,0%,0%,0%,0%,0%,0%,0%,0%,0%,0%,0%,0%,0%,0%,0%,0%,0%,0%,0%,1%,1%,1%,1%,1%,1%,1%,1%,1%,1%,2%,2%,2%,2%,2%,2%,2%,2%,2%,2%,2%,2%,2%,2%,2%,2%,2%,2%,2%,2%,2%,2%,2%,2%,2%,2%,2%,2%,2%,2%,2%,2%,2%,2%,2%,2%,2%,2%,2%,2%,2%,2%,2%,2%,2%,2%
Slower Growth,TAS,Rigid Truck,BEV,0%,0%,0%,0%,0%,1%,1%,2%,3%,4%,5%,7%,9%,11%,13%,17%,21%,25%,29%,33%,37%,41%,45%,48%,52%,56%,60%,63%,67%,70%,74%,74%,74%,74%,74%,74%,74%,74%,74%,74%,74%,74%,74%,74%,74%,74%,74%,74%,74%,74%,74%,74%,74%,74%,74%,74%,74%,74%,74%,74%,74%,74%,74%,74%,74%,74%,74%,74%,74%,74%,74%,74%,74%,74%,74%
Slower Growth,TAS,Rigid Truck,FCEV,0%,0%,0%,0%,0%,0%,0%,0%,0%,0%,0%,0%,0%,0%,0%,0%,0%,1%,1%,1%,1%,1%,1%,1%,1%,1%,1%,1%,2%,2%,2%,2%,2%,2%,2%,2%,2%,2%,2%,2%,2%,2%,2%,2%,2%,2%,2%,2%,2%,2%,2%,2%,2%,2%,2%,2%,2%,2%,2%,2%,2%,2%,2%,2%,2%,2%,2%,2%,2%,2%,2%,2%,2%,2%,2%
Slower Growth,TAS,Rigid Truck,Hybrid,0%,0%,0%,0%,0%,0%,0%,0%,0%,0%,0%,0%,0%,0%,0%,0%,1%,1%,1%,1%,2%,2%,2%,2%,3%,3%,3%,3%,4%,4%,4%,4%,4%,4%,4%,4%,4%,4%,4%,4%,4%,4%,4%,4%,4%,4%,4%,4%,4%,4%,4%,4%,4%,4%,4%,4%,4%,4%,4%,4%,4%,4%,4%,4%,4%,4%,4%,4%,4%,4%,4%,4%,4%,4%,4%
Slower Growth,TAS,Rigid Truck,ICE,100%,100%,100%,100%,100%,99%,99%,98%,97%,96%,94%,93%,91%,89%,86%,82%,77%,72%,68%,63%,59%,54%,50%,45%,41%,37%,33%,28%,24%,20%,16%,16%,16%,16%,16%,16%,16%,16%,16%,16%,16%,16%,16%,16%,16%,16%,16%,16%,16%,16%,16%,16%,16%,16%,16%,16%,16%,16%,16%,16%,16%,16%,16%,16%,16%,16%,16%,16%,16%,16%,16%,16%,16%,16%,16%
Slower Growth,TAS,Rigid Truck,PHEV,0%,0%,0%,0%,0%,0%,0%,0%,0%,0%,0%,0%,0%,1%,1%,1%,1%,1%,2%,2%,2%,2%,3%,3%,3%,3%,3%,4%,4%,4%,4%,4%,4%,4%,4%,4%,4%,4%,4%,4%,4%,4%,4%,4%,4%,4%,4%,4%,4%,4%,4%,4%,4%,4%,4%,4%,4%,4%,4%,4%,4%,4%,4%,4%,4%,4%,4%,4%,4%,4%,4%,4%,4%,4%,4%
Slower Growth,TAS,Small Light Commercial,BEV,1%,1%,1%,2%,2%,3%,3%,4%,5%,7%,8%,10%,12%,14%,16%,20%,24%,28%,33%,37%,41%,45%,49%,53%,57%,61%,65%,69%,73%,77%,81%,81%,81%,81%,81%,81%,81%,81%,81%,81%,81%,81%,81%,81%,81%,81%,81%,81%,81%,81%,81%,81%,81%,81%,81%,81%,81%,81%,81%,81%,81%,81%,81%,81%,81%,81%,81%,81%,81%,81%,81%,81%,81%,81%,81%
Slower Growth,TAS,Small Light Commercial,FCEV,0%,0%,0%,0%,0%,0%,0%,0%,0%,0%,0%,0%,0%,0%,0%,0%,0%,0%,0%,0%,0%,0%,0%,0%,0%,0%,0%,0%,0%,0%,0%,0%,0%,0%,0%,0%,0%,0%,0%,0%,0%,0%,0%,0%,0%,0%,0%,0%,0%,0%,0%,0%,0%,0%,0%,0%,0%,0%,0%,0%,0%,0%,0%,0%,0%,0%,0%,0%,0%,0%,0%,0%,0%,0%,0%
Slower Growth,TAS,Small Light Commercial,Hybrid,0%,0%,0%,0%,0%,0%,0%,0%,0%,0%,0%,0%,0%,0%,0%,0%,0%,0%,0%,0%,0%,0%,0%,0%,1%,1%,1%,1%,1%,1%,1%,1%,1%,1%,1%,1%,1%,1%,1%,1%,1%,1%,1%,1%,1%,1%,1%,1%,1%,1%,1%,1%,1%,1%,1%,1%,1%,1%,1%,1%,1%,1%,1%,1%,1%,1%,1%,1%,1%,1%,1%,1%,1%,1%,1%
Slower Growth,TAS,Small Light Commercial,ICE,99%,99%,98%,97%,95%,94%,92%,91%,89%,88%,86%,84%,82%,80%,78%,74%,70%,66%,62%,58%,54%,50%,46%,42%,38%,34%,30%,26%,23%,19%,15%,15%,15%,15%,15%,15%,15%,15%,15%,15%,15%,15%,15%,15%,15%,15%,15%,15%,15%,15%,15%,15%,15%,15%,15%,15%,15%,15%,15%,15%,15%,15%,15%,15%,15%,15%,15%,15%,15%,15%,15%,15%,15%,15%,15%
Slower Growth,TAS,Small Light Commercial,PHEV,0%,1%,1%,2%,3%,4%,4%,5%,5%,6%,6%,6%,7%,7%,7%,6%,6%,6%,6%,5%,5%,5%,5%,5%,4%,4%,4%,4%,3%,3%,3%,3%,3%,3%,3%,3%,3%,3%,3%,3%,3%,3%,3%,3%,3%,3%,3%,3%,3%,3%,3%,3%,3%,3%,3%,3%,3%,3%,3%,3%,3%,3%,3%,3%,3%,3%,3%,3%,3%,3%,3%,3%,3%,3%,3%
Slower Growth,TAS,Small Residential,BEV,4%,5%,5%,6%,6%,6%,6%,7%,8%,9%,10%,11%,13%,15%,17%,21%,25%,29%,33%,37%,41%,45%,49%,53%,57%,61%,65%,69%,73%,77%,81%,81%,81%,81%,81%,81%,81%,81%,81%,81%,81%,81%,81%,81%,81%,81%,81%,81%,81%,81%,81%,81%,81%,81%,81%,81%,81%,81%,81%,81%,81%,81%,81%,81%,81%,81%,81%,81%,81%,81%,81%,81%,81%,81%,81%
Slower Growth,TAS,Small Residential,FCEV,0%,0%,0%,0%,0%,0%,0%,0%,0%,0%,0%,0%,0%,0%,0%,0%,0%,0%,0%,0%,0%,0%,0%,0%,0%,0%,0%,0%,0%,0%,0%,0%,0%,0%,0%,0%,0%,0%,0%,0%,0%,0%,0%,0%,0%,0%,0%,0%,0%,0%,0%,0%,0%,0%,0%,0%,0%,0%,0%,0%,0%,0%,0%,0%,0%,0%,0%,0%,0%,0%,0%,0%,0%,0%,0%
Slower Growth,TAS,Small Residential,Hybrid,0%,0%,0%,0%,0%,0%,0%,0%,0%,0%,0%,0%,0%,0%,0%,0%,0%,0%,0%,0%,0%,0%,0%,0%,0%,1%,1%,1%,1%,1%,1%,1%,1%,1%,1%,1%,1%,1%,1%,1%,1%,1%,1%,1%,1%,1%,1%,1%,1%,1%,1%,1%,1%,1%,1%,1%,1%,1%,1%,1%,1%,1%,1%,1%,1%,1%,1%,1%,1%,1%,1%,1%,1%,1%,1%
Slower Growth,TAS,Small Residential,ICE,95%,93%,92%,91%,90%,89%,87%,86%,85%,83%,81%,80%,78%,76%,74%,70%,67%,63%,59%,56%,52%,48%,45%,41%,37%,34%,30%,26%,22%,19%,15%,15%,15%,15%,15%,15%,15%,15%,15%,15%,15%,15%,15%,15%,15%,15%,15%,15%,15%,15%,15%,15%,15%,15%,15%,15%,15%,15%,15%,15%,15%,15%,15%,15%,15%,15%,15%,15%,15%,15%,15%,15%,15%,15%,15%
Slower Growth,TAS,Small Residential,PHEV,1%,2%,2%,3%,5%,6%,6%,7%,8%,8%,9%,9%,9%,9%,9%,9%,9%,8%,8%,7%,7%,7%,6%,6%,6%,5%,5%,5%,4%,4%,3%,3%,3%,3%,3%,3%,3%,3%,3%,3%,3%,3%,3%,3%,3%,3%,3%,3%,3%,3%,3%,3%,3%,3%,3%,3%,3%,3%,3%,3%,3%,3%,3%,3%,3%,3%,3%,3%,3%,3%,3%,3%,3%,3%,3%
Slower Growth,VIC,Articulated Truck,BEV,0%,0%,0%,0%,0%,0%,1%,2%,3%,5%,7%,9%,12%,14%,17%,21%,25%,29%,33%,37%,41%,44%,48%,52%,55%,59%,62%,66%,70%,73%,76%,76%,76%,76%,76%,76%,76%,76%,76%,76%,76%,76%,76%,76%,76%,76%,76%,76%,76%,76%,76%,76%,76%,76%,76%,76%,76%,76%,76%,76%,76%,76%,76%,76%,76%,76%,76%,76%,76%,76%,76%,76%,76%,76%,76%
Slower Growth,VIC,Articulated Truck,FCEV,0%,0%,0%,0%,0%,0%,0%,0%,0%,0%,0%,0%,0%,0%,0%,1%,1%,1%,1%,1%,1%,1%,1%,1%,2%,2%,2%,2%,2%,2%,2%,2%,2%,2%,2%,2%,2%,2%,2%,2%,2%,2%,2%,2%,2%,2%,2%,2%,2%,2%,2%,2%,2%,2%,2%,2%,2%,2%,2%,2%,2%,2%,2%,2%,2%,2%,2%,2%,2%,2%,2%,2%,2%,2%,2%
Slower Growth,VIC,Articulated Truck,Hybrid,0%,0%,0%,0%,0%,0%,0%,0%,0%,0%,0%,0%,0%,0%,0%,0%,0%,0%,0%,0%,0%,0%,0%,0%,0%,0%,0%,0%,0%,0%,0%,0%,0%,0%,0%,0%,0%,0%,0%,0%,0%,0%,0%,0%,0%,0%,0%,0%,0%,0%,0%,0%,0%,0%,0%,0%,0%,0%,0%,0%,0%,0%,0%,0%,0%,0%,0%,0%,0%,0%,0%,0%,0%,0%,0%
Slower Growth,VIC,Articulated Truck,ICE,100%,100%,100%,100%,100%,100%,99%,98%,96%,95%,93%,90%,88%,85%,82%,78%,73%,69%,65%,61%,57%,53%,49%,45%,42%,38%,34%,30%,27%,23%,19%,19%,19%,19%,19%,19%,19%,19%,19%,19%,19%,19%,19%,19%,19%,19%,19%,19%,19%,19%,19%,19%,19%,19%,19%,19%,19%,19%,19%,19%,19%,19%,19%,19%,19%,19%,19%,19%,19%,19%,19%,19%,19%,19%,19%
Slower Growth,VIC,Articulated Truck,PHEV,0%,0%,0%,0%,0%,0%,0%,0%,0%,0%,0%,0%,0%,0%,0%,1%,1%,1%,1%,1%,1%,1%,1%,1%,2%,2%,2%,2%,2%,2%,2%,2%,2%,2%,2%,2%,2%,2%,2%,2%,2%,2%,2%,2%,2%,2%,2%,2%,2%,2%,2%,2%,2%,2%,2%,2%,2%,2%,2%,2%,2%,2%,2%,2%,2%,2%,2%,2%,2%,2%,2%,2%,2%,2%,2%
Slower Growth,VIC,Bus,BEV,1%,0%,1%,2%,2%,3%,4%,6%,7%,9%,11%,12%,15%,17%,20%,24%,27%,31%,35%,38%,42%,45%,49%,52%,56%,59%,63%,66%,70%,73%,77%,77%,77%,77%,77%,77%,77%,77%,77%,77%,77%,77%,77%,77%,77%,77%,77%,77%,77%,77%,77%,77%,77%,77%,77%,77%,77%,77%,77%,77%,77%,77%,77%,77%,77%,77%,77%,77%,77%,77%,77%,77%,77%,77%,77%
Slower Growth,VIC,Bus,FCEV,0%,0%,0%,0%,0%,0%,0%,0%,1%,1%,1%,1%,1%,1%,1%,1%,1%,1%,1%,1%,1%,1%,1%,1%,1%,1%,2%,2%,2%,2%,2%,2%,2%,2%,2%,2%,2%,2%,2%,2%,2%,2%,2%,2%,2%,2%,2%,2%,2%,2%,2%,2%,2%,2%,2%,2%,2%,2%,2%,2%,2%,2%,2%,2%,2%,2%,2%,2%,2%,2%,2%,2%,2%,2%,2%
Slower Growth,VIC,Bus,Hybrid,0%,0%,0%,0%,0%,0%,0%,0%,0%,0%,0%,0%,0%,0%,0%,0%,0%,0%,0%,1%,1%,1%,1%,1%,1%,1%,1%,1%,1%,2%,2%,2%,2%,2%,2%,2%,2%,2%,2%,2%,2%,2%,2%,2%,2%,2%,2%,2%,2%,2%,2%,2%,2%,2%,2%,2%,2%,2%,2%,2%,2%,2%,2%,2%,2%,2%,2%,2%,2%,2%,2%,2%,2%,2%,2%
Slower Growth,VIC,Bus,ICE,99%,100%,99%,98%,97%,96%,95%,94%,92%,90%,88%,86%,84%,81%,78%,74%,70%,66%,62%,58%,54%,50%,47%,43%,39%,35%,31%,27%,23%,19%,16%,16%,16%,16%,16%,16%,16%,16%,16%,16%,16%,16%,16%,16%,16%,16%,16%,16%,16%,16%,16%,16%,16%,16%,16%,16%,16%,16%,16%,16%,16%,16%,16%,16%,16%,16%,16%,16%,16%,16%,16%,16%,16%,16%,16%
Slower Growth,VIC,Bus,PHEV,0%,0%,0%,0%,0%,0%,0%,0%,0%,0%,0%,0%,1%,1%,1%,1%,1%,1%,2%,2%,2%,2%,3%,3%,3%,3%,3%,4%,4%,4%,4%,4%,4%,4%,4%,4%,4%,4%,4%,4%,4%,4%,4%,4%,4%,4%,4%,4%,4%,4%,4%,4%,4%,4%,4%,4%,4%,4%,4%,4%,4%,4%,4%,4%,4%,4%,4%,4%,4%,4%,4%,4%,4%,4%,4%
Slower Growth,VIC,Large Light Commercial,BEV,0%,0%,1%,1%,2%,3%,4%,6%,8%,10%,12%,14%,17%,19%,22%,26%,29%,33%,37%,40%,44%,47%,51%,54%,58%,61%,65%,68%,72%,75%,78%,78%,78%,78%,78%,78%,78%,78%,78%,78%,78%,78%,78%,78%,78%,78%,78%,78%,78%,78%,78%,78%,78%,78%,78%,78%,78%,78%,78%,78%,78%,78%,78%,78%,78%,78%,78%,78%,78%,78%,78%,78%,78%,78%,78%
Slower Growth,VIC,Large Light Commercial,FCEV,0%,0%,0%,0%,0%,0%,0%,0%,0%,0%,0%,0%,0%,0%,0%,0%,0%,0%,0%,0%,0%,0%,0%,0%,0%,0%,0%,0%,0%,0%,0%,0%,0%,0%,0%,0%,0%,0%,0%,0%,0%,0%,0%,0%,0%,0%,0%,0%,0%,0%,0%,0%,0%,0%,0%,0%,0%,0%,0%,0%,0%,0%,0%,0%,0%,0%,0%,0%,0%,0%,0%,0%,0%,0%,0%
Slower Growth,VIC,Large Light Commercial,Hybrid,1%,1%,1%,2%,2%,3%,3%,3%,3%,3%,3%,3%,3%,3%,3%,3%,3%,3%,3%,2%,2%,2%,2%,2%,2%,2%,2%,2%,2%,1%,1%,1%,1%,1%,1%,1%,1%,1%,1%,1%,1%,1%,1%,1%,1%,1%,1%,1%,1%,1%,1%,1%,1%,1%,1%,1%,1%,1%,1%,1%,1%,1%,1%,1%,1%,1%,1%,1%,1%,1%,1%,1%,1%,1%,1%
Slower Growth,VIC,Large Light Commercial,ICE,99%,99%,98%,97%,95%,94%,92%,90%,88%,86%,84%,81%,79%,76%,73%,69%,66%,62%,58%,54%,51%,47%,43%,40%,36%,32%,29%,25%,21%,18%,14%,14%,14%,14%,14%,14%,14%,14%,14%,14%,14%,14%,14%,14%,14%,14%,14%,14%,14%,14%,14%,14%,14%,14%,14%,14%,14%,14%,14%,14%,14%,14%,14%,14%,14%,14%,14%,14%,14%,14%,14%,14%,14%,14%,14%
Slower Growth,VIC,Large Light Commercial,PHEV,0%,0%,0%,0%,0%,0%,0%,0%,1%,1%,1%,1%,1%,1%,2%,2%,2%,3%,3%,3%,3%,4%,4%,4%,4%,5%,5%,5%,5%,6%,6%,6%,6%,6%,6%,6%,6%,6%,6%,6%,6%,6%,6%,6%,6%,6%,6%,6%,6%,6%,6%,6%,6%,6%,6%,6%,6%,6%,6%,6%,6%,6%,6%,6%,6%,6%,6%,6%,6%,6%,6%,6%,6%,6%,6%
Slower Growth,VIC,Large Residential,BEV,1%,2%,3%,6%,8%,11%,14%,16%,19%,21%,24%,26%,29%,31%,34%,37%,40%,43%,46%,48%,51%,54%,57%,60%,63%,66%,69%,72%,74%,77%,80%,80%,80%,80%,80%,80%,80%,80%,80%,80%,80%,80%,80%,80%,80%,80%,80%,80%,80%,80%,80%,80%,80%,80%,80%,80%,80%,80%,80%,80%,80%,80%,80%,80%,80%,80%,80%,80%,80%,80%,80%,80%,80%,80%,80%
Slower Growth,VIC,Large Residential,FCEV,0%,0%,0%,0%,0%,0%,0%,0%,0%,0%,0%,0%,0%,0%,0%,0%,0%,0%,0%,0%,0%,0%,0%,0%,0%,0%,0%,0%,0%,0%,0%,0%,0%,0%,0%,0%,0%,0%,0%,0%,0%,0%,0%,0%,0%,0%,0%,0%,0%,0%,0%,0%,0%,0%,0%,0%,0%,0%,0%,0%,0%,0%,0%,0%,0%,0%,0%,0%,0%,0%,0%,0%,0%,0%,0%
Slower Growth,VIC,Large Residential,Hybrid,7%,8%,9%,10%,10%,10%,10%,10%,10%,10%,10%,9%,8%,8%,7%,7%,6%,6%,6%,5%,5%,5%,5%,4%,4%,4%,3%,3%,3%,2%,2%,2%,2%,2%,2%,2%,2%,2%,2%,2%,2%,2%,2%,2%,2%,2%,2%,2%,2%,2%,2%,2%,2%,2%,2%,2%,2%,2%,2%,2%,2%,2%,2%,2%,2%,2%,2%,2%,2%,2%,2%,2%,2%,2%,2%
Slower Growth,VIC,Large Residential,ICE,92%,89%,87%,84%,81%,78%,75%,72%,70%,67%,65%,63%,61%,59%,57%,54%,51%,48%,45%,42%,40%,37%,34%,31%,29%,26%,23%,20%,17%,14%,11%,11%,11%,11%,11%,11%,11%,11%,11%,11%,11%,11%,11%,11%,11%,11%,11%,11%,11%,11%,11%,11%,11%,11%,11%,11%,11%,11%,11%,11%,11%,11%,11%,11%,11%,11%,11%,11%,11%,11%,11%,11%,11%,11%,11%
Slower Growth,VIC,Large Residential,PHEV,0%,0%,1%,1%,1%,1%,1%,1%,2%,2%,2%,2%,2%,2%,3%,3%,3%,3%,4%,4%,4%,4%,4%,5%,5%,5%,5%,5%,6%,6%,6%,6%,6%,6%,6%,6%,6%,6%,6%,6%,6%,6%,6%,6%,6%,6%,6%,6%,6%,6%,6%,6%,6%,6%,6%,6%,6%,6%,6%,6%,6%,6%,6%,6%,6%,6%,6%,6%,6%,6%,6%,6%,6%,6%,6%
Slower Growth,VIC,Medium Light Commercial,BEV,1%,1%,2%,4%,6%,8%,10%,12%,14%,16%,19%,21%,24%,27%,29%,33%,36%,40%,43%,46%,50%,53%,56%,59%,63%,66%,69%,72%,76%,79%,82%,82%,82%,82%,82%,82%,82%,82%,82%,82%,82%,82%,82%,82%,82%,82%,82%,82%,82%,82%,82%,82%,82%,82%,82%,82%,82%,82%,82%,82%,82%,82%,82%,82%,82%,82%,82%,82%,82%,82%,82%,82%,82%,82%,82%
Slower Growth,VIC,Medium Light Commercial,FCEV,0%,0%,0%,0%,0%,0%,0%,0%,0%,0%,0%,0%,0%,0%,0%,0%,0%,0%,0%,0%,0%,0%,0%,0%,0%,0%,0%,0%,0%,0%,0%,0%,0%,0%,0%,0%,0%,0%,0%,0%,0%,0%,0%,0%,0%,0%,0%,0%,0%,0%,0%,0%,0%,0%,0%,0%,0%,0%,0%,0%,0%,0%,0%,0%,0%,0%,0%,0%,0%,0%,0%,0%,0%,0%,0%
Slower Growth,VIC,Medium Light Commercial,Hybrid,1%,1%,1%,2%,2%,3%,3%,3%,3%,3%,3%,3%,3%,3%,3%,3%,3%,3%,2%,2%,2%,2%,2%,2%,2%,2%,2%,2%,2%,1%,1%,1%,1%,1%,1%,1%,1%,1%,1%,1%,1%,1%,1%,1%,1%,1%,1%,1%,1%,1%,1%,1%,1%,1%,1%,1%,1%,1%,1%,1%,1%,1%,1%,1%,1%,1%,1%,1%,1%,1%,1%,1%,1%,1%,1%
Slower Growth,VIC,Medium Light Commercial,ICE,99%,97%,96%,94%,92%,89%,87%,84%,82%,79%,77%,74%,72%,69%,66%,63%,59%,56%,53%,49%,46%,43%,39%,36%,33%,29%,26%,23%,20%,16%,13%,13%,13%,13%,13%,13%,13%,13%,13%,13%,13%,13%,13%,13%,13%,13%,13%,13%,13%,13%,13%,13%,13%,13%,13%,13%,13%,13%,13%,13%,13%,13%,13%,13%,13%,13%,13%,13%,13%,13%,13%,13%,13%,13%,13%
Slower Growth,VIC,Medium Light Commercial,PHEV,0%,0%,0%,0%,0%,1%,1%,1%,1%,1%,1%,1%,1%,1%,1%,2%,2%,2%,2%,2%,2%,2%,2%,3%,3%,3%,3%,3%,3%,3%,3%,3%,3%,3%,3%,3%,3%,3%,3%,3%,3%,3%,3%,3%,3%,3%,3%,3%,3%,3%,3%,3%,3%,3%,3%,3%,3%,3%,3%,3%,3%,3%,3%,3%,3%,3%,3%,3%,3%,3%,3%,3%,3%,3%,3%
Slower Growth,VIC,Medium Residential,BEV,3%,4%,7%,9%,12%,15%,18%,21%,23%,26%,29%,31%,34%,36%,39%,42%,44%,47%,50%,53%,56%,58%,61%,64%,67%,70%,72%,75%,78%,81%,84%,84%,84%,84%,84%,84%,84%,84%,84%,84%,84%,84%,84%,84%,84%,84%,84%,84%,84%,84%,84%,84%,84%,84%,84%,84%,84%,84%,84%,84%,84%,84%,84%,84%,84%,84%,84%,84%,84%,84%,84%,84%,84%,84%,84%
Slower Growth,VIC,Medium Residential,FCEV,0%,0%,0%,0%,0%,0%,0%,0%,0%,0%,0%,0%,0%,0%,0%,0%,0%,0%,0%,0%,0%,0%,0%,0%,0%,0%,0%,0%,0%,0%,0%,0%,0%,0%,0%,0%,0%,0%,0%,0%,0%,0%,0%,0%,0%,0%,0%,0%,0%,0%,0%,0%,0%,0%,0%,0%,0%,0%,0%,0%,0%,0%,0%,0%,0%,0%,0%,0%,0%,0%,0%,0%,0%,0%,0%
Slower Growth,VIC,Medium Residential,Hybrid,7%,8%,9%,9%,10%,10%,9%,9%,9%,9%,9%,8%,7%,7%,6%,6%,6%,5%,5%,5%,5%,4%,4%,4%,4%,3%,3%,3%,3%,2%,2%,2%,2%,2%,2%,2%,2%,2%,2%,2%,2%,2%,2%,2%,2%,2%,2%,2%,2%,2%,2%,2%,2%,2%,2%,2%,2%,2%,2%,2%,2%,2%,2%,2%,2%,2%,2%,2%,2%,2%,2%,2%,2%,2%,2%
Slower Growth,VIC,Medium Residential,ICE,89%,86%,83%,80%,77%,74%,71%,68%,66%,63%,61%,59%,57%,55%,53%,50%,48%,45%,42%,40%,37%,34%,32%,29%,27%,24%,21%,19%,16%,13%,11%,11%,11%,11%,11%,11%,11%,11%,11%,11%,11%,11%,11%,11%,11%,11%,11%,11%,11%,11%,11%,11%,11%,11%,11%,11%,11%,11%,11%,11%,11%,11%,11%,11%,11%,11%,11%,11%,11%,11%,11%,11%,11%,11%,11%
Slower Growth,VIC,Medium Residential,PHEV,1%,1%,1%,1%,2%,2%,2%,2%,2%,2%,2%,2%,2%,2%,2%,2%,2%,2%,3%,3%,3%,3%,3%,3%,3%,3%,3%,3%,3%,4%,4%,4%,4%,4%,4%,4%,4%,4%,4%,4%,4%,4%,4%,4%,4%,4%,4%,4%,4%,4%,4%,4%,4%,4%,4%,4%,4%,4%,4%,4%,4%,4%,4%,4%,4%,4%,4%,4%,4%,4%,4%,4%,4%,4%,4%
Slower Growth,VIC,Motorcycle,BEV,1%,1%,3%,5%,7%,10%,12%,15%,18%,20%,23%,25%,28%,31%,34%,37%,40%,43%,46%,49%,53%,56%,59%,62%,65%,68%,72%,75%,78%,81%,84%,84%,84%,84%,84%,84%,84%,84%,84%,84%,84%,84%,84%,84%,84%,84%,84%,84%,84%,84%,84%,84%,84%,84%,84%,84%,84%,84%,84%,84%,84%,84%,84%,84%,84%,84%,84%,84%,84%,84%,84%,84%,84%,84%,84%
Slower Growth,VIC,Motorcycle,FCEV,0%,0%,0%,0%,0%,0%,0%,0%,0%,0%,0%,0%,0%,0%,0%,0%,0%,0%,0%,0%,0%,0%,0%,0%,0%,0%,0%,0%,0%,0%,0%,0%,0%,0%,0%,0%,0%,0%,0%,0%,0%,0%,0%,0%,0%,0%,0%,0%,0%,0%,0%,0%,0%,0%,0%,0%,0%,0%,0%,0%,0%,0%,0%,0%,0%,0%,0%,0%,0%,0%,0%,0%,0%,0%,0%
Slower Growth,VIC,Motorcycle,Hybrid,0%,0%,0%,0%,0%,0%,0%,0%,0%,0%,0%,0%,0%,0%,0%,0%,0%,0%,0%,0%,0%,0%,0%,0%,0%,0%,0%,0%,0%,0%,0%,0%,0%,0%,0%,0%,0%,0%,0%,0%,0%,0%,0%,0%,0%,0%,0%,0%,0%,0%,0%,0%,0%,0%,0%,0%,0%,0%,0%,0%,0%,0%,0%,0%,0%,0%,0%,0%,0%,0%,0%,0%,0%,0%,0%
Slower Growth,VIC,Motorcycle,ICE,99%,99%,97%,95%,93%,90%,88%,85%,82%,80%,77%,75%,72%,69%,66%,63%,60%,57%,53%,50%,47%,44%,40%,37%,34%,31%,27%,24%,21%,17%,14%,14%,14%,14%,14%,14%,14%,14%,14%,14%,14%,14%,14%,14%,14%,14%,14%,14%,14%,14%,14%,14%,14%,14%,14%,14%,14%,14%,14%,14%,14%,14%,14%,14%,14%,14%,14%,14%,14%,14%,14%,14%,14%,14%,14%
Slower Growth,VIC,Motorcycle,PHEV,0%,0%,0%,0%,0%,0%,0%,0%,0%,0%,0%,0%,0%,0%,0%,0%,0%,0%,0%,1%,1%,1%,1%,1%,1%,1%,1%,1%,1%,2%,2%,2%,2%,2%,2%,2%,2%,2%,2%,2%,2%,2%,2%,2%,2%,2%,2%,2%,2%,2%,2%,2%,2%,2%,2%,2%,2%,2%,2%,2%,2%,2%,2%,2%,2%,2%,2%,2%,2%,2%,2%,2%,2%,2%,2%
Slower Growth,VIC,Rigid Truck,BEV,0%,0%,0%,0%,0%,1%,1%,2%,4%,5%,7%,9%,12%,14%,17%,21%,25%,29%,33%,36%,40%,43%,47%,51%,54%,58%,61%,64%,68%,71%,75%,75%,75%,75%,75%,75%,75%,75%,75%,75%,75%,75%,75%,75%,75%,75%,75%,75%,75%,75%,75%,75%,75%,75%,75%,75%,75%,75%,75%,75%,75%,75%,75%,75%,75%,75%,75%,75%,75%,75%,75%,75%,75%,75%,75%
Slower Growth,VIC,Rigid Truck,FCEV,0%,0%,0%,0%,0%,0%,0%,0%,0%,0%,0%,0%,0%,0%,0%,0%,1%,1%,1%,1%,1%,1%,1%,1%,1%,1%,1%,1%,2%,2%,2%,2%,2%,2%,2%,2%,2%,2%,2%,2%,2%,2%,2%,2%,2%,2%,2%,2%,2%,2%,2%,2%,2%,2%,2%,2%,2%,2%,2%,2%,2%,2%,2%,2%,2%,2%,2%,2%,2%,2%,2%,2%,2%,2%,2%
Slower Growth,VIC,Rigid Truck,Hybrid,0%,0%,0%,0%,0%,0%,0%,0%,0%,0%,0%,0%,0%,0%,0%,0%,1%,1%,1%,1%,2%,2%,2%,2%,3%,3%,3%,3%,4%,4%,4%,4%,4%,4%,4%,4%,4%,4%,4%,4%,4%,4%,4%,4%,4%,4%,4%,4%,4%,4%,4%,4%,4%,4%,4%,4%,4%,4%,4%,4%,4%,4%,4%,4%,4%,4%,4%,4%,4%,4%,4%,4%,4%,4%,4%
Slower Growth,VIC,Rigid Truck,ICE,100%,100%,100%,100%,100%,99%,98%,97%,96%,94%,92%,90%,87%,84%,81%,77%,72%,68%,64%,60%,55%,51%,47%,43%,39%,35%,31%,27%,23%,19%,15%,15%,15%,15%,15%,15%,15%,15%,15%,15%,15%,15%,15%,15%,15%,15%,15%,15%,15%,15%,15%,15%,15%,15%,15%,15%,15%,15%,15%,15%,15%,15%,15%,15%,15%,15%,15%,15%,15%,15%,15%,15%,15%,15%,15%
Slower Growth,VIC,Rigid Truck,PHEV,0%,0%,0%,0%,0%,0%,0%,0%,0%,0%,0%,1%,1%,1%,1%,1%,1%,2%,2%,2%,2%,2%,3%,3%,3%,3%,3%,4%,4%,4%,4%,4%,4%,4%,4%,4%,4%,4%,4%,4%,4%,4%,4%,4%,4%,4%,4%,4%,4%,4%,4%,4%,4%,4%,4%,4%,4%,4%,4%,4%,4%,4%,4%,4%,4%,4%,4%,4%,4%,4%,4%,4%,4%,4%,4%
Slower Growth,VIC,Small Light Commercial,BEV,2%,3%,5%,7%,10%,12%,15%,18%,21%,23%,26%,29%,31%,34%,37%,40%,43%,46%,49%,52%,55%,58%,61%,64%,67%,70%,73%,76%,79%,82%,85%,85%,85%,85%,85%,85%,85%,85%,85%,85%,85%,85%,85%,85%,85%,85%,85%,85%,85%,85%,85%,85%,85%,85%,85%,85%,85%,85%,85%,85%,85%,85%,85%,85%,85%,85%,85%,85%,85%,85%,85%,85%,85%,85%,85%
Slower Growth,VIC,Small Light Commercial,FCEV,0%,0%,0%,0%,0%,0%,0%,0%,0%,0%,0%,0%,0%,0%,0%,0%,0%,0%,0%,0%,0%,0%,0%,0%,0%,0%,0%,0%,0%,0%,0%,0%,0%,0%,0%,0%,0%,0%,0%,0%,0%,0%,0%,0%,0%,0%,0%,0%,0%,0%,0%,0%,0%,0%,0%,0%,0%,0%,0%,0%,0%,0%,0%,0%,0%,0%,0%,0%,0%,0%,0%,0%,0%,0%,0%
Slower Growth,VIC,Small Light Commercial,Hybrid,0%,0%,0%,0%,0%,0%,0%,0%,0%,0%,0%,0%,0%,0%,0%,0%,0%,0%,0%,0%,0%,0%,0%,0%,1%,1%,1%,1%,1%,1%,1%,1%,1%,1%,1%,1%,1%,1%,1%,1%,1%,1%,1%,1%,1%,1%,1%,1%,1%,1%,1%,1%,1%,1%,1%,1%,1%,1%,1%,1%,1%,1%,1%,1%,1%,1%,1%,1%,1%,1%,1%,1%,1%,1%,1%
Slower Growth,VIC,Small Light Commercial,ICE,97%,96%,94%,92%,89%,87%,84%,81%,78%,76%,73%,70%,68%,65%,62%,59%,56%,53%,49%,46%,43%,40%,37%,34%,31%,28%,25%,22%,18%,15%,12%,12%,12%,12%,12%,12%,12%,12%,12%,12%,12%,12%,12%,12%,12%,12%,12%,12%,12%,12%,12%,12%,12%,12%,12%,12%,12%,12%,12%,12%,12%,12%,12%,12%,12%,12%,12%,12%,12%,12%,12%,12%,12%,12%,12%
Slower Growth,VIC,Small Light Commercial,PHEV,1%,1%,1%,1%,1%,1%,1%,1%,1%,1%,1%,1%,1%,1%,1%,1%,1%,1%,1%,1%,1%,1%,2%,2%,2%,2%,2%,2%,2%,2%,2%,2%,2%,2%,2%,2%,2%,2%,2%,2%,2%,2%,2%,2%,2%,2%,2%,2%,2%,2%,2%,2%,2%,2%,2%,2%,2%,2%,2%,2%,2%,2%,2%,2%,2%,2%,2%,2%,2%,2%,2%,2%,2%,2%,2%
Slower Growth,VIC,Small Residential,BEV,7%,9%,12%,15%,18%,21%,23%,26%,29%,32%,34%,37%,39%,42%,44%,47%,49%,52%,55%,57%,60%,62%,65%,68%,70%,73%,76%,78%,81%,84%,86%,86%,86%,86%,86%,86%,86%,86%,86%,86%,86%,86%,86%,86%,86%,86%,86%,86%,86%,86%,86%,86%,86%,86%,86%,86%,86%,86%,86%,86%,86%,86%,86%,86%,86%,86%,86%,86%,86%,86%,86%,86%,86%,86%,86%
Slower Growth,VIC,Small Residential,FCEV,0%,0%,0%,0%,0%,0%,0%,0%,0%,0%,0%,0%,0%,0%,0%,0%,0%,0%,0%,0%,0%,0%,0%,0%,0%,0%,0%,0%,0%,0%,0%,0%,0%,0%,0%,0%,0%,0%,0%,0%,0%,0%,0%,0%,0%,0%,0%,0%,0%,0%,0%,0%,0%,0%,0%,0%,0%,0%,0%,0%,0%,0%,0%,0%,0%,0%,0%,0%,0%,0%,0%,0%,0%,0%,0%
Slower Growth,VIC,Small Residential,Hybrid,0%,0%,0%,0%,0%,0%,0%,0%,0%,0%,0%,0%,0%,0%,0%,0%,0%,0%,0%,0%,0%,0%,0%,0%,1%,1%,1%,1%,1%,1%,1%,1%,1%,1%,1%,1%,1%,1%,1%,1%,1%,1%,1%,1%,1%,1%,1%,1%,1%,1%,1%,1%,1%,1%,1%,1%,1%,1%,1%,1%,1%,1%,1%,1%,1%,1%,1%,1%,1%,1%,1%,1%,1%,1%,1%
Slower Growth,VIC,Small Residential,ICE,91%,89%,86%,83%,80%,77%,74%,71%,69%,66%,64%,61%,59%,56%,54%,51%,48%,46%,43%,40%,38%,35%,32%,30%,27%,24%,22%,19%,16%,14%,11%,11%,11%,11%,11%,11%,11%,11%,11%,11%,11%,11%,11%,11%,11%,11%,11%,11%,11%,11%,11%,11%,11%,11%,11%,11%,11%,11%,11%,11%,11%,11%,11%,11%,11%,11%,11%,11%,11%,11%,11%,11%,11%,11%,11%
Slower Growth,VIC,Small Residential,PHEV,2%,2%,3%,3%,2%,2%,2%,2%,2%,2%,2%,2%,2%,2%,2%,2%,2%,2%,2%,2%,2%,2%,2%,2%,2%,2%,2%,2%,2%,2%,2%,2%,2%,2%,2%,2%,2%,2%,2%,2%,2%,2%,2%,2%,2%,2%,2%,2%,2%,2%,2%,2%,2%,2%,2%,2%,2%,2%,2%,2%,2%,2%,2%,2%,2%,2%,2%,2%,2%,2%,2%,2%,2%,2%,2%
Slower Growth,WEM,Articulated Truck,BEV,0%,0%,0%,0%,0%,0%,1%,2%,3%,4%,6%,8%,10%,12%,15%,19%,23%,27%,32%,36%,40%,43%,47%,51%,55%,58%,62%,66%,69%,73%,76%,76%,76%,76%,76%,76%,76%,76%,76%,76%,76%,76%,76%,76%,76%,76%,76%,76%,76%,76%,76%,76%,76%,76%,76%,76%,76%,76%,76%,76%,76%,76%,76%,76%,76%,76%,76%,76%,76%,76%,76%,76%,76%,76%,76%
Slower Growth,WEM,Articulated Truck,FCEV,0%,0%,0%,0%,0%,0%,0%,0%,0%,0%,0%,0%,0%,0%,0%,1%,1%,1%,1%,1%,1%,1%,1%,1%,2%,2%,2%,2%,2%,2%,2%,2%,2%,2%,2%,2%,2%,2%,2%,2%,2%,2%,2%,2%,2%,2%,2%,2%,2%,2%,2%,2%,2%,2%,2%,2%,2%,2%,2%,2%,2%,2%,2%,2%,2%,2%,2%,2%,2%,2%,2%,2%,2%,2%,2%
Slower Growth,WEM,Articulated Truck,Hybrid,0%,0%,0%,0%,0%,0%,0%,0%,0%,0%,0%,0%,0%,0%,0%,0%,0%,0%,0%,0%,0%,0%,0%,0%,0%,0%,0%,0%,0%,0%,0%,0%,0%,0%,0%,0%,0%,0%,0%,0%,0%,0%,0%,0%,0%,0%,0%,0%,0%,0%,0%,0%,0%,0%,0%,0%,0%,0%,0%,0%,0%,0%,0%,0%,0%,0%,0%,0%,0%,0%,0%,0%,0%,0%,0%
Slower Growth,WEM,Articulated Truck,ICE,100%,100%,100%,100%,100%,100%,99%,98%,97%,95%,94%,92%,90%,87%,85%,80%,75%,71%,67%,62%,58%,54%,50%,46%,42%,38%,34%,31%,27%,23%,19%,19%,19%,19%,19%,19%,19%,19%,19%,19%,19%,19%,19%,19%,19%,19%,19%,19%,19%,19%,19%,19%,19%,19%,19%,19%,19%,19%,19%,19%,19%,19%,19%,19%,19%,19%,19%,19%,19%,19%,19%,19%,19%,19%,19%
Slower Growth,WEM,Articulated Truck,PHEV,0%,0%,0%,0%,0%,0%,0%,0%,0%,0%,0%,0%,0%,0%,0%,1%,1%,1%,1%,1%,1%,1%,1%,1%,2%,2%,2%,2%,2%,2%,2%,2%,2%,2%,2%,2%,2%,2%,2%,2%,2%,2%,2%,2%,2%,2%,2%,2%,2%,2%,2%,2%,2%,2%,2%,2%,2%,2%,2%,2%,2%,2%,2%,2%,2%,2%,2%,2%,2%,2%,2%,2%,2%,2%,2%
Slower Growth,WEM,Bus,BEV,1%,0%,1%,1%,1%,2%,2%,3%,4%,6%,7%,8%,10%,12%,15%,19%,23%,27%,30%,34%,38%,42%,46%,49%,53%,57%,61%,65%,68%,72%,76%,76%,76%,76%,76%,76%,76%,76%,76%,76%,76%,76%,76%,76%,76%,76%,76%,76%,76%,76%,76%,76%,76%,76%,76%,76%,76%,76%,76%,76%,76%,76%,76%,76%,76%,76%,76%,76%,76%,76%,76%,76%,76%,76%,76%
Slower Growth,WEM,Bus,FCEV,0%,0%,0%,0%,0%,0%,0%,0%,0%,0%,0%,0%,0%,0%,0%,1%,1%,1%,1%,1%,1%,1%,1%,1%,1%,1%,1%,1%,2%,2%,2%,2%,2%,2%,2%,2%,2%,2%,2%,2%,2%,2%,2%,2%,2%,2%,2%,2%,2%,2%,2%,2%,2%,2%,2%,2%,2%,2%,2%,2%,2%,2%,2%,2%,2%,2%,2%,2%,2%,2%,2%,2%,2%,2%,2%
Slower Growth,WEM,Bus,Hybrid,0%,0%,0%,0%,0%,0%,0%,0%,0%,0%,0%,0%,0%,0%,0%,0%,0%,0%,0%,1%,1%,1%,1%,1%,1%,1%,1%,1%,1%,2%,2%,2%,2%,2%,2%,2%,2%,2%,2%,2%,2%,2%,2%,2%,2%,2%,2%,2%,2%,2%,2%,2%,2%,2%,2%,2%,2%,2%,2%,2%,2%,2%,2%,2%,2%,2%,2%,2%,2%,2%,2%,2%,2%,2%,2%
Slower Growth,WEM,Bus,ICE,99%,100%,99%,99%,99%,98%,97%,96%,95%,94%,92%,91%,89%,87%,84%,80%,75%,71%,67%,63%,58%,54%,50%,46%,42%,37%,33%,29%,25%,21%,17%,17%,17%,17%,17%,17%,17%,17%,17%,17%,17%,17%,17%,17%,17%,17%,17%,17%,17%,17%,17%,17%,17%,17%,17%,17%,17%,17%,17%,17%,17%,17%,17%,17%,17%,17%,17%,17%,17%,17%,17%,17%,17%,17%,17%
Slower Growth,WEM,Bus,PHEV,0%,0%,0%,0%,0%,0%,0%,0%,0%,0%,0%,0%,0%,1%,1%,1%,1%,1%,2%,2%,2%,2%,2%,3%,3%,3%,3%,4%,4%,4%,4%,4%,4%,4%,4%,4%,4%,4%,4%,4%,4%,4%,4%,4%,4%,4%,4%,4%,4%,4%,4%,4%,4%,4%,4%,4%,4%,4%,4%,4%,4%,4%,4%,4%,4%,4%,4%,4%,4%,4%,4%,4%,4%,4%,4%
Slower Growth,WEM,Large Light Commercial,BEV,0%,0%,0%,0%,0%,1%,1%,2%,3%,5%,7%,8%,11%,13%,15%,19%,24%,28%,32%,36%,39%,43%,47%,51%,55%,59%,62%,66%,70%,74%,77%,77%,77%,77%,77%,77%,77%,77%,77%,77%,77%,77%,77%,77%,77%,77%,77%,77%,77%,77%,77%,77%,77%,77%,77%,77%,77%,77%,77%,77%,77%,77%,77%,77%,77%,77%,77%,77%,77%,77%,77%,77%,77%,77%,77%
Slower Growth,WEM,Large Light Commercial,FCEV,0%,0%,0%,0%,0%,0%,0%,0%,0%,0%,0%,0%,0%,0%,0%,0%,0%,0%,0%,0%,0%,0%,0%,0%,0%,0%,0%,0%,0%,0%,0%,0%,0%,0%,0%,0%,0%,0%,0%,0%,0%,0%,0%,0%,0%,0%,0%,0%,0%,0%,0%,0%,0%,0%,0%,0%,0%,0%,0%,0%,0%,0%,0%,0%,0%,0%,0%,0%,0%,0%,0%,0%,0%,0%,0%
Slower Growth,WEM,Large Light Commercial,Hybrid,0%,1%,1%,1%,2%,2%,3%,3%,3%,3%,3%,3%,3%,3%,3%,3%,3%,3%,3%,2%,2%,2%,2%,2%,2%,2%,2%,2%,2%,1%,1%,1%,1%,1%,1%,1%,1%,1%,1%,1%,1%,1%,1%,1%,1%,1%,1%,1%,1%,1%,1%,1%,1%,1%,1%,1%,1%,1%,1%,1%,1%,1%,1%,1%,1%,1%,1%,1%,1%,1%,1%,1%,1%,1%,1%
Slower Growth,WEM,Large Light Commercial,ICE,100%,99%,99%,98%,97%,96%,95%,93%,92%,90%,88%,86%,84%,81%,79%,74%,70%,66%,62%,58%,54%,50%,46%,42%,38%,34%,30%,27%,23%,19%,15%,15%,15%,15%,15%,15%,15%,15%,15%,15%,15%,15%,15%,15%,15%,15%,15%,15%,15%,15%,15%,15%,15%,15%,15%,15%,15%,15%,15%,15%,15%,15%,15%,15%,15%,15%,15%,15%,15%,15%,15%,15%,15%,15%,15%
Slower Growth,WEM,Large Light Commercial,PHEV,0%,0%,0%,0%,1%,1%,1%,2%,2%,2%,2%,2%,3%,3%,3%,3%,3%,4%,4%,4%,4%,4%,5%,5%,5%,5%,5%,6%,6%,6%,6%,6%,6%,6%,6%,6%,6%,6%,6%,6%,6%,6%,6%,6%,6%,6%,6%,6%,6%,6%,6%,6%,6%,6%,6%,6%,6%,6%,6%,6%,6%,6%,6%,6%,6%,6%,6%,6%,6%,6%,6%,6%,6%,6%,6%
Slower Growth,WEM,Large Residential,BEV,1%,1%,1%,2%,2%,3%,4%,5%,6%,8%,9%,11%,13%,16%,18%,22%,25%,29%,33%,36%,40%,44%,47%,51%,55%,59%,62%,66%,70%,73%,77%,77%,77%,77%,77%,77%,77%,77%,77%,77%,77%,77%,77%,77%,77%,77%,77%,77%,77%,77%,77%,77%,77%,77%,77%,77%,77%,77%,77%,77%,77%,77%,77%,77%,77%,77%,77%,77%,77%,77%,77%,77%,77%,77%,77%
Slower Growth,WEM,Large Residential,FCEV,0%,0%,0%,0%,0%,0%,0%,0%,0%,0%,0%,0%,0%,0%,0%,0%,0%,0%,0%,0%,0%,0%,0%,0%,0%,0%,0%,0%,0%,0%,0%,0%,0%,0%,0%,0%,0%,0%,0%,0%,0%,0%,0%,0%,0%,0%,0%,0%,0%,0%,0%,0%,0%,0%,0%,0%,0%,0%,0%,0%,0%,0%,0%,0%,0%,0%,0%,0%,0%,0%,0%,0%,0%,0%,0%
Slower Growth,WEM,Large Residential,Hybrid,6%,7%,8%,9%,10%,10%,11%,11%,11%,11%,11%,10%,10%,9%,8%,8%,8%,7%,7%,6%,6%,6%,5%,5%,5%,4%,4%,4%,3%,3%,2%,2%,2%,2%,2%,2%,2%,2%,2%,2%,2%,2%,2%,2%,2%,2%,2%,2%,2%,2%,2%,2%,2%,2%,2%,2%,2%,2%,2%,2%,2%,2%,2%,2%,2%,2%,2%,2%,2%,2%,2%,2%,2%,2%,2%
Slower Growth,WEM,Large Residential,ICE,93%,91%,89%,87%,85%,82%,80%,78%,76%,74%,72%,70%,69%,67%,65%,62%,58%,55%,52%,49%,46%,42%,39%,36%,33%,30%,26%,23%,20%,16%,13%,13%,13%,13%,13%,13%,13%,13%,13%,13%,13%,13%,13%,13%,13%,13%,13%,13%,13%,13%,13%,13%,13%,13%,13%,13%,13%,13%,13%,13%,13%,13%,13%,13%,13%,13%,13%,13%,13%,13%,13%,13%,13%,13%,13%
Slower Growth,WEM,Large Residential,PHEV,0%,1%,1%,2%,3%,4%,5%,6%,7%,7%,8%,8%,9%,9%,9%,9%,9%,9%,8%,8%,8%,8%,8%,8%,8%,8%,8%,8%,8%,7%,7%,7%,7%,7%,7%,7%,7%,7%,7%,7%,7%,7%,7%,7%,7%,7%,7%,7%,7%,7%,7%,7%,7%,7%,7%,7%,7%,7%,7%,7%,7%,7%,7%,7%,7%,7%,7%,7%,7%,7%,7%,7%,7%,7%,7%
Slower Growth,WEM,Medium Light Commercial,BEV,0%,1%,1%,1%,1%,2%,3%,4%,5%,7%,8%,10%,12%,15%,17%,22%,26%,30%,34%,38%,42%,46%,50%,53%,57%,61%,65%,69%,73%,76%,80%,80%,80%,80%,80%,80%,80%,80%,80%,80%,80%,80%,80%,80%,80%,80%,80%,80%,80%,80%,80%,80%,80%,80%,80%,80%,80%,80%,80%,80%,80%,80%,80%,80%,80%,80%,80%,80%,80%,80%,80%,80%,80%,80%,80%
Slower Growth,WEM,Medium Light Commercial,FCEV,0%,0%,0%,0%,0%,0%,0%,0%,0%,0%,0%,0%,0%,0%,0%,0%,0%,0%,0%,0%,0%,0%,0%,0%,0%,0%,0%,0%,0%,0%,0%,0%,0%,0%,0%,0%,0%,0%,0%,0%,0%,0%,0%,0%,0%,0%,0%,0%,0%,0%,0%,0%,0%,0%,0%,0%,0%,0%,0%,0%,0%,0%,0%,0%,0%,0%,0%,0%,0%,0%,0%,0%,0%,0%,0%
Slower Growth,WEM,Medium Light Commercial,Hybrid,0%,1%,1%,2%,2%,3%,3%,3%,3%,4%,4%,4%,4%,3%,3%,3%,3%,3%,3%,3%,3%,2%,2%,2%,2%,2%,2%,2%,2%,2%,1%,1%,1%,1%,1%,1%,1%,1%,1%,1%,1%,1%,1%,1%,1%,1%,1%,1%,1%,1%,1%,1%,1%,1%,1%,1%,1%,1%,1%,1%,1%,1%,1%,1%,1%,1%,1%,1%,1%,1%,1%,1%,1%,1%,1%
Slower Growth,WEM,Medium Light Commercial,ICE,99%,98%,97%,96%,94%,93%,91%,89%,87%,85%,83%,81%,79%,76%,74%,70%,66%,62%,58%,55%,51%,47%,43%,40%,36%,32%,29%,25%,21%,18%,14%,14%,14%,14%,14%,14%,14%,14%,14%,14%,14%,14%,14%,14%,14%,14%,14%,14%,14%,14%,14%,14%,14%,14%,14%,14%,14%,14%,14%,14%,14%,14%,14%,14%,14%,14%,14%,14%,14%,14%,14%,14%,14%,14%,14%
Slower Growth,WEM,Medium Light Commercial,PHEV,0%,0%,1%,1%,2%,3%,3%,4%,4%,5%,5%,5%,5%,5%,6%,5%,5%,5%,5%,5%,5%,5%,5%,5%,5%,5%,5%,4%,4%,4%,4%,4%,4%,4%,4%,4%,4%,4%,4%,4%,4%,4%,4%,4%,4%,4%,4%,4%,4%,4%,4%,4%,4%,4%,4%,4%,4%,4%,4%,4%,4%,4%,4%,4%,4%,4%,4%,4%,4%,4%,4%,4%,4%,4%,4%
Slower Growth,WEM,Medium Residential,BEV,3%,3%,4%,4%,5%,6%,7%,8%,9%,10%,12%,14%,16%,18%,21%,24%,28%,32%,36%,39%,43%,47%,50%,54%,58%,61%,65%,69%,73%,76%,80%,80%,80%,80%,80%,80%,80%,80%,80%,80%,80%,80%,80%,80%,80%,80%,80%,80%,80%,80%,80%,80%,80%,80%,80%,80%,80%,80%,80%,80%,80%,80%,80%,80%,80%,80%,80%,80%,80%,80%,80%,80%,80%,80%,80%
Slower Growth,WEM,Medium Residential,FCEV,0%,0%,0%,0%,0%,0%,0%,0%,0%,0%,0%,0%,0%,0%,0%,0%,0%,0%,0%,0%,0%,0%,0%,0%,0%,0%,0%,0%,0%,0%,0%,0%,0%,0%,0%,0%,0%,0%,0%,0%,0%,0%,0%,0%,0%,0%,0%,0%,0%,0%,0%,0%,0%,0%,0%,0%,0%,0%,0%,0%,0%,0%,0%,0%,0%,0%,0%,0%,0%,0%,0%,0%,0%,0%,0%
Slower Growth,WEM,Medium Residential,Hybrid,6%,7%,8%,9%,9%,10%,10%,10%,10%,10%,10%,10%,9%,8%,8%,7%,7%,7%,6%,6%,6%,5%,5%,5%,4%,4%,4%,3%,3%,3%,2%,2%,2%,2%,2%,2%,2%,2%,2%,2%,2%,2%,2%,2%,2%,2%,2%,2%,2%,2%,2%,2%,2%,2%,2%,2%,2%,2%,2%,2%,2%,2%,2%,2%,2%,2%,2%,2%,2%,2%,2%,2%,2%,2%,2%
Slower Growth,WEM,Medium Residential,ICE,91%,88%,86%,84%,81%,79%,77%,74%,72%,70%,68%,67%,65%,63%,61%,58%,55%,52%,49%,46%,43%,40%,37%,34%,31%,28%,25%,22%,19%,16%,12%,12%,12%,12%,12%,12%,12%,12%,12%,12%,12%,12%,12%,12%,12%,12%,12%,12%,12%,12%,12%,12%,12%,12%,12%,12%,12%,12%,12%,12%,12%,12%,12%,12%,12%,12%,12%,12%,12%,12%,12%,12%,12%,12%,12%
Slower Growth,WEM,Medium Residential,PHEV,1%,1%,2%,3%,5%,6%,7%,8%,8%,9%,9%,10%,10%,10%,10%,10%,9%,9%,9%,9%,8%,8%,8%,7%,7%,7%,6%,6%,6%,5%,5%,5%,5%,5%,5%,5%,5%,5%,5%,5%,5%,5%,5%,5%,5%,5%,5%,5%,5%,5%,5%,5%,5%,5%,5%,5%,5%,5%,5%,5%,5%,5%,5%,5%,5%,5%,5%,5%,5%,5%,5%,5%,5%,5%,5%
Slower Growth,WEM,Motorcycle,BEV,0%,1%,2%,2%,4%,5%,6%,8%,10%,12%,14%,16%,18%,20%,23%,26%,30%,34%,38%,41%,45%,49%,52%,56%,60%,63%,67%,71%,75%,78%,82%,82%,82%,82%,82%,82%,82%,82%,82%,82%,82%,82%,82%,82%,82%,82%,82%,82%,82%,82%,82%,82%,82%,82%,82%,82%,82%,82%,82%,82%,82%,82%,82%,82%,82%,82%,82%,82%,82%,82%,82%,82%,82%,82%,82%
Slower Growth,WEM,Motorcycle,FCEV,0%,0%,0%,0%,0%,0%,0%,0%,0%,0%,0%,0%,0%,0%,0%,0%,0%,0%,0%,0%,0%,0%,0%,0%,0%,0%,0%,0%,0%,0%,0%,0%,0%,0%,0%,0%,0%,0%,0%,0%,0%,0%,0%,0%,0%,0%,0%,0%,0%,0%,0%,0%,0%,0%,0%,0%,0%,0%,0%,0%,0%,0%,0%,0%,0%,0%,0%,0%,0%,0%,0%,0%,0%,0%,0%
Slower Growth,WEM,Motorcycle,Hybrid,0%,0%,0%,0%,0%,0%,0%,0%,0%,0%,0%,0%,0%,0%,0%,0%,0%,0%,0%,0%,0%,0%,0%,0%,0%,0%,0%,0%,0%,0%,0%,0%,0%,0%,0%,0%,0%,0%,0%,0%,0%,0%,0%,0%,0%,0%,0%,0%,0%,0%,0%,0%,0%,0%,0%,0%,0%,0%,0%,0%,0%,0%,0%,0%,0%,0%,0%,0%,0%,0%,0%,0%,0%,0%,0%
Slower Growth,WEM,Motorcycle,ICE,100%,99%,98%,98%,96%,95%,94%,92%,90%,88%,86%,84%,82%,80%,77%,73%,70%,66%,62%,58%,54%,51%,47%,43%,39%,35%,32%,28%,24%,20%,16%,16%,16%,16%,16%,16%,16%,16%,16%,16%,16%,16%,16%,16%,16%,16%,16%,16%,16%,16%,16%,16%,16%,16%,16%,16%,16%,16%,16%,16%,16%,16%,16%,16%,16%,16%,16%,16%,16%,16%,16%,16%,16%,16%,16%
Slower Growth,WEM,Motorcycle,PHEV,0%,0%,0%,0%,0%,0%,0%,0%,0%,0%,0%,0%,0%,0%,0%,0%,0%,0%,0%,1%,1%,1%,1%,1%,1%,1%,1%,1%,1%,2%,2%,2%,2%,2%,2%,2%,2%,2%,2%,2%,2%,2%,2%,2%,2%,2%,2%,2%,2%,2%,2%,2%,2%,2%,2%,2%,2%,2%,2%,2%,2%,2%,2%,2%,2%,2%,2%,2%,2%,2%,2%,2%,2%,2%,2%
Slower Growth,WEM,Rigid Truck,BEV,0%,0%,0%,0%,0%,1%,1%,2%,3%,5%,6%,8%,10%,13%,15%,19%,23%,28%,31%,35%,39%,43%,47%,50%,54%,57%,61%,64%,68%,71%,75%,75%,75%,75%,75%,75%,75%,75%,75%,75%,75%,75%,75%,75%,75%,75%,75%,75%,75%,75%,75%,75%,75%,75%,75%,75%,75%,75%,75%,75%,75%,75%,75%,75%,75%,75%,75%,75%,75%,75%,75%,75%,75%,75%,75%
Slower Growth,WEM,Rigid Truck,FCEV,0%,0%,0%,0%,0%,0%,0%,0%,0%,0%,0%,0%,0%,0%,0%,0%,1%,1%,1%,1%,1%,1%,1%,1%,1%,1%,1%,1%,2%,2%,2%,2%,2%,2%,2%,2%,2%,2%,2%,2%,2%,2%,2%,2%,2%,2%,2%,2%,2%,2%,2%,2%,2%,2%,2%,2%,2%,2%,2%,2%,2%,2%,2%,2%,2%,2%,2%,2%,2%,2%,2%,2%,2%,2%,2%
Slower Growth,WEM,Rigid Truck,Hybrid,0%,0%,0%,0%,0%,0%,0%,0%,0%,0%,0%,0%,0%,0%,0%,0%,1%,1%,1%,1%,2%,2%,2%,2%,3%,3%,3%,3%,4%,4%,4%,4%,4%,4%,4%,4%,4%,4%,4%,4%,4%,4%,4%,4%,4%,4%,4%,4%,4%,4%,4%,4%,4%,4%,4%,4%,4%,4%,4%,4%,4%,4%,4%,4%,4%,4%,4%,4%,4%,4%,4%,4%,4%,4%,4%
Slower Growth,WEM,Rigid Truck,ICE,100%,100%,100%,100%,100%,99%,99%,98%,96%,95%,93%,91%,89%,86%,84%,79%,74%,69%,65%,61%,56%,52%,48%,43%,39%,35%,31%,27%,23%,19%,15%,15%,15%,15%,15%,15%,15%,15%,15%,15%,15%,15%,15%,15%,15%,15%,15%,15%,15%,15%,15%,15%,15%,15%,15%,15%,15%,15%,15%,15%,15%,15%,15%,15%,15%,15%,15%,15%,15%,15%,15%,15%,15%,15%,15%
Slower Growth,WEM,Rigid Truck,PHEV,0%,0%,0%,0%,0%,0%,0%,0%,0%,0%,0%,0%,1%,1%,1%,1%,1%,2%,2%,2%,2%,2%,3%,3%,3%,3%,3%,4%,4%,4%,4%,4%,4%,4%,4%,4%,4%,4%,4%,4%,4%,4%,4%,4%,4%,4%,4%,4%,4%,4%,4%,4%,4%,4%,4%,4%,4%,4%,4%,4%,4%,4%,4%,4%,4%,4%,4%,4%,4%,4%,4%,4%,4%,4%,4%
Slower Growth,WEM,Small Light Commercial,BEV,1%,2%,2%,3%,3%,4%,5%,6%,7%,9%,11%,13%,15%,17%,20%,24%,28%,32%,36%,40%,44%,48%,52%,56%,59%,63%,67%,71%,75%,78%,82%,82%,82%,82%,82%,82%,82%,82%,82%,82%,82%,82%,82%,82%,82%,82%,82%,82%,82%,82%,82%,82%,82%,82%,82%,82%,82%,82%,82%,82%,82%,82%,82%,82%,82%,82%,82%,82%,82%,82%,82%,82%,82%,82%,82%
Slower Growth,WEM,Small Light Commercial,FCEV,0%,0%,0%,0%,0%,0%,0%,0%,0%,0%,0%,0%,0%,0%,0%,0%,0%,0%,0%,0%,0%,0%,0%,0%,0%,0%,0%,0%,0%,0%,0%,0%,0%,0%,0%,0%,0%,0%,0%,0%,0%,0%,0%,0%,0%,0%,0%,0%,0%,0%,0%,0%,0%,0%,0%,0%,0%,0%,0%,0%,0%,0%,0%,0%,0%,0%,0%,0%,0%,0%,0%,0%,0%,0%,0%
Slower Growth,WEM,Small Light Commercial,Hybrid,0%,0%,0%,0%,0%,0%,0%,0%,0%,0%,0%,0%,0%,0%,0%,0%,0%,0%,0%,0%,0%,0%,0%,0%,1%,1%,1%,1%,1%,1%,1%,1%,1%,1%,1%,1%,1%,1%,1%,1%,1%,1%,1%,1%,1%,1%,1%,1%,1%,1%,1%,1%,1%,1%,1%,1%,1%,1%,1%,1%,1%,1%,1%,1%,1%,1%,1%,1%,1%,1%,1%,1%,1%,1%,1%
Slower Growth,WEM,Small Light Commercial,ICE,98%,97%,96%,95%,93%,92%,90%,88%,86%,84%,82%,80%,77%,75%,72%,68%,65%,61%,57%,53%,50%,46%,42%,39%,35%,32%,28%,25%,21%,17%,14%,14%,14%,14%,14%,14%,14%,14%,14%,14%,14%,14%,14%,14%,14%,14%,14%,14%,14%,14%,14%,14%,14%,14%,14%,14%,14%,14%,14%,14%,14%,14%,14%,14%,14%,14%,14%,14%,14%,14%,14%,14%,14%,14%,14%
Slower Growth,WEM,Small Light Commercial,PHEV,0%,1%,2%,2%,4%,5%,5%,6%,7%,7%,8%,8%,8%,8%,8%,8%,7%,7%,7%,6%,6%,6%,5%,5%,5%,5%,4%,4%,4%,3%,3%,3%,3%,3%,3%,3%,3%,3%,3%,3%,3%,3%,3%,3%,3%,3%,3%,3%,3%,3%,3%,3%,3%,3%,3%,3%,3%,3%,3%,3%,3%,3%,3%,3%,3%,3%,3%,3%,3%,3%,3%,3%,3%,3%,3%
Slower Growth,WEM,Small Residential,BEV,6%,7%,8%,8%,8%,8%,9%,9%,10%,12%,13%,15%,17%,19%,21%,25%,29%,33%,36%,40%,44%,48%,51%,55%,59%,63%,66%,70%,74%,78%,82%,82%,82%,82%,82%,82%,82%,82%,82%,82%,82%,82%,82%,82%,82%,82%,82%,82%,82%,82%,82%,82%,82%,82%,82%,82%,82%,82%,82%,82%,82%,82%,82%,82%,82%,82%,82%,82%,82%,82%,82%,82%,82%,82%,82%
Slower Growth,WEM,Small Residential,FCEV,0%,0%,0%,0%,0%,0%,0%,0%,0%,0%,0%,0%,0%,0%,0%,0%,0%,0%,0%,0%,0%,0%,0%,0%,0%,0%,0%,0%,0%,0%,0%,0%,0%,0%,0%,0%,0%,0%,0%,0%,0%,0%,0%,0%,0%,0%,0%,0%,0%,0%,0%,0%,0%,0%,0%,0%,0%,0%,0%,0%,0%,0%,0%,0%,0%,0%,0%,0%,0%,0%,0%,0%,0%,0%,0%
Slower Growth,WEM,Small Residential,Hybrid,0%,0%,0%,0%,0%,0%,0%,0%,0%,0%,0%,0%,0%,0%,0%,0%,0%,0%,0%,0%,0%,0%,0%,0%,1%,1%,1%,1%,1%,1%,1%,1%,1%,1%,1%,1%,1%,1%,1%,1%,1%,1%,1%,1%,1%,1%,1%,1%,1%,1%,1%,1%,1%,1%,1%,1%,1%,1%,1%,1%,1%,1%,1%,1%,1%,1%,1%,1%,1%,1%,1%,1%,1%,1%,1%
Slower Growth,WEM,Small Residential,ICE,92%,90%,88%,87%,86%,84%,83%,81%,80%,78%,76%,74%,72%,70%,68%,64%,61%,57%,54%,51%,47%,44%,41%,37%,34%,31%,27%,24%,20%,17%,14%,14%,14%,14%,14%,14%,14%,14%,14%,14%,14%,14%,14%,14%,14%,14%,14%,14%,14%,14%,14%,14%,14%,14%,14%,14%,14%,14%,14%,14%,14%,14%,14%,14%,14%,14%,14%,14%,14%,14%,14%,14%,14%,14%,14%
Slower Growth,WEM,Small Residential,PHEV,2%,3%,3%,5%,6%,7%,8%,9%,10%,10%,11%,11%,11%,11%,11%,11%,10%,10%,9%,9%,8%,8%,7%,7%,7%,6%,6%,5%,5%,4%,4%,4%,4%,4%,4%,4%,4%,4%,4%,4%,4%,4%,4%,4%,4%,4%,4%,4%,4%,4%,4%,4%,4%,4%,4%,4%,4%,4%,4%,4%,4%,4%,4%,4%,4%,4%,4%,4%,4%,4%,4%,4%,4%,4%,4%
Step Change,New South Wales,Articulated Truck,BEV,0%,0%,0%,3%,9%,15%,20%,25%,30%,34%,38%,41%,45%,48%,51%,54%,57%,60%,62%,65%,67%,69%,71%,73%,75%,77%,78%,80%,82%,83%,83%,83%,83%,83%,83%,83%,83%,83%,83%,83%,83%,83%,83%,83%,83%,83%,83%,83%,83%,83%,83%,83%,83%,83%,83%,83%,83%,83%,83%,83%,83%,83%,83%,83%,83%,83%,83%,83%,83%,83%,83%,83%,83%,83%,83%
Step Change,New South Wales,Articulated Truck,FCEV,0%,0%,0%,0%,0%,0%,0%,0%,0%,0%,1%,1%,1%,2%,2%,2%,3%,3%,3%,3%,3%,4%,4%,4%,4%,4%,5%,5%,5%,5%,5%,5%,5%,5%,5%,5%,5%,5%,5%,5%,5%,5%,5%,5%,5%,5%,5%,5%,5%,5%,5%,5%,5%,5%,5%,5%,5%,5%,5%,5%,5%,5%,5%,5%,5%,5%,5%,5%,5%,5%,5%,5%,5%,5%,5%
Step Change,New South Wales,Articulated Truck,Hybrid,0%,0%,0%,0%,0%,0%,0%,0%,0%,0%,0%,0%,0%,0%,0%,0%,0%,0%,0%,0%,0%,0%,0%,0%,0%,0%,0%,0%,0%,0%,0%,0%,0%,0%,0%,0%,0%,0%,0%,0%,0%,0%,0%,0%,0%,0%,0%,0%,0%,0%,0%,0%,0%,0%,0%,0%,0%,0%,0%,0%,0%,0%,0%,0%,0%,0%,0%,0%,0%,0%,0%,0%,0%,0%,0%
Step Change,New South Wales,Articulated Truck,ICE,100%,100%,100%,97%,91%,85%,80%,74%,70%,66%,61%,57%,53%,50%,46%,43%,39%,36%,34%,31%,28%,26%,23%,21%,19%,17%,15%,13%,12%,10%,10%,10%,10%,10%,10%,10%,10%,10%,10%,10%,10%,10%,10%,10%,10%,10%,10%,10%,10%,10%,10%,10%,10%,10%,10%,10%,10%,10%,10%,10%,10%,10%,10%,10%,10%,10%,10%,10%,10%,10%,10%,10%,10%,10%,10%
Step Change,New South Wales,Articulated Truck,PHEV,0%,0%,0%,0%,0%,0%,0%,0%,0%,0%,0%,0%,1%,1%,1%,1%,1%,1%,1%,1%,1%,1%,2%,2%,2%,2%,2%,2%,2%,2%,2%,2%,2%,2%,2%,2%,2%,2%,2%,2%,2%,2%,2%,2%,2%,2%,2%,2%,2%,2%,2%,2%,2%,2%,2%,2%,2%,2%,2%,2%,2%,2%,2%,2%,2%,2%,2%,2%,2%,2%,2%,2%,2%,2%,2%
Step Change,New South Wales,Bus,BEV,1%,2%,3%,6%,8%,11%,14%,16%,19%,22%,26%,30%,34%,37%,41%,45%,48%,51%,55%,58%,61%,64%,68%,71%,74%,77%,80%,83%,86%,88%,88%,88%,88%,88%,88%,88%,88%,88%,88%,88%,88%,88%,88%,88%,88%,88%,88%,88%,88%,88%,88%,88%,88%,88%,88%,88%,88%,88%,88%,88%,88%,88%,88%,88%,88%,88%,88%,88%,88%,88%,88%,88%,88%,88%,88%
Step Change,New South Wales,Bus,FCEV,0%,0%,0%,1%,1%,1%,1%,2%,2%,2%,2%,2%,3%,3%,3%,3%,3%,3%,4%,4%,4%,4%,4%,4%,4%,4%,5%,5%,5%,5%,5%,5%,5%,5%,5%,5%,5%,5%,5%,5%,5%,5%,5%,5%,5%,5%,5%,5%,5%,5%,5%,5%,5%,5%,5%,5%,5%,5%,5%,5%,5%,5%,5%,5%,5%,5%,5%,5%,5%,5%,5%,5%,5%,5%,5%
Step Change,New South Wales,Bus,Hybrid,0%,0%,0%,0%,0%,0%,0%,0%,0%,0%,0%,0%,0%,0%,1%,1%,1%,1%,1%,1%,1%,1%,1%,1%,2%,2%,2%,2%,2%,2%,2%,2%,2%,2%,2%,2%,2%,2%,2%,2%,2%,2%,2%,2%,2%,2%,2%,2%,2%,2%,2%,2%,2%,2%,2%,2%,2%,2%,2%,2%,2%,2%,2%,2%,2%,2%,2%,2%,2%,2%,2%,2%,2%,2%,2%
Step Change,New South Wales,Bus,ICE,99%,98%,96%,94%,91%,88%,85%,82%,79%,76%,71%,67%,62%,58%,54%,50%,46%,42%,39%,35%,31%,27%,24%,20%,17%,13%,10%,7%,3%,0%,0%,0%,0%,0%,0%,0%,0%,0%,0%,0%,0%,0%,0%,0%,0%,0%,0%,0%,0%,0%,0%,0%,0%,0%,0%,0%,0%,0%,0%,0%,0%,0%,0%,0%,0%,0%,0%,0%,0%,0%,0%,0%,0%,0%,0%
Step Change,New South Wales,Bus,PHEV,0%,0%,0%,0%,0%,0%,0%,0%,0%,0%,0%,1%,1%,1%,1%,2%,2%,2%,2%,2%,3%,3%,3%,3%,4%,4%,4%,4%,4%,4%,5%,5%,5%,5%,5%,5%,5%,5%,5%,5%,5%,5%,5%,5%,5%,5%,5%,5%,5%,5%,5%,5%,5%,5%,5%,5%,5%,5%,5%,5%,5%,5%,5%,5%,5%,5%,5%,5%,5%,5%,5%,5%,5%,5%,5%
Step Change,New South Wales,Large Light Commercial,BEV,0%,0%,0%,0%,1%,1%,3%,5%,7%,10%,15%,21%,26%,31%,35%,40%,45%,49%,53%,57%,61%,65%,69%,73%,76%,80%,83%,86%,89%,93%,93%,93%,93%,93%,93%,93%,93%,93%,93%,93%,93%,93%,93%,93%,93%,93%,93%,93%,93%,93%,93%,93%,93%,93%,93%,93%,93%,93%,93%,93%,93%,93%,93%,93%,93%,93%,93%,93%,93%,93%,93%,93%,93%,93%,93%
Step Change,New South Wales,Large Light Commercial,FCEV,0%,0%,0%,0%,0%,0%,0%,0%,0%,0%,0%,0%,0%,0%,0%,0%,0%,0%,0%,0%,0%,0%,0%,0%,0%,0%,0%,0%,0%,0%,0%,0%,0%,0%,0%,0%,0%,0%,0%,0%,0%,0%,0%,0%,0%,0%,0%,0%,0%,0%,0%,0%,0%,0%,0%,0%,0%,0%,0%,0%,0%,0%,0%,0%,0%,0%,0%,0%,0%,0%,0%,0%,0%,0%,0%
Step Change,New South Wales,Large Light Commercial,Hybrid,1%,1%,2%,2%,3%,4%,4%,4%,4%,4%,4%,4%,4%,3%,3%,3%,3%,3%,3%,2%,2%,2%,2%,2%,2%,2%,1%,1%,1%,1%,1%,1%,1%,1%,1%,1%,1%,1%,1%,1%,1%,1%,1%,1%,1%,1%,1%,1%,1%,1%,1%,1%,1%,1%,1%,1%,1%,1%,1%,1%,1%,1%,1%,1%,1%,1%,1%,1%,1%,1%,1%,1%,1%,1%,1%
Step Change,New South Wales,Large Light Commercial,ICE,99%,99%,98%,97%,95%,93%,91%,89%,86%,83%,78%,72%,67%,62%,57%,53%,48%,44%,39%,35%,31%,27%,24%,20%,16%,13%,9%,6%,3%,0%,0%,0%,0%,0%,0%,0%,0%,0%,0%,0%,0%,0%,0%,0%,0%,0%,0%,0%,0%,0%,0%,0%,0%,0%,0%,0%,0%,0%,0%,0%,0%,0%,0%,0%,0%,0%,0%,0%,0%,0%,0%,0%,0%,0%,0%
Step Change,New South Wales,Large Light Commercial,PHEV,0%,0%,0%,1%,1%,2%,2%,2%,3%,3%,3%,3%,4%,4%,4%,4%,4%,5%,5%,5%,5%,5%,5%,6%,6%,6%,6%,6%,6%,6%,6%,6%,6%,6%,6%,6%,6%,6%,6%,6%,6%,6%,6%,6%,6%,6%,6%,6%,6%,6%,6%,6%,6%,6%,6%,6%,6%,6%,6%,6%,6%,6%,6%,6%,6%,6%,6%,6%,6%,6%,6%,6%,6%,6%,6%
Step Change,New South Wales,Large Residential,BEV,1%,1%,2%,3%,4%,5%,7%,9%,11%,14%,18%,22%,27%,31%,35%,39%,43%,47%,51%,55%,59%,63%,66%,70%,74%,78%,81%,85%,89%,93%,92%,92%,92%,92%,92%,92%,92%,92%,92%,92%,92%,92%,92%,92%,92%,92%,92%,92%,92%,92%,92%,92%,92%,92%,92%,92%,92%,92%,92%,92%,92%,92%,92%,92%,92%,92%,92%,92%,92%,92%,92%,92%,92%,92%,92%
Step Change,New South Wales,Large Residential,FCEV,0%,0%,0%,0%,0%,0%,0%,0%,0%,0%,0%,0%,0%,0%,0%,0%,0%,0%,0%,0%,0%,0%,0%,0%,0%,0%,0%,0%,0%,0%,0%,0%,0%,0%,0%,0%,0%,0%,0%,0%,0%,0%,0%,0%,0%,0%,0%,0%,0%,0%,0%,0%,0%,0%,0%,0%,0%,0%,0%,0%,0%,0%,0%,0%,0%,0%,0%,0%,0%,0%,0%,0%,0%,0%,0%
Step Change,New South Wales,Large Residential,Hybrid,8%,10%,11%,12%,13%,13%,13%,13%,13%,12%,12%,11%,11%,10%,9%,9%,8%,8%,7%,6%,6%,5%,5%,4%,4%,3%,3%,2%,2%,1%,1%,1%,1%,1%,1%,1%,1%,1%,1%,1%,1%,1%,1%,1%,1%,1%,1%,1%,1%,1%,1%,1%,1%,1%,1%,1%,1%,1%,1%,1%,1%,1%,1%,1%,1%,1%,1%,1%,1%,1%,1%,1%,1%,1%,1%
Step Change,New South Wales,Large Residential,ICE,91%,88%,85%,82%,79%,76%,73%,70%,68%,65%,61%,58%,54%,51%,48%,44%,41%,38%,34%,31%,28%,25%,22%,19%,15%,12%,9%,6%,3%,0%,0%,0%,0%,0%,0%,0%,0%,0%,0%,0%,0%,0%,0%,0%,0%,0%,0%,0%,0%,0%,0%,0%,0%,0%,0%,0%,0%,0%,0%,0%,0%,0%,0%,0%,0%,0%,0%,0%,0%,0%,0%,0%,0%,0%,0%
Step Change,New South Wales,Large Residential,PHEV,0%,1%,2%,3%,4%,6%,7%,8%,8%,9%,9%,9%,8%,8%,8%,8%,8%,8%,8%,8%,7%,7%,7%,7%,7%,7%,7%,7%,7%,6%,7%,7%,7%,7%,7%,7%,7%,7%,7%,7%,7%,7%,7%,7%,7%,7%,7%,7%,7%,7%,7%,7%,7%,7%,7%,7%,7%,7%,7%,7%,7%,7%,7%,7%,7%,7%,7%,7%,7%,7%,7%,7%,7%,7%,7%
Step Change,New South Wales,Medium Light Commercial,BEV,1%,1%,2%,2%,3%,4%,5%,7%,10%,13%,18%,23%,28%,33%,38%,43%,47%,52%,56%,60%,64%,68%,72%,76%,79%,83%,86%,89%,92%,96%,96%,96%,96%,96%,96%,96%,96%,96%,96%,96%,96%,96%,96%,96%,96%,96%,96%,96%,96%,96%,96%,96%,96%,96%,96%,96%,96%,96%,96%,96%,96%,96%,96%,96%,96%,96%,96%,96%,96%,96%,96%,96%,96%,96%,96%
Step Change,New South Wales,Medium Light Commercial,FCEV,0%,0%,0%,0%,0%,0%,0%,0%,0%,0%,0%,0%,0%,0%,0%,0%,0%,0%,0%,0%,0%,0%,0%,0%,0%,0%,0%,0%,0%,0%,0%,0%,0%,0%,0%,0%,0%,0%,0%,0%,0%,0%,0%,0%,0%,0%,0%,0%,0%,0%,0%,0%,0%,0%,0%,0%,0%,0%,0%,0%,0%,0%,0%,0%,0%,0%,0%,0%,0%,0%,0%,0%,0%,0%,0%
Step Change,New South Wales,Medium Light Commercial,Hybrid,1%,1%,2%,2%,3%,4%,4%,4%,4%,4%,4%,4%,4%,4%,3%,3%,3%,3%,3%,2%,2%,2%,2%,2%,2%,2%,1%,1%,1%,1%,1%,1%,1%,1%,1%,1%,1%,1%,1%,1%,1%,1%,1%,1%,1%,1%,1%,1%,1%,1%,1%,1%,1%,1%,1%,1%,1%,1%,1%,1%,1%,1%,1%,1%,1%,1%,1%,1%,1%,1%,1%,1%,1%,1%,1%
Step Change,New South Wales,Medium Light Commercial,ICE,98%,97%,96%,94%,91%,89%,86%,83%,80%,77%,72%,67%,62%,58%,53%,49%,45%,40%,37%,33%,29%,25%,22%,18%,15%,12%,9%,6%,3%,0%,0%,0%,0%,0%,0%,0%,0%,0%,0%,0%,0%,0%,0%,0%,0%,0%,0%,0%,0%,0%,0%,0%,0%,0%,0%,0%,0%,0%,0%,0%,0%,0%,0%,0%,0%,0%,0%,0%,0%,0%,0%,0%,0%,0%,0%
Step Change,New South Wales,Medium Light Commercial,PHEV,0%,1%,1%,2%,3%,4%,5%,5%,6%,6%,6%,6%,6%,5%,5%,5%,5%,5%,5%,5%,5%,4%,4%,4%,4%,4%,4%,4%,4%,4%,3%,3%,3%,3%,3%,3%,3%,3%,3%,3%,3%,3%,3%,3%,3%,3%,3%,3%,3%,3%,3%,3%,3%,3%,3%,3%,3%,3%,3%,3%,3%,3%,3%,3%,3%,3%,3%,3%,3%,3%,3%,3%,3%,3%,3%
Step Change,New South Wales,Medium Residential,BEV,3%,4%,6%,7%,8%,9%,11%,13%,15%,17%,22%,26%,30%,34%,39%,43%,47%,51%,55%,58%,62%,66%,70%,74%,77%,81%,85%,88%,92%,95%,96%,96%,96%,96%,96%,96%,96%,96%,96%,96%,96%,96%,96%,96%,96%,96%,96%,96%,96%,96%,96%,96%,96%,96%,96%,96%,96%,96%,96%,96%,96%,96%,96%,96%,96%,96%,96%,96%,96%,96%,96%,96%,96%,96%,96%
Step Change,New South Wales,Medium Residential,FCEV,0%,0%,0%,0%,0%,0%,0%,0%,0%,0%,0%,0%,0%,0%,0%,0%,0%,0%,0%,0%,0%,0%,0%,0%,0%,0%,0%,0%,0%,0%,0%,0%,0%,0%,0%,0%,0%,0%,0%,0%,0%,0%,0%,0%,0%,0%,0%,0%,0%,0%,0%,0%,0%,0%,0%,0%,0%,0%,0%,0%,0%,0%,0%,0%,0%,0%,0%,0%,0%,0%,0%,0%,0%,0%,0%
Step Change,New South Wales,Medium Residential,Hybrid,8%,9%,10%,11%,12%,12%,12%,12%,12%,11%,11%,10%,10%,9%,8%,8%,7%,7%,6%,6%,5%,5%,4%,4%,3%,3%,2%,2%,1%,1%,1%,1%,1%,1%,1%,1%,1%,1%,1%,1%,1%,1%,1%,1%,1%,1%,1%,1%,1%,1%,1%,1%,1%,1%,1%,1%,1%,1%,1%,1%,1%,1%,1%,1%,1%,1%,1%,1%,1%,1%,1%,1%,1%,1%,1%
Step Change,New South Wales,Medium Residential,ICE,88%,85%,81%,78%,75%,72%,69%,66%,63%,61%,57%,54%,51%,47%,44%,41%,38%,35%,32%,29%,26%,23%,20%,17%,14%,11%,8%,6%,3%,0%,0%,0%,0%,0%,0%,0%,0%,0%,0%,0%,0%,0%,0%,0%,0%,0%,0%,0%,0%,0%,0%,0%,0%,0%,0%,0%,0%,0%,0%,0%,0%,0%,0%,0%,0%,0%,0%,0%,0%,0%,0%,0%,0%,0%,0%
Step Change,New South Wales,Medium Residential,PHEV,1%,2%,3%,4%,6%,7%,9%,10%,10%,11%,10%,10%,9%,9%,9%,8%,8%,8%,7%,7%,6%,6%,6%,5%,5%,5%,4%,4%,4%,4%,4%,4%,4%,4%,4%,4%,4%,4%,4%,4%,4%,4%,4%,4%,4%,4%,4%,4%,4%,4%,4%,4%,4%,4%,4%,4%,4%,4%,4%,4%,4%,4%,4%,4%,4%,4%,4%,4%,4%,4%,4%,4%,4%,4%,4%
Step Change,New South Wales,Motorcycle,BEV,1%,1%,2%,4%,5%,7%,9%,12%,15%,17%,22%,26%,31%,35%,40%,44%,48%,52%,56%,60%,64%,68%,72%,76%,80%,83%,87%,90%,94%,97%,98%,98%,98%,98%,98%,98%,98%,98%,98%,98%,98%,98%,98%,98%,98%,98%,98%,98%,98%,98%,98%,98%,98%,98%,98%,98%,98%,98%,98%,98%,98%,98%,98%,98%,98%,98%,98%,98%,98%,98%,98%,98%,98%,98%,98%
Step Change,New South Wales,Motorcycle,FCEV,0%,0%,0%,0%,0%,0%,0%,0%,0%,0%,0%,0%,0%,0%,0%,0%,0%,0%,0%,0%,0%,0%,0%,0%,0%,0%,0%,0%,0%,0%,0%,0%,0%,0%,0%,0%,0%,0%,0%,0%,0%,0%,0%,0%,0%,0%,0%,0%,0%,0%,0%,0%,0%,0%,0%,0%,0%,0%,0%,0%,0%,0%,0%,0%,0%,0%,0%,0%,0%,0%,0%,0%,0%,0%,0%
Step Change,New South Wales,Motorcycle,Hybrid,0%,0%,0%,0%,0%,0%,0%,0%,0%,0%,0%,0%,0%,0%,0%,0%,0%,0%,0%,0%,0%,0%,0%,0%,0%,0%,0%,0%,0%,0%,0%,0%,0%,0%,0%,0%,0%,0%,0%,0%,0%,0%,0%,0%,0%,0%,0%,0%,0%,0%,0%,0%,0%,0%,0%,0%,0%,0%,0%,0%,0%,0%,0%,0%,0%,0%,0%,0%,0%,0%,0%,0%,0%,0%,0%
Step Change,New South Wales,Motorcycle,ICE,99%,99%,98%,96%,95%,93%,91%,88%,85%,83%,78%,73%,69%,64%,60%,56%,51%,47%,43%,39%,35%,31%,27%,23%,19%,15%,12%,8%,5%,1%,1%,1%,1%,1%,1%,1%,1%,1%,1%,1%,1%,1%,1%,1%,1%,1%,1%,1%,1%,1%,1%,1%,1%,1%,1%,1%,1%,1%,1%,1%,1%,1%,1%,1%,1%,1%,1%,1%,1%,1%,1%,1%,1%,1%,1%
Step Change,New South Wales,Motorcycle,PHEV,0%,0%,0%,0%,0%,0%,0%,0%,0%,0%,0%,0%,0%,0%,0%,0%,1%,1%,1%,1%,1%,1%,1%,1%,1%,1%,1%,1%,1%,2%,2%,2%,2%,2%,2%,2%,2%,2%,2%,2%,2%,2%,2%,2%,2%,2%,2%,2%,2%,2%,2%,2%,2%,2%,2%,2%,2%,2%,2%,2%,2%,2%,2%,2%,2%,2%,2%,2%,2%,2%,2%,2%,2%,2%,2%
Step Change,New South Wales,Rigid Truck,BEV,0%,0%,0%,1%,1%,2%,3%,5%,7%,10%,15%,21%,26%,31%,36%,40%,44%,48%,52%,56%,60%,63%,66%,69%,72%,75%,78%,81%,83%,85%,85%,85%,85%,85%,85%,85%,85%,85%,85%,85%,85%,85%,85%,85%,85%,85%,85%,85%,85%,85%,85%,85%,85%,85%,85%,85%,85%,85%,85%,85%,85%,85%,85%,85%,85%,85%,85%,85%,85%,85%,85%,85%,85%,85%,85%
Step Change,New South Wales,Rigid Truck,FCEV,0%,0%,0%,0%,0%,0%,0%,0%,0%,0%,1%,1%,1%,2%,2%,2%,3%,3%,3%,3%,3%,4%,4%,4%,4%,4%,5%,5%,5%,5%,5%,5%,5%,5%,5%,5%,5%,5%,5%,5%,5%,5%,5%,5%,5%,5%,5%,5%,5%,5%,5%,5%,5%,5%,5%,5%,5%,5%,5%,5%,5%,5%,5%,5%,5%,5%,5%,5%,5%,5%,5%,5%,5%,5%,5%
Step Change,New South Wales,Rigid Truck,Hybrid,0%,0%,0%,0%,0%,0%,0%,0%,0%,0%,0%,1%,1%,1%,2%,2%,2%,3%,3%,3%,3%,4%,4%,4%,4%,4%,5%,5%,5%,5%,5%,5%,5%,5%,5%,5%,5%,5%,5%,5%,5%,5%,5%,5%,5%,5%,5%,5%,5%,5%,5%,5%,5%,5%,5%,5%,5%,5%,5%,5%,5%,5%,5%,5%,5%,5%,5%,5%,5%,5%,5%,5%,5%,5%,5%
Step Change,New South Wales,Rigid Truck,ICE,100%,100%,100%,99%,99%,98%,97%,95%,93%,90%,83%,77%,70%,65%,59%,54%,49%,44%,39%,35%,31%,27%,23%,19%,15%,12%,9%,6%,3%,0%,0%,0%,0%,0%,0%,0%,0%,0%,0%,0%,0%,0%,0%,0%,0%,0%,0%,0%,0%,0%,0%,0%,0%,0%,0%,0%,0%,0%,0%,0%,0%,0%,0%,0%,0%,0%,0%,0%,0%,0%,0%,0%,0%,0%,0%
Step Change,New South Wales,Rigid Truck,PHEV,0%,0%,0%,0%,0%,0%,0%,0%,0%,0%,0%,1%,1%,1%,2%,2%,2%,2%,3%,3%,3%,3%,3%,4%,4%,4%,4%,4%,4%,4%,4%,4%,4%,4%,4%,4%,4%,4%,4%,4%,4%,4%,4%,4%,4%,4%,4%,4%,4%,4%,4%,4%,4%,4%,4%,4%,4%,4%,4%,4%,4%,4%,4%,4%,4%,4%,4%,4%,4%,4%,4%,4%,4%,4%,4%
Step Change,New South Wales,Small Light Commercial,BEV,2%,3%,4%,5%,6%,7%,9%,11%,13%,16%,22%,27%,32%,37%,41%,46%,50%,55%,59%,63%,67%,71%,74%,78%,81%,85%,88%,91%,94%,98%,98%,98%,98%,98%,98%,98%,98%,98%,98%,98%,98%,98%,98%,98%,98%,98%,98%,98%,98%,98%,98%,98%,98%,98%,98%,98%,98%,98%,98%,98%,98%,98%,98%,98%,98%,98%,98%,98%,98%,98%,98%,98%,98%,98%,98%
Step Change,New South Wales,Small Light Commercial,FCEV,0%,0%,0%,0%,0%,0%,0%,0%,0%,0%,0%,0%,0%,0%,0%,0%,0%,0%,0%,0%,0%,0%,0%,0%,0%,0%,0%,0%,0%,0%,0%,0%,0%,0%,0%,0%,0%,0%,0%,0%,0%,0%,0%,0%,0%,0%,0%,0%,0%,0%,0%,0%,0%,0%,0%,0%,0%,0%,0%,0%,0%,0%,0%,0%,0%,0%,0%,0%,0%,0%,0%,0%,0%,0%,0%
Step Change,New South Wales,Small Light Commercial,Hybrid,0%,0%,0%,0%,0%,0%,0%,0%,0%,0%,0%,0%,0%,0%,0%,0%,0%,0%,1%,1%,1%,1%,1%,1%,1%,1%,1%,1%,1%,1%,1%,1%,1%,1%,1%,1%,1%,1%,1%,1%,1%,1%,1%,1%,1%,1%,1%,1%,1%,1%,1%,1%,1%,1%,1%,1%,1%,1%,1%,1%,1%,1%,1%,1%,1%,1%,1%,1%,1%,1%,1%,1%,1%,1%,1%
Step Change,New South Wales,Small Light Commercial,ICE,97%,96%,94%,92%,89%,87%,84%,81%,78%,74%,70%,65%,60%,56%,51%,47%,43%,39%,35%,32%,28%,25%,21%,18%,15%,12%,9%,6%,3%,0%,0%,0%,0%,0%,0%,0%,0%,0%,0%,0%,0%,0%,0%,0%,0%,0%,0%,0%,0%,0%,0%,0%,0%,0%,0%,0%,0%,0%,0%,0%,0%,0%,0%,0%,0%,0%,0%,0%,0%,0%,0%,0%,0%,0%,0%
Step Change,New South Wales,Small Light Commercial,PHEV,1%,1%,2%,4%,5%,7%,8%,8%,9%,9%,9%,8%,8%,7%,7%,7%,6%,6%,5%,5%,5%,4%,4%,3%,3%,3%,2%,2%,2%,1%,1%,1%,1%,1%,1%,1%,1%,1%,1%,1%,1%,1%,1%,1%,1%,1%,1%,1%,1%,1%,1%,1%,1%,1%,1%,1%,1%,1%,1%,1%,1%,1%,1%,1%,1%,1%,1%,1%,1%,1%,1%,1%,1%,1%,1%
Step Change,New South Wales,Small Residential,BEV,8%,9%,11%,11%,11%,12%,13%,14%,16%,18%,22%,27%,31%,36%,40%,44%,48%,52%,56%,60%,64%,68%,72%,75%,79%,83%,87%,90%,94%,98%,97%,97%,97%,97%,97%,97%,97%,97%,97%,97%,97%,97%,97%,97%,97%,97%,97%,97%,97%,97%,97%,97%,97%,97%,97%,97%,97%,97%,97%,97%,97%,97%,97%,97%,97%,97%,97%,97%,97%,97%,97%,97%,97%,97%,97%
Step Change,New South Wales,Small Residential,FCEV,0%,0%,0%,0%,0%,0%,0%,0%,0%,0%,0%,0%,0%,0%,0%,0%,0%,0%,0%,0%,0%,0%,0%,0%,0%,0%,0%,0%,0%,0%,0%,0%,0%,0%,0%,0%,0%,0%,0%,0%,0%,0%,0%,0%,0%,0%,0%,0%,0%,0%,0%,0%,0%,0%,0%,0%,0%,0%,0%,0%,0%,0%,0%,0%,0%,0%,0%,0%,0%,0%,0%,0%,0%,0%,0%
Step Change,New South Wales,Small Residential,Hybrid,0%,0%,0%,0%,0%,0%,0%,0%,0%,0%,0%,0%,0%,0%,0%,0%,0%,0%,0%,1%,1%,1%,1%,1%,1%,1%,1%,1%,1%,1%,1%,1%,1%,1%,1%,1%,1%,1%,1%,1%,1%,1%,1%,1%,1%,1%,1%,1%,1%,1%,1%,1%,1%,1%,1%,1%,1%,1%,1%,1%,1%,1%,1%,1%,1%,1%,1%,1%,1%,1%,1%,1%,1%,1%,1%
Step Change,New South Wales,Small Residential,ICE,90%,87%,84%,82%,80%,78%,76%,74%,72%,69%,65%,62%,58%,54%,50%,47%,43%,40%,36%,33%,29%,26%,23%,19%,16%,13%,10%,6%,3%,0%,0%,0%,0%,0%,0%,0%,0%,0%,0%,0%,0%,0%,0%,0%,0%,0%,0%,0%,0%,0%,0%,0%,0%,0%,0%,0%,0%,0%,0%,0%,0%,0%,0%,0%,0%,0%,0%,0%,0%,0%,0%,0%,0%,0%,0%
Step Change,New South Wales,Small Residential,PHEV,2%,4%,5%,7%,8%,10%,11%,12%,12%,13%,12%,11%,11%,10%,10%,9%,8%,8%,7%,7%,6%,6%,5%,5%,4%,4%,3%,2%,2%,1%,2%,2%,2%,2%,2%,2%,2%,2%,2%,2%,2%,2%,2%,2%,2%,2%,2%,2%,2%,2%,2%,2%,2%,2%,2%,2%,2%,2%,2%,2%,2%,2%,2%,2%,2%,2%,2%,2%,2%,2%,2%,2%,2%,2%,2%
Step Change,QLD,Articulated Truck,BEV,0%,0%,2%,8%,13%,18%,23%,27%,31%,35%,39%,42%,46%,49%,52%,55%,58%,60%,63%,65%,67%,69%,71%,73%,75%,77%,79%,80%,82%,83%,83%,83%,83%,83%,83%,83%,83%,83%,83%,83%,83%,83%,83%,83%,83%,83%,83%,83%,83%,83%,83%,83%,83%,83%,83%,83%,83%,83%,83%,83%,83%,83%,83%,83%,83%,83%,83%,83%,83%,83%,83%,83%,83%,83%,83%
Step Change,QLD,Articulated Truck,FCEV,0%,0%,0%,0%,0%,0%,0%,0%,0%,0%,1%,1%,1%,2%,2%,2%,3%,3%,3%,3%,3%,4%,4%,4%,4%,4%,5%,5%,5%,5%,5%,5%,5%,5%,5%,5%,5%,5%,5%,5%,5%,5%,5%,5%,5%,5%,5%,5%,5%,5%,5%,5%,5%,5%,5%,5%,5%,5%,5%,5%,5%,5%,5%,5%,5%,5%,5%,5%,5%,5%,5%,5%,5%,5%,5%
Step Change,QLD,Articulated Truck,Hybrid,0%,0%,0%,0%,0%,0%,0%,0%,0%,0%,0%,0%,0%,0%,0%,0%,0%,0%,0%,0%,0%,0%,0%,0%,0%,0%,0%,0%,0%,0%,0%,0%,0%,0%,0%,0%,0%,0%,0%,0%,0%,0%,0%,0%,0%,0%,0%,0%,0%,0%,0%,0%,0%,0%,0%,0%,0%,0%,0%,0%,0%,0%,0%,0%,0%,0%,0%,0%,0%,0%,0%,0%,0%,0%,0%
Step Change,QLD,Articulated Truck,ICE,100%,100%,98%,92%,87%,82%,77%,72%,68%,64%,60%,56%,52%,49%,45%,42%,39%,36%,33%,30%,28%,25%,23%,21%,19%,17%,15%,13%,12%,10%,10%,10%,10%,10%,10%,10%,10%,10%,10%,10%,10%,10%,10%,10%,10%,10%,10%,10%,10%,10%,10%,10%,10%,10%,10%,10%,10%,10%,10%,10%,10%,10%,10%,10%,10%,10%,10%,10%,10%,10%,10%,10%,10%,10%,10%
Step Change,QLD,Articulated Truck,PHEV,0%,0%,0%,0%,0%,0%,0%,0%,0%,0%,0%,0%,1%,1%,1%,1%,1%,1%,1%,1%,1%,1%,2%,2%,2%,2%,2%,2%,2%,2%,2%,2%,2%,2%,2%,2%,2%,2%,2%,2%,2%,2%,2%,2%,2%,2%,2%,2%,2%,2%,2%,2%,2%,2%,2%,2%,2%,2%,2%,2%,2%,2%,2%,2%,2%,2%,2%,2%,2%,2%,2%,2%,2%,2%,2%
Step Change,QLD,Bus,BEV,1%,1%,2%,4%,6%,8%,10%,12%,15%,17%,21%,26%,30%,33%,37%,41%,45%,48%,52%,56%,59%,63%,66%,69%,73%,76%,79%,82%,85%,88%,88%,88%,88%,88%,88%,88%,88%,88%,88%,88%,88%,88%,88%,88%,88%,88%,88%,88%,88%,88%,88%,88%,88%,88%,88%,88%,88%,88%,88%,88%,88%,88%,88%,88%,88%,88%,88%,88%,88%,88%,88%,88%,88%,88%,88%
Step Change,QLD,Bus,FCEV,0%,0%,0%,0%,1%,1%,1%,1%,1%,2%,2%,2%,2%,2%,3%,3%,3%,3%,3%,3%,4%,4%,4%,4%,4%,4%,5%,5%,5%,5%,5%,5%,5%,5%,5%,5%,5%,5%,5%,5%,5%,5%,5%,5%,5%,5%,5%,5%,5%,5%,5%,5%,5%,5%,5%,5%,5%,5%,5%,5%,5%,5%,5%,5%,5%,5%,5%,5%,5%,5%,5%,5%,5%,5%,5%
Step Change,QLD,Bus,Hybrid,0%,0%,0%,0%,0%,0%,0%,0%,0%,0%,0%,0%,0%,0%,1%,1%,1%,1%,1%,1%,1%,1%,1%,1%,2%,2%,2%,2%,2%,2%,2%,2%,2%,2%,2%,2%,2%,2%,2%,2%,2%,2%,2%,2%,2%,2%,2%,2%,2%,2%,2%,2%,2%,2%,2%,2%,2%,2%,2%,2%,2%,2%,2%,2%,2%,2%,2%,2%,2%,2%,2%,2%,2%,2%,2%
Step Change,QLD,Bus,ICE,99%,99%,97%,96%,93%,91%,89%,86%,84%,81%,76%,72%,67%,63%,58%,54%,50%,46%,41%,37%,33%,30%,26%,22%,18%,14%,11%,7%,4%,0%,0%,0%,0%,0%,0%,0%,0%,0%,0%,0%,0%,0%,0%,0%,0%,0%,0%,0%,0%,0%,0%,0%,0%,0%,0%,0%,0%,0%,0%,0%,0%,0%,0%,0%,0%,0%,0%,0%,0%,0%,0%,0%,0%,0%,0%
Step Change,QLD,Bus,PHEV,0%,0%,0%,0%,0%,0%,0%,0%,0%,0%,0%,1%,1%,1%,1%,2%,2%,2%,2%,2%,3%,3%,3%,3%,4%,4%,4%,4%,4%,4%,5%,5%,5%,5%,5%,5%,5%,5%,5%,5%,5%,5%,5%,5%,5%,5%,5%,5%,5%,5%,5%,5%,5%,5%,5%,5%,5%,5%,5%,5%,5%,5%,5%,5%,5%,5%,5%,5%,5%,5%,5%,5%,5%,5%,5%
Step Change,QLD,Large Light Commercial,BEV,0%,0%,1%,2%,3%,4%,6%,8%,10%,12%,18%,23%,29%,34%,39%,43%,48%,53%,57%,62%,66%,70%,74%,78%,82%,85%,89%,92%,96%,99%,99%,99%,99%,99%,99%,99%,99%,99%,99%,99%,99%,99%,99%,99%,99%,99%,99%,99%,99%,99%,99%,99%,99%,99%,99%,99%,99%,99%,99%,99%,99%,99%,99%,99%,99%,99%,99%,99%,99%,99%,99%,99%,99%,99%,99%
Step Change,QLD,Large Light Commercial,FCEV,0%,0%,0%,0%,0%,0%,0%,0%,0%,0%,0%,0%,0%,0%,0%,0%,0%,0%,0%,0%,0%,0%,0%,0%,0%,0%,0%,0%,0%,0%,0%,0%,0%,0%,0%,0%,0%,0%,0%,0%,0%,0%,0%,0%,0%,0%,0%,0%,0%,0%,0%,0%,0%,0%,0%,0%,0%,0%,0%,0%,0%,0%,0%,0%,0%,0%,0%,0%,0%,0%,0%,0%,0%,0%,0%
Step Change,QLD,Large Light Commercial,Hybrid,0%,1%,1%,1%,2%,2%,2%,3%,3%,3%,3%,2%,2%,2%,2%,2%,2%,2%,2%,1%,1%,1%,1%,1%,1%,1%,1%,1%,1%,1%,1%,1%,1%,1%,1%,1%,1%,1%,1%,1%,1%,1%,1%,1%,1%,1%,1%,1%,1%,1%,1%,1%,1%,1%,1%,1%,1%,1%,1%,1%,1%,1%,1%,1%,1%,1%,1%,1%,1%,1%,1%,1%,1%,1%,1%
Step Change,QLD,Large Light Commercial,ICE,100%,99%,98%,97%,95%,94%,92%,89%,87%,84%,79%,74%,68%,64%,59%,54%,50%,45%,41%,37%,32%,28%,25%,21%,17%,13%,10%,6%,3%,0%,0%,0%,0%,0%,0%,0%,0%,0%,0%,0%,0%,0%,0%,0%,0%,0%,0%,0%,0%,0%,0%,0%,0%,0%,0%,0%,0%,0%,0%,0%,0%,0%,0%,0%,0%,0%,0%,0%,0%,0%,0%,0%,0%,0%,0%
Step Change,QLD,Large Light Commercial,PHEV,0%,0%,0%,0%,0%,0%,0%,0%,1%,1%,1%,1%,1%,1%,1%,1%,1%,1%,0%,0%,0%,0%,0%,0%,0%,0%,0%,0%,0%,0%,0%,0%,0%,0%,0%,0%,0%,0%,0%,0%,0%,0%,0%,0%,0%,0%,0%,0%,0%,0%,0%,0%,0%,0%,0%,0%,0%,0%,0%,0%,0%,0%,0%,0%,0%,0%,0%,0%,0%,0%,0%,0%,0%,0%,0%
Step Change,QLD,Large Residential,BEV,1%,2%,3%,6%,9%,12%,14%,17%,20%,23%,27%,31%,35%,39%,43%,47%,51%,55%,58%,62%,65%,69%,72%,76%,80%,83%,86%,90%,93%,96%,96%,96%,96%,96%,96%,96%,96%,96%,96%,96%,96%,96%,96%,96%,96%,96%,96%,96%,96%,96%,96%,96%,96%,96%,96%,96%,96%,96%,96%,96%,96%,96%,96%,96%,96%,96%,96%,96%,96%,96%,96%,96%,96%,96%,96%
Step Change,QLD,Large Residential,FCEV,0%,0%,0%,0%,0%,0%,0%,0%,0%,0%,0%,0%,0%,0%,0%,0%,0%,0%,0%,0%,0%,0%,0%,0%,0%,0%,0%,0%,0%,0%,0%,0%,0%,0%,0%,0%,0%,0%,0%,0%,0%,0%,0%,0%,0%,0%,0%,0%,0%,0%,0%,0%,0%,0%,0%,0%,0%,0%,0%,0%,0%,0%,0%,0%,0%,0%,0%,0%,0%,0%,0%,0%,0%,0%,0%
Step Change,QLD,Large Residential,Hybrid,7%,8%,9%,10%,10%,10%,10%,10%,9%,9%,9%,8%,8%,7%,7%,7%,6%,6%,6%,5%,5%,5%,5%,4%,4%,4%,4%,4%,3%,3%,3%,3%,3%,3%,3%,3%,3%,3%,3%,3%,3%,3%,3%,3%,3%,3%,3%,3%,3%,3%,3%,3%,3%,3%,3%,3%,3%,3%,3%,3%,3%,3%,3%,3%,3%,3%,3%,3%,3%,3%,3%,3%,3%,3%,3%
Step Change,QLD,Large Residential,ICE,92%,90%,87%,84%,81%,78%,75%,72%,69%,66%,63%,59%,55%,52%,48%,45%,42%,38%,35%,32%,28%,25%,22%,19%,16%,12%,9%,6%,3%,0%,0%,0%,0%,0%,0%,0%,0%,0%,0%,0%,0%,0%,0%,0%,0%,0%,0%,0%,0%,0%,0%,0%,0%,0%,0%,0%,0%,0%,0%,0%,0%,0%,0%,0%,0%,0%,0%,0%,0%,0%,0%,0%,0%,0%,0%
Step Change,QLD,Large Residential,PHEV,0%,0%,1%,1%,1%,1%,1%,1%,2%,2%,2%,2%,2%,1%,1%,1%,1%,1%,1%,1%,1%,1%,1%,1%,1%,1%,1%,1%,1%,1%,1%,1%,1%,1%,1%,1%,1%,1%,1%,1%,1%,1%,1%,1%,1%,1%,1%,1%,1%,1%,1%,1%,1%,1%,1%,1%,1%,1%,1%,1%,1%,1%,1%,1%,1%,1%,1%,1%,1%,1%,1%,1%,1%,1%,1%
Step Change,QLD,Medium Light Commercial,BEV,0%,1%,2%,4%,6%,8%,11%,13%,16%,19%,24%,29%,34%,38%,43%,47%,52%,56%,60%,64%,68%,72%,76%,79%,83%,86%,90%,93%,96%,99%,99%,99%,99%,99%,99%,99%,99%,99%,99%,99%,99%,99%,99%,99%,99%,99%,99%,99%,99%,99%,99%,99%,99%,99%,99%,99%,99%,99%,99%,99%,99%,99%,99%,99%,99%,99%,99%,99%,99%,99%,99%,99%,99%,99%,99%
Step Change,QLD,Medium Light Commercial,FCEV,0%,0%,0%,0%,0%,0%,0%,0%,0%,0%,0%,0%,0%,0%,0%,0%,0%,0%,0%,0%,0%,0%,0%,0%,0%,0%,0%,0%,0%,0%,0%,0%,0%,0%,0%,0%,0%,0%,0%,0%,0%,0%,0%,0%,0%,0%,0%,0%,0%,0%,0%,0%,0%,0%,0%,0%,0%,0%,0%,0%,0%,0%,0%,0%,0%,0%,0%,0%,0%,0%,0%,0%,0%,0%,0%
Step Change,QLD,Medium Light Commercial,Hybrid,0%,1%,1%,1%,2%,2%,2%,3%,3%,3%,2%,2%,2%,2%,2%,2%,2%,2%,2%,1%,1%,1%,1%,1%,1%,1%,1%,1%,1%,1%,1%,1%,1%,1%,1%,1%,1%,1%,1%,1%,1%,1%,1%,1%,1%,1%,1%,1%,1%,1%,1%,1%,1%,1%,1%,1%,1%,1%,1%,1%,1%,1%,1%,1%,1%,1%,1%,1%,1%,1%,1%,1%,1%,1%,1%
Step Change,QLD,Medium Light Commercial,ICE,99%,98%,96%,94%,92%,89%,87%,84%,81%,78%,73%,68%,64%,59%,55%,50%,46%,42%,38%,34%,30%,26%,23%,19%,16%,12%,9%,6%,3%,0%,0%,0%,0%,0%,0%,0%,0%,0%,0%,0%,0%,0%,0%,0%,0%,0%,0%,0%,0%,0%,0%,0%,0%,0%,0%,0%,0%,0%,0%,0%,0%,0%,0%,0%,0%,0%,0%,0%,0%,0%,0%,0%,0%,0%,0%
Step Change,QLD,Medium Light Commercial,PHEV,0%,0%,0%,0%,0%,0%,1%,1%,1%,1%,1%,1%,1%,1%,1%,1%,1%,1%,0%,0%,0%,0%,0%,0%,0%,0%,0%,0%,0%,0%,0%,0%,0%,0%,0%,0%,0%,0%,0%,0%,0%,0%,0%,0%,0%,0%,0%,0%,0%,0%,0%,0%,0%,0%,0%,0%,0%,0%,0%,0%,0%,0%,0%,0%,0%,0%,0%,0%,0%,0%,0%,0%,0%,0%,0%
Step Change,QLD,Medium Residential,BEV,3%,4%,7%,9%,12%,16%,19%,22%,25%,27%,32%,35%,39%,43%,47%,51%,54%,58%,61%,64%,68%,71%,74%,78%,81%,84%,87%,90%,93%,97%,97%,97%,97%,97%,97%,97%,97%,97%,97%,97%,97%,97%,97%,97%,97%,97%,97%,97%,97%,97%,97%,97%,97%,97%,97%,97%,97%,97%,97%,97%,97%,97%,97%,97%,97%,97%,97%,97%,97%,97%,97%,97%,97%,97%,97%
Step Change,QLD,Medium Residential,FCEV,0%,0%,0%,0%,0%,0%,0%,0%,0%,0%,0%,0%,0%,0%,0%,0%,0%,0%,0%,0%,0%,0%,0%,0%,0%,0%,0%,0%,0%,0%,0%,0%,0%,0%,0%,0%,0%,0%,0%,0%,0%,0%,0%,0%,0%,0%,0%,0%,0%,0%,0%,0%,0%,0%,0%,0%,0%,0%,0%,0%,0%,0%,0%,0%,0%,0%,0%,0%,0%,0%,0%,0%,0%,0%,0%
Step Change,QLD,Medium Residential,Hybrid,7%,8%,9%,9%,9%,9%,9%,8%,8%,8%,8%,7%,7%,6%,6%,6%,5%,5%,5%,5%,4%,4%,4%,4%,4%,3%,3%,3%,3%,3%,3%,3%,3%,3%,3%,3%,3%,3%,3%,3%,3%,3%,3%,3%,3%,3%,3%,3%,3%,3%,3%,3%,3%,3%,3%,3%,3%,3%,3%,3%,3%,3%,3%,3%,3%,3%,3%,3%,3%,3%,3%,3%,3%,3%,3%
Step Change,QLD,Medium Residential,ICE,89%,87%,83%,80%,77%,74%,71%,68%,65%,63%,59%,56%,52%,49%,45%,42%,39%,36%,33%,30%,27%,24%,21%,18%,15%,12%,9%,6%,3%,0%,0%,0%,0%,0%,0%,0%,0%,0%,0%,0%,0%,0%,0%,0%,0%,0%,0%,0%,0%,0%,0%,0%,0%,0%,0%,0%,0%,0%,0%,0%,0%,0%,0%,0%,0%,0%,0%,0%,0%,0%,0%,0%,0%,0%,0%
Step Change,QLD,Medium Residential,PHEV,1%,1%,2%,2%,2%,2%,2%,2%,2%,2%,2%,2%,2%,2%,2%,1%,1%,1%,1%,1%,1%,1%,1%,1%,1%,1%,1%,1%,1%,1%,1%,1%,1%,1%,1%,1%,1%,1%,1%,1%,1%,1%,1%,1%,1%,1%,1%,1%,1%,1%,1%,1%,1%,1%,1%,1%,1%,1%,1%,1%,1%,1%,1%,1%,1%,1%,1%,1%,1%,1%,1%,1%,1%,1%,1%
Step Change,QLD,Motorcycle,BEV,1%,1%,3%,5%,8%,10%,13%,16%,19%,21%,26%,30%,35%,39%,43%,48%,52%,56%,59%,63%,67%,71%,74%,78%,82%,85%,89%,92%,96%,99%,99%,99%,99%,99%,99%,99%,99%,99%,99%,99%,99%,99%,99%,99%,99%,99%,99%,99%,99%,99%,99%,99%,99%,99%,99%,99%,99%,99%,99%,99%,99%,99%,99%,99%,99%,99%,99%,99%,99%,99%,99%,99%,99%,99%,99%
Step Change,QLD,Motorcycle,FCEV,0%,0%,0%,0%,0%,0%,0%,0%,0%,0%,0%,0%,0%,0%,0%,0%,0%,0%,0%,0%,0%,0%,0%,0%,0%,0%,0%,0%,0%,0%,0%,0%,0%,0%,0%,0%,0%,0%,0%,0%,0%,0%,0%,0%,0%,0%,0%,0%,0%,0%,0%,0%,0%,0%,0%,0%,0%,0%,0%,0%,0%,0%,0%,0%,0%,0%,0%,0%,0%,0%,0%,0%,0%,0%,0%
Step Change,QLD,Motorcycle,Hybrid,0%,0%,0%,0%,0%,0%,0%,0%,0%,0%,0%,0%,0%,0%,0%,0%,0%,0%,0%,0%,0%,0%,0%,0%,0%,0%,0%,0%,0%,0%,0%,0%,0%,0%,0%,0%,0%,0%,0%,0%,0%,0%,0%,0%,0%,0%,0%,0%,0%,0%,0%,0%,0%,0%,0%,0%,0%,0%,0%,0%,0%,0%,0%,0%,0%,0%,0%,0%,0%,0%,0%,0%,0%,0%,0%
Step Change,QLD,Motorcycle,ICE,99%,99%,97%,95%,92%,90%,87%,84%,81%,79%,74%,70%,65%,61%,57%,52%,48%,44%,41%,37%,33%,29%,26%,22%,18%,15%,11%,8%,4%,1%,1%,1%,1%,1%,1%,1%,1%,1%,1%,1%,1%,1%,1%,1%,1%,1%,1%,1%,1%,1%,1%,1%,1%,1%,1%,1%,1%,1%,1%,1%,1%,1%,1%,1%,1%,1%,1%,1%,1%,1%,1%,1%,1%,1%,1%
Step Change,QLD,Motorcycle,PHEV,0%,0%,0%,0%,0%,0%,0%,0%,0%,0%,0%,0%,0%,0%,0%,0%,0%,0%,0%,0%,0%,0%,0%,0%,0%,0%,0%,0%,0%,0%,0%,0%,0%,0%,0%,0%,0%,0%,0%,0%,0%,0%,0%,0%,0%,0%,0%,0%,0%,0%,0%,0%,0%,0%,0%,0%,0%,0%,0%,0%,0%,0%,0%,0%,0%,0%,0%,0%,0%,0%,0%,0%,0%,0%,0%
Step Change,QLD,Rigid Truck,BEV,0%,0%,0%,0%,1%,1%,3%,4%,6%,9%,14%,20%,25%,30%,34%,39%,43%,47%,51%,55%,59%,62%,65%,69%,72%,75%,78%,80%,83%,86%,85%,85%,85%,85%,85%,85%,85%,85%,85%,85%,85%,85%,85%,85%,85%,85%,85%,85%,85%,85%,85%,85%,85%,85%,85%,85%,85%,85%,85%,85%,85%,85%,85%,85%,85%,85%,85%,85%,85%,85%,85%,85%,85%,85%,85%
Step Change,QLD,Rigid Truck,FCEV,0%,0%,0%,0%,0%,0%,0%,0%,0%,0%,1%,1%,1%,2%,2%,2%,2%,3%,3%,3%,3%,4%,4%,4%,4%,4%,5%,5%,5%,5%,5%,5%,5%,5%,5%,5%,5%,5%,5%,5%,5%,5%,5%,5%,5%,5%,5%,5%,5%,5%,5%,5%,5%,5%,5%,5%,5%,5%,5%,5%,5%,5%,5%,5%,5%,5%,5%,5%,5%,5%,5%,5%,5%,5%,5%
Step Change,QLD,Rigid Truck,Hybrid,0%,0%,0%,0%,0%,0%,0%,0%,0%,0%,0%,1%,1%,1%,2%,2%,2%,2%,3%,3%,3%,3%,4%,4%,4%,4%,4%,5%,5%,5%,5%,5%,5%,5%,5%,5%,5%,5%,5%,5%,5%,5%,5%,5%,5%,5%,5%,5%,5%,5%,5%,5%,5%,5%,5%,5%,5%,5%,5%,5%,5%,5%,5%,5%,5%,5%,5%,5%,5%,5%,5%,5%,5%,5%,5%
Step Change,QLD,Rigid Truck,ICE,100%,100%,100%,100%,99%,98%,97%,95%,93%,91%,84%,78%,72%,66%,61%,55%,50%,45%,41%,36%,32%,28%,24%,20%,16%,13%,9%,6%,3%,0%,0%,0%,0%,0%,0%,0%,0%,0%,0%,0%,0%,0%,0%,0%,0%,0%,0%,0%,0%,0%,0%,0%,0%,0%,0%,0%,0%,0%,0%,0%,0%,0%,0%,0%,0%,0%,0%,0%,0%,0%,0%,0%,0%,0%,0%
Step Change,QLD,Rigid Truck,PHEV,0%,0%,0%,0%,0%,0%,0%,0%,0%,0%,0%,1%,1%,1%,2%,2%,2%,2%,3%,3%,3%,3%,3%,4%,4%,4%,4%,4%,4%,4%,5%,5%,5%,5%,5%,5%,5%,5%,5%,5%,5%,5%,5%,5%,5%,5%,5%,5%,5%,5%,5%,5%,5%,5%,5%,5%,5%,5%,5%,5%,5%,5%,5%,5%,5%,5%,5%,5%,5%,5%,5%,5%,5%,5%,5%
Step Change,QLD,Small Light Commercial,BEV,1%,2%,4%,7%,10%,13%,16%,19%,22%,25%,30%,34%,39%,43%,48%,52%,56%,60%,64%,67%,71%,75%,78%,81%,85%,88%,91%,94%,97%,100%,100%,100%,100%,100%,100%,100%,100%,100%,100%,100%,100%,100%,100%,100%,100%,100%,100%,100%,100%,100%,100%,100%,100%,100%,100%,100%,100%,100%,100%,100%,100%,100%,100%,100%,100%,100%,100%,100%,100%,100%,100%,100%,100%,100%,100%
Step Change,QLD,Small Light Commercial,FCEV,0%,0%,0%,0%,0%,0%,0%,0%,0%,0%,0%,0%,0%,0%,0%,0%,0%,0%,0%,0%,0%,0%,0%,0%,0%,0%,0%,0%,0%,0%,0%,0%,0%,0%,0%,0%,0%,0%,0%,0%,0%,0%,0%,0%,0%,0%,0%,0%,0%,0%,0%,0%,0%,0%,0%,0%,0%,0%,0%,0%,0%,0%,0%,0%,0%,0%,0%,0%,0%,0%,0%,0%,0%,0%,0%
Step Change,QLD,Small Light Commercial,Hybrid,0%,0%,0%,0%,0%,0%,0%,0%,0%,0%,0%,0%,0%,0%,0%,0%,0%,0%,0%,0%,0%,0%,0%,0%,0%,0%,0%,0%,0%,0%,0%,0%,0%,0%,0%,0%,0%,0%,0%,0%,0%,0%,0%,0%,0%,0%,0%,0%,0%,0%,0%,0%,0%,0%,0%,0%,0%,0%,0%,0%,0%,0%,0%,0%,0%,0%,0%,0%,0%,0%,0%,0%,0%,0%,0%
Step Change,QLD,Small Light Commercial,ICE,98%,97%,95%,93%,90%,87%,83%,80%,77%,74%,69%,65%,60%,56%,52%,48%,44%,40%,36%,32%,29%,25%,22%,18%,15%,12%,9%,6%,3%,0%,0%,0%,0%,0%,0%,0%,0%,0%,0%,0%,0%,0%,0%,0%,0%,0%,0%,0%,0%,0%,0%,0%,0%,0%,0%,0%,0%,0%,0%,0%,0%,0%,0%,0%,0%,0%,0%,0%,0%,0%,0%,0%,0%,0%,0%
Step Change,QLD,Small Light Commercial,PHEV,0%,1%,1%,1%,1%,1%,1%,1%,1%,1%,1%,1%,1%,1%,1%,1%,1%,1%,1%,0%,0%,0%,0%,0%,0%,0%,0%,0%,0%,0%,0%,0%,0%,0%,0%,0%,0%,0%,0%,0%,0%,0%,0%,0%,0%,0%,0%,0%,0%,0%,0%,0%,0%,0%,0%,0%,0%,0%,0%,0%,0%,0%,0%,0%,0%,0%,0%,0%,0%,0%,0%,0%,0%,0%,0%
Step Change,QLD,Small Residential,BEV,6%,9%,12%,14%,18%,21%,24%,27%,30%,33%,37%,40%,44%,48%,51%,55%,58%,62%,65%,68%,71%,74%,78%,81%,84%,87%,90%,93%,96%,99%,99%,99%,99%,99%,99%,99%,99%,99%,99%,99%,99%,99%,99%,99%,99%,99%,99%,99%,99%,99%,99%,99%,99%,99%,99%,99%,99%,99%,99%,99%,99%,99%,99%,99%,99%,99%,99%,99%,99%,99%,99%,99%,99%,99%,99%
Step Change,QLD,Small Residential,FCEV,0%,0%,0%,0%,0%,0%,0%,0%,0%,0%,0%,0%,0%,0%,0%,0%,0%,0%,0%,0%,0%,0%,0%,0%,0%,0%,0%,0%,0%,0%,0%,0%,0%,0%,0%,0%,0%,0%,0%,0%,0%,0%,0%,0%,0%,0%,0%,0%,0%,0%,0%,0%,0%,0%,0%,0%,0%,0%,0%,0%,0%,0%,0%,0%,0%,0%,0%,0%,0%,0%,0%,0%,0%,0%,0%
Step Change,QLD,Small Residential,Hybrid,0%,0%,0%,0%,0%,0%,0%,0%,0%,0%,0%,0%,0%,0%,0%,0%,0%,0%,0%,0%,0%,0%,0%,0%,0%,0%,0%,0%,0%,0%,0%,0%,0%,0%,0%,0%,0%,0%,0%,0%,0%,0%,0%,0%,0%,0%,0%,0%,0%,0%,0%,0%,0%,0%,0%,0%,0%,0%,0%,0%,0%,0%,0%,0%,0%,0%,0%,0%,0%,0%,0%,0%,0%,0%,0%
Step Change,QLD,Small Residential,ICE,91%,88%,85%,82%,79%,76%,73%,70%,67%,64%,61%,57%,53%,50%,46%,43%,40%,37%,33%,30%,27%,24%,21%,18%,15%,12%,9%,6%,3%,0%,0%,0%,0%,0%,0%,0%,0%,0%,0%,0%,0%,0%,0%,0%,0%,0%,0%,0%,0%,0%,0%,0%,0%,0%,0%,0%,0%,0%,0%,0%,0%,0%,0%,0%,0%,0%,0%,0%,0%,0%,0%,0%,0%,0%,0%
Step Change,QLD,Small Residential,PHEV,2%,3%,3%,4%,3%,3%,3%,3%,3%,3%,3%,3%,3%,2%,2%,2%,2%,2%,2%,2%,2%,2%,2%,1%,1%,1%,1%,1%,1%,1%,1%,1%,1%,1%,1%,1%,1%,1%,1%,1%,1%,1%,1%,1%,1%,1%,1%,1%,1%,1%,1%,1%,1%,1%,1%,1%,1%,1%,1%,1%,1%,1%,1%,1%,1%,1%,1%,1%,1%,1%,1%,1%,1%,1%,1%
Step Change,SA,Articulated Truck,BEV,0%,0%,0%,0%,1%,2%,3%,5%,7%,9%,14%,20%,25%,30%,34%,39%,43%,47%,51%,54%,58%,61%,64%,67%,70%,73%,76%,78%,81%,83%,83%,83%,83%,83%,83%,83%,83%,83%,83%,83%,83%,83%,83%,83%,83%,83%,83%,83%,83%,83%,83%,83%,83%,83%,83%,83%,83%,83%,83%,83%,83%,83%,83%,83%,83%,83%,83%,83%,83%,83%,83%,83%,83%,83%,83%
Step Change,SA,Articulated Truck,FCEV,0%,0%,0%,0%,0%,0%,0%,0%,0%,0%,1%,1%,1%,2%,2%,2%,3%,3%,3%,3%,3%,4%,4%,4%,4%,4%,5%,5%,5%,5%,5%,5%,5%,5%,5%,5%,5%,5%,5%,5%,5%,5%,5%,5%,5%,5%,5%,5%,5%,5%,5%,5%,5%,5%,5%,5%,5%,5%,5%,5%,5%,5%,5%,5%,5%,5%,5%,5%,5%,5%,5%,5%,5%,5%,5%
Step Change,SA,Articulated Truck,Hybrid,0%,0%,0%,0%,0%,0%,0%,0%,0%,0%,0%,0%,0%,0%,0%,0%,0%,0%,0%,0%,0%,0%,0%,0%,0%,0%,0%,0%,0%,0%,0%,0%,0%,0%,0%,0%,0%,0%,0%,0%,0%,0%,0%,0%,0%,0%,0%,0%,0%,0%,0%,0%,0%,0%,0%,0%,0%,0%,0%,0%,0%,0%,0%,0%,0%,0%,0%,0%,0%,0%,0%,0%,0%,0%,0%
Step Change,SA,Articulated Truck,ICE,100%,100%,100%,100%,99%,98%,97%,95%,93%,91%,85%,79%,73%,68%,63%,58%,54%,49%,45%,41%,37%,34%,30%,27%,24%,21%,18%,15%,12%,10%,10%,10%,10%,10%,10%,10%,10%,10%,10%,10%,10%,10%,10%,10%,10%,10%,10%,10%,10%,10%,10%,10%,10%,10%,10%,10%,10%,10%,10%,10%,10%,10%,10%,10%,10%,10%,10%,10%,10%,10%,10%,10%,10%,10%,10%
Step Change,SA,Articulated Truck,PHEV,0%,0%,0%,0%,0%,0%,0%,0%,0%,0%,0%,0%,0%,1%,1%,1%,1%,1%,1%,1%,1%,1%,1%,2%,2%,2%,2%,2%,2%,2%,2%,2%,2%,2%,2%,2%,2%,2%,2%,2%,2%,2%,2%,2%,2%,2%,2%,2%,2%,2%,2%,2%,2%,2%,2%,2%,2%,2%,2%,2%,2%,2%,2%,2%,2%,2%,2%,2%,2%,2%,2%,2%,2%,2%,2%
Step Change,SA,Bus,BEV,1%,0%,1%,1%,2%,3%,4%,5%,7%,9%,14%,19%,23%,28%,32%,36%,40%,44%,48%,52%,56%,60%,63%,67%,71%,74%,78%,82%,85%,89%,88%,88%,88%,88%,88%,88%,88%,88%,88%,88%,88%,88%,88%,88%,88%,88%,88%,88%,88%,88%,88%,88%,88%,88%,88%,88%,88%,88%,88%,88%,88%,88%,88%,88%,88%,88%,88%,88%,88%,88%,88%,88%,88%,88%,88%
Step Change,SA,Bus,FCEV,0%,0%,0%,0%,0%,0%,0%,0%,0%,1%,1%,1%,1%,2%,2%,2%,2%,3%,3%,3%,3%,3%,4%,4%,4%,4%,4%,5%,5%,5%,5%,5%,5%,5%,5%,5%,5%,5%,5%,5%,5%,5%,5%,5%,5%,5%,5%,5%,5%,5%,5%,5%,5%,5%,5%,5%,5%,5%,5%,5%,5%,5%,5%,5%,5%,5%,5%,5%,5%,5%,5%,5%,5%,5%,5%
Step Change,SA,Bus,Hybrid,0%,0%,0%,0%,0%,0%,0%,0%,0%,0%,0%,0%,0%,0%,1%,1%,1%,1%,1%,1%,1%,1%,1%,1%,2%,2%,2%,2%,2%,2%,2%,2%,2%,2%,2%,2%,2%,2%,2%,2%,2%,2%,2%,2%,2%,2%,2%,2%,2%,2%,2%,2%,2%,2%,2%,2%,2%,2%,2%,2%,2%,2%,2%,2%,2%,2%,2%,2%,2%,2%,2%,2%,2%,2%,2%
Step Change,SA,Bus,ICE,99%,100%,99%,99%,98%,97%,96%,94%,92%,90%,85%,80%,74%,69%,65%,60%,55%,50%,46%,41%,37%,33%,28%,24%,20%,16%,12%,8%,4%,0%,0%,0%,0%,0%,0%,0%,0%,0%,0%,0%,0%,0%,0%,0%,0%,0%,0%,0%,0%,0%,0%,0%,0%,0%,0%,0%,0%,0%,0%,0%,0%,0%,0%,0%,0%,0%,0%,0%,0%,0%,0%,0%,0%,0%,0%
Step Change,SA,Bus,PHEV,0%,0%,0%,0%,0%,0%,0%,0%,0%,0%,0%,1%,1%,1%,1%,2%,2%,2%,2%,2%,3%,3%,3%,3%,4%,4%,4%,4%,4%,4%,5%,5%,5%,5%,5%,5%,5%,5%,5%,5%,5%,5%,5%,5%,5%,5%,5%,5%,5%,5%,5%,5%,5%,5%,5%,5%,5%,5%,5%,5%,5%,5%,5%,5%,5%,5%,5%,5%,5%,5%,5%,5%,5%,5%,5%
Step Change,SA,Large Light Commercial,BEV,0%,0%,0%,1%,1%,2%,3%,5%,7%,9%,15%,20%,25%,30%,35%,39%,44%,48%,52%,56%,61%,64%,68%,72%,76%,79%,83%,86%,89%,92%,92%,92%,92%,92%,92%,92%,92%,92%,92%,92%,92%,92%,92%,92%,92%,92%,92%,92%,92%,92%,92%,92%,92%,92%,92%,92%,92%,92%,92%,92%,92%,92%,92%,92%,92%,92%,92%,92%,92%,92%,92%,92%,92%,92%,92%
Step Change,SA,Large Light Commercial,FCEV,0%,0%,0%,0%,0%,0%,0%,0%,0%,0%,0%,0%,0%,0%,0%,0%,0%,0%,0%,0%,0%,0%,0%,0%,0%,0%,0%,0%,0%,0%,0%,0%,0%,0%,0%,0%,0%,0%,0%,0%,0%,0%,0%,0%,0%,0%,0%,0%,0%,0%,0%,0%,0%,0%,0%,0%,0%,0%,0%,0%,0%,0%,0%,0%,0%,0%,0%,0%,0%,0%,0%,0%,0%,0%,0%
Step Change,SA,Large Light Commercial,Hybrid,1%,1%,1%,1%,2%,2%,2%,2%,2%,2%,2%,2%,2%,2%,2%,2%,2%,2%,2%,1%,1%,1%,1%,1%,1%,1%,1%,1%,1%,1%,1%,1%,1%,1%,1%,1%,1%,1%,1%,1%,1%,1%,1%,1%,1%,1%,1%,1%,1%,1%,1%,1%,1%,1%,1%,1%,1%,1%,1%,1%,1%,1%,1%,1%,1%,1%,1%,1%,1%,1%,1%,1%,1%,1%,1%
Step Change,SA,Large Light Commercial,ICE,99%,99%,98%,97%,96%,95%,93%,91%,88%,85%,80%,74%,69%,64%,59%,55%,50%,46%,41%,37%,33%,29%,25%,21%,17%,14%,10%,7%,3%,0%,0%,0%,0%,0%,0%,0%,0%,0%,0%,0%,0%,0%,0%,0%,0%,0%,0%,0%,0%,0%,0%,0%,0%,0%,0%,0%,0%,0%,0%,0%,0%,0%,0%,0%,0%,0%,0%,0%,0%,0%,0%,0%,0%,0%,0%
Step Change,SA,Large Light Commercial,PHEV,0%,0%,0%,1%,1%,2%,2%,3%,3%,3%,3%,4%,4%,4%,4%,4%,5%,5%,5%,5%,5%,5%,6%,6%,6%,6%,6%,6%,6%,7%,7%,7%,7%,7%,7%,7%,7%,7%,7%,7%,7%,7%,7%,7%,7%,7%,7%,7%,7%,7%,7%,7%,7%,7%,7%,7%,7%,7%,7%,7%,7%,7%,7%,7%,7%,7%,7%,7%,7%,7%,7%,7%,7%,7%,7%
Step Change,SA,Large Residential,BEV,1%,1%,2%,3%,4%,5%,7%,8%,10%,12%,17%,21%,26%,30%,34%,38%,42%,46%,50%,54%,58%,62%,66%,70%,74%,78%,81%,85%,89%,92%,93%,93%,93%,93%,93%,93%,93%,93%,93%,93%,93%,93%,93%,93%,93%,93%,93%,93%,93%,93%,93%,93%,93%,93%,93%,93%,93%,93%,93%,93%,93%,93%,93%,93%,93%,93%,93%,93%,93%,93%,93%,93%,93%,93%,93%
Step Change,SA,Large Residential,FCEV,0%,0%,0%,0%,0%,0%,0%,0%,0%,0%,0%,0%,0%,0%,0%,0%,0%,0%,0%,0%,0%,0%,0%,0%,0%,0%,0%,0%,0%,0%,0%,0%,0%,0%,0%,0%,0%,0%,0%,0%,0%,0%,0%,0%,0%,0%,0%,0%,0%,0%,0%,0%,0%,0%,0%,0%,0%,0%,0%,0%,0%,0%,0%,0%,0%,0%,0%,0%,0%,0%,0%,0%,0%,0%,0%
Step Change,SA,Large Residential,Hybrid,7%,8%,9%,9%,10%,10%,10%,10%,9%,9%,9%,8%,8%,7%,7%,6%,6%,6%,5%,5%,4%,4%,4%,3%,3%,2%,2%,2%,1%,1%,1%,1%,1%,1%,1%,1%,1%,1%,1%,1%,1%,1%,1%,1%,1%,1%,1%,1%,1%,1%,1%,1%,1%,1%,1%,1%,1%,1%,1%,1%,1%,1%,1%,1%,1%,1%,1%,1%,1%,1%,1%,1%,1%,1%,1%
Step Change,SA,Large Residential,ICE,92%,90%,88%,85%,82%,79%,77%,74%,72%,69%,65%,62%,58%,54%,51%,47%,44%,40%,37%,33%,30%,26%,23%,20%,16%,13%,10%,6%,3%,0%,0%,0%,0%,0%,0%,0%,0%,0%,0%,0%,0%,0%,0%,0%,0%,0%,0%,0%,0%,0%,0%,0%,0%,0%,0%,0%,0%,0%,0%,0%,0%,0%,0%,0%,0%,0%,0%,0%,0%,0%,0%,0%,0%,0%,0%
Step Change,SA,Large Residential,PHEV,0%,1%,2%,3%,5%,6%,7%,8%,9%,9%,9%,9%,9%,9%,9%,8%,8%,8%,8%,8%,8%,8%,7%,7%,7%,7%,7%,7%,7%,6%,7%,7%,7%,7%,7%,7%,7%,7%,7%,7%,7%,7%,7%,7%,7%,7%,7%,7%,7%,7%,7%,7%,7%,7%,7%,7%,7%,7%,7%,7%,7%,7%,7%,7%,7%,7%,7%,7%,7%,7%,7%,7%,7%,7%,7%
Step Change,SA,Medium Light Commercial,BEV,0%,1%,1%,2%,3%,4%,5%,7%,9%,12%,17%,22%,27%,32%,37%,42%,46%,51%,55%,59%,63%,67%,71%,75%,78%,82%,86%,89%,92%,96%,95%,95%,95%,95%,95%,95%,95%,95%,95%,95%,95%,95%,95%,95%,95%,95%,95%,95%,95%,95%,95%,95%,95%,95%,95%,95%,95%,95%,95%,95%,95%,95%,95%,95%,95%,95%,95%,95%,95%,95%,95%,95%,95%,95%,95%
Step Change,SA,Medium Light Commercial,FCEV,0%,0%,0%,0%,0%,0%,0%,0%,0%,0%,0%,0%,0%,0%,0%,0%,0%,0%,0%,0%,0%,0%,0%,0%,0%,0%,0%,0%,0%,0%,0%,0%,0%,0%,0%,0%,0%,0%,0%,0%,0%,0%,0%,0%,0%,0%,0%,0%,0%,0%,0%,0%,0%,0%,0%,0%,0%,0%,0%,0%,0%,0%,0%,0%,0%,0%,0%,0%,0%,0%,0%,0%,0%,0%,0%
Step Change,SA,Medium Light Commercial,Hybrid,1%,1%,1%,1%,2%,2%,2%,2%,2%,2%,2%,2%,2%,2%,2%,2%,2%,2%,1%,1%,1%,1%,1%,1%,1%,1%,1%,1%,1%,1%,1%,1%,1%,1%,1%,1%,1%,1%,1%,1%,1%,1%,1%,1%,1%,1%,1%,1%,1%,1%,1%,1%,1%,1%,1%,1%,1%,1%,1%,1%,1%,1%,1%,1%,1%,1%,1%,1%,1%,1%,1%,1%,1%,1%,1%
Step Change,SA,Medium Light Commercial,ICE,99%,98%,97%,95%,93%,90%,88%,85%,82%,80%,74%,70%,65%,60%,55%,51%,47%,43%,38%,35%,31%,27%,23%,20%,16%,13%,9%,6%,3%,0%,0%,0%,0%,0%,0%,0%,0%,0%,0%,0%,0%,0%,0%,0%,0%,0%,0%,0%,0%,0%,0%,0%,0%,0%,0%,0%,0%,0%,0%,0%,0%,0%,0%,0%,0%,0%,0%,0%,0%,0%,0%,0%,0%,0%,0%
Step Change,SA,Medium Light Commercial,PHEV,0%,1%,1%,2%,3%,4%,5%,6%,6%,7%,6%,6%,6%,6%,6%,6%,5%,5%,5%,5%,5%,5%,4%,4%,4%,4%,4%,4%,4%,3%,4%,4%,4%,4%,4%,4%,4%,4%,4%,4%,4%,4%,4%,4%,4%,4%,4%,4%,4%,4%,4%,4%,4%,4%,4%,4%,4%,4%,4%,4%,4%,4%,4%,4%,4%,4%,4%,4%,4%,4%,4%,4%,4%,4%,4%
Step Change,SA,Medium Residential,BEV,2%,3%,4%,5%,6%,7%,9%,11%,13%,15%,20%,24%,28%,33%,37%,41%,45%,49%,53%,57%,61%,65%,69%,73%,77%,80%,84%,88%,92%,95%,95%,95%,95%,95%,95%,95%,95%,95%,95%,95%,95%,95%,95%,95%,95%,95%,95%,95%,95%,95%,95%,95%,95%,95%,95%,95%,95%,95%,95%,95%,95%,95%,95%,95%,95%,95%,95%,95%,95%,95%,95%,95%,95%,95%,95%
Step Change,SA,Medium Residential,FCEV,0%,0%,0%,0%,0%,0%,0%,0%,0%,0%,0%,0%,0%,0%,0%,0%,0%,0%,0%,0%,0%,0%,0%,0%,0%,0%,0%,0%,0%,0%,0%,0%,0%,0%,0%,0%,0%,0%,0%,0%,0%,0%,0%,0%,0%,0%,0%,0%,0%,0%,0%,0%,0%,0%,0%,0%,0%,0%,0%,0%,0%,0%,0%,0%,0%,0%,0%,0%,0%,0%,0%,0%,0%,0%,0%
Step Change,SA,Medium Residential,Hybrid,7%,8%,9%,9%,9%,9%,9%,8%,8%,8%,8%,7%,7%,6%,6%,6%,5%,5%,5%,4%,4%,4%,3%,3%,3%,2%,2%,2%,1%,1%,1%,1%,1%,1%,1%,1%,1%,1%,1%,1%,1%,1%,1%,1%,1%,1%,1%,1%,1%,1%,1%,1%,1%,1%,1%,1%,1%,1%,1%,1%,1%,1%,1%,1%,1%,1%,1%,1%,1%,1%,1%,1%,1%,1%,1%
Step Change,SA,Medium Residential,ICE,90%,88%,85%,82%,79%,76%,74%,71%,68%,66%,62%,59%,55%,52%,48%,45%,41%,38%,35%,32%,28%,25%,22%,19%,15%,12%,9%,6%,3%,0%,0%,0%,0%,0%,0%,0%,0%,0%,0%,0%,0%,0%,0%,0%,0%,0%,0%,0%,0%,0%,0%,0%,0%,0%,0%,0%,0%,0%,0%,0%,0%,0%,0%,0%,0%,0%,0%,0%,0%,0%,0%,0%,0%,0%,0%
Step Change,SA,Medium Residential,PHEV,1%,2%,3%,4%,6%,8%,9%,10%,11%,11%,11%,10%,10%,9%,9%,9%,8%,8%,7%,7%,7%,6%,6%,6%,5%,5%,5%,4%,4%,4%,4%,4%,4%,4%,4%,4%,4%,4%,4%,4%,4%,4%,4%,4%,4%,4%,4%,4%,4%,4%,4%,4%,4%,4%,4%,4%,4%,4%,4%,4%,4%,4%,4%,4%,4%,4%,4%,4%,4%,4%,4%,4%,4%,4%,4%
Step Change,SA,Motorcycle,BEV,1%,1%,3%,5%,7%,10%,13%,16%,18%,21%,25%,30%,34%,38%,42%,46%,50%,54%,58%,62%,66%,69%,73%,77%,80%,84%,87%,91%,94%,97%,98%,98%,98%,98%,98%,98%,98%,98%,98%,98%,98%,98%,98%,98%,98%,98%,98%,98%,98%,98%,98%,98%,98%,98%,98%,98%,98%,98%,98%,98%,98%,98%,98%,98%,98%,98%,98%,98%,98%,98%,98%,98%,98%,98%,98%
Step Change,SA,Motorcycle,FCEV,0%,0%,0%,0%,0%,0%,0%,0%,0%,0%,0%,0%,0%,0%,0%,0%,0%,0%,0%,0%,0%,0%,0%,0%,0%,0%,0%,0%,0%,0%,0%,0%,0%,0%,0%,0%,0%,0%,0%,0%,0%,0%,0%,0%,0%,0%,0%,0%,0%,0%,0%,0%,0%,0%,0%,0%,0%,0%,0%,0%,0%,0%,0%,0%,0%,0%,0%,0%,0%,0%,0%,0%,0%,0%,0%
Step Change,SA,Motorcycle,Hybrid,0%,0%,0%,0%,0%,0%,0%,0%,0%,0%,0%,0%,0%,0%,0%,0%,0%,0%,0%,0%,0%,0%,0%,0%,0%,0%,0%,0%,0%,0%,0%,0%,0%,0%,0%,0%,0%,0%,0%,0%,0%,0%,0%,0%,0%,0%,0%,0%,0%,0%,0%,0%,0%,0%,0%,0%,0%,0%,0%,0%,0%,0%,0%,0%,0%,0%,0%,0%,0%,0%,0%,0%,0%,0%,0%
Step Change,SA,Motorcycle,ICE,99%,99%,97%,95%,93%,90%,87%,84%,82%,79%,74%,70%,66%,62%,57%,53%,49%,45%,41%,37%,34%,30%,26%,22%,18%,15%,11%,8%,4%,1%,1%,1%,1%,1%,1%,1%,1%,1%,1%,1%,1%,1%,1%,1%,1%,1%,1%,1%,1%,1%,1%,1%,1%,1%,1%,1%,1%,1%,1%,1%,1%,1%,1%,1%,1%,1%,1%,1%,1%,1%,1%,1%,1%,1%,1%
Step Change,SA,Motorcycle,PHEV,0%,0%,0%,0%,0%,0%,0%,0%,0%,0%,0%,0%,0%,0%,0%,0%,1%,1%,1%,1%,1%,1%,1%,1%,1%,1%,1%,1%,1%,1%,1%,1%,1%,1%,1%,1%,1%,1%,1%,1%,1%,1%,1%,1%,1%,1%,1%,1%,1%,1%,1%,1%,1%,1%,1%,1%,1%,1%,1%,1%,1%,1%,1%,1%,1%,1%,1%,1%,1%,1%,1%,1%,1%,1%,1%
Step Change,SA,Rigid Truck,BEV,0%,0%,0%,0%,0%,1%,2%,4%,6%,8%,14%,19%,24%,30%,34%,39%,43%,47%,51%,55%,59%,62%,66%,69%,72%,75%,78%,81%,83%,85%,86%,86%,86%,86%,86%,86%,86%,86%,86%,86%,86%,86%,86%,86%,86%,86%,86%,86%,86%,86%,86%,86%,86%,86%,86%,86%,86%,86%,86%,86%,86%,86%,86%,86%,86%,86%,86%,86%,86%,86%,86%,86%,86%,86%,86%
Step Change,SA,Rigid Truck,FCEV,0%,0%,0%,0%,0%,0%,0%,0%,0%,0%,1%,1%,1%,2%,2%,2%,3%,3%,3%,3%,3%,4%,4%,4%,4%,4%,5%,5%,5%,5%,5%,5%,5%,5%,5%,5%,5%,5%,5%,5%,5%,5%,5%,5%,5%,5%,5%,5%,5%,5%,5%,5%,5%,5%,5%,5%,5%,5%,5%,5%,5%,5%,5%,5%,5%,5%,5%,5%,5%,5%,5%,5%,5%,5%,5%
Step Change,SA,Rigid Truck,Hybrid,0%,0%,0%,0%,0%,0%,0%,0%,0%,0%,0%,1%,1%,1%,2%,2%,2%,3%,3%,3%,3%,4%,4%,4%,4%,4%,5%,5%,5%,5%,5%,5%,5%,5%,5%,5%,5%,5%,5%,5%,5%,5%,5%,5%,5%,5%,5%,5%,5%,5%,5%,5%,5%,5%,5%,5%,5%,5%,5%,5%,5%,5%,5%,5%,5%,5%,5%,5%,5%,5%,5%,5%,5%,5%,5%
Step Change,SA,Rigid Truck,ICE,100%,100%,100%,100%,100%,99%,98%,96%,94%,92%,85%,78%,72%,66%,60%,55%,50%,45%,40%,36%,31%,27%,23%,19%,16%,12%,9%,6%,3%,0%,0%,0%,0%,0%,0%,0%,0%,0%,0%,0%,0%,0%,0%,0%,0%,0%,0%,0%,0%,0%,0%,0%,0%,0%,0%,0%,0%,0%,0%,0%,0%,0%,0%,0%,0%,0%,0%,0%,0%,0%,0%,0%,0%,0%,0%
Step Change,SA,Rigid Truck,PHEV,0%,0%,0%,0%,0%,0%,0%,0%,0%,0%,0%,1%,1%,1%,2%,2%,2%,2%,3%,3%,3%,3%,3%,4%,4%,4%,4%,4%,4%,5%,5%,5%,5%,5%,5%,5%,5%,5%,5%,5%,5%,5%,5%,5%,5%,5%,5%,5%,5%,5%,5%,5%,5%,5%,5%,5%,5%,5%,5%,5%,5%,5%,5%,5%,5%,5%,5%,5%,5%,5%,5%,5%,5%,5%,5%
Step Change,SA,Small Light Commercial,BEV,1%,2%,3%,4%,5%,6%,8%,10%,12%,15%,20%,25%,30%,35%,40%,45%,49%,53%,58%,62%,66%,70%,73%,77%,81%,84%,88%,91%,94%,98%,98%,98%,98%,98%,98%,98%,98%,98%,98%,98%,98%,98%,98%,98%,98%,98%,98%,98%,98%,98%,98%,98%,98%,98%,98%,98%,98%,98%,98%,98%,98%,98%,98%,98%,98%,98%,98%,98%,98%,98%,98%,98%,98%,98%,98%
Step Change,SA,Small Light Commercial,FCEV,0%,0%,0%,0%,0%,0%,0%,0%,0%,0%,0%,0%,0%,0%,0%,0%,0%,0%,0%,0%,0%,0%,0%,0%,0%,0%,0%,0%,0%,0%,0%,0%,0%,0%,0%,0%,0%,0%,0%,0%,0%,0%,0%,0%,0%,0%,0%,0%,0%,0%,0%,0%,0%,0%,0%,0%,0%,0%,0%,0%,0%,0%,0%,0%,0%,0%,0%,0%,0%,0%,0%,0%,0%,0%,0%
Step Change,SA,Small Light Commercial,Hybrid,0%,0%,0%,0%,0%,0%,0%,0%,0%,0%,0%,0%,0%,0%,0%,0%,0%,0%,1%,1%,1%,1%,1%,1%,1%,1%,1%,1%,1%,1%,1%,1%,1%,1%,1%,1%,1%,1%,1%,1%,1%,1%,1%,1%,1%,1%,1%,1%,1%,1%,1%,1%,1%,1%,1%,1%,1%,1%,1%,1%,1%,1%,1%,1%,1%,1%,1%,1%,1%,1%,1%,1%,1%,1%,1%
Step Change,SA,Small Light Commercial,ICE,98%,97%,95%,93%,90%,87%,84%,81%,78%,75%,70%,66%,61%,57%,52%,48%,44%,40%,36%,33%,29%,25%,22%,19%,15%,12%,9%,6%,3%,0%,0%,0%,0%,0%,0%,0%,0%,0%,0%,0%,0%,0%,0%,0%,0%,0%,0%,0%,0%,0%,0%,0%,0%,0%,0%,0%,0%,0%,0%,0%,0%,0%,0%,0%,0%,0%,0%,0%,0%,0%,0%,0%,0%,0%,0%
Step Change,SA,Small Light Commercial,PHEV,1%,1%,2%,4%,5%,7%,8%,9%,9%,10%,9%,9%,8%,8%,7%,7%,6%,6%,6%,5%,5%,4%,4%,4%,3%,3%,3%,2%,2%,2%,1%,1%,1%,1%,1%,1%,1%,1%,1%,1%,1%,1%,1%,1%,1%,1%,1%,1%,1%,1%,1%,1%,1%,1%,1%,1%,1%,1%,1%,1%,1%,1%,1%,1%,1%,1%,1%,1%,1%,1%,1%,1%,1%,1%,1%
Step Change,SA,Small Residential,BEV,5%,6%,7%,7%,7%,8%,9%,11%,12%,14%,19%,23%,28%,32%,37%,41%,45%,50%,54%,58%,62%,66%,70%,74%,78%,82%,86%,90%,94%,97%,97%,97%,97%,97%,97%,97%,97%,97%,97%,97%,97%,97%,97%,97%,97%,97%,97%,97%,97%,97%,97%,97%,97%,97%,97%,97%,97%,97%,97%,97%,97%,97%,97%,97%,97%,97%,97%,97%,97%,97%,97%,97%,97%,97%,97%
Step Change,SA,Small Residential,FCEV,0%,0%,0%,0%,0%,0%,0%,0%,0%,0%,0%,0%,0%,0%,0%,0%,0%,0%,0%,0%,0%,0%,0%,0%,0%,0%,0%,0%,0%,0%,0%,0%,0%,0%,0%,0%,0%,0%,0%,0%,0%,0%,0%,0%,0%,0%,0%,0%,0%,0%,0%,0%,0%,0%,0%,0%,0%,0%,0%,0%,0%,0%,0%,0%,0%,0%,0%,0%,0%,0%,0%,0%,0%,0%,0%
Step Change,SA,Small Residential,Hybrid,0%,0%,0%,0%,0%,0%,0%,0%,0%,0%,0%,0%,0%,0%,0%,0%,0%,0%,0%,1%,1%,1%,1%,1%,1%,1%,1%,1%,1%,1%,1%,1%,1%,1%,1%,1%,1%,1%,1%,1%,1%,1%,1%,1%,1%,1%,1%,1%,1%,1%,1%,1%,1%,1%,1%,1%,1%,1%,1%,1%,1%,1%,1%,1%,1%,1%,1%,1%,1%,1%,1%,1%,1%,1%,1%
Step Change,SA,Small Residential,ICE,94%,91%,89%,87%,85%,82%,80%,78%,75%,73%,69%,65%,61%,57%,53%,49%,45%,42%,38%,35%,31%,27%,24%,20%,17%,13%,10%,7%,3%,0%,0%,0%,0%,0%,0%,0%,0%,0%,0%,0%,0%,0%,0%,0%,0%,0%,0%,0%,0%,0%,0%,0%,0%,0%,0%,0%,0%,0%,0%,0%,0%,0%,0%,0%,0%,0%,0%,0%,0%,0%,0%,0%,0%,0%,0%
Step Change,SA,Small Residential,PHEV,2%,3%,4%,6%,8%,10%,11%,12%,13%,13%,12%,12%,11%,11%,10%,9%,9%,8%,8%,7%,6%,6%,5%,5%,4%,4%,3%,3%,2%,2%,2%,2%,2%,2%,2%,2%,2%,2%,2%,2%,2%,2%,2%,2%,2%,2%,2%,2%,2%,2%,2%,2%,2%,2%,2%,2%,2%,2%,2%,2%,2%,2%,2%,2%,2%,2%,2%,2%,2%,2%,2%,2%,2%,2%,2%
Step Change,TAS,Articulated Truck,BEV,0%,0%,1%,5%,9%,13%,17%,21%,25%,28%,32%,36%,40%,43%,47%,50%,53%,56%,59%,62%,65%,67%,69%,72%,74%,76%,78%,80%,81%,83%,83%,83%,83%,83%,83%,83%,83%,83%,83%,83%,83%,83%,83%,83%,83%,83%,83%,83%,83%,83%,83%,83%,83%,83%,83%,83%,83%,83%,83%,83%,83%,83%,83%,83%,83%,83%,83%,83%,83%,83%,83%,83%,83%,83%,83%
Step Change,TAS,Articulated Truck,FCEV,0%,0%,0%,0%,0%,0%,0%,0%,0%,0%,1%,1%,1%,2%,2%,2%,2%,3%,3%,3%,3%,4%,4%,4%,4%,4%,5%,5%,5%,5%,5%,5%,5%,5%,5%,5%,5%,5%,5%,5%,5%,5%,5%,5%,5%,5%,5%,5%,5%,5%,5%,5%,5%,5%,5%,5%,5%,5%,5%,5%,5%,5%,5%,5%,5%,5%,5%,5%,5%,5%,5%,5%,5%,5%,5%
Step Change,TAS,Articulated Truck,Hybrid,0%,0%,0%,0%,0%,0%,0%,0%,0%,0%,0%,0%,0%,0%,0%,0%,0%,0%,0%,0%,0%,0%,0%,0%,0%,0%,0%,0%,0%,0%,0%,0%,0%,0%,0%,0%,0%,0%,0%,0%,0%,0%,0%,0%,0%,0%,0%,0%,0%,0%,0%,0%,0%,0%,0%,0%,0%,0%,0%,0%,0%,0%,0%,0%,0%,0%,0%,0%,0%,0%,0%,0%,0%,0%,0%
Step Change,TAS,Articulated Truck,ICE,100%,100%,99%,95%,91%,87%,83%,79%,75%,72%,67%,63%,58%,54%,50%,47%,43%,40%,37%,34%,31%,28%,25%,23%,20%,18%,16%,14%,12%,10%,10%,10%,10%,10%,10%,10%,10%,10%,10%,10%,10%,10%,10%,10%,10%,10%,10%,10%,10%,10%,10%,10%,10%,10%,10%,10%,10%,10%,10%,10%,10%,10%,10%,10%,10%,10%,10%,10%,10%,10%,10%,10%,10%,10%,10%
Step Change,TAS,Articulated Truck,PHEV,0%,0%,0%,0%,0%,0%,0%,0%,0%,0%,0%,0%,0%,1%,1%,1%,1%,1%,1%,1%,1%,1%,2%,2%,2%,2%,2%,2%,2%,2%,2%,2%,2%,2%,2%,2%,2%,2%,2%,2%,2%,2%,2%,2%,2%,2%,2%,2%,2%,2%,2%,2%,2%,2%,2%,2%,2%,2%,2%,2%,2%,2%,2%,2%,2%,2%,2%,2%,2%,2%,2%,2%,2%,2%,2%
Step Change,TAS,Bus,BEV,1%,1%,3%,4%,7%,9%,11%,13%,15%,17%,21%,26%,30%,34%,37%,41%,45%,49%,52%,56%,59%,63%,66%,69%,73%,76%,79%,82%,85%,88%,88%,88%,88%,88%,88%,88%,88%,88%,88%,88%,88%,88%,88%,88%,88%,88%,88%,88%,88%,88%,88%,88%,88%,88%,88%,88%,88%,88%,88%,88%,88%,88%,88%,88%,88%,88%,88%,88%,88%,88%,88%,88%,88%,88%,88%
Step Change,TAS,Bus,FCEV,0%,0%,0%,0%,1%,1%,1%,1%,1%,2%,2%,2%,2%,2%,3%,3%,3%,3%,3%,3%,4%,4%,4%,4%,4%,4%,5%,5%,5%,5%,5%,5%,5%,5%,5%,5%,5%,5%,5%,5%,5%,5%,5%,5%,5%,5%,5%,5%,5%,5%,5%,5%,5%,5%,5%,5%,5%,5%,5%,5%,5%,5%,5%,5%,5%,5%,5%,5%,5%,5%,5%,5%,5%,5%,5%
Step Change,TAS,Bus,Hybrid,0%,0%,0%,0%,0%,0%,0%,0%,0%,0%,0%,0%,0%,0%,1%,1%,1%,1%,1%,1%,1%,1%,1%,1%,2%,2%,2%,2%,2%,2%,2%,2%,2%,2%,2%,2%,2%,2%,2%,2%,2%,2%,2%,2%,2%,2%,2%,2%,2%,2%,2%,2%,2%,2%,2%,2%,2%,2%,2%,2%,2%,2%,2%,2%,2%,2%,2%,2%,2%,2%,2%,2%,2%,2%,2%
Step Change,TAS,Bus,ICE,99%,99%,97%,95%,93%,90%,88%,86%,84%,81%,76%,71%,67%,62%,58%,54%,50%,45%,41%,37%,33%,29%,26%,22%,18%,14%,11%,7%,4%,0%,0%,0%,0%,0%,0%,0%,0%,0%,0%,0%,0%,0%,0%,0%,0%,0%,0%,0%,0%,0%,0%,0%,0%,0%,0%,0%,0%,0%,0%,0%,0%,0%,0%,0%,0%,0%,0%,0%,0%,0%,0%,0%,0%,0%,0%
Step Change,TAS,Bus,PHEV,0%,0%,0%,0%,0%,0%,0%,0%,0%,0%,0%,1%,1%,1%,1%,2%,2%,2%,2%,2%,3%,3%,3%,3%,3%,4%,4%,4%,4%,5%,4%,4%,4%,4%,4%,4%,4%,4%,4%,4%,4%,4%,4%,4%,4%,4%,4%,4%,4%,4%,4%,4%,4%,4%,4%,4%,4%,4%,4%,4%,4%,4%,4%,4%,4%,4%,4%,4%,4%,4%,4%,4%,4%,4%,4%
Step Change,TAS,Large Light Commercial,BEV,0%,0%,0%,0%,0%,1%,2%,3%,4%,6%,12%,17%,22%,27%,32%,37%,42%,46%,51%,55%,59%,63%,67%,71%,75%,79%,82%,86%,89%,93%,92%,92%,92%,92%,92%,92%,92%,92%,92%,92%,92%,92%,92%,92%,92%,92%,92%,92%,92%,92%,92%,92%,92%,92%,92%,92%,92%,92%,92%,92%,92%,92%,92%,92%,92%,92%,92%,92%,92%,92%,92%,92%,92%,92%,92%
Step Change,TAS,Large Light Commercial,FCEV,0%,0%,0%,0%,0%,0%,0%,0%,0%,0%,0%,0%,0%,0%,0%,0%,0%,0%,0%,0%,0%,0%,0%,0%,0%,0%,0%,0%,0%,0%,0%,0%,0%,0%,0%,0%,0%,0%,0%,0%,0%,0%,0%,0%,0%,0%,0%,0%,0%,0%,0%,0%,0%,0%,0%,0%,0%,0%,0%,0%,0%,0%,0%,0%,0%,0%,0%,0%,0%,0%,0%,0%,0%,0%,0%
Step Change,TAS,Large Light Commercial,Hybrid,0%,0%,1%,1%,1%,2%,2%,2%,2%,2%,2%,2%,2%,2%,2%,2%,2%,2%,2%,2%,1%,1%,1%,1%,1%,1%,1%,1%,1%,1%,1%,1%,1%,1%,1%,1%,1%,1%,1%,1%,1%,1%,1%,1%,1%,1%,1%,1%,1%,1%,1%,1%,1%,1%,1%,1%,1%,1%,1%,1%,1%,1%,1%,1%,1%,1%,1%,1%,1%,1%,1%,1%,1%,1%,1%
Step Change,TAS,Large Light Commercial,ICE,100%,99%,99%,98%,97%,96%,95%,93%,92%,89%,84%,78%,73%,68%,63%,58%,53%,48%,43%,39%,34%,30%,26%,22%,18%,14%,11%,7%,3%,0%,0%,0%,0%,0%,0%,0%,0%,0%,0%,0%,0%,0%,0%,0%,0%,0%,0%,0%,0%,0%,0%,0%,0%,0%,0%,0%,0%,0%,0%,0%,0%,0%,0%,0%,0%,0%,0%,0%,0%,0%,0%,0%,0%,0%,0%
Step Change,TAS,Large Light Commercial,PHEV,0%,0%,0%,0%,1%,1%,1%,2%,2%,2%,2%,3%,3%,3%,3%,4%,4%,4%,4%,5%,5%,5%,5%,5%,6%,6%,6%,6%,6%,6%,7%,7%,7%,7%,7%,7%,7%,7%,7%,7%,7%,7%,7%,7%,7%,7%,7%,7%,7%,7%,7%,7%,7%,7%,7%,7%,7%,7%,7%,7%,7%,7%,7%,7%,7%,7%,7%,7%,7%,7%,7%,7%,7%,7%,7%
Step Change,TAS,Large Residential,BEV,0%,1%,1%,2%,2%,3%,4%,5%,7%,8%,13%,18%,22%,27%,31%,35%,40%,44%,48%,52%,56%,60%,65%,69%,73%,77%,81%,85%,89%,92%,92%,92%,92%,92%,92%,92%,92%,92%,92%,92%,92%,92%,92%,92%,92%,92%,92%,92%,92%,92%,92%,92%,92%,92%,92%,92%,92%,92%,92%,92%,92%,92%,92%,92%,92%,92%,92%,92%,92%,92%,92%,92%,92%,92%,92%
Step Change,TAS,Large Residential,FCEV,0%,0%,0%,0%,0%,0%,0%,0%,0%,0%,0%,0%,0%,0%,0%,0%,0%,0%,0%,0%,0%,0%,0%,0%,0%,0%,0%,0%,0%,0%,0%,0%,0%,0%,0%,0%,0%,0%,0%,0%,0%,0%,0%,0%,0%,0%,0%,0%,0%,0%,0%,0%,0%,0%,0%,0%,0%,0%,0%,0%,0%,0%,0%,0%,0%,0%,0%,0%,0%,0%,0%,0%,0%,0%,0%
Step Change,TAS,Large Residential,Hybrid,6%,7%,7%,8%,9%,9%,9%,9%,9%,9%,8%,8%,8%,7%,7%,6%,6%,5%,5%,5%,4%,4%,4%,3%,3%,2%,2%,2%,1%,1%,1%,1%,1%,1%,1%,1%,1%,1%,1%,1%,1%,1%,1%,1%,1%,1%,1%,1%,1%,1%,1%,1%,1%,1%,1%,1%,1%,1%,1%,1%,1%,1%,1%,1%,1%,1%,1%,1%,1%,1%,1%,1%,1%,1%,1%
Step Change,TAS,Large Residential,ICE,94%,92%,90%,88%,86%,84%,82%,80%,78%,76%,72%,68%,64%,60%,56%,52%,48%,44%,41%,37%,33%,29%,26%,22%,18%,14%,11%,7%,4%,0%,0%,0%,0%,0%,0%,0%,0%,0%,0%,0%,0%,0%,0%,0%,0%,0%,0%,0%,0%,0%,0%,0%,0%,0%,0%,0%,0%,0%,0%,0%,0%,0%,0%,0%,0%,0%,0%,0%,0%,0%,0%,0%,0%,0%,0%
Step Change,TAS,Large Residential,PHEV,0%,0%,1%,2%,3%,4%,5%,5%,6%,6%,6%,6%,6%,6%,6%,6%,6%,6%,6%,6%,6%,6%,6%,6%,6%,6%,6%,6%,6%,6%,7%,7%,7%,7%,7%,7%,7%,7%,7%,7%,7%,7%,7%,7%,7%,7%,7%,7%,7%,7%,7%,7%,7%,7%,7%,7%,7%,7%,7%,7%,7%,7%,7%,7%,7%,7%,7%,7%,7%,7%,7%,7%,7%,7%,7%
Step Change,TAS,Medium Light Commercial,BEV,0%,0%,1%,1%,1%,2%,3%,4%,6%,8%,13%,19%,24%,29%,34%,39%,44%,48%,53%,57%,62%,66%,70%,74%,78%,82%,85%,89%,92%,96%,96%,96%,96%,96%,96%,96%,96%,96%,96%,96%,96%,96%,96%,96%,96%,96%,96%,96%,96%,96%,96%,96%,96%,96%,96%,96%,96%,96%,96%,96%,96%,96%,96%,96%,96%,96%,96%,96%,96%,96%,96%,96%,96%,96%,96%
Step Change,TAS,Medium Light Commercial,FCEV,0%,0%,0%,0%,0%,0%,0%,0%,0%,0%,0%,0%,0%,0%,0%,0%,0%,0%,0%,0%,0%,0%,0%,0%,0%,0%,0%,0%,0%,0%,0%,0%,0%,0%,0%,0%,0%,0%,0%,0%,0%,0%,0%,0%,0%,0%,0%,0%,0%,0%,0%,0%,0%,0%,0%,0%,0%,0%,0%,0%,0%,0%,0%,0%,0%,0%,0%,0%,0%,0%,0%,0%,0%,0%,0%
Step Change,TAS,Medium Light Commercial,Hybrid,0%,0%,1%,1%,2%,2%,2%,2%,2%,2%,2%,2%,2%,2%,2%,2%,2%,2%,2%,2%,2%,1%,1%,1%,1%,1%,1%,1%,1%,1%,1%,1%,1%,1%,1%,1%,1%,1%,1%,1%,1%,1%,1%,1%,1%,1%,1%,1%,1%,1%,1%,1%,1%,1%,1%,1%,1%,1%,1%,1%,1%,1%,1%,1%,1%,1%,1%,1%,1%,1%,1%,1%,1%,1%,1%
Step Change,TAS,Medium Light Commercial,ICE,99%,99%,98%,97%,95%,93%,92%,90%,88%,85%,80%,75%,70%,65%,60%,55%,50%,46%,41%,37%,33%,29%,25%,21%,17%,14%,10%,7%,3%,0%,0%,0%,0%,0%,0%,0%,0%,0%,0%,0%,0%,0%,0%,0%,0%,0%,0%,0%,0%,0%,0%,0%,0%,0%,0%,0%,0%,0%,0%,0%,0%,0%,0%,0%,0%,0%,0%,0%,0%,0%,0%,0%,0%,0%,0%
Step Change,TAS,Medium Light Commercial,PHEV,0%,0%,1%,1%,2%,3%,3%,4%,4%,4%,4%,4%,4%,4%,4%,4%,4%,4%,4%,4%,4%,4%,4%,4%,4%,4%,4%,4%,4%,3%,4%,4%,4%,4%,4%,4%,4%,4%,4%,4%,4%,4%,4%,4%,4%,4%,4%,4%,4%,4%,4%,4%,4%,4%,4%,4%,4%,4%,4%,4%,4%,4%,4%,4%,4%,4%,4%,4%,4%,4%,4%,4%,4%,4%,4%
Step Change,TAS,Medium Residential,BEV,2%,2%,3%,4%,4%,5%,6%,7%,9%,11%,15%,20%,25%,29%,34%,38%,42%,47%,51%,55%,59%,63%,67%,72%,76%,80%,84%,88%,92%,95%,95%,95%,95%,95%,95%,95%,95%,95%,95%,95%,95%,95%,95%,95%,95%,95%,95%,95%,95%,95%,95%,95%,95%,95%,95%,95%,95%,95%,95%,95%,95%,95%,95%,95%,95%,95%,95%,95%,95%,95%,95%,95%,95%,95%,95%
Step Change,TAS,Medium Residential,FCEV,0%,0%,0%,0%,0%,0%,0%,0%,0%,0%,0%,0%,0%,0%,0%,0%,0%,0%,0%,0%,0%,0%,0%,0%,0%,0%,0%,0%,0%,0%,0%,0%,0%,0%,0%,0%,0%,0%,0%,0%,0%,0%,0%,0%,0%,0%,0%,0%,0%,0%,0%,0%,0%,0%,0%,0%,0%,0%,0%,0%,0%,0%,0%,0%,0%,0%,0%,0%,0%,0%,0%,0%,0%,0%,0%
Step Change,TAS,Medium Residential,Hybrid,6%,6%,7%,8%,8%,8%,8%,8%,8%,8%,8%,7%,7%,7%,6%,6%,5%,5%,5%,4%,4%,4%,3%,3%,3%,2%,2%,2%,1%,1%,1%,1%,1%,1%,1%,1%,1%,1%,1%,1%,1%,1%,1%,1%,1%,1%,1%,1%,1%,1%,1%,1%,1%,1%,1%,1%,1%,1%,1%,1%,1%,1%,1%,1%,1%,1%,1%,1%,1%,1%,1%,1%,1%,1%,1%
Step Change,TAS,Medium Residential,ICE,92%,90%,88%,86%,84%,82%,80%,78%,76%,74%,70%,66%,62%,58%,54%,50%,46%,42%,39%,35%,32%,28%,24%,21%,17%,14%,10%,7%,3%,0%,0%,0%,0%,0%,0%,0%,0%,0%,0%,0%,0%,0%,0%,0%,0%,0%,0%,0%,0%,0%,0%,0%,0%,0%,0%,0%,0%,0%,0%,0%,0%,0%,0%,0%,0%,0%,0%,0%,0%,0%,0%,0%,0%,0%,0%
Step Change,TAS,Medium Residential,PHEV,1%,1%,2%,3%,4%,5%,6%,7%,7%,8%,7%,7%,7%,7%,6%,6%,6%,6%,6%,5%,5%,5%,5%,5%,4%,4%,4%,4%,4%,3%,3%,3%,3%,3%,3%,3%,3%,3%,3%,3%,3%,3%,3%,3%,3%,3%,3%,3%,3%,3%,3%,3%,3%,3%,3%,3%,3%,3%,3%,3%,3%,3%,3%,3%,3%,3%,3%,3%,3%,3%,3%,3%,3%,3%,3%
Step Change,TAS,Motorcycle,BEV,1%,1%,2%,2%,4%,5%,6%,8%,10%,12%,17%,22%,27%,32%,36%,41%,45%,50%,54%,58%,62%,66%,71%,75%,78%,82%,86%,90%,94%,98%,98%,98%,98%,98%,98%,98%,98%,98%,98%,98%,98%,98%,98%,98%,98%,98%,98%,98%,98%,98%,98%,98%,98%,98%,98%,98%,98%,98%,98%,98%,98%,98%,98%,98%,98%,98%,98%,98%,98%,98%,98%,98%,98%,98%,98%
Step Change,TAS,Motorcycle,FCEV,0%,0%,0%,0%,0%,0%,0%,0%,0%,0%,0%,0%,0%,0%,0%,0%,0%,0%,0%,0%,0%,0%,0%,0%,0%,0%,0%,0%,0%,0%,0%,0%,0%,0%,0%,0%,0%,0%,0%,0%,0%,0%,0%,0%,0%,0%,0%,0%,0%,0%,0%,0%,0%,0%,0%,0%,0%,0%,0%,0%,0%,0%,0%,0%,0%,0%,0%,0%,0%,0%,0%,0%,0%,0%,0%
Step Change,TAS,Motorcycle,Hybrid,0%,0%,0%,0%,0%,0%,0%,0%,0%,0%,0%,0%,0%,0%,0%,0%,0%,0%,0%,0%,0%,0%,0%,0%,0%,0%,0%,0%,0%,0%,0%,0%,0%,0%,0%,0%,0%,0%,0%,0%,0%,0%,0%,0%,0%,0%,0%,0%,0%,0%,0%,0%,0%,0%,0%,0%,0%,0%,0%,0%,0%,0%,0%,0%,0%,0%,0%,0%,0%,0%,0%,0%,0%,0%,0%
Step Change,TAS,Motorcycle,ICE,99%,99%,98%,98%,96%,95%,94%,92%,90%,88%,83%,78%,73%,68%,63%,59%,54%,50%,45%,41%,37%,33%,28%,24%,20%,16%,12%,9%,5%,1%,1%,1%,1%,1%,1%,1%,1%,1%,1%,1%,1%,1%,1%,1%,1%,1%,1%,1%,1%,1%,1%,1%,1%,1%,1%,1%,1%,1%,1%,1%,1%,1%,1%,1%,1%,1%,1%,1%,1%,1%,1%,1%,1%,1%,1%
Step Change,TAS,Motorcycle,PHEV,0%,0%,0%,0%,0%,0%,0%,0%,0%,0%,0%,0%,0%,0%,0%,1%,1%,1%,1%,1%,1%,1%,1%,1%,1%,1%,1%,1%,1%,1%,1%,1%,1%,1%,1%,1%,1%,1%,1%,1%,1%,1%,1%,1%,1%,1%,1%,1%,1%,1%,1%,1%,1%,1%,1%,1%,1%,1%,1%,1%,1%,1%,1%,1%,1%,1%,1%,1%,1%,1%,1%,1%,1%,1%,1%
Step Change,TAS,Rigid Truck,BEV,0%,0%,0%,0%,1%,1%,2%,3%,5%,7%,12%,18%,23%,28%,33%,38%,42%,46%,50%,54%,58%,62%,65%,69%,72%,75%,78%,80%,83%,86%,86%,86%,86%,86%,86%,86%,86%,86%,86%,86%,86%,86%,86%,86%,86%,86%,86%,86%,86%,86%,86%,86%,86%,86%,86%,86%,86%,86%,86%,86%,86%,86%,86%,86%,86%,86%,86%,86%,86%,86%,86%,86%,86%,86%,86%
Step Change,TAS,Rigid Truck,FCEV,0%,0%,0%,0%,0%,0%,0%,0%,0%,0%,1%,1%,1%,2%,2%,2%,2%,3%,3%,3%,3%,4%,4%,4%,4%,4%,5%,5%,5%,5%,5%,5%,5%,5%,5%,5%,5%,5%,5%,5%,5%,5%,5%,5%,5%,5%,5%,5%,5%,5%,5%,5%,5%,5%,5%,5%,5%,5%,5%,5%,5%,5%,5%,5%,5%,5%,5%,5%,5%,5%,5%,5%,5%,5%,5%
Step Change,TAS,Rigid Truck,Hybrid,0%,0%,0%,0%,0%,0%,0%,0%,0%,0%,0%,1%,1%,1%,2%,2%,2%,3%,3%,3%,3%,3%,4%,4%,4%,4%,4%,5%,5%,5%,5%,5%,5%,5%,5%,5%,5%,5%,5%,5%,5%,5%,5%,5%,5%,5%,5%,5%,5%,5%,5%,5%,5%,5%,5%,5%,5%,5%,5%,5%,5%,5%,5%,5%,5%,5%,5%,5%,5%,5%,5%,5%,5%,5%,5%
Step Change,TAS,Rigid Truck,ICE,100%,100%,100%,100%,99%,99%,98%,97%,95%,93%,86%,80%,74%,68%,62%,57%,51%,46%,41%,37%,32%,28%,24%,20%,16%,13%,9%,6%,3%,0%,0%,0%,0%,0%,0%,0%,0%,0%,0%,0%,0%,0%,0%,0%,0%,0%,0%,0%,0%,0%,0%,0%,0%,0%,0%,0%,0%,0%,0%,0%,0%,0%,0%,0%,0%,0%,0%,0%,0%,0%,0%,0%,0%,0%,0%
Step Change,TAS,Rigid Truck,PHEV,0%,0%,0%,0%,0%,0%,0%,0%,0%,0%,0%,1%,1%,1%,2%,2%,2%,2%,3%,3%,3%,3%,3%,4%,4%,4%,4%,4%,4%,4%,5%,5%,5%,5%,5%,5%,5%,5%,5%,5%,5%,5%,5%,5%,5%,5%,5%,5%,5%,5%,5%,5%,5%,5%,5%,5%,5%,5%,5%,5%,5%,5%,5%,5%,5%,5%,5%,5%,5%,5%,5%,5%,5%,5%,5%
Step Change,TAS,Small Light Commercial,BEV,1%,1%,1%,2%,3%,4%,5%,6%,8%,10%,15%,21%,26%,31%,36%,41%,46%,50%,55%,59%,64%,68%,72%,76%,80%,84%,87%,91%,94%,98%,97%,97%,97%,97%,97%,97%,97%,97%,97%,97%,97%,97%,97%,97%,97%,97%,97%,97%,97%,97%,97%,97%,97%,97%,97%,97%,97%,97%,97%,97%,97%,97%,97%,97%,97%,97%,97%,97%,97%,97%,97%,97%,97%,97%,97%
Step Change,TAS,Small Light Commercial,FCEV,0%,0%,0%,0%,0%,0%,0%,0%,0%,0%,0%,0%,0%,0%,0%,0%,0%,0%,0%,0%,0%,0%,0%,0%,0%,0%,0%,0%,0%,0%,0%,0%,0%,0%,0%,0%,0%,0%,0%,0%,0%,0%,0%,0%,0%,0%,0%,0%,0%,0%,0%,0%,0%,0%,0%,0%,0%,0%,0%,0%,0%,0%,0%,0%,0%,0%,0%,0%,0%,0%,0%,0%,0%,0%,0%
Step Change,TAS,Small Light Commercial,Hybrid,0%,0%,0%,0%,0%,0%,0%,0%,0%,0%,0%,0%,0%,0%,0%,0%,0%,0%,1%,1%,1%,1%,1%,1%,1%,1%,1%,1%,1%,1%,1%,1%,1%,1%,1%,1%,1%,1%,1%,1%,1%,1%,1%,1%,1%,1%,1%,1%,1%,1%,1%,1%,1%,1%,1%,1%,1%,1%,1%,1%,1%,1%,1%,1%,1%,1%,1%,1%,1%,1%,1%,1%,1%,1%,1%
Step Change,TAS,Small Light Commercial,ICE,99%,98%,97%,96%,94%,92%,90%,88%,86%,83%,78%,73%,68%,63%,58%,54%,49%,45%,40%,36%,32%,28%,24%,20%,17%,13%,10%,6%,3%,0%,0%,0%,0%,0%,0%,0%,0%,0%,0%,0%,0%,0%,0%,0%,0%,0%,0%,0%,0%,0%,0%,0%,0%,0%,0%,0%,0%,0%,0%,0%,0%,0%,0%,0%,0%,0%,0%,0%,0%,0%,0%,0%,0%,0%,0%
Step Change,TAS,Small Light Commercial,PHEV,0%,1%,1%,2%,3%,4%,5%,6%,6%,7%,6%,6%,6%,5%,5%,5%,5%,4%,4%,4%,4%,3%,3%,3%,3%,2%,2%,2%,2%,2%,2%,2%,2%,2%,2%,2%,2%,2%,2%,2%,2%,2%,2%,2%,2%,2%,2%,2%,2%,2%,2%,2%,2%,2%,2%,2%,2%,2%,2%,2%,2%,2%,2%,2%,2%,2%,2%,2%,2%,2%,2%,2%,2%,2%,2%
Step Change,TAS,Small Residential,BEV,4%,5%,6%,6%,6%,6%,7%,8%,9%,11%,16%,20%,25%,30%,34%,39%,43%,48%,52%,57%,61%,65%,69%,73%,77%,82%,86%,90%,94%,97%,98%,98%,98%,98%,98%,98%,98%,98%,98%,98%,98%,98%,98%,98%,98%,98%,98%,98%,98%,98%,98%,98%,98%,98%,98%,98%,98%,98%,98%,98%,98%,98%,98%,98%,98%,98%,98%,98%,98%,98%,98%,98%,98%,98%,98%
Step Change,TAS,Small Residential,FCEV,0%,0%,0%,0%,0%,0%,0%,0%,0%,0%,0%,0%,0%,0%,0%,0%,0%,0%,0%,0%,0%,0%,0%,0%,0%,0%,0%,0%,0%,0%,0%,0%,0%,0%,0%,0%,0%,0%,0%,0%,0%,0%,0%,0%,0%,0%,0%,0%,0%,0%,0%,0%,0%,0%,0%,0%,0%,0%,0%,0%,0%,0%,0%,0%,0%,0%,0%,0%,0%,0%,0%,0%,0%,0%,0%
Step Change,TAS,Small Residential,Hybrid,0%,0%,0%,0%,0%,0%,0%,0%,0%,0%,0%,0%,0%,0%,0%,0%,0%,0%,0%,1%,1%,1%,1%,1%,1%,1%,1%,1%,1%,1%,1%,1%,1%,1%,1%,1%,1%,1%,1%,1%,1%,1%,1%,1%,1%,1%,1%,1%,1%,1%,1%,1%,1%,1%,1%,1%,1%,1%,1%,1%,1%,1%,1%,1%,1%,1%,1%,1%,1%,1%,1%,1%,1%,1%,1%
Step Change,TAS,Small Residential,ICE,94%,93%,91%,90%,89%,87%,86%,84%,82%,80%,76%,71%,67%,63%,58%,54%,50%,46%,42%,38%,34%,30%,26%,22%,19%,15%,11%,7%,4%,0%,0%,0%,0%,0%,0%,0%,0%,0%,0%,0%,0%,0%,0%,0%,0%,0%,0%,0%,0%,0%,0%,0%,0%,0%,0%,0%,0%,0%,0%,0%,0%,0%,0%,0%,0%,0%,0%,0%,0%,0%,0%,0%,0%,0%,0%
Step Change,TAS,Small Residential,PHEV,1%,2%,3%,4%,5%,6%,7%,8%,9%,9%,9%,8%,8%,7%,7%,7%,6%,6%,5%,5%,5%,4%,4%,4%,3%,3%,3%,2%,2%,1%,2%,2%,2%,2%,2%,2%,2%,2%,2%,2%,2%,2%,2%,2%,2%,2%,2%,2%,2%,2%,2%,2%,2%,2%,2%,2%,2%,2%,2%,2%,2%,2%,2%,2%,2%,2%,2%,2%,2%,2%,2%,2%,2%,2%,2%
Step Change,VIC,Articulated Truck,BEV,0%,0%,0%,1%,3%,5%,8%,11%,14%,17%,22%,26%,31%,35%,40%,43%,47%,51%,54%,58%,61%,64%,67%,69%,72%,74%,77%,79%,81%,83%,83%,83%,83%,83%,83%,83%,83%,83%,83%,83%,83%,83%,83%,83%,83%,83%,83%,83%,83%,83%,83%,83%,83%,83%,83%,83%,83%,83%,83%,83%,83%,83%,83%,83%,83%,83%,83%,83%,83%,83%,83%,83%,83%,83%,83%
Step Change,VIC,Articulated Truck,FCEV,0%,0%,0%,0%,0%,0%,0%,0%,0%,0%,1%,1%,1%,2%,2%,2%,3%,3%,3%,3%,3%,4%,4%,4%,4%,4%,5%,5%,5%,5%,5%,5%,5%,5%,5%,5%,5%,5%,5%,5%,5%,5%,5%,5%,5%,5%,5%,5%,5%,5%,5%,5%,5%,5%,5%,5%,5%,5%,5%,5%,5%,5%,5%,5%,5%,5%,5%,5%,5%,5%,5%,5%,5%,5%,5%
Step Change,VIC,Articulated Truck,Hybrid,0%,0%,0%,0%,0%,0%,0%,0%,0%,0%,0%,0%,0%,0%,0%,0%,0%,0%,0%,0%,0%,0%,0%,0%,0%,0%,0%,0%,0%,0%,0%,0%,0%,0%,0%,0%,0%,0%,0%,0%,0%,0%,0%,0%,0%,0%,0%,0%,0%,0%,0%,0%,0%,0%,0%,0%,0%,0%,0%,0%,0%,0%,0%,0%,0%,0%,0%,0%,0%,0%,0%,0%,0%,0%,0%
Step Change,VIC,Articulated Truck,ICE,100%,100%,100%,99%,97%,95%,92%,89%,86%,83%,77%,72%,67%,62%,58%,53%,49%,45%,42%,38%,35%,31%,28%,25%,22%,20%,17%,15%,12%,10%,10%,10%,10%,10%,10%,10%,10%,10%,10%,10%,10%,10%,10%,10%,10%,10%,10%,10%,10%,10%,10%,10%,10%,10%,10%,10%,10%,10%,10%,10%,10%,10%,10%,10%,10%,10%,10%,10%,10%,10%,10%,10%,10%,10%,10%
Step Change,VIC,Articulated Truck,PHEV,0%,0%,0%,0%,0%,0%,0%,0%,0%,0%,0%,0%,0%,1%,1%,1%,1%,1%,1%,1%,1%,1%,2%,2%,2%,2%,2%,2%,2%,2%,2%,2%,2%,2%,2%,2%,2%,2%,2%,2%,2%,2%,2%,2%,2%,2%,2%,2%,2%,2%,2%,2%,2%,2%,2%,2%,2%,2%,2%,2%,2%,2%,2%,2%,2%,2%,2%,2%,2%,2%,2%,2%,2%,2%,2%
Step Change,VIC,Bus,BEV,1%,1%,1%,2%,3%,4%,6%,8%,10%,12%,17%,21%,26%,30%,34%,38%,42%,46%,50%,53%,57%,61%,64%,68%,71%,75%,78%,82%,85%,89%,88%,88%,88%,88%,88%,88%,88%,88%,88%,88%,88%,88%,88%,88%,88%,88%,88%,88%,88%,88%,88%,88%,88%,88%,88%,88%,88%,88%,88%,88%,88%,88%,88%,88%,88%,88%,88%,88%,88%,88%,88%,88%,88%,88%,88%
Step Change,VIC,Bus,FCEV,0%,0%,0%,0%,0%,0%,0%,1%,1%,1%,1%,1%,2%,2%,2%,2%,2%,3%,3%,3%,3%,3%,4%,4%,4%,4%,4%,5%,5%,5%,5%,5%,5%,5%,5%,5%,5%,5%,5%,5%,5%,5%,5%,5%,5%,5%,5%,5%,5%,5%,5%,5%,5%,5%,5%,5%,5%,5%,5%,5%,5%,5%,5%,5%,5%,5%,5%,5%,5%,5%,5%,5%,5%,5%,5%
Step Change,VIC,Bus,Hybrid,0%,0%,0%,0%,0%,0%,0%,0%,0%,0%,0%,0%,0%,0%,1%,1%,1%,1%,1%,1%,1%,1%,1%,1%,2%,2%,2%,2%,2%,2%,2%,2%,2%,2%,2%,2%,2%,2%,2%,2%,2%,2%,2%,2%,2%,2%,2%,2%,2%,2%,2%,2%,2%,2%,2%,2%,2%,2%,2%,2%,2%,2%,2%,2%,2%,2%,2%,2%,2%,2%,2%,2%,2%,2%,2%
Step Change,VIC,Bus,ICE,99%,99%,99%,98%,97%,95%,94%,92%,89%,87%,82%,77%,72%,67%,62%,58%,53%,49%,44%,40%,36%,32%,27%,23%,19%,15%,11%,8%,4%,0%,0%,0%,0%,0%,0%,0%,0%,0%,0%,0%,0%,0%,0%,0%,0%,0%,0%,0%,0%,0%,0%,0%,0%,0%,0%,0%,0%,0%,0%,0%,0%,0%,0%,0%,0%,0%,0%,0%,0%,0%,0%,0%,0%,0%,0%
Step Change,VIC,Bus,PHEV,0%,0%,0%,0%,0%,0%,0%,0%,0%,0%,0%,1%,1%,1%,1%,2%,2%,2%,2%,2%,3%,3%,3%,3%,4%,4%,4%,4%,4%,5%,4%,4%,4%,4%,4%,4%,4%,4%,4%,4%,4%,4%,4%,4%,4%,4%,4%,4%,4%,4%,4%,4%,4%,4%,4%,4%,4%,4%,4%,4%,4%,4%,4%,4%,4%,4%,4%,4%,4%,4%,4%,4%,4%,4%,4%
Step Change,VIC,Large Light Commercial,BEV,0%,0%,1%,2%,3%,4%,6%,8%,11%,13%,19%,24%,28%,33%,37%,42%,46%,50%,54%,58%,62%,66%,70%,73%,77%,80%,83%,86%,89%,92%,93%,93%,93%,93%,93%,93%,93%,93%,93%,93%,93%,93%,93%,93%,93%,93%,93%,93%,93%,93%,93%,93%,93%,93%,93%,93%,93%,93%,93%,93%,93%,93%,93%,93%,93%,93%,93%,93%,93%,93%,93%,93%,93%,93%,93%
Step Change,VIC,Large Light Commercial,FCEV,0%,0%,0%,0%,0%,0%,0%,0%,0%,0%,0%,0%,0%,0%,0%,0%,0%,0%,0%,0%,0%,0%,0%,0%,0%,0%,0%,0%,0%,0%,0%,0%,0%,0%,0%,0%,0%,0%,0%,0%,0%,0%,0%,0%,0%,0%,0%,0%,0%,0%,0%,0%,0%,0%,0%,0%,0%,0%,0%,0%,0%,0%,0%,0%,0%,0%,0%,0%,0%,0%,0%,0%,0%,0%,0%
Step Change,VIC,Large Light Commercial,Hybrid,1%,1%,1%,2%,2%,3%,3%,3%,3%,3%,3%,3%,3%,3%,3%,2%,2%,2%,2%,2%,2%,2%,2%,2%,1%,1%,1%,1%,1%,1%,1%,1%,1%,1%,1%,1%,1%,1%,1%,1%,1%,1%,1%,1%,1%,1%,1%,1%,1%,1%,1%,1%,1%,1%,1%,1%,1%,1%,1%,1%,1%,1%,1%,1%,1%,1%,1%,1%,1%,1%,1%,1%,1%,1%,1%
Step Change,VIC,Large Light Commercial,ICE,99%,99%,98%,96%,95%,93%,91%,88%,85%,82%,77%,72%,67%,62%,57%,53%,48%,44%,40%,36%,32%,28%,24%,20%,17%,13%,10%,6%,3%,0%,0%,0%,0%,0%,0%,0%,0%,0%,0%,0%,0%,0%,0%,0%,0%,0%,0%,0%,0%,0%,0%,0%,0%,0%,0%,0%,0%,0%,0%,0%,0%,0%,0%,0%,0%,0%,0%,0%,0%,0%,0%,0%,0%,0%,0%
Step Change,VIC,Large Light Commercial,PHEV,0%,0%,0%,0%,0%,0%,0%,1%,1%,1%,1%,2%,2%,2%,3%,3%,3%,4%,4%,4%,4%,5%,5%,5%,5%,6%,6%,6%,6%,7%,6%,6%,6%,6%,6%,6%,6%,6%,6%,6%,6%,6%,6%,6%,6%,6%,6%,6%,6%,6%,6%,6%,6%,6%,6%,6%,6%,6%,6%,6%,6%,6%,6%,6%,6%,6%,6%,6%,6%,6%,6%,6%,6%,6%,6%
Step Change,VIC,Large Residential,BEV,1%,2%,4%,6%,9%,12%,15%,18%,21%,23%,27%,31%,35%,38%,42%,46%,49%,53%,56%,60%,63%,66%,70%,73%,76%,80%,83%,86%,89%,93%,92%,92%,92%,92%,92%,92%,92%,92%,92%,92%,92%,92%,92%,92%,92%,92%,92%,92%,92%,92%,92%,92%,92%,92%,92%,92%,92%,92%,92%,92%,92%,92%,92%,92%,92%,92%,92%,92%,92%,92%,92%,92%,92%,92%,92%
Step Change,VIC,Large Residential,FCEV,0%,0%,0%,0%,0%,0%,0%,0%,0%,0%,0%,0%,0%,0%,0%,0%,0%,0%,0%,0%,0%,0%,0%,0%,0%,0%,0%,0%,0%,0%,0%,0%,0%,0%,0%,0%,0%,0%,0%,0%,0%,0%,0%,0%,0%,0%,0%,0%,0%,0%,0%,0%,0%,0%,0%,0%,0%,0%,0%,0%,0%,0%,0%,0%,0%,0%,0%,0%,0%,0%,0%,0%,0%,0%,0%
Step Change,VIC,Large Residential,Hybrid,7%,9%,10%,10%,10%,10%,10%,10%,10%,10%,9%,9%,8%,8%,7%,7%,6%,6%,5%,5%,5%,4%,4%,3%,3%,3%,2%,2%,1%,1%,1%,1%,1%,1%,1%,1%,1%,1%,1%,1%,1%,1%,1%,1%,1%,1%,1%,1%,1%,1%,1%,1%,1%,1%,1%,1%,1%,1%,1%,1%,1%,1%,1%,1%,1%,1%,1%,1%,1%,1%,1%,1%,1%,1%,1%
Step Change,VIC,Large Residential,ICE,92%,89%,86%,83%,80%,77%,74%,71%,68%,65%,62%,58%,54%,51%,48%,44%,41%,38%,34%,31%,28%,25%,22%,18%,15%,12%,9%,6%,3%,0%,0%,0%,0%,0%,0%,0%,0%,0%,0%,0%,0%,0%,0%,0%,0%,0%,0%,0%,0%,0%,0%,0%,0%,0%,0%,0%,0%,0%,0%,0%,0%,0%,0%,0%,0%,0%,0%,0%,0%,0%,0%,0%,0%,0%,0%
Step Change,VIC,Large Residential,PHEV,0%,0%,1%,1%,1%,1%,1%,1%,2%,2%,2%,2%,3%,3%,3%,3%,4%,4%,4%,4%,4%,5%,5%,5%,5%,6%,6%,6%,6%,7%,7%,7%,7%,7%,7%,7%,7%,7%,7%,7%,7%,7%,7%,7%,7%,7%,7%,7%,7%,7%,7%,7%,7%,7%,7%,7%,7%,7%,7%,7%,7%,7%,7%,7%,7%,7%,7%,7%,7%,7%,7%,7%,7%,7%,7%
Step Change,VIC,Medium Light Commercial,BEV,1%,1%,3%,4%,7%,9%,11%,14%,17%,20%,25%,29%,34%,38%,43%,47%,51%,55%,59%,63%,66%,70%,73%,77%,80%,83%,87%,90%,93%,95%,96%,96%,96%,96%,96%,96%,96%,96%,96%,96%,96%,96%,96%,96%,96%,96%,96%,96%,96%,96%,96%,96%,96%,96%,96%,96%,96%,96%,96%,96%,96%,96%,96%,96%,96%,96%,96%,96%,96%,96%,96%,96%,96%,96%,96%
Step Change,VIC,Medium Light Commercial,FCEV,0%,0%,0%,0%,0%,0%,0%,0%,0%,0%,0%,0%,0%,0%,0%,0%,0%,0%,0%,0%,0%,0%,0%,0%,0%,0%,0%,0%,0%,0%,0%,0%,0%,0%,0%,0%,0%,0%,0%,0%,0%,0%,0%,0%,0%,0%,0%,0%,0%,0%,0%,0%,0%,0%,0%,0%,0%,0%,0%,0%,0%,0%,0%,0%,0%,0%,0%,0%,0%,0%,0%,0%,0%,0%,0%
Step Change,VIC,Medium Light Commercial,Hybrid,1%,1%,1%,2%,2%,3%,3%,3%,3%,3%,3%,3%,3%,3%,2%,2%,2%,2%,2%,2%,2%,2%,2%,2%,1%,1%,1%,1%,1%,1%,1%,1%,1%,1%,1%,1%,1%,1%,1%,1%,1%,1%,1%,1%,1%,1%,1%,1%,1%,1%,1%,1%,1%,1%,1%,1%,1%,1%,1%,1%,1%,1%,1%,1%,1%,1%,1%,1%,1%,1%,1%,1%,1%,1%,1%
Step Change,VIC,Medium Light Commercial,ICE,98%,97%,96%,93%,91%,88%,85%,82%,79%,76%,71%,67%,62%,57%,53%,49%,45%,41%,37%,33%,29%,26%,22%,19%,15%,12%,9%,6%,3%,0%,0%,0%,0%,0%,0%,0%,0%,0%,0%,0%,0%,0%,0%,0%,0%,0%,0%,0%,0%,0%,0%,0%,0%,0%,0%,0%,0%,0%,0%,0%,0%,0%,0%,0%,0%,0%,0%,0%,0%,0%,0%,0%,0%,0%,0%
Step Change,VIC,Medium Light Commercial,PHEV,0%,0%,0%,0%,1%,1%,1%,1%,1%,1%,1%,1%,1%,2%,2%,2%,2%,2%,2%,2%,3%,3%,3%,3%,3%,3%,3%,3%,3%,4%,4%,4%,4%,4%,4%,4%,4%,4%,4%,4%,4%,4%,4%,4%,4%,4%,4%,4%,4%,4%,4%,4%,4%,4%,4%,4%,4%,4%,4%,4%,4%,4%,4%,4%,4%,4%,4%,4%,4%,4%,4%,4%,4%,4%,4%
Step Change,VIC,Medium Residential,BEV,3%,5%,7%,10%,13%,16%,19%,22%,25%,28%,32%,36%,40%,43%,47%,50%,54%,57%,61%,64%,67%,70%,74%,77%,80%,83%,86%,89%,92%,95%,95%,95%,95%,95%,95%,95%,95%,95%,95%,95%,95%,95%,95%,95%,95%,95%,95%,95%,95%,95%,95%,95%,95%,95%,95%,95%,95%,95%,95%,95%,95%,95%,95%,95%,95%,95%,95%,95%,95%,95%,95%,95%,95%,95%,95%
Step Change,VIC,Medium Residential,FCEV,0%,0%,0%,0%,0%,0%,0%,0%,0%,0%,0%,0%,0%,0%,0%,0%,0%,0%,0%,0%,0%,0%,0%,0%,0%,0%,0%,0%,0%,0%,0%,0%,0%,0%,0%,0%,0%,0%,0%,0%,0%,0%,0%,0%,0%,0%,0%,0%,0%,0%,0%,0%,0%,0%,0%,0%,0%,0%,0%,0%,0%,0%,0%,0%,0%,0%,0%,0%,0%,0%,0%,0%,0%,0%,0%
Step Change,VIC,Medium Residential,Hybrid,7%,8%,9%,9%,9%,9%,9%,9%,9%,8%,8%,8%,7%,7%,6%,6%,6%,5%,5%,4%,4%,4%,3%,3%,3%,2%,2%,2%,1%,1%,1%,1%,1%,1%,1%,1%,1%,1%,1%,1%,1%,1%,1%,1%,1%,1%,1%,1%,1%,1%,1%,1%,1%,1%,1%,1%,1%,1%,1%,1%,1%,1%,1%,1%,1%,1%,1%,1%,1%,1%,1%,1%,1%,1%,1%
Step Change,VIC,Medium Residential,ICE,89%,86%,82%,79%,76%,73%,70%,67%,64%,61%,58%,54%,51%,48%,44%,41%,38%,35%,32%,29%,26%,23%,20%,17%,14%,11%,8%,6%,3%,0%,0%,0%,0%,0%,0%,0%,0%,0%,0%,0%,0%,0%,0%,0%,0%,0%,0%,0%,0%,0%,0%,0%,0%,0%,0%,0%,0%,0%,0%,0%,0%,0%,0%,0%,0%,0%,0%,0%,0%,0%,0%,0%,0%,0%,0%
Step Change,VIC,Medium Residential,PHEV,1%,1%,2%,2%,2%,2%,2%,2%,2%,2%,2%,2%,2%,2%,2%,2%,3%,3%,3%,3%,3%,3%,3%,3%,3%,3%,3%,3%,3%,3%,4%,4%,4%,4%,4%,4%,4%,4%,4%,4%,4%,4%,4%,4%,4%,4%,4%,4%,4%,4%,4%,4%,4%,4%,4%,4%,4%,4%,4%,4%,4%,4%,4%,4%,4%,4%,4%,4%,4%,4%,4%,4%,4%,4%,4%
Step Change,VIC,Motorcycle,BEV,1%,1%,3%,5%,8%,11%,14%,17%,20%,23%,27%,31%,36%,40%,44%,48%,52%,55%,59%,63%,66%,70%,74%,77%,81%,84%,87%,91%,94%,97%,97%,97%,97%,97%,97%,97%,97%,97%,97%,97%,97%,97%,97%,97%,97%,97%,97%,97%,97%,97%,97%,97%,97%,97%,97%,97%,97%,97%,97%,97%,97%,97%,97%,97%,97%,97%,97%,97%,97%,97%,97%,97%,97%,97%,97%
Step Change,VIC,Motorcycle,FCEV,0%,0%,0%,0%,0%,0%,0%,0%,0%,0%,0%,0%,0%,0%,0%,0%,0%,0%,0%,0%,0%,0%,0%,0%,0%,0%,0%,0%,0%,0%,0%,0%,0%,0%,0%,0%,0%,0%,0%,0%,0%,0%,0%,0%,0%,0%,0%,0%,0%,0%,0%,0%,0%,0%,0%,0%,0%,0%,0%,0%,0%,0%,0%,0%,0%,0%,0%,0%,0%,0%,0%,0%,0%,0%,0%
Step Change,VIC,Motorcycle,Hybrid,0%,0%,0%,0%,0%,0%,0%,0%,0%,0%,0%,0%,0%,0%,0%,0%,0%,0%,0%,0%,0%,0%,0%,0%,0%,0%,0%,0%,0%,0%,0%,0%,0%,0%,0%,0%,0%,0%,0%,0%,0%,0%,0%,0%,0%,0%,0%,0%,0%,0%,0%,0%,0%,0%,0%,0%,0%,0%,0%,0%,0%,0%,0%,0%,0%,0%,0%,0%,0%,0%,0%,0%,0%,0%,0%
Step Change,VIC,Motorcycle,ICE,99%,99%,97%,95%,92%,89%,86%,83%,80%,77%,73%,68%,64%,60%,56%,52%,48%,44%,40%,36%,33%,29%,25%,22%,18%,15%,11%,8%,4%,1%,1%,1%,1%,1%,1%,1%,1%,1%,1%,1%,1%,1%,1%,1%,1%,1%,1%,1%,1%,1%,1%,1%,1%,1%,1%,1%,1%,1%,1%,1%,1%,1%,1%,1%,1%,1%,1%,1%,1%,1%,1%,1%,1%,1%,1%
Step Change,VIC,Motorcycle,PHEV,0%,0%,0%,0%,0%,0%,0%,0%,0%,0%,0%,0%,0%,0%,0%,0%,1%,1%,1%,1%,1%,1%,1%,1%,1%,1%,1%,1%,1%,2%,1%,1%,1%,1%,1%,1%,1%,1%,1%,1%,1%,1%,1%,1%,1%,1%,1%,1%,1%,1%,1%,1%,1%,1%,1%,1%,1%,1%,1%,1%,1%,1%,1%,1%,1%,1%,1%,1%,1%,1%,1%,1%,1%,1%,1%
Step Change,VIC,Rigid Truck,BEV,0%,0%,0%,0%,1%,2%,3%,5%,7%,9%,15%,20%,25%,30%,35%,39%,43%,48%,52%,55%,59%,62%,66%,69%,72%,75%,78%,80%,83%,86%,85%,85%,85%,85%,85%,85%,85%,85%,85%,85%,85%,85%,85%,85%,85%,85%,85%,85%,85%,85%,85%,85%,85%,85%,85%,85%,85%,85%,85%,85%,85%,85%,85%,85%,85%,85%,85%,85%,85%,85%,85%,85%,85%,85%,85%
Step Change,VIC,Rigid Truck,FCEV,0%,0%,0%,0%,0%,0%,0%,0%,0%,0%,1%,1%,1%,2%,2%,2%,2%,3%,3%,3%,3%,4%,4%,4%,4%,4%,5%,5%,5%,5%,5%,5%,5%,5%,5%,5%,5%,5%,5%,5%,5%,5%,5%,5%,5%,5%,5%,5%,5%,5%,5%,5%,5%,5%,5%,5%,5%,5%,5%,5%,5%,5%,5%,5%,5%,5%,5%,5%,5%,5%,5%,5%,5%,5%,5%
Step Change,VIC,Rigid Truck,Hybrid,0%,0%,0%,0%,0%,0%,0%,0%,0%,0%,0%,1%,1%,1%,2%,2%,2%,3%,3%,3%,3%,3%,4%,4%,4%,4%,4%,5%,5%,5%,5%,5%,5%,5%,5%,5%,5%,5%,5%,5%,5%,5%,5%,5%,5%,5%,5%,5%,5%,5%,5%,5%,5%,5%,5%,5%,5%,5%,5%,5%,5%,5%,5%,5%,5%,5%,5%,5%,5%,5%,5%,5%,5%,5%,5%
Step Change,VIC,Rigid Truck,ICE,100%,100%,100%,100%,99%,98%,97%,95%,93%,90%,84%,78%,71%,66%,60%,55%,50%,45%,40%,36%,31%,27%,23%,20%,16%,12%,9%,6%,3%,0%,0%,0%,0%,0%,0%,0%,0%,0%,0%,0%,0%,0%,0%,0%,0%,0%,0%,0%,0%,0%,0%,0%,0%,0%,0%,0%,0%,0%,0%,0%,0%,0%,0%,0%,0%,0%,0%,0%,0%,0%,0%,0%,0%,0%,0%
Step Change,VIC,Rigid Truck,PHEV,0%,0%,0%,0%,0%,0%,0%,0%,0%,0%,0%,1%,1%,1%,2%,2%,2%,2%,3%,3%,3%,3%,3%,4%,4%,4%,4%,4%,4%,5%,5%,5%,5%,5%,5%,5%,5%,5%,5%,5%,5%,5%,5%,5%,5%,5%,5%,5%,5%,5%,5%,5%,5%,5%,5%,5%,5%,5%,5%,5%,5%,5%,5%,5%,5%,5%,5%,5%,5%,5%,5%,5%,5%,5%,5%
Step Change,VIC,Small Light Commercial,BEV,2%,3%,5%,8%,11%,14%,17%,21%,24%,27%,32%,36%,40%,44%,48%,52%,56%,60%,63%,67%,70%,74%,77%,80%,83%,86%,89%,92%,95%,97%,98%,98%,98%,98%,98%,98%,98%,98%,98%,98%,98%,98%,98%,98%,98%,98%,98%,98%,98%,98%,98%,98%,98%,98%,98%,98%,98%,98%,98%,98%,98%,98%,98%,98%,98%,98%,98%,98%,98%,98%,98%,98%,98%,98%,98%
Step Change,VIC,Small Light Commercial,FCEV,0%,0%,0%,0%,0%,0%,0%,0%,0%,0%,0%,0%,0%,0%,0%,0%,0%,0%,0%,0%,0%,0%,0%,0%,0%,0%,0%,0%,0%,0%,0%,0%,0%,0%,0%,0%,0%,0%,0%,0%,0%,0%,0%,0%,0%,0%,0%,0%,0%,0%,0%,0%,0%,0%,0%,0%,0%,0%,0%,0%,0%,0%,0%,0%,0%,0%,0%,0%,0%,0%,0%,0%,0%,0%,0%
Step Change,VIC,Small Light Commercial,Hybrid,0%,0%,0%,0%,0%,0%,0%,0%,0%,0%,0%,0%,0%,0%,0%,0%,0%,0%,1%,1%,1%,1%,1%,1%,1%,1%,1%,1%,1%,1%,1%,1%,1%,1%,1%,1%,1%,1%,1%,1%,1%,1%,1%,1%,1%,1%,1%,1%,1%,1%,1%,1%,1%,1%,1%,1%,1%,1%,1%,1%,1%,1%,1%,1%,1%,1%,1%,1%,1%,1%,1%,1%,1%,1%,1%
Step Change,VIC,Small Light Commercial,ICE,97%,96%,93%,91%,88%,85%,81%,78%,75%,72%,67%,63%,58%,54%,50%,46%,42%,38%,35%,31%,28%,24%,21%,18%,15%,12%,9%,6%,3%,0%,0%,0%,0%,0%,0%,0%,0%,0%,0%,0%,0%,0%,0%,0%,0%,0%,0%,0%,0%,0%,0%,0%,0%,0%,0%,0%,0%,0%,0%,0%,0%,0%,0%,0%,0%,0%,0%,0%,0%,0%,0%,0%,0%,0%,0%
Step Change,VIC,Small Light Commercial,PHEV,1%,1%,1%,1%,1%,1%,1%,1%,1%,1%,1%,1%,1%,1%,1%,1%,1%,1%,1%,1%,1%,1%,1%,1%,1%,1%,1%,1%,1%,2%,1%,1%,1%,1%,1%,1%,1%,1%,1%,1%,1%,1%,1%,1%,1%,1%,1%,1%,1%,1%,1%,1%,1%,1%,1%,1%,1%,1%,1%,1%,1%,1%,1%,1%,1%,1%,1%,1%,1%,1%,1%,1%,1%,1%,1%
Step Change,VIC,Small Residential,BEV,7%,9%,12%,15%,19%,22%,25%,28%,31%,34%,38%,41%,45%,48%,52%,55%,58%,61%,65%,68%,71%,74%,77%,80%,83%,86%,89%,92%,95%,97%,98%,98%,98%,98%,98%,98%,98%,98%,98%,98%,98%,98%,98%,98%,98%,98%,98%,98%,98%,98%,98%,98%,98%,98%,98%,98%,98%,98%,98%,98%,98%,98%,98%,98%,98%,98%,98%,98%,98%,98%,98%,98%,98%,98%,98%
Step Change,VIC,Small Residential,FCEV,0%,0%,0%,0%,0%,0%,0%,0%,0%,0%,0%,0%,0%,0%,0%,0%,0%,0%,0%,0%,0%,0%,0%,0%,0%,0%,0%,0%,0%,0%,0%,0%,0%,0%,0%,0%,0%,0%,0%,0%,0%,0%,0%,0%,0%,0%,0%,0%,0%,0%,0%,0%,0%,0%,0%,0%,0%,0%,0%,0%,0%,0%,0%,0%,0%,0%,0%,0%,0%,0%,0%,0%,0%,0%,0%
Step Change,VIC,Small Residential,Hybrid,0%,0%,0%,0%,0%,0%,0%,0%,0%,0%,0%,0%,0%,0%,0%,0%,0%,0%,0%,1%,1%,1%,1%,1%,1%,1%,1%,1%,1%,1%,1%,1%,1%,1%,1%,1%,1%,1%,1%,1%,1%,1%,1%,1%,1%,1%,1%,1%,1%,1%,1%,1%,1%,1%,1%,1%,1%,1%,1%,1%,1%,1%,1%,1%,1%,1%,1%,1%,1%,1%,1%,1%,1%,1%,1%
Step Change,VIC,Small Residential,ICE,91%,88%,84%,81%,78%,75%,72%,69%,66%,63%,59%,56%,52%,49%,46%,42%,39%,36%,33%,29%,26%,23%,20%,17%,14%,12%,9%,6%,3%,0%,0%,0%,0%,0%,0%,0%,0%,0%,0%,0%,0%,0%,0%,0%,0%,0%,0%,0%,0%,0%,0%,0%,0%,0%,0%,0%,0%,0%,0%,0%,0%,0%,0%,0%,0%,0%,0%,0%,0%,0%,0%,0%,0%,0%,0%
Step Change,VIC,Small Residential,PHEV,2%,3%,3%,4%,3%,3%,3%,3%,3%,3%,3%,3%,3%,3%,3%,2%,2%,2%,2%,2%,2%,2%,2%,2%,2%,2%,2%,2%,2%,2%,1%,1%,1%,1%,1%,1%,1%,1%,1%,1%,1%,1%,1%,1%,1%,1%,1%,1%,1%,1%,1%,1%,1%,1%,1%,1%,1%,1%,1%,1%,1%,1%,1%,1%,1%,1%,1%,1%,1%,1%,1%,1%,1%,1%,1%
Step Change,WEM,Articulated Truck,BEV,0%,0%,0%,0%,2%,4%,6%,8%,11%,13%,19%,24%,29%,33%,38%,42%,46%,49%,53%,57%,60%,63%,66%,69%,71%,74%,76%,79%,81%,83%,83%,83%,83%,83%,83%,83%,83%,83%,83%,83%,83%,83%,83%,83%,83%,83%,83%,83%,83%,83%,83%,83%,83%,83%,83%,83%,83%,83%,83%,83%,83%,83%,83%,83%,83%,83%,83%,83%,83%,83%,83%,83%,83%,83%,83%
Step Change,WEM,Articulated Truck,FCEV,0%,0%,0%,0%,0%,0%,0%,0%,0%,0%,1%,1%,1%,2%,2%,2%,3%,3%,3%,3%,3%,4%,4%,4%,4%,4%,5%,5%,5%,5%,5%,5%,5%,5%,5%,5%,5%,5%,5%,5%,5%,5%,5%,5%,5%,5%,5%,5%,5%,5%,5%,5%,5%,5%,5%,5%,5%,5%,5%,5%,5%,5%,5%,5%,5%,5%,5%,5%,5%,5%,5%,5%,5%,5%,5%
Step Change,WEM,Articulated Truck,Hybrid,0%,0%,0%,0%,0%,0%,0%,0%,0%,0%,0%,0%,0%,0%,0%,0%,0%,0%,0%,0%,0%,0%,0%,0%,0%,0%,0%,0%,0%,0%,0%,0%,0%,0%,0%,0%,0%,0%,0%,0%,0%,0%,0%,0%,0%,0%,0%,0%,0%,0%,0%,0%,0%,0%,0%,0%,0%,0%,0%,0%,0%,0%,0%,0%,0%,0%,0%,0%,0%,0%,0%,0%,0%,0%,0%
Step Change,WEM,Articulated Truck,ICE,100%,100%,100%,100%,98%,96%,94%,91%,89%,86%,80%,75%,70%,65%,60%,55%,51%,47%,43%,39%,35%,32%,29%,26%,23%,20%,17%,15%,12%,10%,10%,10%,10%,10%,10%,10%,10%,10%,10%,10%,10%,10%,10%,10%,10%,10%,10%,10%,10%,10%,10%,10%,10%,10%,10%,10%,10%,10%,10%,10%,10%,10%,10%,10%,10%,10%,10%,10%,10%,10%,10%,10%,10%,10%,10%
Step Change,WEM,Articulated Truck,PHEV,0%,0%,0%,0%,0%,0%,0%,0%,0%,0%,0%,0%,0%,1%,1%,1%,1%,1%,1%,1%,1%,1%,2%,2%,2%,2%,2%,2%,2%,2%,2%,2%,2%,2%,2%,2%,2%,2%,2%,2%,2%,2%,2%,2%,2%,2%,2%,2%,2%,2%,2%,2%,2%,2%,2%,2%,2%,2%,2%,2%,2%,2%,2%,2%,2%,2%,2%,2%,2%,2%,2%,2%,2%,2%,2%
Step Change,WEM,Bus,BEV,1%,0%,1%,1%,2%,2%,4%,5%,7%,8%,13%,18%,22%,27%,31%,35%,39%,44%,48%,52%,56%,59%,63%,67%,71%,74%,78%,81%,85%,89%,88%,88%,88%,88%,88%,88%,88%,88%,88%,88%,88%,88%,88%,88%,88%,88%,88%,88%,88%,88%,88%,88%,88%,88%,88%,88%,88%,88%,88%,88%,88%,88%,88%,88%,88%,88%,88%,88%,88%,88%,88%,88%,88%,88%,88%
Step Change,WEM,Bus,FCEV,0%,0%,0%,0%,0%,0%,0%,0%,0%,0%,1%,1%,1%,1%,2%,2%,2%,2%,3%,3%,3%,3%,4%,4%,4%,4%,4%,5%,5%,5%,5%,5%,5%,5%,5%,5%,5%,5%,5%,5%,5%,5%,5%,5%,5%,5%,5%,5%,5%,5%,5%,5%,5%,5%,5%,5%,5%,5%,5%,5%,5%,5%,5%,5%,5%,5%,5%,5%,5%,5%,5%,5%,5%,5%,5%
Step Change,WEM,Bus,Hybrid,0%,0%,0%,0%,0%,0%,0%,0%,0%,0%,0%,0%,0%,0%,1%,1%,1%,1%,1%,1%,1%,1%,1%,1%,2%,2%,2%,2%,2%,2%,2%,2%,2%,2%,2%,2%,2%,2%,2%,2%,2%,2%,2%,2%,2%,2%,2%,2%,2%,2%,2%,2%,2%,2%,2%,2%,2%,2%,2%,2%,2%,2%,2%,2%,2%,2%,2%,2%,2%,2%,2%,2%,2%,2%,2%
Step Change,WEM,Bus,ICE,99%,100%,99%,99%,98%,97%,96%,95%,93%,91%,86%,80%,75%,70%,65%,60%,56%,51%,46%,42%,37%,33%,29%,25%,20%,16%,12%,8%,4%,0%,0%,0%,0%,0%,0%,0%,0%,0%,0%,0%,0%,0%,0%,0%,0%,0%,0%,0%,0%,0%,0%,0%,0%,0%,0%,0%,0%,0%,0%,0%,0%,0%,0%,0%,0%,0%,0%,0%,0%,0%,0%,0%,0%,0%,0%
Step Change,WEM,Bus,PHEV,0%,0%,0%,0%,0%,0%,0%,0%,0%,0%,0%,1%,1%,1%,1%,2%,2%,2%,2%,2%,3%,3%,3%,3%,4%,4%,4%,4%,4%,4%,5%,5%,5%,5%,5%,5%,5%,5%,5%,5%,5%,5%,5%,5%,5%,5%,5%,5%,5%,5%,5%,5%,5%,5%,5%,5%,5%,5%,5%,5%,5%,5%,5%,5%,5%,5%,5%,5%,5%,5%,5%,5%,5%,5%,5%
Step Change,WEM,Large Light Commercial,BEV,0%,0%,0%,0%,0%,1%,2%,4%,5%,8%,13%,19%,24%,29%,34%,39%,44%,48%,53%,57%,61%,65%,69%,72%,76%,80%,83%,86%,89%,93%,92%,92%,92%,92%,92%,92%,92%,92%,92%,92%,92%,92%,92%,92%,92%,92%,92%,92%,92%,92%,92%,92%,92%,92%,92%,92%,92%,92%,92%,92%,92%,92%,92%,92%,92%,92%,92%,92%,92%,92%,92%,92%,92%,92%,92%
Step Change,WEM,Large Light Commercial,FCEV,0%,0%,0%,0%,0%,0%,0%,0%,0%,0%,0%,0%,0%,0%,0%,0%,0%,0%,0%,0%,0%,0%,0%,0%,0%,0%,0%,0%,0%,0%,0%,0%,0%,0%,0%,0%,0%,0%,0%,0%,0%,0%,0%,0%,0%,0%,0%,0%,0%,0%,0%,0%,0%,0%,0%,0%,0%,0%,0%,0%,0%,0%,0%,0%,0%,0%,0%,0%,0%,0%,0%,0%,0%,0%,0%
Step Change,WEM,Large Light Commercial,Hybrid,0%,1%,1%,1%,2%,2%,3%,3%,3%,3%,3%,3%,3%,3%,2%,2%,2%,2%,2%,2%,2%,2%,2%,1%,1%,1%,1%,1%,1%,1%,1%,1%,1%,1%,1%,1%,1%,1%,1%,1%,1%,1%,1%,1%,1%,1%,1%,1%,1%,1%,1%,1%,1%,1%,1%,1%,1%,1%,1%,1%,1%,1%,1%,1%,1%,1%,1%,1%,1%,1%,1%,1%,1%,1%,1%
Step Change,WEM,Large Light Commercial,ICE,100%,99%,99%,98%,97%,95%,94%,92%,89%,87%,81%,75%,70%,65%,60%,55%,50%,45%,41%,37%,32%,28%,24%,21%,17%,13%,10%,6%,3%,0%,0%,0%,0%,0%,0%,0%,0%,0%,0%,0%,0%,0%,0%,0%,0%,0%,0%,0%,0%,0%,0%,0%,0%,0%,0%,0%,0%,0%,0%,0%,0%,0%,0%,0%,0%,0%,0%,0%,0%,0%,0%,0%,0%,0%,0%
Step Change,WEM,Large Light Commercial,PHEV,0%,0%,0%,1%,1%,1%,2%,2%,2%,2%,3%,3%,3%,3%,4%,4%,4%,4%,5%,5%,5%,5%,5%,6%,6%,6%,6%,6%,6%,6%,7%,7%,7%,7%,7%,7%,7%,7%,7%,7%,7%,7%,7%,7%,7%,7%,7%,7%,7%,7%,7%,7%,7%,7%,7%,7%,7%,7%,7%,7%,7%,7%,7%,7%,7%,7%,7%,7%,7%,7%,7%,7%,7%,7%,7%
Step Change,WEM,Large Residential,BEV,1%,1%,2%,2%,3%,4%,5%,7%,9%,11%,15%,20%,24%,28%,33%,37%,41%,45%,49%,53%,57%,61%,65%,69%,73%,77%,81%,85%,89%,92%,92%,92%,92%,92%,92%,92%,92%,92%,92%,92%,92%,92%,92%,92%,92%,92%,92%,92%,92%,92%,92%,92%,92%,92%,92%,92%,92%,92%,92%,92%,92%,92%,92%,92%,92%,92%,92%,92%,92%,92%,92%,92%,92%,92%,92%
Step Change,WEM,Large Residential,FCEV,0%,0%,0%,0%,0%,0%,0%,0%,0%,0%,0%,0%,0%,0%,0%,0%,0%,0%,0%,0%,0%,0%,0%,0%,0%,0%,0%,0%,0%,0%,0%,0%,0%,0%,0%,0%,0%,0%,0%,0%,0%,0%,0%,0%,0%,0%,0%,0%,0%,0%,0%,0%,0%,0%,0%,0%,0%,0%,0%,0%,0%,0%,0%,0%,0%,0%,0%,0%,0%,0%,0%,0%,0%,0%,0%
Step Change,WEM,Large Residential,Hybrid,6%,7%,8%,9%,10%,10%,10%,10%,10%,10%,9%,9%,8%,8%,7%,7%,7%,6%,6%,5%,5%,4%,4%,3%,3%,3%,2%,2%,1%,1%,1%,1%,1%,1%,1%,1%,1%,1%,1%,1%,1%,1%,1%,1%,1%,1%,1%,1%,1%,1%,1%,1%,1%,1%,1%,1%,1%,1%,1%,1%,1%,1%,1%,1%,1%,1%,1%,1%,1%,1%,1%,1%,1%,1%,1%
Step Change,WEM,Large Residential,ICE,93%,91%,89%,86%,84%,81%,79%,76%,74%,72%,68%,64%,60%,56%,52%,49%,45%,41%,38%,34%,31%,27%,24%,20%,17%,13%,10%,7%,3%,0%,0%,0%,0%,0%,0%,0%,0%,0%,0%,0%,0%,0%,0%,0%,0%,0%,0%,0%,0%,0%,0%,0%,0%,0%,0%,0%,0%,0%,0%,0%,0%,0%,0%,0%,0%,0%,0%,0%,0%,0%,0%,0%,0%,0%,0%
Step Change,WEM,Large Residential,PHEV,0%,1%,1%,2%,4%,5%,6%,7%,7%,8%,8%,8%,7%,7%,7%,7%,7%,7%,7%,7%,7%,7%,7%,7%,7%,7%,7%,7%,7%,6%,7%,7%,7%,7%,7%,7%,7%,7%,7%,7%,7%,7%,7%,7%,7%,7%,7%,7%,7%,7%,7%,7%,7%,7%,7%,7%,7%,7%,7%,7%,7%,7%,7%,7%,7%,7%,7%,7%,7%,7%,7%,7%,7%,7%,7%
Step Change,WEM,Medium Light Commercial,BEV,0%,1%,1%,1%,2%,3%,4%,6%,8%,10%,16%,21%,27%,32%,37%,42%,46%,51%,55%,59%,64%,68%,71%,75%,79%,82%,86%,89%,92%,96%,96%,96%,96%,96%,96%,96%,96%,96%,96%,96%,96%,96%,96%,96%,96%,96%,96%,96%,96%,96%,96%,96%,96%,96%,96%,96%,96%,96%,96%,96%,96%,96%,96%,96%,96%,96%,96%,96%,96%,96%,96%,96%,96%,96%,96%
Step Change,WEM,Medium Light Commercial,FCEV,0%,0%,0%,0%,0%,0%,0%,0%,0%,0%,0%,0%,0%,0%,0%,0%,0%,0%,0%,0%,0%,0%,0%,0%,0%,0%,0%,0%,0%,0%,0%,0%,0%,0%,0%,0%,0%,0%,0%,0%,0%,0%,0%,0%,0%,0%,0%,0%,0%,0%,0%,0%,0%,0%,0%,0%,0%,0%,0%,0%,0%,0%,0%,0%,0%,0%,0%,0%,0%,0%,0%,0%,0%,0%,0%
Step Change,WEM,Medium Light Commercial,Hybrid,0%,1%,1%,2%,2%,3%,3%,3%,3%,3%,3%,3%,3%,3%,2%,2%,2%,2%,2%,2%,2%,2%,2%,2%,1%,1%,1%,1%,1%,1%,1%,1%,1%,1%,1%,1%,1%,1%,1%,1%,1%,1%,1%,1%,1%,1%,1%,1%,1%,1%,1%,1%,1%,1%,1%,1%,1%,1%,1%,1%,1%,1%,1%,1%,1%,1%,1%,1%,1%,1%,1%,1%,1%,1%,1%
Step Change,WEM,Medium Light Commercial,ICE,99%,98%,97%,95%,93%,91%,89%,87%,84%,82%,76%,71%,66%,61%,56%,51%,47%,43%,38%,34%,30%,27%,23%,19%,16%,12%,9%,6%,3%,0%,0%,0%,0%,0%,0%,0%,0%,0%,0%,0%,0%,0%,0%,0%,0%,0%,0%,0%,0%,0%,0%,0%,0%,0%,0%,0%,0%,0%,0%,0%,0%,0%,0%,0%,0%,0%,0%,0%,0%,0%,0%,0%,0%,0%,0%
Step Change,WEM,Medium Light Commercial,PHEV,0%,0%,1%,2%,3%,3%,4%,4%,5%,5%,5%,5%,5%,5%,5%,5%,5%,4%,4%,4%,4%,4%,4%,4%,4%,4%,4%,4%,4%,3%,3%,3%,3%,3%,3%,3%,3%,3%,3%,3%,3%,3%,3%,3%,3%,3%,3%,3%,3%,3%,3%,3%,3%,3%,3%,3%,3%,3%,3%,3%,3%,3%,3%,3%,3%,3%,3%,3%,3%,3%,3%,3%,3%,3%,3%
Step Change,WEM,Medium Residential,BEV,3%,3%,4%,5%,6%,7%,8%,10%,11%,13%,18%,23%,27%,32%,36%,40%,44%,49%,53%,57%,61%,65%,69%,73%,77%,80%,84%,88%,92%,96%,95%,95%,95%,95%,95%,95%,95%,95%,95%,95%,95%,95%,95%,95%,95%,95%,95%,95%,95%,95%,95%,95%,95%,95%,95%,95%,95%,95%,95%,95%,95%,95%,95%,95%,95%,95%,95%,95%,95%,95%,95%,95%,95%,95%,95%
Step Change,WEM,Medium Residential,FCEV,0%,0%,0%,0%,0%,0%,0%,0%,0%,0%,0%,0%,0%,0%,0%,0%,0%,0%,0%,0%,0%,0%,0%,0%,0%,0%,0%,0%,0%,0%,0%,0%,0%,0%,0%,0%,0%,0%,0%,0%,0%,0%,0%,0%,0%,0%,0%,0%,0%,0%,0%,0%,0%,0%,0%,0%,0%,0%,0%,0%,0%,0%,0%,0%,0%,0%,0%,0%,0%,0%,0%,0%,0%,0%,0%
Step Change,WEM,Medium Residential,Hybrid,6%,7%,8%,8%,9%,9%,9%,9%,9%,9%,8%,8%,8%,7%,7%,6%,6%,5%,5%,5%,4%,4%,3%,3%,3%,2%,2%,2%,1%,1%,1%,1%,1%,1%,1%,1%,1%,1%,1%,1%,1%,1%,1%,1%,1%,1%,1%,1%,1%,1%,1%,1%,1%,1%,1%,1%,1%,1%,1%,1%,1%,1%,1%,1%,1%,1%,1%,1%,1%,1%,1%,1%,1%,1%,1%
Step Change,WEM,Medium Residential,ICE,90%,88%,85%,83%,80%,78%,75%,73%,71%,68%,64%,61%,57%,53%,50%,46%,43%,39%,36%,32%,29%,26%,22%,19%,16%,13%,9%,6%,3%,0%,0%,0%,0%,0%,0%,0%,0%,0%,0%,0%,0%,0%,0%,0%,0%,0%,0%,0%,0%,0%,0%,0%,0%,0%,0%,0%,0%,0%,0%,0%,0%,0%,0%,0%,0%,0%,0%,0%,0%,0%,0%,0%,0%,0%,0%
Step Change,WEM,Medium Residential,PHEV,1%,2%,3%,4%,5%,7%,8%,8%,9%,9%,9%,9%,8%,8%,8%,7%,7%,7%,7%,6%,6%,6%,5%,5%,5%,5%,4%,4%,4%,3%,4%,4%,4%,4%,4%,4%,4%,4%,4%,4%,4%,4%,4%,4%,4%,4%,4%,4%,4%,4%,4%,4%,4%,4%,4%,4%,4%,4%,4%,4%,4%,4%,4%,4%,4%,4%,4%,4%,4%,4%,4%,4%,4%,4%,4%
Step Change,WEM,Motorcycle,BEV,1%,1%,2%,3%,4%,6%,7%,9%,12%,14%,19%,23%,28%,33%,37%,42%,46%,50%,54%,59%,63%,67%,71%,75%,78%,82%,86%,90%,94%,98%,97%,97%,97%,97%,97%,97%,97%,97%,97%,97%,97%,97%,97%,97%,97%,97%,97%,97%,97%,97%,97%,97%,97%,97%,97%,97%,97%,97%,97%,97%,97%,97%,97%,97%,97%,97%,97%,97%,97%,97%,97%,97%,97%,97%,97%
Step Change,WEM,Motorcycle,FCEV,0%,0%,0%,0%,0%,0%,0%,0%,0%,0%,0%,0%,0%,0%,0%,0%,0%,0%,0%,0%,0%,0%,0%,0%,0%,0%,0%,0%,0%,0%,0%,0%,0%,0%,0%,0%,0%,0%,0%,0%,0%,0%,0%,0%,0%,0%,0%,0%,0%,0%,0%,0%,0%,0%,0%,0%,0%,0%,0%,0%,0%,0%,0%,0%,0%,0%,0%,0%,0%,0%,0%,0%,0%,0%,0%
Step Change,WEM,Motorcycle,Hybrid,0%,0%,0%,0%,0%,0%,0%,0%,0%,0%,0%,0%,0%,0%,0%,0%,0%,0%,0%,0%,0%,0%,0%,0%,0%,0%,0%,0%,0%,0%,0%,0%,0%,0%,0%,0%,0%,0%,0%,0%,0%,0%,0%,0%,0%,0%,0%,0%,0%,0%,0%,0%,0%,0%,0%,0%,0%,0%,0%,0%,0%,0%,0%,0%,0%,0%,0%,0%,0%,0%,0%,0%,0%,0%,0%
Step Change,WEM,Motorcycle,ICE,99%,99%,98%,97%,96%,94%,93%,91%,88%,86%,81%,76%,72%,67%,62%,58%,54%,49%,45%,41%,36%,32%,28%,24%,20%,16%,12%,9%,5%,1%,1%,1%,1%,1%,1%,1%,1%,1%,1%,1%,1%,1%,1%,1%,1%,1%,1%,1%,1%,1%,1%,1%,1%,1%,1%,1%,1%,1%,1%,1%,1%,1%,1%,1%,1%,1%,1%,1%,1%,1%,1%,1%,1%,1%,1%
Step Change,WEM,Motorcycle,PHEV,0%,0%,0%,0%,0%,0%,0%,0%,0%,0%,0%,0%,0%,0%,0%,0%,1%,1%,1%,1%,1%,1%,1%,1%,1%,1%,1%,1%,1%,1%,2%,2%,2%,2%,2%,2%,2%,2%,2%,2%,2%,2%,2%,2%,2%,2%,2%,2%,2%,2%,2%,2%,2%,2%,2%,2%,2%,2%,2%,2%,2%,2%,2%,2%,2%,2%,2%,2%,2%,2%,2%,2%,2%,2%,2%
Step Change,WEM,Rigid Truck,BEV,0%,0%,0%,0%,0%,1%,2%,4%,5%,8%,13%,19%,24%,30%,34%,39%,44%,48%,52%,56%,59%,63%,66%,69%,72%,75%,78%,81%,83%,85%,85%,85%,85%,85%,85%,85%,85%,85%,85%,85%,85%,85%,85%,85%,85%,85%,85%,85%,85%,85%,85%,85%,85%,85%,85%,85%,85%,85%,85%,85%,85%,85%,85%,85%,85%,85%,85%,85%,85%,85%,85%,85%,85%,85%,85%
Step Change,WEM,Rigid Truck,FCEV,0%,0%,0%,0%,0%,0%,0%,0%,0%,0%,1%,1%,1%,2%,2%,2%,3%,3%,3%,3%,3%,4%,4%,4%,4%,4%,5%,5%,5%,5%,5%,5%,5%,5%,5%,5%,5%,5%,5%,5%,5%,5%,5%,5%,5%,5%,5%,5%,5%,5%,5%,5%,5%,5%,5%,5%,5%,5%,5%,5%,5%,5%,5%,5%,5%,5%,5%,5%,5%,5%,5%,5%,5%,5%,5%
Step Change,WEM,Rigid Truck,Hybrid,0%,0%,0%,0%,0%,0%,0%,0%,0%,0%,0%,1%,1%,1%,2%,2%,2%,3%,3%,3%,3%,4%,4%,4%,4%,4%,5%,5%,5%,5%,5%,5%,5%,5%,5%,5%,5%,5%,5%,5%,5%,5%,5%,5%,5%,5%,5%,5%,5%,5%,5%,5%,5%,5%,5%,5%,5%,5%,5%,5%,5%,5%,5%,5%,5%,5%,5%,5%,5%,5%,5%,5%,5%,5%,5%
Step Change,WEM,Rigid Truck,ICE,100%,100%,100%,100%,100%,99%,98%,96%,94%,92%,85%,78%,72%,66%,60%,55%,50%,45%,40%,35%,31%,27%,23%,19%,16%,12%,9%,6%,3%,0%,0%,0%,0%,0%,0%,0%,0%,0%,0%,0%,0%,0%,0%,0%,0%,0%,0%,0%,0%,0%,0%,0%,0%,0%,0%,0%,0%,0%,0%,0%,0%,0%,0%,0%,0%,0%,0%,0%,0%,0%,0%,0%,0%,0%,0%
Step Change,WEM,Rigid Truck,PHEV,0%,0%,0%,0%,0%,0%,0%,0%,0%,0%,0%,1%,1%,1%,2%,2%,2%,2%,3%,3%,3%,3%,3%,4%,4%,4%,4%,4%,4%,4%,4%,4%,4%,4%,4%,4%,4%,4%,4%,4%,4%,4%,4%,4%,4%,4%,4%,4%,4%,4%,4%,4%,4%,4%,4%,4%,4%,4%,4%,4%,4%,4%,4%,4%,4%,4%,4%,4%,4%,4%,4%,4%,4%,4%,4%
Step Change,WEM,Small Light Commercial,BEV,1%,2%,3%,3%,4%,5%,6%,8%,10%,13%,18%,24%,29%,34%,39%,44%,49%,53%,58%,62%,66%,70%,74%,77%,81%,85%,88%,91%,94%,97%,98%,98%,98%,98%,98%,98%,98%,98%,98%,98%,98%,98%,98%,98%,98%,98%,98%,98%,98%,98%,98%,98%,98%,98%,98%,98%,98%,98%,98%,98%,98%,98%,98%,98%,98%,98%,98%,98%,98%,98%,98%,98%,98%,98%,98%
Step Change,WEM,Small Light Commercial,FCEV,0%,0%,0%,0%,0%,0%,0%,0%,0%,0%,0%,0%,0%,0%,0%,0%,0%,0%,0%,0%,0%,0%,0%,0%,0%,0%,0%,0%,0%,0%,0%,0%,0%,0%,0%,0%,0%,0%,0%,0%,0%,0%,0%,0%,0%,0%,0%,0%,0%,0%,0%,0%,0%,0%,0%,0%,0%,0%,0%,0%,0%,0%,0%,0%,0%,0%,0%,0%,0%,0%,0%,0%,0%,0%,0%
Step Change,WEM,Small Light Commercial,Hybrid,0%,0%,0%,0%,0%,0%,0%,0%,0%,0%,0%,0%,0%,0%,0%,0%,0%,0%,1%,1%,1%,1%,1%,1%,1%,1%,1%,1%,1%,1%,1%,1%,1%,1%,1%,1%,1%,1%,1%,1%,1%,1%,1%,1%,1%,1%,1%,1%,1%,1%,1%,1%,1%,1%,1%,1%,1%,1%,1%,1%,1%,1%,1%,1%,1%,1%,1%,1%,1%,1%,1%,1%,1%,1%,1%
Step Change,WEM,Small Light Commercial,ICE,98%,97%,96%,94%,92%,90%,87%,85%,82%,79%,74%,69%,64%,59%,54%,50%,46%,41%,37%,33%,30%,26%,22%,19%,15%,12%,9%,6%,3%,0%,0%,0%,0%,0%,0%,0%,0%,0%,0%,0%,0%,0%,0%,0%,0%,0%,0%,0%,0%,0%,0%,0%,0%,0%,0%,0%,0%,0%,0%,0%,0%,0%,0%,0%,0%,0%,0%,0%,0%,0%,0%,0%,0%,0%,0%
Step Change,WEM,Small Light Commercial,PHEV,0%,1%,2%,3%,4%,5%,6%,7%,8%,8%,8%,7%,7%,6%,6%,6%,5%,5%,5%,4%,4%,4%,3%,3%,3%,3%,2%,2%,2%,2%,1%,1%,1%,1%,1%,1%,1%,1%,1%,1%,1%,1%,1%,1%,1%,1%,1%,1%,1%,1%,1%,1%,1%,1%,1%,1%,1%,1%,1%,1%,1%,1%,1%,1%,1%,1%,1%,1%,1%,1%,1%,1%,1%,1%,1%
Step Change,WEM,Small Residential,BEV,6%,7%,8%,9%,9%,9%,10%,11%,12%,14%,19%,23%,28%,32%,37%,41%,46%,50%,54%,58%,62%,66%,70%,74%,78%,82%,86%,90%,94%,97%,98%,98%,98%,98%,98%,98%,98%,98%,98%,98%,98%,98%,98%,98%,98%,98%,98%,98%,98%,98%,98%,98%,98%,98%,98%,98%,98%,98%,98%,98%,98%,98%,98%,98%,98%,98%,98%,98%,98%,98%,98%,98%,98%,98%,98%
Step Change,WEM,Small Residential,FCEV,0%,0%,0%,0%,0%,0%,0%,0%,0%,0%,0%,0%,0%,0%,0%,0%,0%,0%,0%,0%,0%,0%,0%,0%,0%,0%,0%,0%,0%,0%,0%,0%,0%,0%,0%,0%,0%,0%,0%,0%,0%,0%,0%,0%,0%,0%,0%,0%,0%,0%,0%,0%,0%,0%,0%,0%,0%,0%,0%,0%,0%,0%,0%,0%,0%,0%,0%,0%,0%,0%,0%,0%,0%,0%,0%
Step Change,WEM,Small Residential,Hybrid,0%,0%,0%,0%,0%,0%,0%,0%,0%,0%,0%,0%,0%,0%,0%,0%,0%,0%,0%,1%,1%,1%,1%,1%,1%,1%,1%,1%,1%,1%,1%,1%,1%,1%,1%,1%,1%,1%,1%,1%,1%,1%,1%,1%,1%,1%,1%,1%,1%,1%,1%,1%,1%,1%,1%,1%,1%,1%,1%,1%,1%,1%,1%,1%,1%,1%,1%,1%,1%,1%,1%,1%,1%,1%,1%
Step Change,WEM,Small Residential,ICE,92%,89%,87%,85%,84%,82%,81%,79%,77%,75%,70%,66%,62%,58%,54%,50%,46%,43%,39%,35%,31%,28%,24%,21%,17%,14%,10%,7%,3%,0%,0%,0%,0%,0%,0%,0%,0%,0%,0%,0%,0%,0%,0%,0%,0%,0%,0%,0%,0%,0%,0%,0%,0%,0%,0%,0%,0%,0%,0%,0%,0%,0%,0%,0%,0%,0%,0%,0%,0%,0%,0%,0%,0%,0%,0%
Step Change,WEM,Small Residential,PHEV,2%,3%,4%,6%,7%,9%,10%,10%,11%,11%,11%,10%,10%,9%,9%,8%,8%,7%,7%,6%,6%,5%,5%,4%,4%,3%,3%,2%,2%,2%,1%,1%,1%,1%,1%,1%,1%,1%,1%,1%,1%,1%,1%,1%,1%,1%,1%,1%,1%,1%,1%,1%,1%,1%,1%,1%,1%,1%,1%,1%,1%,1%,1%,1%,1%,1%,1%,1%,1%,1%,1%,1%,1%,1%,1%
Accelerated Transition,New South Wales,Articulated Truck,BEV,0%,0%,0%,5%,12%,17%,22%,27%,30%,33%,36%,39%,41%,44%,46%,48%,49%,51%,53%,54%,55%,56%,57%,58%,59%,59%,59%,59%,59%,59%,59%,59%,59%,59%,59%,59%,59%,59%,59%,59%,59%,59%,59%,59%,59%,59%,59%,59%,59%,59%,59%,59%,59%,59%,59%,59%,59%,59%,59%,59%,59%,59%,59%,59%,59%,59%,59%,59%,59%,59%,59%,59%,59%,59%,59%
Accelerated Transition,New South Wales,Articulated Truck,FCEV,0%,0%,0%,0%,0%,0%,1%,2%,4%,5%,7%,8%,10%,11%,12%,13%,14%,15%,16%,17%,18%,18%,19%,19%,20%,20%,20%,20%,20%,20%,20%,20%,20%,20%,20%,20%,20%,20%,20%,20%,20%,20%,20%,20%,20%,20%,20%,20%,20%,20%,20%,20%,20%,20%,20%,20%,20%,20%,20%,20%,20%,20%,20%,20%,20%,20%,20%,20%,20%,20%,20%,20%,20%,20%,20%
Accelerated Transition,New South Wales,Articulated Truck,Hybrid,0%,0%,0%,0%,0%,0%,0%,0%,0%,0%,0%,0%,0%,0%,0%,0%,0%,0%,0%,0%,0%,0%,0%,0%,0%,0%,0%,0%,0%,0%,0%,0%,0%,0%,0%,0%,0%,0%,0%,0%,0%,0%,0%,0%,0%,0%,0%,0%,0%,0%,0%,0%,0%,0%,0%,0%,0%,0%,0%,0%,0%,0%,0%,0%,0%,0%,0%,0%,0%,0%,0%,0%,0%,0%,0%
Accelerated Transition,New South Wales,Articulated Truck,ICE,100%,100%,100%,95%,88%,82%,77%,72%,66%,61%,57%,53%,49%,45%,42%,38%,36%,33%,31%,28%,26%,25%,23%,21%,20%,20%,20%,20%,20%,20%,20%,20%,20%,20%,20%,20%,20%,20%,20%,20%,20%,20%,20%,20%,20%,20%,20%,20%,20%,20%,20%,20%,20%,20%,20%,20%,20%,20%,20%,20%,20%,20%,20%,20%,20%,20%,20%,20%,20%,20%,20%,20%,20%,20%,20%
Accelerated Transition,New South Wales,Articulated Truck,PHEV,0%,0%,0%,0%,0%,0%,0%,0%,0%,0%,0%,0%,0%,1%,1%,1%,1%,1%,1%,1%,1%,1%,1%,1%,1%,1%,1%,1%,1%,1%,1%,1%,1%,1%,1%,1%,1%,1%,1%,1%,1%,1%,1%,1%,1%,1%,1%,1%,1%,1%,1%,1%,1%,1%,1%,1%,1%,1%,1%,1%,1%,1%,1%,1%,1%,1%,1%,1%,1%,1%,1%,1%,1%,1%,1%
Accelerated Transition,New South Wales,Bus,BEV,1%,2%,4%,6%,9%,15%,20%,26%,30%,34%,38%,42%,46%,49%,53%,56%,60%,63%,66%,69%,72%,75%,78%,81%,84%,84%,84%,84%,84%,84%,84%,84%,84%,84%,84%,84%,84%,84%,84%,84%,84%,84%,84%,84%,84%,84%,84%,84%,84%,84%,84%,84%,84%,84%,84%,84%,84%,84%,84%,84%,84%,84%,84%,84%,84%,84%,84%,84%,84%,84%,84%,84%,84%,84%,84%
Accelerated Transition,New South Wales,Bus,FCEV,0%,0%,0%,1%,1%,1%,2%,2%,3%,3%,4%,4%,5%,5%,6%,6%,7%,7%,8%,8%,8%,9%,9%,10%,10%,10%,10%,10%,10%,10%,10%,10%,10%,10%,10%,10%,10%,10%,10%,10%,10%,10%,10%,10%,10%,10%,10%,10%,10%,10%,10%,10%,10%,10%,10%,10%,10%,10%,10%,10%,10%,10%,10%,10%,10%,10%,10%,10%,10%,10%,10%,10%,10%,10%,10%
Accelerated Transition,New South Wales,Bus,Hybrid,0%,0%,0%,0%,0%,0%,0%,0%,0%,0%,0%,1%,1%,1%,1%,1%,1%,1%,1%,1%,2%,2%,2%,2%,2%,2%,2%,2%,2%,2%,2%,2%,2%,2%,2%,2%,2%,2%,2%,2%,2%,2%,2%,2%,2%,2%,2%,2%,2%,2%,2%,2%,2%,2%,2%,2%,2%,2%,2%,2%,2%,2%,2%,2%,2%,2%,2%,2%,2%,2%,2%,2%,2%,2%,2%
Accelerated Transition,New South Wales,Bus,ICE,99%,98%,96%,94%,90%,84%,78%,72%,66%,61%,56%,52%,47%,43%,38%,34%,30%,26%,22%,18%,14%,11%,7%,3%,0%,0%,0%,0%,0%,0%,0%,0%,0%,0%,0%,0%,0%,0%,0%,0%,0%,0%,0%,0%,0%,0%,0%,0%,0%,0%,0%,0%,0%,0%,0%,0%,0%,0%,0%,0%,0%,0%,0%,0%,0%,0%,0%,0%,0%,0%,0%,0%,0%,0%,0%
Accelerated Transition,New South Wales,Bus,PHEV,0%,0%,0%,0%,0%,0%,0%,0%,1%,1%,1%,1%,2%,2%,2%,2%,2%,3%,3%,3%,3%,3%,4%,4%,4%,4%,4%,4%,4%,4%,4%,4%,4%,4%,4%,4%,4%,4%,4%,4%,4%,4%,4%,4%,4%,4%,4%,4%,4%,4%,4%,4%,4%,4%,4%,4%,4%,4%,4%,4%,4%,4%,4%,4%,4%,4%,4%,4%,4%,4%,4%,4%,4%,4%,4%
Accelerated Transition,New South Wales,Large Light Commercial,BEV,0%,0%,0%,1%,1%,2%,5%,9%,16%,23%,29%,36%,41%,47%,52%,57%,62%,67%,71%,75%,79%,83%,86%,90%,93%,93%,93%,93%,93%,93%,93%,93%,93%,93%,93%,93%,93%,93%,93%,93%,93%,93%,93%,93%,93%,93%,93%,93%,93%,93%,93%,93%,93%,93%,93%,93%,93%,93%,93%,93%,93%,93%,93%,93%,93%,93%,93%,93%,93%,93%,93%,93%,93%,93%,93%
Accelerated Transition,New South Wales,Large Light Commercial,FCEV,0%,0%,0%,0%,0%,0%,0%,0%,0%,0%,0%,0%,0%,0%,0%,0%,0%,0%,0%,0%,0%,0%,0%,0%,0%,0%,0%,0%,0%,0%,0%,0%,0%,0%,0%,0%,0%,0%,0%,0%,0%,0%,0%,0%,0%,0%,0%,0%,0%,0%,0%,0%,0%,0%,0%,0%,0%,0%,0%,0%,0%,0%,0%,0%,0%,0%,0%,0%,0%,0%,0%,0%,0%,0%,0%
Accelerated Transition,New South Wales,Large Light Commercial,Hybrid,1%,1%,2%,2%,3%,3%,3%,3%,3%,3%,3%,3%,2%,2%,2%,2%,2%,2%,2%,2%,1%,1%,1%,1%,1%,1%,1%,1%,1%,1%,1%,1%,1%,1%,1%,1%,1%,1%,1%,1%,1%,1%,1%,1%,1%,1%,1%,1%,1%,1%,1%,1%,1%,1%,1%,1%,1%,1%,1%,1%,1%,1%,1%,1%,1%,1%,1%,1%,1%,1%,1%,1%,1%,1%,1%
Accelerated Transition,New South Wales,Large Light Commercial,ICE,99%,99%,98%,97%,95%,93%,89%,85%,78%,71%,64%,58%,52%,47%,41%,36%,31%,27%,22%,18%,14%,10%,7%,3%,0%,0%,0%,0%,0%,0%,0%,0%,0%,0%,0%,0%,0%,0%,0%,0%,0%,0%,0%,0%,0%,0%,0%,0%,0%,0%,0%,0%,0%,0%,0%,0%,0%,0%,0%,0%,0%,0%,0%,0%,0%,0%,0%,0%,0%,0%,0%,0%,0%,0%,0%
Accelerated Transition,New South Wales,Large Light Commercial,PHEV,0%,0%,0%,1%,1%,2%,2%,2%,3%,3%,3%,4%,4%,4%,4%,4%,5%,5%,5%,5%,5%,6%,6%,6%,6%,6%,6%,6%,6%,6%,6%,6%,6%,6%,6%,6%,6%,6%,6%,6%,6%,6%,6%,6%,6%,6%,6%,6%,6%,6%,6%,6%,6%,6%,6%,6%,6%,6%,6%,6%,6%,6%,6%,6%,6%,6%,6%,6%,6%,6%,6%,6%,6%,6%,6%
Accelerated Transition,New South Wales,Large Residential,BEV,1%,2%,2%,3%,5%,7%,9%,12%,18%,23%,28%,33%,38%,43%,48%,53%,57%,62%,66%,71%,75%,79%,84%,88%,93%,93%,93%,93%,93%,93%,93%,93%,93%,93%,93%,93%,93%,93%,93%,93%,93%,93%,93%,93%,93%,93%,93%,93%,93%,93%,93%,93%,93%,93%,93%,93%,93%,93%,93%,93%,93%,93%,93%,93%,93%,93%,93%,93%,93%,93%,93%,93%,93%,93%,93%
Accelerated Transition,New South Wales,Large Residential,FCEV,0%,0%,0%,0%,0%,0%,0%,0%,0%,0%,0%,0%,0%,0%,0%,0%,0%,0%,0%,0%,0%,0%,0%,0%,0%,0%,0%,0%,0%,0%,0%,0%,0%,0%,0%,0%,0%,0%,0%,0%,0%,0%,0%,0%,0%,0%,0%,0%,0%,0%,0%,0%,0%,0%,0%,0%,0%,0%,0%,0%,0%,0%,0%,0%,0%,0%,0%,0%,0%,0%,0%,0%,0%,0%,0%
Accelerated Transition,New South Wales,Large Residential,Hybrid,8%,10%,11%,12%,13%,13%,12%,12%,11%,10%,10%,9%,8%,8%,7%,6%,6%,5%,4%,4%,3%,3%,2%,2%,1%,1%,1%,1%,1%,1%,1%,1%,1%,1%,1%,1%,1%,1%,1%,1%,1%,1%,1%,1%,1%,1%,1%,1%,1%,1%,1%,1%,1%,1%,1%,1%,1%,1%,1%,1%,1%,1%,1%,1%,1%,1%,1%,1%,1%,1%,1%,1%,1%,1%,1%
Accelerated Transition,New South Wales,Large Residential,ICE,91%,88%,85%,81%,78%,75%,72%,68%,64%,59%,55%,51%,46%,42%,38%,34%,31%,27%,23%,19%,16%,12%,8%,4%,0%,0%,0%,0%,0%,0%,0%,0%,0%,0%,0%,0%,0%,0%,0%,0%,0%,0%,0%,0%,0%,0%,0%,0%,0%,0%,0%,0%,0%,0%,0%,0%,0%,0%,0%,0%,0%,0%,0%,0%,0%,0%,0%,0%,0%,0%,0%,0%,0%,0%,0%
Accelerated Transition,New South Wales,Large Residential,PHEV,0%,1%,2%,3%,5%,6%,7%,7%,7%,7%,7%,7%,7%,7%,7%,7%,7%,6%,6%,6%,6%,6%,6%,6%,6%,6%,6%,6%,6%,6%,6%,6%,6%,6%,6%,6%,6%,6%,6%,6%,6%,6%,6%,6%,6%,6%,6%,6%,6%,6%,6%,6%,6%,6%,6%,6%,6%,6%,6%,6%,6%,6%,6%,6%,6%,6%,6%,6%,6%,6%,6%,6%,6%,6%,6%
Accelerated Transition,New South Wales,Medium Light Commercial,BEV,1%,1%,2%,2%,3%,5%,8%,12%,19%,26%,32%,38%,44%,50%,55%,60%,65%,70%,74%,78%,82%,86%,89%,93%,96%,96%,96%,96%,96%,96%,96%,96%,96%,96%,96%,96%,96%,96%,96%,96%,96%,96%,96%,96%,96%,96%,96%,96%,96%,96%,96%,96%,96%,96%,96%,96%,96%,96%,96%,96%,96%,96%,96%,96%,96%,96%,96%,96%,96%,96%,96%,96%,96%,96%,96%
Accelerated Transition,New South Wales,Medium Light Commercial,FCEV,0%,0%,0%,0%,0%,0%,0%,0%,0%,0%,0%,0%,0%,0%,0%,0%,0%,0%,0%,0%,0%,0%,0%,0%,0%,0%,0%,0%,0%,0%,0%,0%,0%,0%,0%,0%,0%,0%,0%,0%,0%,0%,0%,0%,0%,0%,0%,0%,0%,0%,0%,0%,0%,0%,0%,0%,0%,0%,0%,0%,0%,0%,0%,0%,0%,0%,0%,0%,0%,0%,0%,0%,0%,0%,0%
Accelerated Transition,New South Wales,Medium Light Commercial,Hybrid,1%,1%,2%,2%,3%,3%,3%,3%,3%,3%,3%,3%,2%,2%,2%,2%,2%,2%,2%,2%,1%,1%,1%,1%,1%,1%,1%,1%,1%,1%,1%,1%,1%,1%,1%,1%,1%,1%,1%,1%,1%,1%,1%,1%,1%,1%,1%,1%,1%,1%,1%,1%,1%,1%,1%,1%,1%,1%,1%,1%,1%,1%,1%,1%,1%,1%,1%,1%,1%,1%,1%,1%,1%,1%,1%
Accelerated Transition,New South Wales,Medium Light Commercial,ICE,98%,97%,95%,93%,90%,87%,84%,80%,73%,66%,60%,55%,49%,44%,39%,34%,29%,25%,21%,17%,13%,10%,6%,3%,0%,0%,0%,0%,0%,0%,0%,0%,0%,0%,0%,0%,0%,0%,0%,0%,0%,0%,0%,0%,0%,0%,0%,0%,0%,0%,0%,0%,0%,0%,0%,0%,0%,0%,0%,0%,0%,0%,0%,0%,0%,0%,0%,0%,0%,0%,0%,0%,0%,0%,0%
Accelerated Transition,New South Wales,Medium Light Commercial,PHEV,0%,1%,1%,2%,3%,4%,5%,5%,5%,5%,5%,5%,4%,4%,4%,4%,4%,4%,4%,4%,3%,3%,3%,3%,3%,3%,3%,3%,3%,3%,3%,3%,3%,3%,3%,3%,3%,3%,3%,3%,3%,3%,3%,3%,3%,3%,3%,3%,3%,3%,3%,3%,3%,3%,3%,3%,3%,3%,3%,3%,3%,3%,3%,3%,3%,3%,3%,3%,3%,3%,3%,3%,3%,3%,3%
Accelerated Transition,New South Wales,Medium Residential,BEV,3%,5%,6%,7%,8%,10%,13%,16%,22%,27%,32%,37%,42%,47%,52%,56%,61%,65%,70%,74%,78%,83%,87%,92%,96%,96%,96%,96%,96%,96%,96%,96%,96%,96%,96%,96%,96%,96%,96%,96%,96%,96%,96%,96%,96%,96%,96%,96%,96%,96%,96%,96%,96%,96%,96%,96%,96%,96%,96%,96%,96%,96%,96%,96%,96%,96%,96%,96%,96%,96%,96%,96%,96%,96%,96%
Accelerated Transition,New South Wales,Medium Residential,FCEV,0%,0%,0%,0%,0%,0%,0%,0%,0%,0%,0%,0%,0%,0%,0%,0%,0%,0%,0%,0%,0%,0%,0%,0%,0%,0%,0%,0%,0%,0%,0%,0%,0%,0%,0%,0%,0%,0%,0%,0%,0%,0%,0%,0%,0%,0%,0%,0%,0%,0%,0%,0%,0%,0%,0%,0%,0%,0%,0%,0%,0%,0%,0%,0%,0%,0%,0%,0%,0%,0%,0%,0%,0%,0%,0%
Accelerated Transition,New South Wales,Medium Residential,Hybrid,8%,9%,11%,11%,11%,11%,11%,11%,10%,9%,9%,8%,7%,7%,6%,6%,5%,5%,4%,3%,3%,2%,2%,1%,1%,1%,1%,1%,1%,1%,1%,1%,1%,1%,1%,1%,1%,1%,1%,1%,1%,1%,1%,1%,1%,1%,1%,1%,1%,1%,1%,1%,1%,1%,1%,1%,1%,1%,1%,1%,1%,1%,1%,1%,1%,1%,1%,1%,1%,1%,1%,1%,1%,1%,1%
Accelerated Transition,New South Wales,Medium Residential,ICE,87%,84%,80%,77%,74%,70%,67%,64%,60%,55%,51%,47%,43%,39%,36%,32%,28%,25%,21%,18%,14%,11%,7%,4%,0%,0%,0%,0%,0%,0%,0%,0%,0%,0%,0%,0%,0%,0%,0%,0%,0%,0%,0%,0%,0%,0%,0%,0%,0%,0%,0%,0%,0%,0%,0%,0%,0%,0%,0%,0%,0%,0%,0%,0%,0%,0%,0%,0%,0%,0%,0%,0%,0%,0%,0%
Accelerated Transition,New South Wales,Medium Residential,PHEV,1%,2%,3%,5%,7%,8%,9%,9%,9%,8%,8%,8%,7%,7%,6%,6%,6%,5%,5%,5%,4%,4%,4%,3%,3%,3%,3%,3%,3%,3%,3%,3%,3%,3%,3%,3%,3%,3%,3%,3%,3%,3%,3%,3%,3%,3%,3%,3%,3%,3%,3%,3%,3%,3%,3%,3%,3%,3%,3%,3%,3%,3%,3%,3%,3%,3%,3%,3%,3%,3%,3%,3%,3%,3%,3%
Accelerated Transition,New South Wales,Motorcycle,BEV,1%,1%,3%,4%,6%,8%,11%,15%,21%,27%,32%,38%,43%,48%,53%,58%,63%,68%,72%,77%,81%,86%,90%,94%,98%,98%,98%,98%,98%,98%,98%,98%,98%,98%,98%,98%,98%,98%,98%,98%,98%,98%,98%,98%,98%,98%,98%,98%,98%,98%,98%,98%,98%,98%,98%,98%,98%,98%,98%,98%,98%,98%,98%,98%,98%,98%,98%,98%,98%,98%,98%,98%,98%,98%,98%
Accelerated Transition,New South Wales,Motorcycle,FCEV,0%,0%,0%,0%,0%,0%,0%,0%,0%,0%,0%,0%,0%,0%,0%,0%,0%,0%,0%,0%,0%,0%,0%,0%,0%,0%,0%,0%,0%,0%,0%,0%,0%,0%,0%,0%,0%,0%,0%,0%,0%,0%,0%,0%,0%,0%,0%,0%,0%,0%,0%,0%,0%,0%,0%,0%,0%,0%,0%,0%,0%,0%,0%,0%,0%,0%,0%,0%,0%,0%,0%,0%,0%,0%,0%
Accelerated Transition,New South Wales,Motorcycle,Hybrid,0%,0%,0%,0%,0%,0%,0%,0%,0%,0%,0%,0%,0%,0%,0%,0%,0%,0%,0%,0%,0%,0%,0%,0%,0%,0%,0%,0%,0%,0%,0%,0%,0%,0%,0%,0%,0%,0%,0%,0%,0%,0%,0%,0%,0%,0%,0%,0%,0%,0%,0%,0%,0%,0%,0%,0%,0%,0%,0%,0%,0%,0%,0%,0%,0%,0%,0%,0%,0%,0%,0%,0%,0%,0%,0%
Accelerated Transition,New South Wales,Motorcycle,ICE,99%,99%,97%,96%,94%,92%,89%,85%,79%,73%,68%,62%,57%,52%,46%,41%,36%,32%,27%,22%,18%,13%,9%,5%,1%,1%,1%,1%,1%,1%,1%,1%,1%,1%,1%,1%,1%,1%,1%,1%,1%,1%,1%,1%,1%,1%,1%,1%,1%,1%,1%,1%,1%,1%,1%,1%,1%,1%,1%,1%,1%,1%,1%,1%,1%,1%,1%,1%,1%,1%,1%,1%,1%,1%,1%
Accelerated Transition,New South Wales,Motorcycle,PHEV,0%,0%,0%,0%,0%,0%,0%,0%,0%,0%,0%,0%,0%,0%,0%,1%,1%,1%,1%,1%,1%,1%,1%,1%,1%,1%,1%,1%,1%,1%,1%,1%,1%,1%,1%,1%,1%,1%,1%,1%,1%,1%,1%,1%,1%,1%,1%,1%,1%,1%,1%,1%,1%,1%,1%,1%,1%,1%,1%,1%,1%,1%,1%,1%,1%,1%,1%,1%,1%,1%,1%,1%,1%,1%,1%
Accelerated Transition,New South Wales,Rigid Truck,BEV,0%,0%,0%,1%,1%,3%,7%,12%,19%,25%,31%,37%,42%,47%,51%,55%,59%,63%,66%,69%,72%,74%,77%,79%,81%,81%,81%,81%,81%,81%,81%,81%,81%,81%,81%,81%,81%,81%,81%,81%,81%,81%,81%,81%,81%,81%,81%,81%,81%,81%,81%,81%,81%,81%,81%,81%,81%,81%,81%,81%,81%,81%,81%,81%,81%,81%,81%,81%,81%,81%,81%,81%,81%,81%,81%
Accelerated Transition,New South Wales,Rigid Truck,FCEV,0%,0%,0%,0%,0%,0%,0%,1%,2%,3%,3%,4%,5%,5%,6%,7%,7%,8%,8%,8%,9%,9%,9%,10%,10%,10%,10%,10%,10%,10%,10%,10%,10%,10%,10%,10%,10%,10%,10%,10%,10%,10%,10%,10%,10%,10%,10%,10%,10%,10%,10%,10%,10%,10%,10%,10%,10%,10%,10%,10%,10%,10%,10%,10%,10%,10%,10%,10%,10%,10%,10%,10%,10%,10%,10%
Accelerated Transition,New South Wales,Rigid Truck,Hybrid,0%,0%,0%,0%,0%,0%,0%,0%,0%,1%,1%,2%,2%,2%,3%,3%,3%,4%,4%,4%,4%,5%,5%,5%,5%,5%,5%,5%,5%,5%,5%,5%,5%,5%,5%,5%,5%,5%,5%,5%,5%,5%,5%,5%,5%,5%,5%,5%,5%,5%,5%,5%,5%,5%,5%,5%,5%,5%,5%,5%,5%,5%,5%,5%,5%,5%,5%,5%,5%,5%,5%,5%,5%,5%,5%
Accelerated Transition,New South Wales,Rigid Truck,ICE,100%,100%,100%,99%,99%,97%,93%,86%,78%,70%,63%,56%,49%,43%,38%,33%,28%,23%,19%,15%,12%,8%,5%,3%,0%,0%,0%,0%,0%,0%,0%,0%,0%,0%,0%,0%,0%,0%,0%,0%,0%,0%,0%,0%,0%,0%,0%,0%,0%,0%,0%,0%,0%,0%,0%,0%,0%,0%,0%,0%,0%,0%,0%,0%,0%,0%,0%,0%,0%,0%,0%,0%,0%,0%,0%
Accelerated Transition,New South Wales,Rigid Truck,PHEV,0%,0%,0%,0%,0%,0%,0%,0%,1%,1%,1%,2%,2%,2%,2%,3%,3%,3%,3%,3%,4%,4%,4%,4%,4%,4%,4%,4%,4%,4%,4%,4%,4%,4%,4%,4%,4%,4%,4%,4%,4%,4%,4%,4%,4%,4%,4%,4%,4%,4%,4%,4%,4%,4%,4%,4%,4%,4%,4%,4%,4%,4%,4%,4%,4%,4%,4%,4%,4%,4%,4%,4%,4%,4%,4%
Accelerated Transition,New South Wales,Small Light Commercial,BEV,2%,3%,4%,5%,6%,8%,11%,15%,22%,29%,35%,41%,47%,53%,58%,63%,68%,72%,76%,80%,84%,88%,92%,95%,98%,98%,98%,98%,98%,98%,98%,98%,98%,98%,98%,98%,98%,98%,98%,98%,98%,98%,98%,98%,98%,98%,98%,98%,98%,98%,98%,98%,98%,98%,98%,98%,98%,98%,98%,98%,98%,98%,98%,98%,98%,98%,98%,98%,98%,98%,98%,98%,98%,98%,98%
Accelerated Transition,New South Wales,Small Light Commercial,FCEV,0%,0%,0%,0%,0%,0%,0%,0%,0%,0%,0%,0%,0%,0%,0%,0%,0%,0%,0%,0%,0%,0%,0%,0%,0%,0%,0%,0%,0%,0%,0%,0%,0%,0%,0%,0%,0%,0%,0%,0%,0%,0%,0%,0%,0%,0%,0%,0%,0%,0%,0%,0%,0%,0%,0%,0%,0%,0%,0%,0%,0%,0%,0%,0%,0%,0%,0%,0%,0%,0%,0%,0%,0%,0%,0%
Accelerated Transition,New South Wales,Small Light Commercial,Hybrid,0%,0%,0%,0%,0%,0%,0%,0%,0%,0%,0%,0%,0%,0%,1%,1%,1%,1%,1%,1%,1%,1%,1%,1%,1%,1%,1%,1%,1%,1%,1%,1%,1%,1%,1%,1%,1%,1%,1%,1%,1%,1%,1%,1%,1%,1%,1%,1%,1%,1%,1%,1%,1%,1%,1%,1%,1%,1%,1%,1%,1%,1%,1%,1%,1%,1%,1%,1%,1%,1%,1%,1%,1%,1%,1%
Accelerated Transition,New South Wales,Small Light Commercial,ICE,97%,96%,93%,91%,88%,85%,81%,76%,70%,64%,58%,52%,47%,42%,37%,32%,28%,24%,20%,16%,13%,9%,6%,3%,0%,0%,0%,0%,0%,0%,0%,0%,0%,0%,0%,0%,0%,0%,0%,0%,0%,0%,0%,0%,0%,0%,0%,0%,0%,0%,0%,0%,0%,0%,0%,0%,0%,0%,0%,0%,0%,0%,0%,0%,0%,0%,0%,0%,0%,0%,0%,0%,0%,0%,0%
Accelerated Transition,New South Wales,Small Light Commercial,PHEV,1%,1%,3%,4%,6%,7%,8%,8%,8%,7%,7%,6%,6%,5%,5%,4%,4%,3%,3%,3%,2%,2%,2%,1%,1%,1%,1%,1%,1%,1%,1%,1%,1%,1%,1%,1%,1%,1%,1%,1%,1%,1%,1%,1%,1%,1%,1%,1%,1%,1%,1%,1%,1%,1%,1%,1%,1%,1%,1%,1%,1%,1%,1%,1%,1%,1%,1%,1%,1%,1%,1%,1%,1%,1%,1%
Accelerated Transition,New South Wales,Small Residential,BEV,8%,10%,11%,12%,12%,13%,15%,18%,24%,29%,34%,39%,44%,49%,54%,59%,63%,68%,72%,77%,81%,85%,89%,94%,98%,98%,98%,98%,98%,98%,98%,98%,98%,98%,98%,98%,98%,98%,98%,98%,98%,98%,98%,98%,98%,98%,98%,98%,98%,98%,98%,98%,98%,98%,98%,98%,98%,98%,98%,98%,98%,98%,98%,98%,98%,98%,98%,98%,98%,98%,98%,98%,98%,98%,98%
Accelerated Transition,New South Wales,Small Residential,FCEV,0%,0%,0%,0%,0%,0%,0%,0%,0%,0%,0%,0%,0%,0%,0%,0%,0%,0%,0%,0%,0%,0%,0%,0%,0%,0%,0%,0%,0%,0%,0%,0%,0%,0%,0%,0%,0%,0%,0%,0%,0%,0%,0%,0%,0%,0%,0%,0%,0%,0%,0%,0%,0%,0%,0%,0%,0%,0%,0%,0%,0%,0%,0%,0%,0%,0%,0%,0%,0%,0%,0%,0%,0%,0%,0%
Accelerated Transition,New South Wales,Small Residential,Hybrid,0%,0%,0%,0%,0%,0%,0%,0%,0%,0%,0%,0%,0%,0%,0%,1%,1%,1%,1%,1%,1%,1%,1%,1%,1%,1%,1%,1%,1%,1%,1%,1%,1%,1%,1%,1%,1%,1%,1%,1%,1%,1%,1%,1%,1%,1%,1%,1%,1%,1%,1%,1%,1%,1%,1%,1%,1%,1%,1%,1%,1%,1%,1%,1%,1%,1%,1%,1%,1%,1%,1%,1%,1%,1%,1%
Accelerated Transition,New South Wales,Small Residential,ICE,90%,87%,83%,81%,79%,77%,74%,70%,66%,61%,56%,52%,47%,43%,39%,35%,30%,27%,23%,19%,15%,11%,8%,4%,0%,0%,0%,0%,0%,0%,0%,0%,0%,0%,0%,0%,0%,0%,0%,0%,0%,0%,0%,0%,0%,0%,0%,0%,0%,0%,0%,0%,0%,0%,0%,0%,0%,0%,0%,0%,0%,0%,0%,0%,0%,0%,0%,0%,0%,0%,0%,0%,0%,0%,0%
Accelerated Transition,New South Wales,Small Residential,PHEV,2%,4%,5%,7%,9%,10%,11%,11%,11%,10%,9%,9%,8%,7%,7%,6%,5%,5%,4%,4%,3%,3%,2%,2%,1%,1%,1%,1%,1%,1%,1%,1%,1%,1%,1%,1%,1%,1%,1%,1%,1%,1%,1%,1%,1%,1%,1%,1%,1%,1%,1%,1%,1%,1%,1%,1%,1%,1%,1%,1%,1%,1%,1%,1%,1%,1%,1%,1%,1%,1%,1%,1%,1%,1%,1%
Accelerated Transition,QLD,Articulated Truck,BEV,0%,7%,13%,19%,24%,29%,32%,36%,38%,40%,43%,45%,47%,48%,50%,51%,53%,54%,55%,56%,57%,57%,58%,59%,59%,59%,59%,59%,59%,59%,59%,59%,59%,59%,59%,59%,59%,59%,59%,59%,59%,59%,59%,59%,59%,59%,59%,59%,59%,59%,59%,59%,59%,59%,59%,59%,59%,59%,59%,59%,59%,59%,59%,59%,59%,59%,59%,59%,59%,59%,59%,59%,59%,59%,59%
Accelerated Transition,QLD,Articulated Truck,FCEV,0%,0%,0%,0%,0%,0%,1%,2%,3%,5%,7%,8%,10%,11%,12%,13%,14%,15%,16%,17%,18%,18%,19%,19%,20%,20%,20%,20%,20%,20%,20%,20%,20%,20%,20%,20%,20%,20%,20%,20%,20%,20%,20%,20%,20%,20%,20%,20%,20%,20%,20%,20%,20%,20%,20%,20%,20%,20%,20%,20%,20%,20%,20%,20%,20%,20%,20%,20%,20%,20%,20%,20%,20%,20%,20%
Accelerated Transition,QLD,Articulated Truck,Hybrid,0%,0%,0%,0%,0%,0%,0%,0%,0%,0%,0%,0%,0%,0%,0%,0%,0%,0%,0%,0%,0%,0%,0%,0%,0%,0%,0%,0%,0%,0%,0%,0%,0%,0%,0%,0%,0%,0%,0%,0%,0%,0%,0%,0%,0%,0%,0%,0%,0%,0%,0%,0%,0%,0%,0%,0%,0%,0%,0%,0%,0%,0%,0%,0%,0%,0%,0%,0%,0%,0%,0%,0%,0%,0%,0%
Accelerated Transition,QLD,Articulated Truck,ICE,100%,93%,87%,81%,76%,71%,67%,63%,58%,54%,50%,47%,43%,40%,38%,35%,33%,30%,28%,27%,25%,24%,22%,21%,20%,20%,20%,20%,20%,20%,20%,20%,20%,20%,20%,20%,20%,20%,20%,20%,20%,20%,20%,20%,20%,20%,20%,20%,20%,20%,20%,20%,20%,20%,20%,20%,20%,20%,20%,20%,20%,20%,20%,20%,20%,20%,20%,20%,20%,20%,20%,20%,20%,20%,20%
Accelerated Transition,QLD,Articulated Truck,PHEV,0%,0%,0%,0%,0%,0%,0%,0%,0%,0%,0%,0%,0%,1%,1%,1%,1%,1%,1%,1%,1%,1%,1%,1%,1%,1%,1%,1%,1%,1%,1%,1%,1%,1%,1%,1%,1%,1%,1%,1%,1%,1%,1%,1%,1%,1%,1%,1%,1%,1%,1%,1%,1%,1%,1%,1%,1%,1%,1%,1%,1%,1%,1%,1%,1%,1%,1%,1%,1%,1%,1%,1%,1%,1%,1%
Accelerated Transition,QLD,Bus,BEV,1%,1%,3%,4%,6%,11%,15%,20%,25%,29%,34%,38%,42%,46%,50%,54%,57%,61%,64%,68%,71%,74%,78%,81%,84%,84%,84%,83%,83%,83%,83%,83%,83%,83%,83%,83%,83%,83%,83%,83%,83%,83%,83%,83%,83%,83%,83%,83%,83%,83%,83%,83%,83%,83%,83%,83%,83%,83%,83%,83%,83%,83%,83%,83%,83%,83%,83%,83%,83%,83%,83%,83%,83%,83%,83%
Accelerated Transition,QLD,Bus,FCEV,0%,0%,0%,0%,1%,1%,1%,2%,2%,3%,3%,4%,4%,5%,5%,6%,6%,7%,7%,8%,8%,9%,9%,10%,10%,10%,10%,10%,10%,10%,10%,10%,10%,10%,10%,10%,10%,10%,10%,10%,10%,10%,10%,10%,10%,10%,10%,10%,10%,10%,10%,10%,10%,10%,10%,10%,10%,10%,10%,10%,10%,10%,10%,10%,10%,10%,10%,10%,10%,10%,10%,10%,10%,10%,10%
Accelerated Transition,QLD,Bus,Hybrid,0%,0%,0%,0%,0%,0%,0%,0%,0%,0%,0%,1%,1%,1%,1%,1%,1%,1%,1%,1%,2%,2%,2%,2%,2%,2%,2%,2%,2%,2%,3%,3%,3%,3%,3%,3%,3%,3%,3%,3%,3%,3%,3%,3%,3%,3%,3%,3%,3%,3%,3%,3%,3%,3%,3%,3%,3%,3%,3%,3%,3%,3%,3%,3%,3%,3%,3%,3%,3%,3%,3%,3%,3%,3%,3%
Accelerated Transition,QLD,Bus,ICE,99%,99%,97%,95%,93%,88%,83%,78%,72%,67%,62%,57%,52%,47%,42%,37%,33%,28%,24%,20%,16%,12%,8%,4%,0%,0%,0%,0%,0%,0%,0%,0%,0%,0%,0%,0%,0%,0%,0%,0%,0%,0%,0%,0%,0%,0%,0%,0%,0%,0%,0%,0%,0%,0%,0%,0%,0%,0%,0%,0%,0%,0%,0%,0%,0%,0%,0%,0%,0%,0%,0%,0%,0%,0%,0%
Accelerated Transition,QLD,Bus,PHEV,0%,0%,0%,0%,0%,0%,0%,0%,0%,1%,1%,1%,2%,2%,2%,2%,2%,3%,3%,3%,3%,3%,4%,4%,4%,4%,4%,4%,5%,5%,5%,5%,5%,5%,5%,5%,5%,5%,5%,5%,5%,5%,5%,5%,5%,5%,5%,5%,5%,5%,5%,5%,5%,5%,5%,5%,5%,5%,5%,5%,5%,5%,5%,5%,5%,5%,5%,5%,5%,5%,5%,5%,5%,5%,5%
Accelerated Transition,QLD,Large Light Commercial,BEV,0%,0%,1%,2%,3%,5%,8%,11%,18%,24%,31%,37%,43%,49%,55%,60%,65%,70%,75%,79%,83%,88%,91%,95%,99%,99%,99%,99%,99%,99%,99%,99%,99%,99%,99%,99%,99%,99%,99%,99%,99%,99%,99%,99%,99%,99%,99%,99%,99%,99%,99%,99%,99%,99%,99%,99%,99%,99%,99%,99%,99%,99%,99%,99%,99%,99%,99%,99%,99%,99%,99%,99%,99%,99%,99%
Accelerated Transition,QLD,Large Light Commercial,FCEV,0%,0%,0%,0%,0%,0%,0%,0%,0%,0%,0%,0%,0%,0%,0%,0%,0%,0%,0%,0%,0%,0%,0%,0%,0%,0%,0%,0%,0%,0%,0%,0%,0%,0%,0%,0%,0%,0%,0%,0%,0%,0%,0%,0%,0%,0%,0%,0%,0%,0%,0%,0%,0%,0%,0%,0%,0%,0%,0%,0%,0%,0%,0%,0%,0%,0%,0%,0%,0%,0%,0%,0%,0%,0%,0%
Accelerated Transition,QLD,Large Light Commercial,Hybrid,0%,1%,1%,1%,2%,2%,2%,2%,2%,2%,2%,2%,2%,2%,1%,1%,1%,1%,1%,1%,1%,1%,1%,1%,1%,1%,1%,1%,1%,1%,1%,1%,1%,1%,1%,1%,1%,1%,1%,1%,1%,1%,1%,1%,1%,1%,1%,1%,1%,1%,1%,1%,1%,1%,1%,1%,1%,1%,1%,1%,1%,1%,1%,1%,1%,1%,1%,1%,1%,1%,1%,1%,1%,1%,1%
Accelerated Transition,QLD,Large Light Commercial,ICE,100%,99%,98%,97%,95%,92%,89%,86%,79%,72%,66%,60%,54%,48%,43%,38%,33%,28%,23%,19%,15%,11%,7%,3%,0%,0%,0%,0%,0%,0%,0%,0%,0%,0%,0%,0%,0%,0%,0%,0%,0%,0%,0%,0%,0%,0%,0%,0%,0%,0%,0%,0%,0%,0%,0%,0%,0%,0%,0%,0%,0%,0%,0%,0%,0%,0%,0%,0%,0%,0%,0%,0%,0%,0%,0%
Accelerated Transition,QLD,Large Light Commercial,PHEV,0%,0%,0%,0%,0%,0%,0%,1%,1%,2%,1%,1%,1%,1%,1%,1%,1%,1%,1%,1%,1%,1%,1%,1%,1%,1%,0%,0%,0%,0%,0%,0%,0%,0%,0%,0%,0%,0%,0%,0%,0%,0%,0%,0%,0%,0%,0%,0%,0%,0%,0%,0%,0%,0%,0%,0%,0%,0%,0%,0%,0%,0%,0%,0%,0%,0%,0%,0%,0%,0%,0%,0%,0%,0%,0%
Accelerated Transition,QLD,Large Residential,BEV,1%,2%,4%,6%,10%,13%,16%,20%,25%,29%,35%,39%,44%,49%,54%,58%,62%,67%,71%,75%,79%,83%,87%,91%,96%,96%,96%,96%,96%,97%,97%,97%,97%,97%,97%,97%,97%,97%,97%,97%,97%,97%,97%,97%,97%,97%,97%,97%,97%,97%,97%,97%,97%,97%,97%,97%,97%,97%,97%,97%,97%,97%,97%,97%,97%,97%,97%,97%,97%,97%,97%,97%,97%,97%,97%
Accelerated Transition,QLD,Large Residential,FCEV,0%,0%,0%,0%,0%,0%,0%,0%,0%,0%,0%,0%,0%,0%,0%,0%,0%,0%,0%,0%,0%,0%,0%,0%,0%,0%,0%,0%,0%,0%,0%,0%,0%,0%,0%,0%,0%,0%,0%,0%,0%,0%,0%,0%,0%,0%,0%,0%,0%,0%,0%,0%,0%,0%,0%,0%,0%,0%,0%,0%,0%,0%,0%,0%,0%,0%,0%,0%,0%,0%,0%,0%,0%,0%,0%
Accelerated Transition,QLD,Large Residential,Hybrid,7%,8%,9%,10%,10%,10%,9%,9%,9%,8%,8%,7%,7%,6%,6%,6%,5%,5%,5%,5%,4%,4%,4%,4%,4%,3%,3%,3%,3%,3%,3%,3%,3%,3%,3%,3%,3%,3%,3%,3%,3%,3%,3%,3%,3%,3%,3%,3%,3%,3%,3%,3%,3%,3%,3%,3%,3%,3%,3%,3%,3%,3%,3%,3%,3%,3%,3%,3%,3%,3%,3%,3%,3%,3%,3%
Accelerated Transition,QLD,Large Residential,ICE,92%,89%,86%,83%,80%,76%,73%,70%,65%,60%,56%,51%,47%,43%,39%,35%,31%,27%,23%,19%,16%,12%,8%,4%,0%,0%,0%,0%,0%,0%,0%,0%,0%,0%,0%,0%,0%,0%,0%,0%,0%,0%,0%,0%,0%,0%,0%,0%,0%,0%,0%,0%,0%,0%,0%,0%,0%,0%,0%,0%,0%,0%,0%,0%,0%,0%,0%,0%,0%,0%,0%,0%,0%,0%,0%
Accelerated Transition,QLD,Large Residential,PHEV,0%,0%,1%,1%,1%,1%,1%,2%,2%,2%,2%,2%,2%,2%,2%,2%,1%,1%,1%,1%,1%,1%,1%,1%,1%,1%,1%,1%,1%,1%,1%,1%,1%,1%,1%,1%,1%,1%,1%,1%,1%,1%,1%,1%,1%,1%,1%,1%,1%,1%,1%,1%,1%,1%,1%,1%,1%,1%,1%,1%,1%,1%,1%,1%,1%,1%,1%,1%,1%,1%,1%,1%,1%,1%,1%
Accelerated Transition,QLD,Medium Light Commercial,BEV,0%,1%,2%,4%,7%,9%,13%,16%,23%,29%,35%,41%,47%,52%,58%,63%,67%,72%,76%,81%,85%,88%,92%,96%,99%,99%,99%,99%,99%,99%,99%,99%,99%,99%,99%,99%,99%,99%,99%,99%,99%,99%,99%,99%,99%,99%,99%,99%,99%,99%,99%,99%,99%,99%,99%,99%,99%,99%,99%,99%,99%,99%,99%,99%,99%,99%,99%,99%,99%,99%,99%,99%,99%,99%,99%
Accelerated Transition,QLD,Medium Light Commercial,FCEV,0%,0%,0%,0%,0%,0%,0%,0%,0%,0%,0%,0%,0%,0%,0%,0%,0%,0%,0%,0%,0%,0%,0%,0%,0%,0%,0%,0%,0%,0%,0%,0%,0%,0%,0%,0%,0%,0%,0%,0%,0%,0%,0%,0%,0%,0%,0%,0%,0%,0%,0%,0%,0%,0%,0%,0%,0%,0%,0%,0%,0%,0%,0%,0%,0%,0%,0%,0%,0%,0%,0%,0%,0%,0%,0%
Accelerated Transition,QLD,Medium Light Commercial,Hybrid,0%,1%,1%,1%,2%,2%,2%,2%,2%,2%,2%,2%,2%,2%,1%,1%,1%,1%,1%,1%,1%,1%,1%,1%,1%,1%,1%,1%,1%,1%,1%,1%,1%,1%,1%,1%,1%,1%,1%,1%,1%,1%,1%,1%,1%,1%,1%,1%,1%,1%,1%,1%,1%,1%,1%,1%,1%,1%,1%,1%,1%,1%,1%,1%,1%,1%,1%,1%,1%,1%,1%,1%,1%,1%,1%
Accelerated Transition,QLD,Medium Light Commercial,ICE,99%,98%,96%,94%,91%,88%,85%,81%,74%,68%,62%,56%,51%,45%,40%,35%,31%,26%,22%,18%,14%,10%,7%,3%,0%,0%,0%,0%,0%,0%,0%,0%,0%,0%,0%,0%,0%,0%,0%,0%,0%,0%,0%,0%,0%,0%,0%,0%,0%,0%,0%,0%,0%,0%,0%,0%,0%,0%,0%,0%,0%,0%,0%,0%,0%,0%,0%,0%,0%,0%,0%,0%,0%,0%,0%
Accelerated Transition,QLD,Medium Light Commercial,PHEV,0%,0%,0%,0%,0%,0%,1%,1%,1%,1%,1%,1%,1%,1%,1%,1%,1%,1%,1%,1%,1%,0%,0%,0%,0%,0%,0%,0%,0%,0%,0%,0%,0%,0%,0%,0%,0%,0%,0%,0%,0%,0%,0%,0%,0%,0%,0%,0%,0%,0%,0%,0%,0%,0%,0%,0%,0%,0%,0%,0%,0%,0%,0%,0%,0%,0%,0%,0%,0%,0%,0%,0%,0%,0%,0%
Accelerated Transition,QLD,Medium Residential,BEV,3%,4%,7%,10%,14%,17%,21%,24%,29%,34%,39%,43%,48%,52%,57%,61%,65%,69%,73%,77%,81%,84%,88%,92%,96%,96%,96%,97%,97%,97%,97%,97%,97%,97%,97%,97%,97%,97%,97%,97%,97%,97%,97%,97%,97%,97%,97%,97%,97%,97%,97%,97%,97%,97%,97%,97%,97%,97%,97%,97%,97%,97%,97%,97%,97%,97%,97%,97%,97%,97%,97%,97%,97%,97%,97%
Accelerated Transition,QLD,Medium Residential,FCEV,0%,0%,0%,0%,0%,0%,0%,0%,0%,0%,0%,0%,0%,0%,0%,0%,0%,0%,0%,0%,0%,0%,0%,0%,0%,0%,0%,0%,0%,0%,0%,0%,0%,0%,0%,0%,0%,0%,0%,0%,0%,0%,0%,0%,0%,0%,0%,0%,0%,0%,0%,0%,0%,0%,0%,0%,0%,0%,0%,0%,0%,0%,0%,0%,0%,0%,0%,0%,0%,0%,0%,0%,0%,0%,0%
Accelerated Transition,QLD,Medium Residential,Hybrid,7%,8%,9%,9%,9%,9%,8%,8%,7%,7%,7%,6%,6%,6%,5%,5%,5%,4%,4%,4%,4%,4%,3%,3%,3%,3%,3%,3%,2%,2%,2%,2%,2%,2%,2%,2%,2%,2%,2%,2%,2%,2%,2%,2%,2%,2%,2%,2%,2%,2%,2%,2%,2%,2%,2%,2%,2%,2%,2%,2%,2%,2%,2%,2%,2%,2%,2%,2%,2%,2%,2%,2%,2%,2%,2%
Accelerated Transition,QLD,Medium Residential,ICE,89%,86%,83%,79%,76%,72%,69%,66%,61%,57%,53%,49%,44%,40%,37%,33%,29%,25%,22%,18%,15%,11%,7%,4%,0%,0%,0%,0%,0%,0%,0%,0%,0%,0%,0%,0%,0%,0%,0%,0%,0%,0%,0%,0%,0%,0%,0%,0%,0%,0%,0%,0%,0%,0%,0%,0%,0%,0%,0%,0%,0%,0%,0%,0%,0%,0%,0%,0%,0%,0%,0%,0%,0%,0%,0%
Accelerated Transition,QLD,Medium Residential,PHEV,1%,1%,2%,2%,2%,2%,2%,2%,2%,2%,2%,2%,2%,2%,2%,1%,1%,1%,1%,1%,1%,1%,1%,1%,1%,1%,1%,1%,1%,1%,1%,1%,1%,1%,1%,1%,1%,1%,1%,1%,1%,1%,1%,1%,1%,1%,1%,1%,1%,1%,1%,1%,1%,1%,1%,1%,1%,1%,1%,1%,1%,1%,1%,1%,1%,1%,1%,1%,1%,1%,1%,1%,1%,1%,1%
Accelerated Transition,QLD,Motorcycle,BEV,1%,1%,3%,5%,8%,11%,15%,18%,24%,30%,35%,40%,46%,51%,56%,61%,65%,70%,74%,79%,83%,87%,91%,95%,99%,99%,99%,99%,99%,99%,99%,99%,99%,99%,99%,99%,99%,99%,99%,99%,99%,99%,99%,99%,99%,99%,99%,99%,99%,99%,99%,99%,99%,99%,99%,99%,99%,99%,99%,99%,99%,99%,99%,99%,99%,99%,99%,99%,99%,99%,99%,99%,99%,99%,99%
Accelerated Transition,QLD,Motorcycle,FCEV,0%,0%,0%,0%,0%,0%,0%,0%,0%,0%,0%,0%,0%,0%,0%,0%,0%,0%,0%,0%,0%,0%,0%,0%,0%,0%,0%,0%,0%,0%,0%,0%,0%,0%,0%,0%,0%,0%,0%,0%,0%,0%,0%,0%,0%,0%,0%,0%,0%,0%,0%,0%,0%,0%,0%,0%,0%,0%,0%,0%,0%,0%,0%,0%,0%,0%,0%,0%,0%,0%,0%,0%,0%,0%,0%
Accelerated Transition,QLD,Motorcycle,Hybrid,0%,0%,0%,0%,0%,0%,0%,0%,0%,0%,0%,0%,0%,0%,0%,0%,0%,0%,0%,0%,0%,0%,0%,0%,0%,0%,0%,0%,0%,0%,0%,0%,0%,0%,0%,0%,0%,0%,0%,0%,0%,0%,0%,0%,0%,0%,0%,0%,0%,0%,0%,0%,0%,0%,0%,0%,0%,0%,0%,0%,0%,0%,0%,0%,0%,0%,0%,0%,0%,0%,0%,0%,0%,0%,0%
Accelerated Transition,QLD,Motorcycle,ICE,99%,99%,97%,95%,92%,89%,85%,82%,76%,70%,65%,60%,54%,49%,44%,39%,35%,30%,26%,21%,17%,13%,9%,5%,1%,1%,1%,1%,1%,1%,1%,1%,1%,1%,1%,1%,1%,1%,1%,1%,1%,1%,1%,1%,1%,1%,1%,1%,1%,1%,1%,1%,1%,1%,1%,1%,1%,1%,1%,1%,1%,1%,1%,1%,1%,1%,1%,1%,1%,1%,1%,1%,1%,1%,1%
Accelerated Transition,QLD,Motorcycle,PHEV,0%,0%,0%,0%,0%,0%,0%,0%,0%,0%,0%,0%,0%,0%,0%,0%,0%,0%,0%,0%,0%,0%,0%,0%,0%,0%,0%,0%,0%,0%,0%,0%,0%,0%,0%,0%,0%,0%,0%,0%,0%,0%,0%,0%,0%,0%,0%,0%,0%,0%,0%,0%,0%,0%,0%,0%,0%,0%,0%,0%,0%,0%,0%,0%,0%,0%,0%,0%,0%,0%,0%,0%,0%,0%,0%
Accelerated Transition,QLD,Rigid Truck,BEV,0%,0%,0%,1%,1%,3%,6%,11%,18%,24%,30%,35%,40%,45%,50%,54%,58%,62%,65%,68%,71%,74%,77%,79%,81%,81%,81%,80%,80%,80%,80%,80%,80%,80%,80%,80%,80%,80%,80%,80%,80%,80%,80%,80%,80%,80%,80%,80%,80%,80%,80%,80%,80%,80%,80%,80%,80%,80%,80%,80%,80%,80%,80%,80%,80%,80%,80%,80%,80%,80%,80%,80%,80%,80%,80%
Accelerated Transition,QLD,Rigid Truck,FCEV,0%,0%,0%,0%,0%,0%,0%,1%,2%,2%,3%,4%,5%,5%,6%,6%,7%,7%,8%,8%,9%,9%,9%,10%,10%,10%,10%,10%,10%,10%,10%,10%,10%,10%,10%,10%,10%,10%,10%,10%,10%,10%,10%,10%,10%,10%,10%,10%,10%,10%,10%,10%,10%,10%,10%,10%,10%,10%,10%,10%,10%,10%,10%,10%,10%,10%,10%,10%,10%,10%,10%,10%,10%,10%,10%
Accelerated Transition,QLD,Rigid Truck,Hybrid,0%,0%,0%,0%,0%,0%,0%,0%,0%,1%,1%,2%,2%,2%,3%,3%,3%,4%,4%,4%,4%,4%,5%,5%,5%,5%,5%,5%,5%,6%,6%,6%,6%,6%,6%,6%,6%,6%,6%,6%,6%,6%,6%,6%,6%,6%,6%,6%,6%,6%,6%,6%,6%,6%,6%,6%,6%,6%,6%,6%,6%,6%,6%,6%,6%,6%,6%,6%,6%,6%,6%,6%,6%,6%,6%
Accelerated Transition,QLD,Rigid Truck,ICE,100%,100%,100%,99%,99%,97%,93%,88%,79%,72%,64%,57%,51%,45%,39%,34%,29%,24%,20%,16%,12%,9%,5%,3%,0%,0%,0%,0%,0%,0%,0%,0%,0%,0%,0%,0%,0%,0%,0%,0%,0%,0%,0%,0%,0%,0%,0%,0%,0%,0%,0%,0%,0%,0%,0%,0%,0%,0%,0%,0%,0%,0%,0%,0%,0%,0%,0%,0%,0%,0%,0%,0%,0%,0%,0%
Accelerated Transition,QLD,Rigid Truck,PHEV,0%,0%,0%,0%,0%,0%,0%,0%,1%,1%,1%,2%,2%,2%,2%,3%,3%,3%,3%,3%,3%,4%,4%,4%,4%,4%,4%,4%,4%,4%,4%,4%,4%,4%,4%,4%,4%,4%,4%,4%,4%,4%,4%,4%,4%,4%,4%,4%,4%,4%,4%,4%,4%,4%,4%,4%,4%,4%,4%,4%,4%,4%,4%,4%,4%,4%,4%,4%,4%,4%,4%,4%,4%,4%,4%
Accelerated Transition,QLD,Small Light Commercial,BEV,1%,2%,5%,7%,11%,14%,18%,22%,28%,34%,40%,46%,51%,56%,61%,66%,70%,75%,79%,83%,86%,90%,93%,97%,100%,100%,100%,100%,100%,100%,100%,100%,100%,100%,100%,100%,100%,100%,100%,100%,100%,100%,100%,100%,100%,100%,100%,100%,100%,100%,100%,100%,100%,100%,100%,100%,100%,100%,100%,100%,100%,100%,100%,100%,100%,100%,100%,100%,100%,100%,100%,100%,100%,100%,100%
Accelerated Transition,QLD,Small Light Commercial,FCEV,0%,0%,0%,0%,0%,0%,0%,0%,0%,0%,0%,0%,0%,0%,0%,0%,0%,0%,0%,0%,0%,0%,0%,0%,0%,0%,0%,0%,0%,0%,0%,0%,0%,0%,0%,0%,0%,0%,0%,0%,0%,0%,0%,0%,0%,0%,0%,0%,0%,0%,0%,0%,0%,0%,0%,0%,0%,0%,0%,0%,0%,0%,0%,0%,0%,0%,0%,0%,0%,0%,0%,0%,0%,0%,0%
Accelerated Transition,QLD,Small Light Commercial,Hybrid,0%,0%,0%,0%,0%,0%,0%,0%,0%,0%,0%,0%,0%,0%,0%,0%,0%,0%,0%,0%,0%,0%,0%,0%,0%,0%,0%,0%,0%,0%,0%,0%,0%,0%,0%,0%,0%,0%,0%,0%,0%,0%,0%,0%,0%,0%,0%,0%,0%,0%,0%,0%,0%,0%,0%,0%,0%,0%,0%,0%,0%,0%,0%,0%,0%,0%,0%,0%,0%,0%,0%,0%,0%,0%,0%
Accelerated Transition,QLD,Small Light Commercial,ICE,98%,97%,95%,92%,89%,85%,81%,77%,71%,65%,59%,54%,48%,43%,38%,34%,29%,25%,21%,17%,13%,10%,6%,3%,0%,0%,0%,0%,0%,0%,0%,0%,0%,0%,0%,0%,0%,0%,0%,0%,0%,0%,0%,0%,0%,0%,0%,0%,0%,0%,0%,0%,0%,0%,0%,0%,0%,0%,0%,0%,0%,0%,0%,0%,0%,0%,0%,0%,0%,0%,0%,0%,0%,0%,0%
Accelerated Transition,QLD,Small Light Commercial,PHEV,0%,1%,1%,1%,1%,1%,1%,1%,1%,1%,1%,1%,1%,1%,1%,1%,1%,0%,0%,0%,0%,0%,0%,0%,0%,0%,0%,0%,0%,0%,0%,0%,0%,0%,0%,0%,0%,0%,0%,0%,0%,0%,0%,0%,0%,0%,0%,0%,0%,0%,0%,0%,0%,0%,0%,0%,0%,0%,0%,0%,0%,0%,0%,0%,0%,0%,0%,0%,0%,0%,0%,0%,0%,0%,0%
Accelerated Transition,QLD,Small Residential,BEV,7%,9%,12%,15%,19%,23%,26%,30%,34%,39%,44%,48%,53%,57%,61%,65%,69%,73%,77%,81%,84%,88%,91%,95%,99%,99%,99%,99%,99%,99%,99%,99%,99%,99%,99%,99%,99%,99%,99%,99%,99%,99%,99%,99%,99%,99%,99%,99%,99%,99%,99%,99%,99%,99%,99%,99%,99%,99%,99%,99%,99%,99%,99%,99%,99%,99%,99%,99%,99%,99%,99%,99%,99%,99%,99%
Accelerated Transition,QLD,Small Residential,FCEV,0%,0%,0%,0%,0%,0%,0%,0%,0%,0%,0%,0%,0%,0%,0%,0%,0%,0%,0%,0%,0%,0%,0%,0%,0%,0%,0%,0%,0%,0%,0%,0%,0%,0%,0%,0%,0%,0%,0%,0%,0%,0%,0%,0%,0%,0%,0%,0%,0%,0%,0%,0%,0%,0%,0%,0%,0%,0%,0%,0%,0%,0%,0%,0%,0%,0%,0%,0%,0%,0%,0%,0%,0%,0%,0%
Accelerated Transition,QLD,Small Residential,Hybrid,0%,0%,0%,0%,0%,0%,0%,0%,0%,0%,0%,0%,0%,0%,0%,0%,0%,0%,0%,0%,0%,0%,0%,0%,0%,0%,0%,0%,0%,0%,0%,0%,0%,0%,0%,0%,0%,0%,0%,0%,0%,0%,0%,0%,0%,0%,0%,0%,0%,0%,0%,0%,0%,0%,0%,0%,0%,0%,0%,0%,0%,0%,0%,0%,0%,0%,0%,0%,0%,0%,0%,0%,0%,0%,0%
Accelerated Transition,QLD,Small Residential,ICE,91%,88%,84%,81%,77%,74%,70%,67%,63%,58%,53%,49%,45%,41%,37%,33%,29%,25%,21%,18%,14%,11%,7%,3%,0%,0%,0%,0%,0%,0%,0%,0%,0%,0%,0%,0%,0%,0%,0%,0%,0%,0%,0%,0%,0%,0%,0%,0%,0%,0%,0%,0%,0%,0%,0%,0%,0%,0%,0%,0%,0%,0%,0%,0%,0%,0%,0%,0%,0%,0%,0%,0%,0%,0%,0%
Accelerated Transition,QLD,Small Residential,PHEV,2%,3%,4%,4%,4%,3%,3%,3%,3%,3%,3%,3%,2%,2%,2%,2%,2%,2%,2%,2%,2%,1%,1%,1%,1%,1%,1%,1%,1%,1%,1%,1%,1%,1%,1%,1%,1%,1%,1%,1%,1%,1%,1%,1%,1%,1%,1%,1%,1%,1%,1%,1%,1%,1%,1%,1%,1%,1%,1%,1%,1%,1%,1%,1%,1%,1%,1%,1%,1%,1%,1%,1%,1%,1%,1%
Accelerated Transition,SA,Articulated Truck,BEV,0%,0%,0%,0%,0%,1%,3%,5%,10%,15%,20%,24%,28%,32%,35%,39%,42%,44%,47%,49%,52%,54%,56%,57%,59%,59%,59%,59%,59%,59%,59%,59%,59%,59%,59%,59%,59%,59%,59%,59%,59%,59%,59%,59%,59%,59%,59%,59%,59%,59%,59%,59%,59%,59%,59%,59%,59%,59%,59%,59%,59%,59%,59%,59%,59%,59%,59%,59%,59%,59%,59%,59%,59%,59%,59%
Accelerated Transition,SA,Articulated Truck,FCEV,0%,0%,0%,0%,0%,0%,1%,2%,3%,5%,7%,8%,9%,11%,12%,13%,14%,15%,16%,17%,18%,18%,19%,19%,20%,20%,20%,20%,20%,20%,20%,20%,20%,20%,20%,20%,20%,20%,20%,20%,20%,20%,20%,20%,20%,20%,20%,20%,20%,20%,20%,20%,20%,20%,20%,20%,20%,20%,20%,20%,20%,20%,20%,20%,20%,20%,20%,20%,20%,20%,20%,20%,20%,20%,20%
Accelerated Transition,SA,Articulated Truck,Hybrid,0%,0%,0%,0%,0%,0%,0%,0%,0%,0%,0%,0%,0%,0%,0%,0%,0%,0%,0%,0%,0%,0%,0%,0%,0%,0%,0%,0%,0%,0%,0%,0%,0%,0%,0%,0%,0%,0%,0%,0%,0%,0%,0%,0%,0%,0%,0%,0%,0%,0%,0%,0%,0%,0%,0%,0%,0%,0%,0%,0%,0%,0%,0%,0%,0%,0%,0%,0%,0%,0%,0%,0%,0%,0%,0%
Accelerated Transition,SA,Articulated Truck,ICE,100%,100%,100%,100%,100%,99%,97%,94%,86%,80%,73%,68%,62%,57%,52%,48%,44%,40%,36%,33%,30%,27%,25%,22%,20%,20%,20%,20%,20%,20%,20%,20%,20%,20%,20%,20%,20%,20%,20%,20%,20%,20%,20%,20%,20%,20%,20%,20%,20%,20%,20%,20%,20%,20%,20%,20%,20%,20%,20%,20%,20%,20%,20%,20%,20%,20%,20%,20%,20%,20%,20%,20%,20%,20%,20%
Accelerated Transition,SA,Articulated Truck,PHEV,0%,0%,0%,0%,0%,0%,0%,0%,0%,0%,0%,0%,0%,1%,1%,1%,1%,1%,1%,1%,1%,1%,1%,1%,1%,1%,1%,1%,1%,1%,1%,1%,1%,1%,1%,1%,1%,1%,1%,1%,1%,1%,1%,1%,1%,1%,1%,1%,1%,1%,1%,1%,1%,1%,1%,1%,1%,1%,1%,1%,1%,1%,1%,1%,1%,1%,1%,1%,1%,1%,1%,1%,1%,1%,1%
Accelerated Transition,SA,Bus,BEV,1%,1%,1%,1%,2%,4%,7%,11%,16%,21%,26%,31%,36%,40%,45%,49%,53%,57%,61%,65%,69%,73%,77%,80%,84%,84%,84%,84%,84%,84%,84%,84%,84%,84%,84%,84%,84%,84%,84%,84%,84%,84%,84%,84%,84%,84%,84%,84%,84%,84%,84%,84%,84%,84%,84%,84%,84%,84%,84%,84%,84%,84%,84%,84%,84%,84%,84%,84%,84%,84%,84%,84%,84%,84%,84%
Accelerated Transition,SA,Bus,FCEV,0%,0%,0%,0%,0%,0%,0%,1%,1%,2%,3%,3%,4%,4%,5%,6%,6%,7%,7%,8%,8%,9%,9%,10%,10%,10%,10%,10%,10%,10%,10%,10%,10%,10%,10%,10%,10%,10%,10%,10%,10%,10%,10%,10%,10%,10%,10%,10%,10%,10%,10%,10%,10%,10%,10%,10%,10%,10%,10%,10%,10%,10%,10%,10%,10%,10%,10%,10%,10%,10%,10%,10%,10%,10%,10%
Accelerated Transition,SA,Bus,Hybrid,0%,0%,0%,0%,0%,0%,0%,0%,0%,0%,0%,1%,1%,1%,1%,1%,1%,1%,1%,1%,2%,2%,2%,2%,2%,2%,2%,2%,2%,2%,2%,2%,2%,2%,2%,2%,2%,2%,2%,2%,2%,2%,2%,2%,2%,2%,2%,2%,2%,2%,2%,2%,2%,2%,2%,2%,2%,2%,2%,2%,2%,2%,2%,2%,2%,2%,2%,2%,2%,2%,2%,2%,2%,2%,2%
Accelerated Transition,SA,Bus,ICE,99%,99%,99%,98%,98%,96%,92%,88%,82%,76%,70%,64%,58%,53%,47%,42%,37%,32%,27%,22%,18%,13%,9%,4%,0%,0%,0%,0%,0%,0%,0%,0%,0%,0%,0%,0%,0%,0%,0%,0%,0%,0%,0%,0%,0%,0%,0%,0%,0%,0%,0%,0%,0%,0%,0%,0%,0%,0%,0%,0%,0%,0%,0%,0%,0%,0%,0%,0%,0%,0%,0%,0%,0%,0%,0%
Accelerated Transition,SA,Bus,PHEV,0%,0%,0%,0%,0%,0%,0%,0%,0%,1%,1%,1%,1%,2%,2%,2%,2%,3%,3%,3%,3%,3%,4%,4%,4%,4%,4%,4%,4%,4%,4%,4%,4%,4%,4%,4%,4%,4%,4%,4%,4%,4%,4%,4%,4%,4%,4%,4%,4%,4%,4%,4%,4%,4%,4%,4%,4%,4%,4%,4%,4%,4%,4%,4%,4%,4%,4%,4%,4%,4%,4%,4%,4%,4%,4%
Accelerated Transition,SA,Large Light Commercial,BEV,0%,0%,0%,1%,1%,2%,5%,8%,15%,22%,28%,34%,40%,46%,51%,56%,61%,66%,70%,74%,79%,82%,86%,90%,93%,93%,93%,93%,93%,93%,93%,93%,93%,93%,93%,93%,93%,93%,93%,93%,93%,93%,93%,93%,93%,93%,93%,93%,93%,93%,93%,93%,93%,93%,93%,93%,93%,93%,93%,93%,93%,93%,93%,93%,93%,93%,93%,93%,93%,93%,93%,93%,93%,93%,93%
Accelerated Transition,SA,Large Light Commercial,FCEV,0%,0%,0%,0%,0%,0%,0%,0%,0%,0%,0%,0%,0%,0%,0%,0%,0%,0%,0%,0%,0%,0%,0%,0%,0%,0%,0%,0%,0%,0%,0%,0%,0%,0%,0%,0%,0%,0%,0%,0%,0%,0%,0%,0%,0%,0%,0%,0%,0%,0%,0%,0%,0%,0%,0%,0%,0%,0%,0%,0%,0%,0%,0%,0%,0%,0%,0%,0%,0%,0%,0%,0%,0%,0%,0%
Accelerated Transition,SA,Large Light Commercial,Hybrid,1%,1%,1%,1%,2%,2%,2%,2%,2%,2%,2%,2%,2%,2%,1%,1%,1%,1%,1%,1%,1%,1%,1%,1%,1%,1%,1%,1%,1%,1%,1%,1%,1%,1%,1%,1%,1%,1%,1%,1%,1%,1%,1%,1%,1%,1%,1%,1%,1%,1%,1%,1%,1%,1%,1%,1%,1%,1%,1%,1%,1%,1%,1%,1%,1%,1%,1%,1%,1%,1%,1%,1%,1%,1%,1%
Accelerated Transition,SA,Large Light Commercial,ICE,99%,99%,98%,97%,96%,94%,91%,88%,80%,73%,67%,60%,54%,49%,43%,38%,33%,28%,24%,19%,15%,11%,7%,3%,0%,0%,0%,0%,0%,0%,0%,0%,0%,0%,0%,0%,0%,0%,0%,0%,0%,0%,0%,0%,0%,0%,0%,0%,0%,0%,0%,0%,0%,0%,0%,0%,0%,0%,0%,0%,0%,0%,0%,0%,0%,0%,0%,0%,0%,0%,0%,0%,0%,0%,0%
Accelerated Transition,SA,Large Light Commercial,PHEV,0%,0%,0%,1%,1%,2%,2%,2%,3%,3%,3%,4%,4%,4%,4%,4%,5%,5%,5%,5%,5%,6%,6%,6%,6%,6%,6%,6%,6%,6%,6%,6%,6%,6%,6%,6%,6%,6%,6%,6%,6%,6%,6%,6%,6%,6%,6%,6%,6%,6%,6%,6%,6%,6%,6%,6%,6%,6%,6%,6%,6%,6%,6%,6%,6%,6%,6%,6%,6%,6%,6%,6%,6%,6%,6%
Accelerated Transition,SA,Large Residential,BEV,1%,1%,2%,3%,4%,5%,7%,10%,16%,21%,26%,32%,37%,42%,47%,51%,56%,61%,65%,70%,75%,79%,84%,88%,93%,93%,93%,93%,93%,93%,93%,93%,93%,93%,93%,93%,93%,93%,93%,93%,93%,93%,93%,93%,93%,93%,93%,93%,93%,93%,93%,93%,93%,93%,93%,93%,93%,93%,93%,93%,93%,93%,93%,93%,93%,93%,93%,93%,93%,93%,93%,93%,93%,93%,93%
Accelerated Transition,SA,Large Residential,FCEV,0%,0%,0%,0%,0%,0%,0%,0%,0%,0%,0%,0%,0%,0%,0%,0%,0%,0%,0%,0%,0%,0%,0%,0%,0%,0%,0%,0%,0%,0%,0%,0%,0%,0%,0%,0%,0%,0%,0%,0%,0%,0%,0%,0%,0%,0%,0%,0%,0%,0%,0%,0%,0%,0%,0%,0%,0%,0%,0%,0%,0%,0%,0%,0%,0%,0%,0%,0%,0%,0%,0%,0%,0%,0%,0%
Accelerated Transition,SA,Large Residential,Hybrid,7%,8%,9%,10%,10%,10%,10%,10%,9%,8%,8%,7%,7%,6%,6%,5%,5%,4%,4%,3%,3%,2%,2%,1%,1%,1%,1%,1%,1%,1%,1%,1%,1%,1%,1%,1%,1%,1%,1%,1%,1%,1%,1%,1%,1%,1%,1%,1%,1%,1%,1%,1%,1%,1%,1%,1%,1%,1%,1%,1%,1%,1%,1%,1%,1%,1%,1%,1%,1%,1%,1%,1%,1%,1%,1%
Accelerated Transition,SA,Large Residential,ICE,92%,90%,87%,85%,82%,79%,76%,73%,68%,64%,59%,54%,50%,46%,41%,37%,33%,29%,25%,21%,17%,13%,8%,4%,0%,0%,0%,0%,0%,0%,0%,0%,0%,0%,0%,0%,0%,0%,0%,0%,0%,0%,0%,0%,0%,0%,0%,0%,0%,0%,0%,0%,0%,0%,0%,0%,0%,0%,0%,0%,0%,0%,0%,0%,0%,0%,0%,0%,0%,0%,0%,0%,0%,0%,0%
Accelerated Transition,SA,Large Residential,PHEV,0%,1%,2%,3%,4%,6%,6%,7%,7%,7%,7%,7%,7%,7%,6%,6%,6%,6%,6%,6%,6%,6%,6%,6%,6%,6%,6%,6%,6%,6%,6%,6%,6%,6%,6%,6%,6%,6%,6%,6%,6%,6%,6%,6%,6%,6%,6%,6%,6%,6%,6%,6%,6%,6%,6%,6%,6%,6%,6%,6%,6%,6%,6%,6%,6%,6%,6%,6%,6%,6%,6%,6%,6%,6%,6%
Accelerated Transition,SA,Medium Light Commercial,BEV,0%,1%,1%,2%,3%,4%,7%,10%,17%,24%,30%,37%,42%,48%,54%,59%,64%,68%,73%,77%,81%,85%,89%,93%,96%,96%,96%,96%,96%,96%,96%,96%,96%,96%,96%,96%,96%,96%,96%,96%,96%,96%,96%,96%,96%,96%,96%,96%,96%,96%,96%,96%,96%,96%,96%,96%,96%,96%,96%,96%,96%,96%,96%,96%,96%,96%,96%,96%,96%,96%,96%,96%,96%,96%,96%
Accelerated Transition,SA,Medium Light Commercial,FCEV,0%,0%,0%,0%,0%,0%,0%,0%,0%,0%,0%,0%,0%,0%,0%,0%,0%,0%,0%,0%,0%,0%,0%,0%,0%,0%,0%,0%,0%,0%,0%,0%,0%,0%,0%,0%,0%,0%,0%,0%,0%,0%,0%,0%,0%,0%,0%,0%,0%,0%,0%,0%,0%,0%,0%,0%,0%,0%,0%,0%,0%,0%,0%,0%,0%,0%,0%,0%,0%,0%,0%,0%,0%,0%,0%
Accelerated Transition,SA,Medium Light Commercial,Hybrid,1%,1%,1%,1%,2%,2%,2%,2%,2%,2%,2%,2%,2%,1%,1%,1%,1%,1%,1%,1%,1%,1%,1%,1%,1%,1%,1%,1%,1%,1%,1%,1%,1%,1%,1%,1%,1%,1%,1%,1%,1%,1%,1%,1%,1%,1%,1%,1%,1%,1%,1%,1%,1%,1%,1%,1%,1%,1%,1%,1%,1%,1%,1%,1%,1%,1%,1%,1%,1%,1%,1%,1%,1%,1%,1%
Accelerated Transition,SA,Medium Light Commercial,ICE,99%,98%,97%,95%,93%,90%,87%,83%,76%,70%,63%,57%,52%,46%,41%,36%,31%,27%,22%,18%,14%,10%,7%,3%,0%,0%,0%,0%,0%,0%,0%,0%,0%,0%,0%,0%,0%,0%,0%,0%,0%,0%,0%,0%,0%,0%,0%,0%,0%,0%,0%,0%,0%,0%,0%,0%,0%,0%,0%,0%,0%,0%,0%,0%,0%,0%,0%,0%,0%,0%,0%,0%,0%,0%,0%
Accelerated Transition,SA,Medium Light Commercial,PHEV,0%,1%,1%,2%,3%,4%,5%,5%,5%,5%,5%,4%,4%,4%,4%,4%,4%,4%,4%,3%,3%,3%,3%,3%,3%,3%,3%,3%,3%,3%,3%,3%,3%,3%,3%,3%,3%,3%,3%,3%,3%,3%,3%,3%,3%,3%,3%,3%,3%,3%,3%,3%,3%,3%,3%,3%,3%,3%,3%,3%,3%,3%,3%,3%,3%,3%,3%,3%,3%,3%,3%,3%,3%,3%,3%
Accelerated Transition,SA,Medium Residential,BEV,2%,3%,4%,5%,6%,8%,10%,13%,18%,24%,29%,34%,39%,44%,49%,54%,59%,64%,68%,73%,77%,82%,87%,91%,96%,96%,96%,96%,96%,96%,96%,96%,96%,96%,96%,96%,96%,96%,96%,96%,96%,96%,96%,96%,96%,96%,96%,96%,96%,96%,96%,96%,96%,96%,96%,96%,96%,96%,96%,96%,96%,96%,96%,96%,96%,96%,96%,96%,96%,96%,96%,96%,96%,96%,96%
Accelerated Transition,SA,Medium Residential,FCEV,0%,0%,0%,0%,0%,0%,0%,0%,0%,0%,0%,0%,0%,0%,0%,0%,0%,0%,0%,0%,0%,0%,0%,0%,0%,0%,0%,0%,0%,0%,0%,0%,0%,0%,0%,0%,0%,0%,0%,0%,0%,0%,0%,0%,0%,0%,0%,0%,0%,0%,0%,0%,0%,0%,0%,0%,0%,0%,0%,0%,0%,0%,0%,0%,0%,0%,0%,0%,0%,0%,0%,0%,0%,0%,0%
Accelerated Transition,SA,Medium Residential,Hybrid,7%,8%,9%,9%,9%,9%,9%,9%,8%,8%,7%,7%,6%,6%,5%,5%,4%,4%,3%,3%,3%,2%,2%,1%,1%,1%,1%,1%,1%,1%,1%,1%,1%,1%,1%,1%,1%,1%,1%,1%,1%,1%,1%,1%,1%,1%,1%,1%,1%,1%,1%,1%,1%,1%,1%,1%,1%,1%,1%,1%,1%,1%,1%,1%,1%,1%,1%,1%,1%,1%,1%,1%,1%,1%,1%
Accelerated Transition,SA,Medium Residential,ICE,90%,88%,85%,82%,79%,76%,73%,70%,66%,61%,56%,52%,48%,44%,39%,35%,31%,28%,24%,20%,16%,12%,8%,4%,0%,0%,0%,0%,0%,0%,0%,0%,0%,0%,0%,0%,0%,0%,0%,0%,0%,0%,0%,0%,0%,0%,0%,0%,0%,0%,0%,0%,0%,0%,0%,0%,0%,0%,0%,0%,0%,0%,0%,0%,0%,0%,0%,0%,0%,0%,0%,0%,0%,0%,0%
Accelerated Transition,SA,Medium Residential,PHEV,1%,2%,3%,4%,6%,7%,8%,8%,8%,8%,7%,7%,7%,6%,6%,6%,5%,5%,5%,4%,4%,4%,4%,3%,3%,3%,3%,3%,3%,3%,3%,3%,3%,3%,3%,3%,3%,3%,3%,3%,3%,3%,3%,3%,3%,3%,3%,3%,3%,3%,3%,3%,3%,3%,3%,3%,3%,3%,3%,3%,3%,3%,3%,3%,3%,3%,3%,3%,3%,3%,3%,3%,3%,3%,3%
Accelerated Transition,SA,Motorcycle,BEV,1%,1%,3%,5%,8%,11%,15%,18%,24%,29%,34%,40%,45%,50%,55%,59%,64%,69%,73%,78%,82%,86%,90%,94%,98%,98%,98%,98%,98%,98%,98%,98%,98%,98%,98%,98%,98%,98%,98%,98%,98%,98%,98%,98%,98%,98%,98%,98%,98%,98%,98%,98%,98%,98%,98%,98%,98%,98%,98%,98%,98%,98%,98%,98%,98%,98%,98%,98%,98%,98%,98%,98%,98%,98%,98%
Accelerated Transition,SA,Motorcycle,FCEV,0%,0%,0%,0%,0%,0%,0%,0%,0%,0%,0%,0%,0%,0%,0%,0%,0%,0%,0%,0%,0%,0%,0%,0%,0%,0%,0%,0%,0%,0%,0%,0%,0%,0%,0%,0%,0%,0%,0%,0%,0%,0%,0%,0%,0%,0%,0%,0%,0%,0%,0%,0%,0%,0%,0%,0%,0%,0%,0%,0%,0%,0%,0%,0%,0%,0%,0%,0%,0%,0%,0%,0%,0%,0%,0%
Accelerated Transition,SA,Motorcycle,Hybrid,0%,0%,0%,0%,0%,0%,0%,0%,0%,0%,0%,0%,0%,0%,0%,0%,0%,0%,0%,0%,0%,0%,0%,0%,0%,0%,0%,0%,0%,0%,0%,0%,0%,0%,0%,0%,0%,0%,0%,0%,0%,0%,0%,0%,0%,0%,0%,0%,0%,0%,0%,0%,0%,0%,0%,0%,0%,0%,0%,0%,0%,0%,0%,0%,0%,0%,0%,0%,0%,0%,0%,0%,0%,0%,0%
Accelerated Transition,SA,Motorcycle,ICE,99%,99%,97%,95%,92%,89%,85%,82%,76%,71%,65%,60%,55%,50%,45%,40%,35%,31%,26%,22%,17%,13%,9%,5%,1%,1%,1%,1%,1%,1%,1%,1%,1%,1%,1%,1%,1%,1%,1%,1%,1%,1%,1%,1%,1%,1%,1%,1%,1%,1%,1%,1%,1%,1%,1%,1%,1%,1%,1%,1%,1%,1%,1%,1%,1%,1%,1%,1%,1%,1%,1%,1%,1%,1%,1%
Accelerated Transition,SA,Motorcycle,PHEV,0%,0%,0%,0%,0%,0%,0%,0%,0%,0%,0%,0%,0%,0%,0%,1%,1%,1%,1%,1%,1%,1%,1%,1%,1%,1%,1%,1%,1%,1%,1%,1%,1%,1%,1%,1%,1%,1%,1%,1%,1%,1%,1%,1%,1%,1%,1%,1%,1%,1%,1%,1%,1%,1%,1%,1%,1%,1%,1%,1%,1%,1%,1%,1%,1%,1%,1%,1%,1%,1%,1%,1%,1%,1%,1%
Accelerated Transition,SA,Rigid Truck,BEV,0%,0%,0%,0%,1%,2%,5%,10%,17%,23%,29%,35%,40%,45%,50%,54%,58%,62%,65%,68%,71%,74%,77%,79%,81%,81%,81%,81%,81%,81%,81%,81%,81%,81%,81%,81%,81%,81%,81%,81%,81%,81%,81%,81%,81%,81%,81%,81%,81%,81%,81%,81%,81%,81%,81%,81%,81%,81%,81%,81%,81%,81%,81%,81%,81%,81%,81%,81%,81%,81%,81%,81%,81%,81%,81%
Accelerated Transition,SA,Rigid Truck,FCEV,0%,0%,0%,0%,0%,0%,0%,1%,2%,3%,3%,4%,5%,5%,6%,6%,7%,7%,8%,8%,9%,9%,9%,10%,10%,10%,10%,10%,10%,10%,10%,10%,10%,10%,10%,10%,10%,10%,10%,10%,10%,10%,10%,10%,10%,10%,10%,10%,10%,10%,10%,10%,10%,10%,10%,10%,10%,10%,10%,10%,10%,10%,10%,10%,10%,10%,10%,10%,10%,10%,10%,10%,10%,10%,10%
Accelerated Transition,SA,Rigid Truck,Hybrid,0%,0%,0%,0%,0%,0%,0%,0%,0%,1%,1%,2%,2%,2%,3%,3%,3%,4%,4%,4%,4%,5%,5%,5%,5%,5%,5%,5%,5%,5%,5%,5%,5%,5%,5%,5%,5%,5%,5%,5%,5%,5%,5%,5%,5%,5%,5%,5%,5%,5%,5%,5%,5%,5%,5%,5%,5%,5%,5%,5%,5%,5%,5%,5%,5%,5%,5%,5%,5%,5%,5%,5%,5%,5%,5%
Accelerated Transition,SA,Rigid Truck,ICE,100%,100%,100%,100%,99%,98%,94%,89%,80%,72%,65%,58%,51%,45%,39%,34%,29%,24%,20%,16%,12%,9%,6%,3%,0%,0%,0%,0%,0%,0%,0%,0%,0%,0%,0%,0%,0%,0%,0%,0%,0%,0%,0%,0%,0%,0%,0%,0%,0%,0%,0%,0%,0%,0%,0%,0%,0%,0%,0%,0%,0%,0%,0%,0%,0%,0%,0%,0%,0%,0%,0%,0%,0%,0%,0%
Accelerated Transition,SA,Rigid Truck,PHEV,0%,0%,0%,0%,0%,0%,0%,0%,1%,1%,1%,2%,2%,2%,2%,3%,3%,3%,3%,3%,3%,4%,4%,4%,4%,4%,4%,4%,4%,4%,4%,4%,4%,4%,4%,4%,4%,4%,4%,4%,4%,4%,4%,4%,4%,4%,4%,4%,4%,4%,4%,4%,4%,4%,4%,4%,4%,4%,4%,4%,4%,4%,4%,4%,4%,4%,4%,4%,4%,4%,4%,4%,4%,4%,4%
Accelerated Transition,SA,Small Light Commercial,BEV,1%,2%,3%,4%,5%,7%,9%,13%,20%,27%,33%,39%,45%,51%,56%,61%,66%,71%,75%,79%,83%,87%,91%,95%,98%,98%,98%,98%,98%,98%,98%,98%,98%,98%,98%,98%,98%,98%,98%,98%,98%,98%,98%,98%,98%,98%,98%,98%,98%,98%,98%,98%,98%,98%,98%,98%,98%,98%,98%,98%,98%,98%,98%,98%,98%,98%,98%,98%,98%,98%,98%,98%,98%,98%,98%
Accelerated Transition,SA,Small Light Commercial,FCEV,0%,0%,0%,0%,0%,0%,0%,0%,0%,0%,0%,0%,0%,0%,0%,0%,0%,0%,0%,0%,0%,0%,0%,0%,0%,0%,0%,0%,0%,0%,0%,0%,0%,0%,0%,0%,0%,0%,0%,0%,0%,0%,0%,0%,0%,0%,0%,0%,0%,0%,0%,0%,0%,0%,0%,0%,0%,0%,0%,0%,0%,0%,0%,0%,0%,0%,0%,0%,0%,0%,0%,0%,0%,0%,0%
Accelerated Transition,SA,Small Light Commercial,Hybrid,0%,0%,0%,0%,0%,0%,0%,0%,0%,0%,0%,0%,0%,0%,1%,1%,1%,1%,1%,1%,1%,1%,1%,1%,1%,1%,1%,1%,1%,1%,1%,1%,1%,1%,1%,1%,1%,1%,1%,1%,1%,1%,1%,1%,1%,1%,1%,1%,1%,1%,1%,1%,1%,1%,1%,1%,1%,1%,1%,1%,1%,1%,1%,1%,1%,1%,1%,1%,1%,1%,1%,1%,1%,1%,1%
Accelerated Transition,SA,Small Light Commercial,ICE,98%,97%,95%,93%,90%,87%,83%,80%,73%,67%,61%,55%,50%,44%,39%,34%,30%,25%,21%,17%,13%,10%,6%,3%,0%,0%,0%,0%,0%,0%,0%,0%,0%,0%,0%,0%,0%,0%,0%,0%,0%,0%,0%,0%,0%,0%,0%,0%,0%,0%,0%,0%,0%,0%,0%,0%,0%,0%,0%,0%,0%,0%,0%,0%,0%,0%,0%,0%,0%,0%,0%,0%,0%,0%,0%
Accelerated Transition,SA,Small Light Commercial,PHEV,1%,1%,2%,4%,5%,6%,7%,8%,7%,7%,6%,6%,5%,5%,4%,4%,4%,3%,3%,3%,2%,2%,2%,1%,1%,1%,1%,1%,1%,1%,1%,1%,1%,1%,1%,1%,1%,1%,1%,1%,1%,1%,1%,1%,1%,1%,1%,1%,1%,1%,1%,1%,1%,1%,1%,1%,1%,1%,1%,1%,1%,1%,1%,1%,1%,1%,1%,1%,1%,1%,1%,1%,1%,1%,1%
Accelerated Transition,SA,Small Residential,BEV,5%,6%,7%,7%,8%,9%,11%,13%,19%,24%,30%,35%,41%,46%,51%,56%,61%,65%,70%,75%,79%,84%,89%,93%,98%,98%,98%,98%,98%,98%,98%,98%,98%,98%,98%,98%,98%,98%,98%,98%,98%,98%,98%,98%,98%,98%,98%,98%,98%,98%,98%,98%,98%,98%,98%,98%,98%,98%,98%,98%,98%,98%,98%,98%,98%,98%,98%,98%,98%,98%,98%,98%,98%,98%,98%
Accelerated Transition,SA,Small Residential,FCEV,0%,0%,0%,0%,0%,0%,0%,0%,0%,0%,0%,0%,0%,0%,0%,0%,0%,0%,0%,0%,0%,0%,0%,0%,0%,0%,0%,0%,0%,0%,0%,0%,0%,0%,0%,0%,0%,0%,0%,0%,0%,0%,0%,0%,0%,0%,0%,0%,0%,0%,0%,0%,0%,0%,0%,0%,0%,0%,0%,0%,0%,0%,0%,0%,0%,0%,0%,0%,0%,0%,0%,0%,0%,0%,0%
Accelerated Transition,SA,Small Residential,Hybrid,0%,0%,0%,0%,0%,0%,0%,0%,0%,0%,0%,0%,0%,0%,0%,1%,1%,1%,1%,1%,1%,1%,1%,1%,1%,1%,1%,1%,1%,1%,1%,1%,1%,1%,1%,1%,1%,1%,1%,1%,1%,1%,1%,1%,1%,1%,1%,1%,1%,1%,1%,1%,1%,1%,1%,1%,1%,1%,1%,1%,1%,1%,1%,1%,1%,1%,1%,1%,1%,1%,1%,1%,1%,1%,1%
Accelerated Transition,SA,Small Residential,ICE,93%,91%,89%,87%,85%,82%,79%,77%,71%,66%,61%,57%,52%,47%,43%,38%,34%,29%,25%,21%,17%,13%,9%,4%,0%,0%,0%,0%,0%,0%,0%,0%,0%,0%,0%,0%,0%,0%,0%,0%,0%,0%,0%,0%,0%,0%,0%,0%,0%,0%,0%,0%,0%,0%,0%,0%,0%,0%,0%,0%,0%,0%,0%,0%,0%,0%,0%,0%,0%,0%,0%,0%,0%,0%,0%
Accelerated Transition,SA,Small Residential,PHEV,2%,3%,4%,6%,8%,9%,10%,10%,10%,9%,8%,8%,7%,7%,6%,6%,5%,5%,4%,3%,3%,2%,2%,1%,1%,1%,1%,1%,1%,1%,1%,1%,1%,1%,1%,1%,1%,1%,1%,1%,1%,1%,1%,1%,1%,1%,1%,1%,1%,1%,1%,1%,1%,1%,1%,1%,1%,1%,1%,1%,1%,1%,1%,1%,1%,1%,1%,1%,1%,1%,1%,1%,1%,1%,1%
Accelerated Transition,TAS,Articulated Truck,BEV,0%,3%,8%,13%,18%,22%,25%,28%,31%,34%,37%,40%,42%,44%,46%,48%,50%,51%,53%,54%,55%,56%,57%,58%,59%,59%,59%,59%,59%,59%,59%,59%,59%,59%,59%,59%,59%,59%,59%,59%,59%,59%,59%,59%,59%,59%,59%,59%,59%,59%,59%,59%,59%,59%,59%,59%,59%,59%,59%,59%,59%,59%,59%,59%,59%,59%,59%,59%,59%,59%,59%,59%,59%,59%,59%
Accelerated Transition,TAS,Articulated Truck,FCEV,0%,0%,0%,0%,0%,0%,1%,1%,3%,5%,6%,8%,9%,11%,12%,13%,14%,15%,16%,17%,18%,18%,19%,19%,20%,20%,20%,20%,20%,20%,20%,20%,20%,20%,20%,20%,20%,20%,20%,20%,20%,20%,20%,20%,20%,20%,20%,20%,20%,20%,20%,20%,20%,20%,20%,20%,20%,20%,20%,20%,20%,20%,20%,20%,20%,20%,20%,20%,20%,20%,20%,20%,20%,20%,20%
Accelerated Transition,TAS,Articulated Truck,Hybrid,0%,0%,0%,0%,0%,0%,0%,0%,0%,0%,0%,0%,0%,0%,0%,0%,0%,0%,0%,0%,0%,0%,0%,0%,0%,0%,0%,0%,0%,0%,0%,0%,0%,0%,0%,0%,0%,0%,0%,0%,0%,0%,0%,0%,0%,0%,0%,0%,0%,0%,0%,0%,0%,0%,0%,0%,0%,0%,0%,0%,0%,0%,0%,0%,0%,0%,0%,0%,0%,0%,0%,0%,0%,0%,0%
Accelerated Transition,TAS,Articulated Truck,ICE,100%,97%,92%,87%,82%,78%,74%,71%,65%,61%,56%,52%,48%,45%,41%,38%,35%,33%,30%,28%,26%,24%,23%,21%,20%,20%,20%,20%,20%,20%,20%,20%,20%,20%,20%,20%,20%,20%,20%,20%,20%,20%,20%,20%,20%,20%,20%,20%,20%,20%,20%,20%,20%,20%,20%,20%,20%,20%,20%,20%,20%,20%,20%,20%,20%,20%,20%,20%,20%,20%,20%,20%,20%,20%,20%
Accelerated Transition,TAS,Articulated Truck,PHEV,0%,0%,0%,0%,0%,0%,0%,0%,0%,0%,0%,0%,0%,1%,1%,1%,1%,1%,1%,1%,1%,1%,1%,1%,1%,1%,1%,1%,1%,1%,1%,1%,1%,1%,1%,1%,1%,1%,1%,1%,1%,1%,1%,1%,1%,1%,1%,1%,1%,1%,1%,1%,1%,1%,1%,1%,1%,1%,1%,1%,1%,1%,1%,1%,1%,1%,1%,1%,1%,1%,1%,1%,1%,1%,1%
Accelerated Transition,TAS,Bus,BEV,1%,1%,3%,5%,7%,11%,16%,20%,25%,29%,34%,38%,42%,46%,50%,54%,57%,61%,64%,68%,71%,74%,78%,81%,84%,84%,84%,84%,84%,84%,84%,84%,84%,84%,84%,84%,84%,84%,84%,84%,84%,84%,84%,84%,84%,84%,84%,84%,84%,84%,84%,84%,84%,84%,84%,84%,84%,84%,84%,84%,84%,84%,84%,84%,84%,84%,84%,84%,84%,84%,84%,84%,84%,84%,84%
Accelerated Transition,TAS,Bus,FCEV,0%,0%,0%,0%,1%,1%,1%,2%,2%,3%,3%,4%,4%,5%,5%,6%,6%,7%,7%,8%,8%,9%,9%,10%,10%,10%,10%,10%,10%,10%,10%,10%,10%,10%,10%,10%,10%,10%,10%,10%,10%,10%,10%,10%,10%,10%,10%,10%,10%,10%,10%,10%,10%,10%,10%,10%,10%,10%,10%,10%,10%,10%,10%,10%,10%,10%,10%,10%,10%,10%,10%,10%,10%,10%,10%
Accelerated Transition,TAS,Bus,Hybrid,0%,0%,0%,0%,0%,0%,0%,0%,0%,0%,0%,1%,1%,1%,1%,1%,1%,1%,1%,2%,2%,2%,2%,2%,2%,2%,2%,2%,2%,2%,2%,2%,2%,2%,2%,2%,2%,2%,2%,2%,2%,2%,2%,2%,2%,2%,2%,2%,2%,2%,2%,2%,2%,2%,2%,2%,2%,2%,2%,2%,2%,2%,2%,2%,2%,2%,2%,2%,2%,2%,2%,2%,2%,2%,2%
Accelerated Transition,TAS,Bus,ICE,99%,99%,97%,95%,92%,88%,83%,78%,72%,67%,62%,57%,52%,47%,42%,37%,33%,28%,24%,20%,16%,12%,8%,4%,0%,0%,0%,0%,0%,0%,0%,0%,0%,0%,0%,0%,0%,0%,0%,0%,0%,0%,0%,0%,0%,0%,0%,0%,0%,0%,0%,0%,0%,0%,0%,0%,0%,0%,0%,0%,0%,0%,0%,0%,0%,0%,0%,0%,0%,0%,0%,0%,0%,0%,0%
Accelerated Transition,TAS,Bus,PHEV,0%,0%,0%,0%,0%,0%,0%,0%,0%,1%,1%,1%,1%,2%,2%,2%,2%,3%,3%,3%,3%,3%,4%,4%,4%,4%,4%,4%,4%,4%,4%,4%,4%,4%,4%,4%,4%,4%,4%,4%,4%,4%,4%,4%,4%,4%,4%,4%,4%,4%,4%,4%,4%,4%,4%,4%,4%,4%,4%,4%,4%,4%,4%,4%,4%,4%,4%,4%,4%,4%,4%,4%,4%,4%,4%
Accelerated Transition,TAS,Large Light Commercial,BEV,0%,0%,0%,0%,0%,1%,3%,6%,13%,20%,26%,32%,38%,44%,49%,55%,60%,65%,69%,74%,78%,82%,86%,89%,93%,93%,93%,93%,93%,93%,93%,93%,93%,93%,93%,93%,93%,93%,93%,93%,93%,93%,93%,93%,93%,93%,93%,93%,93%,93%,93%,93%,93%,93%,93%,93%,93%,93%,93%,93%,93%,93%,93%,93%,93%,93%,93%,93%,93%,93%,93%,93%,93%,93%,93%
Accelerated Transition,TAS,Large Light Commercial,FCEV,0%,0%,0%,0%,0%,0%,0%,0%,0%,0%,0%,0%,0%,0%,0%,0%,0%,0%,0%,0%,0%,0%,0%,0%,0%,0%,0%,0%,0%,0%,0%,0%,0%,0%,0%,0%,0%,0%,0%,0%,0%,0%,0%,0%,0%,0%,0%,0%,0%,0%,0%,0%,0%,0%,0%,0%,0%,0%,0%,0%,0%,0%,0%,0%,0%,0%,0%,0%,0%,0%,0%,0%,0%,0%,0%
Accelerated Transition,TAS,Large Light Commercial,Hybrid,0%,0%,1%,1%,1%,2%,2%,2%,2%,2%,2%,2%,1%,1%,1%,1%,1%,1%,1%,1%,1%,1%,1%,1%,1%,1%,1%,1%,1%,1%,1%,1%,1%,1%,1%,1%,1%,1%,1%,1%,1%,1%,1%,1%,1%,1%,1%,1%,1%,1%,1%,1%,1%,1%,1%,1%,1%,1%,1%,1%,1%,1%,1%,1%,1%,1%,1%,1%,1%,1%,1%,1%,1%,1%,1%
Accelerated Transition,TAS,Large Light Commercial,ICE,100%,99%,99%,98%,97%,96%,93%,91%,83%,76%,70%,63%,57%,51%,45%,40%,35%,30%,25%,20%,16%,11%,7%,4%,0%,0%,0%,0%,0%,0%,0%,0%,0%,0%,0%,0%,0%,0%,0%,0%,0%,0%,0%,0%,0%,0%,0%,0%,0%,0%,0%,0%,0%,0%,0%,0%,0%,0%,0%,0%,0%,0%,0%,0%,0%,0%,0%,0%,0%,0%,0%,0%,0%,0%,0%
Accelerated Transition,TAS,Large Light Commercial,PHEV,0%,0%,0%,1%,1%,1%,1%,2%,2%,2%,3%,3%,3%,4%,4%,4%,4%,5%,5%,5%,5%,5%,6%,6%,6%,6%,6%,6%,6%,6%,6%,6%,6%,6%,6%,6%,6%,6%,6%,6%,6%,6%,6%,6%,6%,6%,6%,6%,6%,6%,6%,6%,6%,6%,6%,6%,6%,6%,6%,6%,6%,6%,6%,6%,6%,6%,6%,6%,6%,6%,6%,6%,6%,6%,6%
Accelerated Transition,TAS,Large Residential,BEV,1%,1%,1%,2%,3%,4%,6%,8%,14%,19%,25%,30%,35%,40%,45%,50%,55%,60%,65%,69%,74%,79%,83%,88%,93%,93%,93%,93%,93%,93%,93%,93%,93%,93%,93%,93%,93%,93%,93%,93%,93%,93%,93%,93%,93%,93%,93%,93%,93%,93%,93%,93%,93%,93%,93%,93%,93%,93%,93%,93%,93%,93%,93%,93%,93%,93%,93%,93%,93%,93%,93%,93%,93%,93%,93%
Accelerated Transition,TAS,Large Residential,FCEV,0%,0%,0%,0%,0%,0%,0%,0%,0%,0%,0%,0%,0%,0%,0%,0%,0%,0%,0%,0%,0%,0%,0%,0%,0%,0%,0%,0%,0%,0%,0%,0%,0%,0%,0%,0%,0%,0%,0%,0%,0%,0%,0%,0%,0%,0%,0%,0%,0%,0%,0%,0%,0%,0%,0%,0%,0%,0%,0%,0%,0%,0%,0%,0%,0%,0%,0%,0%,0%,0%,0%,0%,0%,0%,0%
Accelerated Transition,TAS,Large Residential,Hybrid,6%,7%,8%,8%,9%,9%,9%,8%,8%,7%,7%,6%,6%,6%,5%,5%,4%,4%,3%,3%,3%,2%,2%,1%,1%,1%,1%,1%,1%,1%,1%,1%,1%,1%,1%,1%,1%,1%,1%,1%,1%,1%,1%,1%,1%,1%,1%,1%,1%,1%,1%,1%,1%,1%,1%,1%,1%,1%,1%,1%,1%,1%,1%,1%,1%,1%,1%,1%,1%,1%,1%,1%,1%,1%,1%
Accelerated Transition,TAS,Large Residential,ICE,94%,92%,90%,88%,85%,83%,81%,78%,73%,68%,63%,58%,53%,49%,44%,40%,35%,31%,26%,22%,18%,13%,9%,5%,0%,0%,0%,0%,0%,0%,0%,0%,0%,0%,0%,0%,0%,0%,0%,0%,0%,0%,0%,0%,0%,0%,0%,0%,0%,0%,0%,0%,0%,0%,0%,0%,0%,0%,0%,0%,0%,0%,0%,0%,0%,0%,0%,0%,0%,0%,0%,0%,0%,0%,0%
Accelerated Transition,TAS,Large Residential,PHEV,0%,1%,1%,2%,3%,4%,5%,5%,5%,5%,5%,6%,6%,6%,6%,6%,6%,6%,6%,6%,6%,6%,6%,6%,6%,6%,6%,6%,6%,6%,6%,6%,6%,6%,6%,6%,6%,6%,6%,6%,6%,6%,6%,6%,6%,6%,6%,6%,6%,6%,6%,6%,6%,6%,6%,6%,6%,6%,6%,6%,6%,6%,6%,6%,6%,6%,6%,6%,6%,6%,6%,6%,6%,6%,6%
Accelerated Transition,TAS,Medium Light Commercial,BEV,0%,0%,1%,1%,2%,3%,5%,8%,15%,21%,28%,34%,40%,46%,52%,57%,62%,67%,72%,76%,81%,85%,89%,92%,96%,96%,96%,96%,96%,96%,96%,96%,96%,96%,96%,96%,96%,96%,96%,96%,96%,96%,96%,96%,96%,96%,96%,96%,96%,96%,96%,96%,96%,96%,96%,96%,96%,96%,96%,96%,96%,96%,96%,96%,96%,96%,96%,96%,96%,96%,96%,96%,96%,96%,96%
Accelerated Transition,TAS,Medium Light Commercial,FCEV,0%,0%,0%,0%,0%,0%,0%,0%,0%,0%,0%,0%,0%,0%,0%,0%,0%,0%,0%,0%,0%,0%,0%,0%,0%,0%,0%,0%,0%,0%,0%,0%,0%,0%,0%,0%,0%,0%,0%,0%,0%,0%,0%,0%,0%,0%,0%,0%,0%,0%,0%,0%,0%,0%,0%,0%,0%,0%,0%,0%,0%,0%,0%,0%,0%,0%,0%,0%,0%,0%,0%,0%,0%,0%,0%
Accelerated Transition,TAS,Medium Light Commercial,Hybrid,0%,0%,1%,1%,1%,2%,2%,2%,2%,2%,2%,2%,2%,1%,1%,1%,1%,1%,1%,1%,1%,1%,1%,1%,1%,1%,1%,1%,1%,1%,1%,1%,1%,1%,1%,1%,1%,1%,1%,1%,1%,1%,1%,1%,1%,1%,1%,1%,1%,1%,1%,1%,1%,1%,1%,1%,1%,1%,1%,1%,1%,1%,1%,1%,1%,1%,1%,1%,1%,1%,1%,1%,1%,1%,1%
Accelerated Transition,TAS,Medium Light Commercial,ICE,99%,99%,98%,96%,94%,92%,90%,87%,80%,73%,67%,61%,55%,49%,44%,38%,33%,28%,24%,19%,15%,11%,7%,3%,0%,0%,0%,0%,0%,0%,0%,0%,0%,0%,0%,0%,0%,0%,0%,0%,0%,0%,0%,0%,0%,0%,0%,0%,0%,0%,0%,0%,0%,0%,0%,0%,0%,0%,0%,0%,0%,0%,0%,0%,0%,0%,0%,0%,0%,0%,0%,0%,0%,0%,0%
Accelerated Transition,TAS,Medium Light Commercial,PHEV,0%,0%,1%,1%,2%,3%,3%,4%,4%,4%,4%,4%,4%,3%,3%,3%,3%,3%,3%,3%,3%,3%,3%,3%,3%,3%,3%,3%,3%,3%,3%,3%,3%,3%,3%,3%,3%,3%,3%,3%,3%,3%,3%,3%,3%,3%,3%,3%,3%,3%,3%,3%,3%,3%,3%,3%,3%,3%,3%,3%,3%,3%,3%,3%,3%,3%,3%,3%,3%,3%,3%,3%,3%,3%,3%
Accelerated Transition,TAS,Medium Residential,BEV,2%,2%,3%,4%,5%,6%,8%,10%,16%,22%,27%,33%,38%,43%,48%,53%,58%,63%,68%,72%,77%,82%,86%,91%,96%,96%,96%,96%,96%,96%,96%,96%,96%,96%,96%,96%,96%,96%,96%,96%,96%,96%,96%,96%,96%,96%,96%,96%,96%,96%,96%,96%,96%,96%,96%,96%,96%,96%,96%,96%,96%,96%,96%,96%,96%,96%,96%,96%,96%,96%,96%,96%,96%,96%,96%
Accelerated Transition,TAS,Medium Residential,FCEV,0%,0%,0%,0%,0%,0%,0%,0%,0%,0%,0%,0%,0%,0%,0%,0%,0%,0%,0%,0%,0%,0%,0%,0%,0%,0%,0%,0%,0%,0%,0%,0%,0%,0%,0%,0%,0%,0%,0%,0%,0%,0%,0%,0%,0%,0%,0%,0%,0%,0%,0%,0%,0%,0%,0%,0%,0%,0%,0%,0%,0%,0%,0%,0%,0%,0%,0%,0%,0%,0%,0%,0%,0%,0%,0%
Accelerated Transition,TAS,Medium Residential,Hybrid,6%,7%,7%,8%,8%,8%,8%,8%,7%,7%,6%,6%,5%,5%,5%,4%,4%,3%,3%,3%,2%,2%,2%,1%,1%,1%,1%,1%,1%,1%,1%,1%,1%,1%,1%,1%,1%,1%,1%,1%,1%,1%,1%,1%,1%,1%,1%,1%,1%,1%,1%,1%,1%,1%,1%,1%,1%,1%,1%,1%,1%,1%,1%,1%,1%,1%,1%,1%,1%,1%,1%,1%,1%,1%,1%
Accelerated Transition,TAS,Medium Residential,ICE,92%,90%,88%,85%,83%,80%,78%,76%,71%,66%,61%,56%,51%,47%,42%,38%,34%,29%,25%,21%,17%,13%,9%,4%,0%,0%,0%,0%,0%,0%,0%,0%,0%,0%,0%,0%,0%,0%,0%,0%,0%,0%,0%,0%,0%,0%,0%,0%,0%,0%,0%,0%,0%,0%,0%,0%,0%,0%,0%,0%,0%,0%,0%,0%,0%,0%,0%,0%,0%,0%,0%,0%,0%,0%,0%
Accelerated Transition,TAS,Medium Residential,PHEV,1%,1%,2%,3%,4%,5%,6%,7%,6%,6%,6%,6%,5%,5%,5%,5%,5%,4%,4%,4%,4%,4%,3%,3%,3%,3%,3%,3%,3%,3%,3%,3%,3%,3%,3%,3%,3%,3%,3%,3%,3%,3%,3%,3%,3%,3%,3%,3%,3%,3%,3%,3%,3%,3%,3%,3%,3%,3%,3%,3%,3%,3%,3%,3%,3%,3%,3%,3%,3%,3%,3%,3%,3%,3%,3%
Accelerated Transition,TAS,Motorcycle,BEV,1%,1%,2%,3%,4%,6%,8%,11%,17%,23%,29%,35%,40%,46%,51%,56%,61%,66%,71%,76%,81%,85%,89%,94%,98%,98%,98%,98%,98%,98%,98%,98%,98%,98%,98%,98%,98%,98%,98%,98%,98%,98%,98%,98%,98%,98%,98%,98%,98%,98%,98%,98%,98%,98%,98%,98%,98%,98%,98%,98%,98%,98%,98%,98%,98%,98%,98%,98%,98%,98%,98%,98%,98%,98%,98%
Accelerated Transition,TAS,Motorcycle,FCEV,0%,0%,0%,0%,0%,0%,0%,0%,0%,0%,0%,0%,0%,0%,0%,0%,0%,0%,0%,0%,0%,0%,0%,0%,0%,0%,0%,0%,0%,0%,0%,0%,0%,0%,0%,0%,0%,0%,0%,0%,0%,0%,0%,0%,0%,0%,0%,0%,0%,0%,0%,0%,0%,0%,0%,0%,0%,0%,0%,0%,0%,0%,0%,0%,0%,0%,0%,0%,0%,0%,0%,0%,0%,0%,0%
Accelerated Transition,TAS,Motorcycle,Hybrid,0%,0%,0%,0%,0%,0%,0%,0%,0%,0%,0%,0%,0%,0%,0%,0%,0%,0%,0%,0%,0%,0%,0%,0%,0%,0%,0%,0%,0%,0%,0%,0%,0%,0%,0%,0%,0%,0%,0%,0%,0%,0%,0%,0%,0%,0%,0%,0%,0%,0%,0%,0%,0%,0%,0%,0%,0%,0%,0%,0%,0%,0%,0%,0%,0%,0%,0%,0%,0%,0%,0%,0%,0%,0%,0%
Accelerated Transition,TAS,Motorcycle,ICE,99%,99%,98%,97%,96%,94%,92%,89%,83%,77%,71%,65%,59%,54%,48%,43%,38%,33%,28%,23%,19%,14%,10%,5%,1%,1%,1%,1%,1%,1%,1%,1%,1%,1%,1%,1%,1%,1%,1%,1%,1%,1%,1%,1%,1%,1%,1%,1%,1%,1%,1%,1%,1%,1%,1%,1%,1%,1%,1%,1%,1%,1%,1%,1%,1%,1%,1%,1%,1%,1%,1%,1%,1%,1%,1%
Accelerated Transition,TAS,Motorcycle,PHEV,0%,0%,0%,0%,0%,0%,0%,0%,0%,0%,0%,0%,0%,0%,0%,1%,1%,1%,1%,1%,1%,1%,1%,1%,1%,1%,1%,1%,1%,1%,1%,1%,1%,1%,1%,1%,1%,1%,1%,1%,1%,1%,1%,1%,1%,1%,1%,1%,1%,1%,1%,1%,1%,1%,1%,1%,1%,1%,1%,1%,1%,1%,1%,1%,1%,1%,1%,1%,1%,1%,1%,1%,1%,1%,1%
Accelerated Transition,TAS,Rigid Truck,BEV,0%,0%,0%,0%,1%,2%,5%,9%,15%,22%,28%,34%,39%,44%,49%,54%,58%,61%,65%,68%,71%,74%,76%,79%,81%,81%,81%,81%,81%,81%,81%,81%,81%,81%,81%,81%,81%,81%,81%,81%,81%,81%,81%,81%,81%,81%,81%,81%,81%,81%,81%,81%,81%,81%,81%,81%,81%,81%,81%,81%,81%,81%,81%,81%,81%,81%,81%,81%,81%,81%,81%,81%,81%,81%,81%
Accelerated Transition,TAS,Rigid Truck,FCEV,0%,0%,0%,0%,0%,0%,0%,1%,2%,2%,3%,4%,5%,5%,6%,6%,7%,7%,8%,8%,9%,9%,9%,10%,10%,10%,10%,10%,10%,10%,10%,10%,10%,10%,10%,10%,10%,10%,10%,10%,10%,10%,10%,10%,10%,10%,10%,10%,10%,10%,10%,10%,10%,10%,10%,10%,10%,10%,10%,10%,10%,10%,10%,10%,10%,10%,10%,10%,10%,10%,10%,10%,10%,10%,10%
Accelerated Transition,TAS,Rigid Truck,Hybrid,0%,0%,0%,0%,0%,0%,0%,0%,0%,1%,1%,2%,2%,2%,3%,3%,3%,4%,4%,4%,4%,4%,5%,5%,5%,5%,5%,5%,5%,5%,5%,5%,5%,5%,5%,5%,5%,5%,5%,5%,5%,5%,5%,5%,5%,5%,5%,5%,5%,5%,5%,5%,5%,5%,5%,5%,5%,5%,5%,5%,5%,5%,5%,5%,5%,5%,5%,5%,5%,5%,5%,5%,5%,5%,5%
Accelerated Transition,TAS,Rigid Truck,ICE,100%,100%,100%,100%,99%,98%,95%,90%,82%,74%,66%,59%,52%,46%,40%,34%,29%,25%,20%,16%,12%,9%,6%,3%,0%,0%,0%,0%,0%,0%,0%,0%,0%,0%,0%,0%,0%,0%,0%,0%,0%,0%,0%,0%,0%,0%,0%,0%,0%,0%,0%,0%,0%,0%,0%,0%,0%,0%,0%,0%,0%,0%,0%,0%,0%,0%,0%,0%,0%,0%,0%,0%,0%,0%,0%
Accelerated Transition,TAS,Rigid Truck,PHEV,0%,0%,0%,0%,0%,0%,0%,0%,1%,1%,1%,2%,2%,2%,2%,3%,3%,3%,3%,3%,3%,4%,4%,4%,4%,4%,4%,4%,4%,4%,4%,4%,4%,4%,4%,4%,4%,4%,4%,4%,4%,4%,4%,4%,4%,4%,4%,4%,4%,4%,4%,4%,4%,4%,4%,4%,4%,4%,4%,4%,4%,4%,4%,4%,4%,4%,4%,4%,4%,4%,4%,4%,4%,4%,4%
Accelerated Transition,TAS,Small Light Commercial,BEV,1%,1%,2%,2%,3%,5%,7%,10%,17%,23%,30%,36%,42%,48%,54%,59%,64%,69%,74%,78%,83%,87%,91%,94%,98%,98%,98%,98%,98%,98%,98%,98%,98%,98%,98%,98%,98%,98%,98%,98%,98%,98%,98%,98%,98%,98%,98%,98%,98%,98%,98%,98%,98%,98%,98%,98%,98%,98%,98%,98%,98%,98%,98%,98%,98%,98%,98%,98%,98%,98%,98%,98%,98%,98%,98%
Accelerated Transition,TAS,Small Light Commercial,FCEV,0%,0%,0%,0%,0%,0%,0%,0%,0%,0%,0%,0%,0%,0%,0%,0%,0%,0%,0%,0%,0%,0%,0%,0%,0%,0%,0%,0%,0%,0%,0%,0%,0%,0%,0%,0%,0%,0%,0%,0%,0%,0%,0%,0%,0%,0%,0%,0%,0%,0%,0%,0%,0%,0%,0%,0%,0%,0%,0%,0%,0%,0%,0%,0%,0%,0%,0%,0%,0%,0%,0%,0%,0%,0%,0%
Accelerated Transition,TAS,Small Light Commercial,Hybrid,0%,0%,0%,0%,0%,0%,0%,0%,0%,0%,0%,0%,0%,0%,1%,1%,1%,1%,1%,1%,1%,1%,1%,1%,1%,1%,1%,1%,1%,1%,1%,1%,1%,1%,1%,1%,1%,1%,1%,1%,1%,1%,1%,1%,1%,1%,1%,1%,1%,1%,1%,1%,1%,1%,1%,1%,1%,1%,1%,1%,1%,1%,1%,1%,1%,1%,1%,1%,1%,1%,1%,1%,1%,1%,1%
Accelerated Transition,TAS,Small Light Commercial,ICE,99%,98%,97%,95%,93%,91%,88%,85%,78%,72%,65%,59%,53%,48%,42%,37%,32%,28%,23%,19%,15%,11%,7%,3%,0%,0%,0%,0%,0%,0%,0%,0%,0%,0%,0%,0%,0%,0%,0%,0%,0%,0%,0%,0%,0%,0%,0%,0%,0%,0%,0%,0%,0%,0%,0%,0%,0%,0%,0%,0%,0%,0%,0%,0%,0%,0%,0%,0%,0%,0%,0%,0%,0%,0%,0%
Accelerated Transition,TAS,Small Light Commercial,PHEV,0%,1%,1%,2%,4%,5%,5%,6%,5%,5%,5%,4%,4%,4%,3%,3%,3%,3%,2%,2%,2%,2%,1%,1%,1%,1%,1%,1%,1%,1%,1%,1%,1%,1%,1%,1%,1%,1%,1%,1%,1%,1%,1%,1%,1%,1%,1%,1%,1%,1%,1%,1%,1%,1%,1%,1%,1%,1%,1%,1%,1%,1%,1%,1%,1%,1%,1%,1%,1%,1%,1%,1%,1%,1%,1%
Accelerated Transition,TAS,Small Residential,BEV,4%,5%,6%,6%,7%,7%,9%,11%,17%,23%,28%,34%,39%,45%,50%,55%,60%,65%,70%,75%,79%,84%,89%,93%,98%,98%,98%,98%,98%,98%,98%,98%,98%,98%,98%,98%,98%,98%,98%,98%,98%,98%,98%,98%,98%,98%,98%,98%,98%,98%,98%,98%,98%,98%,98%,98%,98%,98%,98%,98%,98%,98%,98%,98%,98%,98%,98%,98%,98%,98%,98%,98%,98%,98%,98%
Accelerated Transition,TAS,Small Residential,FCEV,0%,0%,0%,0%,0%,0%,0%,0%,0%,0%,0%,0%,0%,0%,0%,0%,0%,0%,0%,0%,0%,0%,0%,0%,0%,0%,0%,0%,0%,0%,0%,0%,0%,0%,0%,0%,0%,0%,0%,0%,0%,0%,0%,0%,0%,0%,0%,0%,0%,0%,0%,0%,0%,0%,0%,0%,0%,0%,0%,0%,0%,0%,0%,0%,0%,0%,0%,0%,0%,0%,0%,0%,0%,0%,0%
Accelerated Transition,TAS,Small Residential,Hybrid,0%,0%,0%,0%,0%,0%,0%,0%,0%,0%,0%,0%,0%,0%,0%,1%,1%,1%,1%,1%,1%,1%,1%,1%,1%,1%,1%,1%,1%,1%,1%,1%,1%,1%,1%,1%,1%,1%,1%,1%,1%,1%,1%,1%,1%,1%,1%,1%,1%,1%,1%,1%,1%,1%,1%,1%,1%,1%,1%,1%,1%,1%,1%,1%,1%,1%,1%,1%,1%,1%,1%,1%,1%,1%,1%
Accelerated Transition,TAS,Small Residential,ICE,94%,93%,91%,89%,88%,86%,84%,81%,76%,70%,65%,60%,55%,50%,45%,40%,35%,31%,26%,22%,17%,13%,9%,4%,0%,0%,0%,0%,0%,0%,0%,0%,0%,0%,0%,0%,0%,0%,0%,0%,0%,0%,0%,0%,0%,0%,0%,0%,0%,0%,0%,0%,0%,0%,0%,0%,0%,0%,0%,0%,0%,0%,0%,0%,0%,0%,0%,0%,0%,0%,0%,0%,0%,0%,0%
Accelerated Transition,TAS,Small Residential,PHEV,1%,2%,3%,4%,6%,7%,8%,8%,8%,7%,7%,6%,6%,5%,5%,4%,4%,4%,3%,3%,2%,2%,2%,1%,1%,1%,1%,1%,1%,1%,1%,1%,1%,1%,1%,1%,1%,1%,1%,1%,1%,1%,1%,1%,1%,1%,1%,1%,1%,1%,1%,1%,1%,1%,1%,1%,1%,1%,1%,1%,1%,1%,1%,1%,1%,1%,1%,1%,1%,1%,1%,1%,1%,1%,1%
Accelerated Transition,VIC,Articulated Truck,BEV,0%,0%,0%,0%,2%,3%,6%,9%,14%,18%,23%,27%,30%,34%,37%,40%,43%,46%,48%,50%,52%,54%,56%,58%,59%,59%,59%,59%,59%,59%,59%,59%,59%,59%,59%,59%,59%,59%,59%,59%,59%,59%,59%,59%,59%,59%,59%,59%,59%,59%,59%,59%,59%,59%,59%,59%,59%,59%,59%,59%,59%,59%,59%,59%,59%,59%,59%,59%,59%,59%,59%,59%,59%,59%,59%
Accelerated Transition,VIC,Articulated Truck,FCEV,0%,0%,0%,0%,0%,0%,1%,2%,3%,5%,7%,8%,10%,11%,12%,13%,14%,15%,16%,17%,18%,18%,19%,19%,20%,20%,20%,20%,20%,20%,20%,20%,20%,20%,20%,20%,20%,20%,20%,20%,20%,20%,20%,20%,20%,20%,20%,20%,20%,20%,20%,20%,20%,20%,20%,20%,20%,20%,20%,20%,20%,20%,20%,20%,20%,20%,20%,20%,20%,20%,20%,20%,20%,20%,20%
Accelerated Transition,VIC,Articulated Truck,Hybrid,0%,0%,0%,0%,0%,0%,0%,0%,0%,0%,0%,0%,0%,0%,0%,0%,0%,0%,0%,0%,0%,0%,0%,0%,0%,0%,0%,0%,0%,0%,0%,0%,0%,0%,0%,0%,0%,0%,0%,0%,0%,0%,0%,0%,0%,0%,0%,0%,0%,0%,0%,0%,0%,0%,0%,0%,0%,0%,0%,0%,0%,0%,0%,0%,0%,0%,0%,0%,0%,0%,0%,0%,0%,0%,0%
Accelerated Transition,VIC,Articulated Truck,ICE,100%,100%,100%,100%,98%,96%,93%,90%,83%,76%,70%,65%,60%,55%,50%,46%,42%,38%,35%,32%,29%,27%,24%,22%,20%,20%,20%,20%,20%,20%,20%,20%,20%,20%,20%,20%,20%,20%,20%,20%,20%,20%,20%,20%,20%,20%,20%,20%,20%,20%,20%,20%,20%,20%,20%,20%,20%,20%,20%,20%,20%,20%,20%,20%,20%,20%,20%,20%,20%,20%,20%,20%,20%,20%,20%
Accelerated Transition,VIC,Articulated Truck,PHEV,0%,0%,0%,0%,0%,0%,0%,0%,0%,0%,0%,0%,0%,1%,1%,1%,1%,1%,1%,1%,1%,1%,1%,1%,1%,1%,1%,1%,1%,1%,1%,1%,1%,1%,1%,1%,1%,1%,1%,1%,1%,1%,1%,1%,1%,1%,1%,1%,1%,1%,1%,1%,1%,1%,1%,1%,1%,1%,1%,1%,1%,1%,1%,1%,1%,1%,1%,1%,1%,1%,1%,1%,1%,1%,1%
Accelerated Transition,VIC,Bus,BEV,1%,1%,1%,2%,3%,6%,10%,14%,20%,25%,29%,34%,38%,43%,47%,51%,55%,59%,63%,66%,70%,74%,77%,81%,84%,84%,84%,84%,84%,84%,84%,84%,84%,84%,84%,84%,84%,84%,84%,84%,84%,84%,84%,84%,84%,84%,84%,84%,84%,84%,84%,84%,84%,84%,84%,84%,84%,84%,84%,84%,84%,84%,84%,84%,84%,84%,84%,84%,84%,84%,84%,84%,84%,84%,84%
Accelerated Transition,VIC,Bus,FCEV,0%,0%,0%,0%,0%,0%,1%,1%,2%,2%,3%,3%,4%,5%,5%,6%,6%,7%,7%,8%,8%,9%,9%,10%,10%,10%,10%,10%,10%,10%,10%,10%,10%,10%,10%,10%,10%,10%,10%,10%,10%,10%,10%,10%,10%,10%,10%,10%,10%,10%,10%,10%,10%,10%,10%,10%,10%,10%,10%,10%,10%,10%,10%,10%,10%,10%,10%,10%,10%,10%,10%,10%,10%,10%,10%
Accelerated Transition,VIC,Bus,Hybrid,0%,0%,0%,0%,0%,0%,0%,0%,0%,0%,0%,1%,1%,1%,1%,1%,1%,1%,1%,1%,2%,2%,2%,2%,2%,2%,2%,2%,2%,2%,2%,2%,2%,2%,2%,2%,2%,2%,2%,2%,2%,2%,2%,2%,2%,2%,2%,2%,2%,2%,2%,2%,2%,2%,2%,2%,2%,2%,2%,2%,2%,2%,2%,2%,2%,2%,2%,2%,2%,2%,2%,2%,2%,2%,2%
Accelerated Transition,VIC,Bus,ICE,99%,99%,99%,98%,96%,93%,89%,84%,78%,72%,66%,61%,56%,50%,45%,40%,35%,31%,26%,21%,17%,13%,8%,4%,0%,0%,0%,0%,0%,0%,0%,0%,0%,0%,0%,0%,0%,0%,0%,0%,0%,0%,0%,0%,0%,0%,0%,0%,0%,0%,0%,0%,0%,0%,0%,0%,0%,0%,0%,0%,0%,0%,0%,0%,0%,0%,0%,0%,0%,0%,0%,0%,0%,0%,0%
Accelerated Transition,VIC,Bus,PHEV,0%,0%,0%,0%,0%,0%,0%,0%,1%,1%,1%,1%,2%,2%,2%,2%,2%,3%,3%,3%,3%,3%,4%,4%,4%,4%,4%,4%,4%,4%,4%,4%,4%,4%,4%,4%,4%,4%,4%,4%,4%,4%,4%,4%,4%,4%,4%,4%,4%,4%,4%,4%,4%,4%,4%,4%,4%,4%,4%,4%,4%,4%,4%,4%,4%,4%,4%,4%,4%,4%,4%,4%,4%,4%,4%
Accelerated Transition,VIC,Large Light Commercial,BEV,0%,0%,1%,2%,3%,6%,9%,12%,19%,25%,32%,37%,43%,48%,53%,58%,63%,67%,71%,75%,79%,83%,86%,90%,93%,93%,93%,93%,93%,93%,93%,93%,93%,93%,93%,93%,93%,93%,93%,93%,93%,93%,93%,93%,93%,93%,93%,93%,93%,93%,93%,93%,93%,93%,93%,93%,93%,93%,93%,93%,93%,93%,93%,93%,93%,93%,93%,93%,93%,93%,93%,93%,93%,93%,93%
Accelerated Transition,VIC,Large Light Commercial,FCEV,0%,0%,0%,0%,0%,0%,0%,0%,0%,0%,0%,0%,0%,0%,0%,0%,0%,0%,0%,0%,0%,0%,0%,0%,0%,0%,0%,0%,0%,0%,0%,0%,0%,0%,0%,0%,0%,0%,0%,0%,0%,0%,0%,0%,0%,0%,0%,0%,0%,0%,0%,0%,0%,0%,0%,0%,0%,0%,0%,0%,0%,0%,0%,0%,0%,0%,0%,0%,0%,0%,0%,0%,0%,0%,0%
Accelerated Transition,VIC,Large Light Commercial,Hybrid,1%,1%,1%,2%,2%,3%,3%,3%,3%,2%,2%,2%,2%,2%,2%,2%,2%,2%,1%,1%,1%,1%,1%,1%,1%,1%,1%,1%,1%,1%,1%,1%,1%,1%,1%,1%,1%,1%,1%,1%,1%,1%,1%,1%,1%,1%,1%,1%,1%,1%,1%,1%,1%,1%,1%,1%,1%,1%,1%,1%,1%,1%,1%,1%,1%,1%,1%,1%,1%,1%,1%,1%,1%,1%,1%
Accelerated Transition,VIC,Large Light Commercial,ICE,99%,99%,97%,96%,94%,92%,88%,84%,77%,71%,64%,58%,52%,47%,42%,37%,32%,27%,23%,18%,14%,11%,7%,3%,0%,0%,0%,0%,0%,0%,0%,0%,0%,0%,0%,0%,0%,0%,0%,0%,0%,0%,0%,0%,0%,0%,0%,0%,0%,0%,0%,0%,0%,0%,0%,0%,0%,0%,0%,0%,0%,0%,0%,0%,0%,0%,0%,0%,0%,0%,0%,0%,0%,0%,0%
Accelerated Transition,VIC,Large Light Commercial,PHEV,0%,0%,0%,0%,0%,0%,0%,1%,1%,2%,2%,2%,3%,3%,3%,4%,4%,4%,5%,5%,5%,5%,6%,6%,6%,6%,6%,6%,6%,6%,6%,6%,6%,6%,6%,6%,6%,6%,6%,6%,6%,6%,6%,6%,6%,6%,6%,6%,6%,6%,6%,6%,6%,6%,6%,6%,6%,6%,6%,6%,6%,6%,6%,6%,6%,6%,6%,6%,6%,6%,6%,6%,6%,6%,6%
Accelerated Transition,VIC,Large Residential,BEV,1%,2%,4%,7%,10%,13%,17%,20%,25%,30%,34%,39%,44%,48%,52%,56%,61%,65%,69%,73%,77%,81%,85%,89%,93%,93%,93%,93%,93%,93%,93%,93%,93%,93%,93%,93%,93%,93%,93%,93%,93%,93%,93%,93%,93%,93%,93%,93%,93%,93%,93%,93%,93%,93%,93%,93%,93%,93%,93%,93%,93%,93%,93%,93%,93%,93%,93%,93%,93%,93%,93%,93%,93%,93%,93%
Accelerated Transition,VIC,Large Residential,FCEV,0%,0%,0%,0%,0%,0%,0%,0%,0%,0%,0%,0%,0%,0%,0%,0%,0%,0%,0%,0%,0%,0%,0%,0%,0%,0%,0%,0%,0%,0%,0%,0%,0%,0%,0%,0%,0%,0%,0%,0%,0%,0%,0%,0%,0%,0%,0%,0%,0%,0%,0%,0%,0%,0%,0%,0%,0%,0%,0%,0%,0%,0%,0%,0%,0%,0%,0%,0%,0%,0%,0%,0%,0%,0%,0%
Accelerated Transition,VIC,Large Residential,Hybrid,7%,9%,10%,10%,10%,10%,10%,10%,9%,8%,8%,7%,7%,6%,6%,5%,5%,4%,4%,3%,3%,2%,2%,1%,1%,1%,1%,1%,1%,1%,1%,1%,1%,1%,1%,1%,1%,1%,1%,1%,1%,1%,1%,1%,1%,1%,1%,1%,1%,1%,1%,1%,1%,1%,1%,1%,1%,1%,1%,1%,1%,1%,1%,1%,1%,1%,1%,1%,1%,1%,1%,1%,1%,1%,1%
Accelerated Transition,VIC,Large Residential,ICE,91%,89%,86%,82%,79%,75%,72%,69%,64%,60%,55%,51%,47%,43%,39%,35%,31%,27%,23%,19%,16%,12%,8%,4%,0%,0%,0%,0%,0%,0%,0%,0%,0%,0%,0%,0%,0%,0%,0%,0%,0%,0%,0%,0%,0%,0%,0%,0%,0%,0%,0%,0%,0%,0%,0%,0%,0%,0%,0%,0%,0%,0%,0%,0%,0%,0%,0%,0%,0%,0%,0%,0%,0%,0%,0%
Accelerated Transition,VIC,Large Residential,PHEV,0%,0%,1%,1%,1%,1%,1%,2%,2%,2%,2%,3%,3%,3%,3%,4%,4%,4%,5%,5%,5%,5%,5%,6%,6%,6%,6%,6%,6%,6%,6%,6%,6%,6%,6%,6%,6%,6%,6%,6%,6%,6%,6%,6%,6%,6%,6%,6%,6%,6%,6%,6%,6%,6%,6%,6%,6%,6%,6%,6%,6%,6%,6%,6%,6%,6%,6%,6%,6%,6%,6%,6%,6%,6%,6%
Accelerated Transition,VIC,Medium Light Commercial,BEV,1%,2%,3%,5%,7%,10%,14%,18%,24%,30%,36%,42%,47%,52%,57%,62%,66%,71%,75%,79%,83%,86%,90%,93%,96%,96%,96%,96%,96%,96%,96%,96%,96%,96%,96%,96%,96%,96%,96%,96%,96%,96%,96%,96%,96%,96%,96%,96%,96%,96%,96%,96%,96%,96%,96%,96%,96%,96%,96%,96%,96%,96%,96%,96%,96%,96%,96%,96%,96%,96%,96%,96%,96%,96%,96%
Accelerated Transition,VIC,Medium Light Commercial,FCEV,0%,0%,0%,0%,0%,0%,0%,0%,0%,0%,0%,0%,0%,0%,0%,0%,0%,0%,0%,0%,0%,0%,0%,0%,0%,0%,0%,0%,0%,0%,0%,0%,0%,0%,0%,0%,0%,0%,0%,0%,0%,0%,0%,0%,0%,0%,0%,0%,0%,0%,0%,0%,0%,0%,0%,0%,0%,0%,0%,0%,0%,0%,0%,0%,0%,0%,0%,0%,0%,0%,0%,0%,0%,0%,0%
Accelerated Transition,VIC,Medium Light Commercial,Hybrid,1%,1%,1%,2%,2%,3%,3%,3%,2%,2%,2%,2%,2%,2%,2%,2%,2%,2%,1%,1%,1%,1%,1%,1%,1%,1%,1%,1%,1%,1%,1%,1%,1%,1%,1%,1%,1%,1%,1%,1%,1%,1%,1%,1%,1%,1%,1%,1%,1%,1%,1%,1%,1%,1%,1%,1%,1%,1%,1%,1%,1%,1%,1%,1%,1%,1%,1%,1%,1%,1%,1%,1%,1%,1%,1%
Accelerated Transition,VIC,Medium Light Commercial,ICE,98%,97%,95%,93%,90%,87%,83%,79%,73%,66%,60%,55%,49%,44%,39%,34%,30%,25%,21%,17%,13%,10%,6%,3%,0%,0%,0%,0%,0%,0%,0%,0%,0%,0%,0%,0%,0%,0%,0%,0%,0%,0%,0%,0%,0%,0%,0%,0%,0%,0%,0%,0%,0%,0%,0%,0%,0%,0%,0%,0%,0%,0%,0%,0%,0%,0%,0%,0%,0%,0%,0%,0%,0%,0%,0%
Accelerated Transition,VIC,Medium Light Commercial,PHEV,0%,0%,0%,0%,1%,1%,1%,1%,1%,1%,1%,1%,2%,2%,2%,2%,2%,2%,2%,3%,3%,3%,3%,3%,3%,3%,3%,3%,3%,3%,3%,3%,3%,3%,3%,3%,3%,3%,3%,3%,3%,3%,3%,3%,3%,3%,3%,3%,3%,3%,3%,3%,3%,3%,3%,3%,3%,3%,3%,3%,3%,3%,3%,3%,3%,3%,3%,3%,3%,3%,3%,3%,3%,3%,3%
Accelerated Transition,VIC,Medium Residential,BEV,3%,5%,7%,10%,14%,18%,21%,25%,30%,35%,39%,44%,48%,53%,57%,61%,65%,69%,73%,77%,81%,84%,88%,92%,96%,96%,96%,96%,96%,96%,96%,96%,96%,96%,96%,96%,96%,96%,96%,96%,96%,96%,96%,96%,96%,96%,96%,96%,96%,96%,96%,96%,96%,96%,96%,96%,96%,96%,96%,96%,96%,96%,96%,96%,96%,96%,96%,96%,96%,96%,96%,96%,96%,96%,96%
Accelerated Transition,VIC,Medium Residential,FCEV,0%,0%,0%,0%,0%,0%,0%,0%,0%,0%,0%,0%,0%,0%,0%,0%,0%,0%,0%,0%,0%,0%,0%,0%,0%,0%,0%,0%,0%,0%,0%,0%,0%,0%,0%,0%,0%,0%,0%,0%,0%,0%,0%,0%,0%,0%,0%,0%,0%,0%,0%,0%,0%,0%,0%,0%,0%,0%,0%,0%,0%,0%,0%,0%,0%,0%,0%,0%,0%,0%,0%,0%,0%,0%,0%
Accelerated Transition,VIC,Medium Residential,Hybrid,7%,8%,9%,9%,9%,9%,9%,8%,8%,7%,7%,6%,6%,6%,5%,5%,4%,4%,3%,3%,3%,2%,2%,1%,1%,1%,1%,1%,1%,1%,1%,1%,1%,1%,1%,1%,1%,1%,1%,1%,1%,1%,1%,1%,1%,1%,1%,1%,1%,1%,1%,1%,1%,1%,1%,1%,1%,1%,1%,1%,1%,1%,1%,1%,1%,1%,1%,1%,1%,1%,1%,1%,1%,1%,1%
Accelerated Transition,VIC,Medium Residential,ICE,89%,85%,82%,78%,75%,71%,68%,65%,60%,56%,52%,48%,44%,40%,36%,32%,28%,25%,21%,18%,14%,11%,7%,3%,0%,0%,0%,0%,0%,0%,0%,0%,0%,0%,0%,0%,0%,0%,0%,0%,0%,0%,0%,0%,0%,0%,0%,0%,0%,0%,0%,0%,0%,0%,0%,0%,0%,0%,0%,0%,0%,0%,0%,0%,0%,0%,0%,0%,0%,0%,0%,0%,0%,0%,0%
Accelerated Transition,VIC,Medium Residential,PHEV,1%,1%,2%,2%,2%,2%,2%,2%,2%,2%,2%,2%,2%,2%,2%,2%,3%,3%,3%,3%,3%,3%,3%,3%,3%,3%,3%,3%,3%,3%,3%,3%,3%,3%,3%,3%,3%,3%,3%,3%,3%,3%,3%,3%,3%,3%,3%,3%,3%,3%,3%,3%,3%,3%,3%,3%,3%,3%,3%,3%,3%,3%,3%,3%,3%,3%,3%,3%,3%,3%,3%,3%,3%,3%,3%
Accelerated Transition,VIC,Motorcycle,BEV,1%,1%,3%,6%,9%,12%,16%,20%,25%,31%,36%,41%,46%,51%,56%,60%,65%,69%,74%,78%,82%,86%,90%,94%,98%,98%,98%,98%,98%,98%,98%,98%,98%,98%,98%,98%,98%,98%,98%,98%,98%,98%,98%,98%,98%,98%,98%,98%,98%,98%,98%,98%,98%,98%,98%,98%,98%,98%,98%,98%,98%,98%,98%,98%,98%,98%,98%,98%,98%,98%,98%,98%,98%,98%,98%
Accelerated Transition,VIC,Motorcycle,FCEV,0%,0%,0%,0%,0%,0%,0%,0%,0%,0%,0%,0%,0%,0%,0%,0%,0%,0%,0%,0%,0%,0%,0%,0%,0%,0%,0%,0%,0%,0%,0%,0%,0%,0%,0%,0%,0%,0%,0%,0%,0%,0%,0%,0%,0%,0%,0%,0%,0%,0%,0%,0%,0%,0%,0%,0%,0%,0%,0%,0%,0%,0%,0%,0%,0%,0%,0%,0%,0%,0%,0%,0%,0%,0%,0%
Accelerated Transition,VIC,Motorcycle,Hybrid,0%,0%,0%,0%,0%,0%,0%,0%,0%,0%,0%,0%,0%,0%,0%,0%,0%,0%,0%,0%,0%,0%,0%,0%,0%,0%,0%,0%,0%,0%,0%,0%,0%,0%,0%,0%,0%,0%,0%,0%,0%,0%,0%,0%,0%,0%,0%,0%,0%,0%,0%,0%,0%,0%,0%,0%,0%,0%,0%,0%,0%,0%,0%,0%,0%,0%,0%,0%,0%,0%,0%,0%,0%,0%,0%
Accelerated Transition,VIC,Motorcycle,ICE,99%,99%,97%,94%,91%,88%,84%,80%,75%,69%,64%,59%,54%,49%,44%,39%,34%,30%,26%,21%,17%,13%,9%,5%,1%,1%,1%,1%,1%,1%,1%,1%,1%,1%,1%,1%,1%,1%,1%,1%,1%,1%,1%,1%,1%,1%,1%,1%,1%,1%,1%,1%,1%,1%,1%,1%,1%,1%,1%,1%,1%,1%,1%,1%,1%,1%,1%,1%,1%,1%,1%,1%,1%,1%,1%
Accelerated Transition,VIC,Motorcycle,PHEV,0%,0%,0%,0%,0%,0%,0%,0%,0%,0%,0%,0%,0%,0%,0%,1%,1%,1%,1%,1%,1%,1%,1%,1%,1%,1%,1%,1%,1%,1%,1%,1%,1%,1%,1%,1%,1%,1%,1%,1%,1%,1%,1%,1%,1%,1%,1%,1%,1%,1%,1%,1%,1%,1%,1%,1%,1%,1%,1%,1%,1%,1%,1%,1%,1%,1%,1%,1%,1%,1%,1%,1%,1%,1%,1%
Accelerated Transition,VIC,Rigid Truck,BEV,0%,0%,0%,1%,1%,3%,6%,12%,18%,24%,30%,36%,41%,46%,50%,54%,58%,62%,65%,68%,71%,74%,77%,79%,81%,81%,81%,81%,81%,81%,81%,81%,81%,81%,81%,81%,81%,81%,81%,81%,81%,81%,81%,81%,81%,81%,81%,81%,81%,81%,81%,81%,81%,81%,81%,81%,81%,81%,81%,81%,81%,81%,81%,81%,81%,81%,81%,81%,81%,81%,81%,81%,81%,81%,81%
Accelerated Transition,VIC,Rigid Truck,FCEV,0%,0%,0%,0%,0%,0%,0%,1%,2%,3%,3%,4%,5%,5%,6%,6%,7%,7%,8%,8%,9%,9%,9%,10%,10%,10%,10%,10%,10%,10%,10%,10%,10%,10%,10%,10%,10%,10%,10%,10%,10%,10%,10%,10%,10%,10%,10%,10%,10%,10%,10%,10%,10%,10%,10%,10%,10%,10%,10%,10%,10%,10%,10%,10%,10%,10%,10%,10%,10%,10%,10%,10%,10%,10%,10%
Accelerated Transition,VIC,Rigid Truck,Hybrid,0%,0%,0%,0%,0%,0%,0%,0%,0%,1%,1%,2%,2%,2%,3%,3%,3%,4%,4%,4%,4%,4%,5%,5%,5%,5%,5%,5%,5%,5%,5%,5%,5%,5%,5%,5%,5%,5%,5%,5%,5%,5%,5%,5%,5%,5%,5%,5%,5%,5%,5%,5%,5%,5%,5%,5%,5%,5%,5%,5%,5%,5%,5%,5%,5%,5%,5%,5%,5%,5%,5%,5%,5%,5%,5%
Accelerated Transition,VIC,Rigid Truck,ICE,100%,100%,100%,99%,99%,97%,93%,87%,79%,71%,64%,57%,51%,45%,39%,34%,29%,24%,20%,16%,12%,9%,6%,3%,0%,0%,0%,0%,0%,0%,0%,0%,0%,0%,0%,0%,0%,0%,0%,0%,0%,0%,0%,0%,0%,0%,0%,0%,0%,0%,0%,0%,0%,0%,0%,0%,0%,0%,0%,0%,0%,0%,0%,0%,0%,0%,0%,0%,0%,0%,0%,0%,0%,0%,0%
Accelerated Transition,VIC,Rigid Truck,PHEV,0%,0%,0%,0%,0%,0%,0%,0%,1%,1%,1%,2%,2%,2%,2%,3%,3%,3%,3%,3%,3%,4%,4%,4%,4%,4%,4%,4%,4%,4%,4%,4%,4%,4%,4%,4%,4%,4%,4%,4%,4%,4%,4%,4%,4%,4%,4%,4%,4%,4%,4%,4%,4%,4%,4%,4%,4%,4%,4%,4%,4%,4%,4%,4%,4%,4%,4%,4%,4%,4%,4%,4%,4%,4%,4%
Accelerated Transition,VIC,Small Light Commercial,BEV,2%,4%,6%,9%,12%,16%,20%,24%,30%,36%,42%,47%,52%,57%,61%,66%,70%,74%,78%,82%,85%,89%,92%,95%,98%,98%,98%,98%,98%,98%,98%,98%,98%,98%,98%,98%,98%,98%,98%,98%,98%,98%,98%,98%,98%,98%,98%,98%,98%,98%,98%,98%,98%,98%,98%,98%,98%,98%,98%,98%,98%,98%,98%,98%,98%,98%,98%,98%,98%,98%,98%,98%,98%,98%,98%
Accelerated Transition,VIC,Small Light Commercial,FCEV,0%,0%,0%,0%,0%,0%,0%,0%,0%,0%,0%,0%,0%,0%,0%,0%,0%,0%,0%,0%,0%,0%,0%,0%,0%,0%,0%,0%,0%,0%,0%,0%,0%,0%,0%,0%,0%,0%,0%,0%,0%,0%,0%,0%,0%,0%,0%,0%,0%,0%,0%,0%,0%,0%,0%,0%,0%,0%,0%,0%,0%,0%,0%,0%,0%,0%,0%,0%,0%,0%,0%,0%,0%,0%,0%
Accelerated Transition,VIC,Small Light Commercial,Hybrid,0%,0%,0%,0%,0%,0%,0%,0%,0%,0%,0%,0%,0%,0%,1%,1%,1%,1%,1%,1%,1%,1%,1%,1%,1%,1%,1%,1%,1%,1%,1%,1%,1%,1%,1%,1%,1%,1%,1%,1%,1%,1%,1%,1%,1%,1%,1%,1%,1%,1%,1%,1%,1%,1%,1%,1%,1%,1%,1%,1%,1%,1%,1%,1%,1%,1%,1%,1%,1%,1%,1%,1%,1%,1%,1%
Accelerated Transition,VIC,Small Light Commercial,ICE,97%,95%,93%,90%,87%,83%,79%,75%,69%,63%,57%,52%,47%,42%,37%,32%,28%,24%,20%,16%,13%,9%,6%,3%,0%,0%,0%,0%,0%,0%,0%,0%,0%,0%,0%,0%,0%,0%,0%,0%,0%,0%,0%,0%,0%,0%,0%,0%,0%,0%,0%,0%,0%,0%,0%,0%,0%,0%,0%,0%,0%,0%,0%,0%,0%,0%,0%,0%,0%,0%,0%,0%,0%,0%,0%
Accelerated Transition,VIC,Small Light Commercial,PHEV,1%,1%,1%,1%,1%,1%,1%,1%,1%,1%,1%,1%,1%,1%,1%,1%,1%,1%,1%,1%,1%,1%,1%,1%,1%,1%,1%,1%,1%,1%,1%,1%,1%,1%,1%,1%,1%,1%,1%,1%,1%,1%,1%,1%,1%,1%,1%,1%,1%,1%,1%,1%,1%,1%,1%,1%,1%,1%,1%,1%,1%,1%,1%,1%,1%,1%,1%,1%,1%,1%,1%,1%,1%,1%,1%
Accelerated Transition,VIC,Small Residential,BEV,7%,10%,13%,16%,20%,24%,27%,31%,35%,40%,44%,49%,53%,57%,61%,65%,69%,73%,77%,80%,84%,87%,91%,95%,98%,98%,98%,98%,98%,98%,98%,98%,98%,98%,98%,98%,98%,98%,98%,98%,98%,98%,98%,98%,98%,98%,98%,98%,98%,98%,98%,98%,98%,98%,98%,98%,98%,98%,98%,98%,98%,98%,98%,98%,98%,98%,98%,98%,98%,98%,98%,98%,98%,98%,98%
Accelerated Transition,VIC,Small Residential,FCEV,0%,0%,0%,0%,0%,0%,0%,0%,0%,0%,0%,0%,0%,0%,0%,0%,0%,0%,0%,0%,0%,0%,0%,0%,0%,0%,0%,0%,0%,0%,0%,0%,0%,0%,0%,0%,0%,0%,0%,0%,0%,0%,0%,0%,0%,0%,0%,0%,0%,0%,0%,0%,0%,0%,0%,0%,0%,0%,0%,0%,0%,0%,0%,0%,0%,0%,0%,0%,0%,0%,0%,0%,0%,0%,0%
Accelerated Transition,VIC,Small Residential,Hybrid,0%,0%,0%,0%,0%,0%,0%,0%,0%,0%,0%,0%,0%,0%,0%,1%,1%,1%,1%,1%,1%,1%,1%,1%,1%,1%,1%,1%,1%,1%,1%,1%,1%,1%,1%,1%,1%,1%,1%,1%,1%,1%,1%,1%,1%,1%,1%,1%,1%,1%,1%,1%,1%,1%,1%,1%,1%,1%,1%,1%,1%,1%,1%,1%,1%,1%,1%,1%,1%,1%,1%,1%,1%,1%,1%
Accelerated Transition,VIC,Small Residential,ICE,91%,87%,83%,80%,76%,73%,69%,66%,62%,57%,53%,48%,44%,40%,36%,32%,28%,25%,21%,17%,14%,10%,7%,3%,0%,0%,0%,0%,0%,0%,0%,0%,0%,0%,0%,0%,0%,0%,0%,0%,0%,0%,0%,0%,0%,0%,0%,0%,0%,0%,0%,0%,0%,0%,0%,0%,0%,0%,0%,0%,0%,0%,0%,0%,0%,0%,0%,0%,0%,0%,0%,0%,0%,0%,0%
Accelerated Transition,VIC,Small Residential,PHEV,2%,3%,4%,4%,4%,3%,3%,3%,3%,3%,3%,3%,2%,2%,2%,2%,2%,2%,2%,2%,1%,1%,1%,1%,1%,1%,1%,1%,1%,1%,1%,1%,1%,1%,1%,1%,1%,1%,1%,1%,1%,1%,1%,1%,1%,1%,1%,1%,1%,1%,1%,1%,1%,1%,1%,1%,1%,1%,1%,1%,1%,1%,1%,1%,1%,1%,1%,1%,1%,1%,1%,1%,1%,1%,1%
Accelerated Transition,WEM,Articulated Truck,BEV,0%,0%,0%,0%,1%,2%,4%,6%,11%,16%,21%,25%,29%,33%,36%,39%,42%,45%,48%,50%,52%,54%,56%,57%,59%,59%,59%,59%,59%,59%,59%,59%,59%,59%,59%,59%,59%,59%,59%,59%,59%,59%,59%,59%,59%,59%,59%,59%,59%,59%,59%,59%,59%,59%,59%,59%,59%,59%,59%,59%,59%,59%,59%,59%,59%,59%,59%,59%,59%,59%,59%,59%,59%,59%,59%
Accelerated Transition,WEM,Articulated Truck,FCEV,0%,0%,0%,0%,0%,0%,1%,1%,3%,5%,7%,8%,9%,11%,12%,13%,14%,15%,16%,17%,18%,18%,19%,19%,20%,20%,20%,20%,20%,20%,20%,20%,20%,20%,20%,20%,20%,20%,20%,20%,20%,20%,20%,20%,20%,20%,20%,20%,20%,20%,20%,20%,20%,20%,20%,20%,20%,20%,20%,20%,20%,20%,20%,20%,20%,20%,20%,20%,20%,20%,20%,20%,20%,20%,20%
Accelerated Transition,WEM,Articulated Truck,Hybrid,0%,0%,0%,0%,0%,0%,0%,0%,0%,0%,0%,0%,0%,0%,0%,0%,0%,0%,0%,0%,0%,0%,0%,0%,0%,0%,0%,0%,0%,0%,0%,0%,0%,0%,0%,0%,0%,0%,0%,0%,0%,0%,0%,0%,0%,0%,0%,0%,0%,0%,0%,0%,0%,0%,0%,0%,0%,0%,0%,0%,0%,0%,0%,0%,0%,0%,0%,0%,0%,0%,0%,0%,0%,0%,0%
Accelerated Transition,WEM,Articulated Truck,ICE,100%,100%,100%,100%,99%,98%,95%,92%,85%,79%,72%,66%,61%,56%,51%,47%,43%,39%,36%,32%,30%,27%,24%,22%,20%,20%,20%,20%,20%,20%,20%,20%,20%,20%,20%,20%,20%,20%,20%,20%,20%,20%,20%,20%,20%,20%,20%,20%,20%,20%,20%,20%,20%,20%,20%,20%,20%,20%,20%,20%,20%,20%,20%,20%,20%,20%,20%,20%,20%,20%,20%,20%,20%,20%,20%
Accelerated Transition,WEM,Articulated Truck,PHEV,0%,0%,0%,0%,0%,0%,0%,0%,0%,0%,0%,0%,0%,1%,1%,1%,1%,1%,1%,1%,1%,1%,1%,1%,1%,1%,1%,1%,1%,1%,1%,1%,1%,1%,1%,1%,1%,1%,1%,1%,1%,1%,1%,1%,1%,1%,1%,1%,1%,1%,1%,1%,1%,1%,1%,1%,1%,1%,1%,1%,1%,1%,1%,1%,1%,1%,1%,1%,1%,1%,1%,1%,1%,1%,1%
Accelerated Transition,WEM,Bus,BEV,1%,0%,1%,1%,2%,4%,7%,10%,16%,21%,26%,31%,35%,40%,44%,49%,53%,57%,61%,65%,69%,73%,77%,80%,84%,84%,84%,84%,84%,84%,84%,84%,84%,84%,84%,84%,84%,84%,84%,84%,84%,84%,84%,84%,84%,84%,84%,84%,84%,84%,84%,84%,84%,84%,84%,84%,84%,84%,84%,84%,84%,84%,84%,84%,84%,84%,84%,84%,84%,84%,84%,84%,84%,84%,84%
Accelerated Transition,WEM,Bus,FCEV,0%,0%,0%,0%,0%,0%,0%,1%,1%,2%,3%,3%,4%,4%,5%,6%,6%,7%,7%,8%,8%,9%,9%,10%,10%,10%,10%,10%,10%,10%,10%,10%,10%,10%,10%,10%,10%,10%,10%,10%,10%,10%,10%,10%,10%,10%,10%,10%,10%,10%,10%,10%,10%,10%,10%,10%,10%,10%,10%,10%,10%,10%,10%,10%,10%,10%,10%,10%,10%,10%,10%,10%,10%,10%,10%
Accelerated Transition,WEM,Bus,Hybrid,0%,0%,0%,0%,0%,0%,0%,0%,0%,0%,0%,1%,1%,1%,1%,1%,1%,1%,1%,1%,2%,2%,2%,2%,2%,2%,2%,2%,2%,2%,2%,2%,2%,2%,2%,2%,2%,2%,2%,2%,2%,2%,2%,2%,2%,2%,2%,2%,2%,2%,2%,2%,2%,2%,2%,2%,2%,2%,2%,2%,2%,2%,2%,2%,2%,2%,2%,2%,2%,2%,2%,2%,2%,2%,2%
Accelerated Transition,WEM,Bus,ICE,99%,100%,99%,99%,98%,96%,93%,89%,83%,76%,70%,64%,59%,53%,48%,42%,37%,32%,27%,23%,18%,13%,9%,4%,0%,0%,0%,0%,0%,0%,0%,0%,0%,0%,0%,0%,0%,0%,0%,0%,0%,0%,0%,0%,0%,0%,0%,0%,0%,0%,0%,0%,0%,0%,0%,0%,0%,0%,0%,0%,0%,0%,0%,0%,0%,0%,0%,0%,0%,0%,0%,0%,0%,0%,0%
Accelerated Transition,WEM,Bus,PHEV,0%,0%,0%,0%,0%,0%,0%,0%,0%,1%,1%,1%,1%,2%,2%,2%,2%,3%,3%,3%,3%,3%,4%,4%,4%,4%,4%,4%,4%,4%,4%,4%,4%,4%,4%,4%,4%,4%,4%,4%,4%,4%,4%,4%,4%,4%,4%,4%,4%,4%,4%,4%,4%,4%,4%,4%,4%,4%,4%,4%,4%,4%,4%,4%,4%,4%,4%,4%,4%,4%,4%,4%,4%,4%,4%
Accelerated Transition,WEM,Large Light Commercial,BEV,0%,0%,0%,0%,1%,2%,4%,7%,15%,22%,28%,35%,41%,46%,52%,57%,62%,67%,71%,75%,79%,83%,86%,90%,93%,93%,93%,93%,93%,93%,93%,93%,93%,93%,93%,93%,93%,93%,93%,93%,93%,93%,93%,93%,93%,93%,93%,93%,93%,93%,93%,93%,93%,93%,93%,93%,93%,93%,93%,93%,93%,93%,93%,93%,93%,93%,93%,93%,93%,93%,93%,93%,93%,93%,93%
Accelerated Transition,WEM,Large Light Commercial,FCEV,0%,0%,0%,0%,0%,0%,0%,0%,0%,0%,0%,0%,0%,0%,0%,0%,0%,0%,0%,0%,0%,0%,0%,0%,0%,0%,0%,0%,0%,0%,0%,0%,0%,0%,0%,0%,0%,0%,0%,0%,0%,0%,0%,0%,0%,0%,0%,0%,0%,0%,0%,0%,0%,0%,0%,0%,0%,0%,0%,0%,0%,0%,0%,0%,0%,0%,0%,0%,0%,0%,0%,0%,0%,0%,0%
Accelerated Transition,WEM,Large Light Commercial,Hybrid,0%,1%,1%,1%,2%,2%,2%,2%,2%,2%,2%,2%,2%,2%,2%,2%,2%,1%,1%,1%,1%,1%,1%,1%,1%,1%,1%,1%,1%,1%,1%,1%,1%,1%,1%,1%,1%,1%,1%,1%,1%,1%,1%,1%,1%,1%,1%,1%,1%,1%,1%,1%,1%,1%,1%,1%,1%,1%,1%,1%,1%,1%,1%,1%,1%,1%,1%,1%,1%,1%,1%,1%,1%,1%,1%
Accelerated Transition,WEM,Large Light Commercial,ICE,100%,99%,98%,98%,96%,95%,92%,88%,81%,73%,67%,60%,54%,48%,42%,37%,32%,27%,23%,18%,14%,10%,7%,3%,0%,0%,0%,0%,0%,0%,0%,0%,0%,0%,0%,0%,0%,0%,0%,0%,0%,0%,0%,0%,0%,0%,0%,0%,0%,0%,0%,0%,0%,0%,0%,0%,0%,0%,0%,0%,0%,0%,0%,0%,0%,0%,0%,0%,0%,0%,0%,0%,0%,0%,0%
Accelerated Transition,WEM,Large Light Commercial,PHEV,0%,0%,0%,1%,1%,1%,2%,2%,2%,3%,3%,3%,4%,4%,4%,4%,5%,5%,5%,5%,5%,6%,6%,6%,6%,6%,6%,6%,6%,6%,6%,6%,6%,6%,6%,6%,6%,6%,6%,6%,6%,6%,6%,6%,6%,6%,6%,6%,6%,6%,6%,6%,6%,6%,6%,6%,6%,6%,6%,6%,6%,6%,6%,6%,6%,6%,6%,6%,6%,6%,6%,6%,6%,6%,6%
Accelerated Transition,WEM,Large Residential,BEV,1%,1%,2%,3%,3%,5%,7%,10%,15%,21%,26%,32%,37%,42%,47%,52%,56%,61%,66%,70%,75%,79%,84%,88%,93%,93%,93%,93%,93%,93%,93%,93%,93%,93%,93%,93%,93%,93%,93%,93%,93%,93%,93%,93%,93%,93%,93%,93%,93%,93%,93%,93%,93%,93%,93%,93%,93%,93%,93%,93%,93%,93%,93%,93%,93%,93%,93%,93%,93%,93%,93%,93%,93%,93%,93%
Accelerated Transition,WEM,Large Residential,FCEV,0%,0%,0%,0%,0%,0%,0%,0%,0%,0%,0%,0%,0%,0%,0%,0%,0%,0%,0%,0%,0%,0%,0%,0%,0%,0%,0%,0%,0%,0%,0%,0%,0%,0%,0%,0%,0%,0%,0%,0%,0%,0%,0%,0%,0%,0%,0%,0%,0%,0%,0%,0%,0%,0%,0%,0%,0%,0%,0%,0%,0%,0%,0%,0%,0%,0%,0%,0%,0%,0%,0%,0%,0%,0%,0%
Accelerated Transition,WEM,Large Residential,Hybrid,6%,7%,9%,9%,10%,10%,10%,9%,9%,8%,8%,7%,7%,6%,6%,5%,5%,4%,4%,3%,3%,2%,2%,1%,1%,1%,1%,1%,1%,1%,1%,1%,1%,1%,1%,1%,1%,1%,1%,1%,1%,1%,1%,1%,1%,1%,1%,1%,1%,1%,1%,1%,1%,1%,1%,1%,1%,1%,1%,1%,1%,1%,1%,1%,1%,1%,1%,1%,1%,1%,1%,1%,1%,1%,1%
Accelerated Transition,WEM,Large Residential,ICE,93%,91%,88%,86%,83%,80%,77%,74%,69%,64%,60%,55%,50%,46%,41%,37%,33%,29%,25%,21%,17%,12%,8%,4%,0%,0%,0%,0%,0%,0%,0%,0%,0%,0%,0%,0%,0%,0%,0%,0%,0%,0%,0%,0%,0%,0%,0%,0%,0%,0%,0%,0%,0%,0%,0%,0%,0%,0%,0%,0%,0%,0%,0%,0%,0%,0%,0%,0%,0%,0%,0%,0%,0%,0%,0%
Accelerated Transition,WEM,Large Residential,PHEV,0%,1%,2%,3%,4%,5%,6%,7%,7%,6%,6%,6%,6%,6%,6%,6%,6%,6%,6%,6%,6%,6%,6%,6%,6%,6%,6%,6%,6%,6%,6%,6%,6%,6%,6%,6%,6%,6%,6%,6%,6%,6%,6%,6%,6%,6%,6%,6%,6%,6%,6%,6%,6%,6%,6%,6%,6%,6%,6%,6%,6%,6%,6%,6%,6%,6%,6%,6%,6%,6%,6%,6%,6%,6%,6%
Accelerated Transition,WEM,Medium Light Commercial,BEV,0%,1%,1%,2%,2%,4%,6%,9%,17%,24%,31%,37%,43%,49%,54%,60%,65%,69%,74%,78%,82%,86%,89%,93%,96%,96%,96%,96%,96%,96%,96%,96%,96%,96%,96%,96%,96%,96%,96%,96%,96%,96%,96%,96%,96%,96%,96%,96%,96%,96%,96%,96%,96%,96%,96%,96%,96%,96%,96%,96%,96%,96%,96%,96%,96%,96%,96%,96%,96%,96%,96%,96%,96%,96%,96%
Accelerated Transition,WEM,Medium Light Commercial,FCEV,0%,0%,0%,0%,0%,0%,0%,0%,0%,0%,0%,0%,0%,0%,0%,0%,0%,0%,0%,0%,0%,0%,0%,0%,0%,0%,0%,0%,0%,0%,0%,0%,0%,0%,0%,0%,0%,0%,0%,0%,0%,0%,0%,0%,0%,0%,0%,0%,0%,0%,0%,0%,0%,0%,0%,0%,0%,0%,0%,0%,0%,0%,0%,0%,0%,0%,0%,0%,0%,0%,0%,0%,0%,0%,0%
Accelerated Transition,WEM,Medium Light Commercial,Hybrid,0%,1%,1%,2%,2%,2%,2%,2%,2%,2%,2%,2%,2%,2%,2%,2%,2%,1%,1%,1%,1%,1%,1%,1%,1%,1%,1%,1%,1%,1%,1%,1%,1%,1%,1%,1%,1%,1%,1%,1%,1%,1%,1%,1%,1%,1%,1%,1%,1%,1%,1%,1%,1%,1%,1%,1%,1%,1%,1%,1%,1%,1%,1%,1%,1%,1%,1%,1%,1%,1%,1%,1%,1%,1%,1%
Accelerated Transition,WEM,Medium Light Commercial,ICE,99%,98%,97%,95%,93%,90%,87%,84%,77%,70%,63%,57%,51%,45%,40%,35%,30%,26%,21%,17%,13%,10%,6%,3%,0%,0%,0%,0%,0%,0%,0%,0%,0%,0%,0%,0%,0%,0%,0%,0%,0%,0%,0%,0%,0%,0%,0%,0%,0%,0%,0%,0%,0%,0%,0%,0%,0%,0%,0%,0%,0%,0%,0%,0%,0%,0%,0%,0%,0%,0%,0%,0%,0%,0%,0%
Accelerated Transition,WEM,Medium Light Commercial,PHEV,0%,0%,1%,2%,3%,4%,4%,5%,4%,4%,4%,4%,4%,4%,4%,4%,4%,4%,3%,3%,3%,3%,3%,3%,3%,3%,3%,3%,3%,3%,3%,3%,3%,3%,3%,3%,3%,3%,3%,3%,3%,3%,3%,3%,3%,3%,3%,3%,3%,3%,3%,3%,3%,3%,3%,3%,3%,3%,3%,3%,3%,3%,3%,3%,3%,3%,3%,3%,3%,3%,3%,3%,3%,3%,3%
Accelerated Transition,WEM,Medium Residential,BEV,3%,4%,5%,6%,6%,8%,10%,13%,18%,24%,29%,35%,40%,45%,50%,55%,60%,64%,69%,73%,78%,82%,87%,92%,96%,96%,96%,96%,96%,96%,96%,96%,96%,96%,96%,96%,96%,96%,96%,96%,96%,96%,96%,96%,96%,96%,96%,96%,96%,96%,96%,96%,96%,96%,96%,96%,96%,96%,96%,96%,96%,96%,96%,96%,96%,96%,96%,96%,96%,96%,96%,96%,96%,96%,96%
Accelerated Transition,WEM,Medium Residential,FCEV,0%,0%,0%,0%,0%,0%,0%,0%,0%,0%,0%,0%,0%,0%,0%,0%,0%,0%,0%,0%,0%,0%,0%,0%,0%,0%,0%,0%,0%,0%,0%,0%,0%,0%,0%,0%,0%,0%,0%,0%,0%,0%,0%,0%,0%,0%,0%,0%,0%,0%,0%,0%,0%,0%,0%,0%,0%,0%,0%,0%,0%,0%,0%,0%,0%,0%,0%,0%,0%,0%,0%,0%,0%,0%,0%
Accelerated Transition,WEM,Medium Residential,Hybrid,6%,7%,8%,8%,9%,9%,8%,8%,8%,7%,7%,6%,6%,5%,5%,5%,4%,4%,3%,3%,2%,2%,2%,1%,1%,1%,1%,1%,1%,1%,1%,1%,1%,1%,1%,1%,1%,1%,1%,1%,1%,1%,1%,1%,1%,1%,1%,1%,1%,1%,1%,1%,1%,1%,1%,1%,1%,1%,1%,1%,1%,1%,1%,1%,1%,1%,1%,1%,1%,1%,1%,1%,1%,1%,1%
Accelerated Transition,WEM,Medium Residential,ICE,90%,88%,85%,82%,79%,76%,74%,71%,66%,61%,57%,52%,48%,43%,39%,35%,31%,27%,23%,19%,16%,12%,8%,4%,0%,0%,0%,0%,0%,0%,0%,0%,0%,0%,0%,0%,0%,0%,0%,0%,0%,0%,0%,0%,0%,0%,0%,0%,0%,0%,0%,0%,0%,0%,0%,0%,0%,0%,0%,0%,0%,0%,0%,0%,0%,0%,0%,0%,0%,0%,0%,0%,0%,0%,0%
Accelerated Transition,WEM,Medium Residential,PHEV,1%,2%,3%,4%,6%,7%,8%,8%,8%,8%,7%,7%,7%,6%,6%,6%,5%,5%,5%,4%,4%,4%,4%,3%,3%,3%,3%,3%,3%,3%,3%,3%,3%,3%,3%,3%,3%,3%,3%,3%,3%,3%,3%,3%,3%,3%,3%,3%,3%,3%,3%,3%,3%,3%,3%,3%,3%,3%,3%,3%,3%,3%,3%,3%,3%,3%,3%,3%,3%,3%,3%,3%,3%,3%,3%
Accelerated Transition,WEM,Motorcycle,BEV,1%,1%,2%,3%,4%,7%,9%,12%,18%,24%,30%,36%,41%,46%,52%,57%,62%,67%,71%,76%,81%,85%,89%,94%,98%,98%,98%,98%,98%,98%,98%,98%,98%,98%,98%,98%,98%,98%,98%,98%,98%,98%,98%,98%,98%,98%,98%,98%,98%,98%,98%,98%,98%,98%,98%,98%,98%,98%,98%,98%,98%,98%,98%,98%,98%,98%,98%,98%,98%,98%,98%,98%,98%,98%,98%
Accelerated Transition,WEM,Motorcycle,FCEV,0%,0%,0%,0%,0%,0%,0%,0%,0%,0%,0%,0%,0%,0%,0%,0%,0%,0%,0%,0%,0%,0%,0%,0%,0%,0%,0%,0%,0%,0%,0%,0%,0%,0%,0%,0%,0%,0%,0%,0%,0%,0%,0%,0%,0%,0%,0%,0%,0%,0%,0%,0%,0%,0%,0%,0%,0%,0%,0%,0%,0%,0%,0%,0%,0%,0%,0%,0%,0%,0%,0%,0%,0%,0%,0%
Accelerated Transition,WEM,Motorcycle,Hybrid,0%,0%,0%,0%,0%,0%,0%,0%,0%,0%,0%,0%,0%,0%,0%,0%,0%,0%,0%,0%,0%,0%,0%,0%,0%,0%,0%,0%,0%,0%,0%,0%,0%,0%,0%,0%,0%,0%,0%,0%,0%,0%,0%,0%,0%,0%,0%,0%,0%,0%,0%,0%,0%,0%,0%,0%,0%,0%,0%,0%,0%,0%,0%,0%,0%,0%,0%,0%,0%,0%,0%,0%,0%,0%,0%
Accelerated Transition,WEM,Motorcycle,ICE,99%,99%,98%,97%,96%,93%,91%,88%,82%,76%,70%,64%,59%,53%,48%,43%,38%,33%,28%,23%,19%,14%,10%,5%,1%,1%,1%,1%,1%,1%,1%,1%,1%,1%,1%,1%,1%,1%,1%,1%,1%,1%,1%,1%,1%,1%,1%,1%,1%,1%,1%,1%,1%,1%,1%,1%,1%,1%,1%,1%,1%,1%,1%,1%,1%,1%,1%,1%,1%,1%,1%,1%,1%,1%,1%
Accelerated Transition,WEM,Motorcycle,PHEV,0%,0%,0%,0%,0%,0%,0%,0%,0%,0%,0%,0%,0%,0%,0%,1%,1%,1%,1%,1%,1%,1%,1%,1%,1%,1%,1%,1%,1%,1%,1%,1%,1%,1%,1%,1%,1%,1%,1%,1%,1%,1%,1%,1%,1%,1%,1%,1%,1%,1%,1%,1%,1%,1%,1%,1%,1%,1%,1%,1%,1%,1%,1%,1%,1%,1%,1%,1%,1%,1%,1%,1%,1%,1%,1%
Accelerated Transition,WEM,Rigid Truck,BEV,0%,0%,0%,0%,1%,2%,5%,10%,17%,23%,30%,35%,41%,46%,50%,54%,58%,62%,66%,69%,72%,74%,77%,79%,81%,81%,81%,81%,81%,81%,81%,81%,81%,81%,81%,81%,81%,81%,81%,81%,81%,81%,81%,81%,81%,81%,81%,81%,81%,81%,81%,81%,81%,81%,81%,81%,81%,81%,81%,81%,81%,81%,81%,81%,81%,81%,81%,81%,81%,81%,81%,81%,81%,81%,81%
Accelerated Transition,WEM,Rigid Truck,FCEV,0%,0%,0%,0%,0%,0%,0%,1%,2%,3%,3%,4%,5%,5%,6%,7%,7%,8%,8%,8%,9%,9%,9%,10%,10%,10%,10%,10%,10%,10%,10%,10%,10%,10%,10%,10%,10%,10%,10%,10%,10%,10%,10%,10%,10%,10%,10%,10%,10%,10%,10%,10%,10%,10%,10%,10%,10%,10%,10%,10%,10%,10%,10%,10%,10%,10%,10%,10%,10%,10%,10%,10%,10%,10%,10%
Accelerated Transition,WEM,Rigid Truck,Hybrid,0%,0%,0%,0%,0%,0%,0%,0%,0%,1%,1%,2%,2%,2%,3%,3%,3%,4%,4%,4%,4%,5%,5%,5%,5%,5%,5%,5%,5%,5%,5%,5%,5%,5%,5%,5%,5%,5%,5%,5%,5%,5%,5%,5%,5%,5%,5%,5%,5%,5%,5%,5%,5%,5%,5%,5%,5%,5%,5%,5%,5%,5%,5%,5%,5%,5%,5%,5%,5%,5%,5%,5%,5%,5%,5%
Accelerated Transition,WEM,Rigid Truck,ICE,100%,100%,100%,100%,99%,98%,94%,89%,80%,72%,64%,57%,51%,44%,39%,33%,28%,24%,19%,15%,12%,9%,5%,3%,0%,0%,0%,0%,0%,0%,0%,0%,0%,0%,0%,0%,0%,0%,0%,0%,0%,0%,0%,0%,0%,0%,0%,0%,0%,0%,0%,0%,0%,0%,0%,0%,0%,0%,0%,0%,0%,0%,0%,0%,0%,0%,0%,0%,0%,0%,0%,0%,0%,0%,0%
Accelerated Transition,WEM,Rigid Truck,PHEV,0%,0%,0%,0%,0%,0%,0%,0%,1%,1%,1%,2%,2%,2%,2%,3%,3%,3%,3%,3%,4%,4%,4%,4%,4%,4%,4%,4%,4%,4%,4%,4%,4%,4%,4%,4%,4%,4%,4%,4%,4%,4%,4%,4%,4%,4%,4%,4%,4%,4%,4%,4%,4%,4%,4%,4%,4%,4%,4%,4%,4%,4%,4%,4%,4%,4%,4%,4%,4%,4%,4%,4%,4%,4%,4%
Accelerated Transition,WEM,Small Light Commercial,BEV,1%,2%,3%,4%,4%,6%,9%,12%,19%,27%,33%,40%,46%,51%,57%,62%,67%,72%,76%,80%,84%,88%,91%,95%,98%,98%,98%,98%,98%,98%,98%,98%,98%,98%,98%,98%,98%,98%,98%,98%,98%,98%,98%,98%,98%,98%,98%,98%,98%,98%,98%,98%,98%,98%,98%,98%,98%,98%,98%,98%,98%,98%,98%,98%,98%,98%,98%,98%,98%,98%,98%,98%,98%,98%,98%
Accelerated Transition,WEM,Small Light Commercial,FCEV,0%,0%,0%,0%,0%,0%,0%,0%,0%,0%,0%,0%,0%,0%,0%,0%,0%,0%,0%,0%,0%,0%,0%,0%,0%,0%,0%,0%,0%,0%,0%,0%,0%,0%,0%,0%,0%,0%,0%,0%,0%,0%,0%,0%,0%,0%,0%,0%,0%,0%,0%,0%,0%,0%,0%,0%,0%,0%,0%,0%,0%,0%,0%,0%,0%,0%,0%,0%,0%,0%,0%,0%,0%,0%,0%
Accelerated Transition,WEM,Small Light Commercial,Hybrid,0%,0%,0%,0%,0%,0%,0%,0%,0%,0%,0%,0%,0%,0%,1%,1%,1%,1%,1%,1%,1%,1%,1%,1%,1%,1%,1%,1%,1%,1%,1%,1%,1%,1%,1%,1%,1%,1%,1%,1%,1%,1%,1%,1%,1%,1%,1%,1%,1%,1%,1%,1%,1%,1%,1%,1%,1%,1%,1%,1%,1%,1%,1%,1%,1%,1%,1%,1%,1%,1%,1%,1%,1%,1%,1%
Accelerated Transition,WEM,Small Light Commercial,ICE,98%,97%,95%,93%,91%,88%,85%,81%,74%,67%,61%,55%,49%,44%,39%,34%,29%,25%,21%,17%,13%,9%,6%,3%,0%,0%,0%,0%,0%,0%,0%,0%,0%,0%,0%,0%,0%,0%,0%,0%,0%,0%,0%,0%,0%,0%,0%,0%,0%,0%,0%,0%,0%,0%,0%,0%,0%,0%,0%,0%,0%,0%,0%,0%,0%,0%,0%,0%,0%,0%,0%,0%,0%,0%,0%
Accelerated Transition,WEM,Small Light Commercial,PHEV,0%,1%,2%,3%,5%,6%,7%,7%,7%,6%,6%,5%,5%,4%,4%,4%,3%,3%,3%,2%,2%,2%,2%,1%,1%,1%,1%,1%,1%,1%,1%,1%,1%,1%,1%,1%,1%,1%,1%,1%,1%,1%,1%,1%,1%,1%,1%,1%,1%,1%,1%,1%,1%,1%,1%,1%,1%,1%,1%,1%,1%,1%,1%,1%,1%,1%,1%,1%,1%,1%,1%,1%,1%,1%,1%
Accelerated Transition,WEM,Small Residential,BEV,6%,8%,9%,9%,9%,10%,12%,14%,20%,26%,31%,37%,42%,47%,52%,57%,62%,67%,71%,76%,80%,85%,89%,94%,98%,98%,98%,98%,98%,98%,98%,98%,98%,98%,98%,98%,98%,98%,98%,98%,98%,98%,98%,98%,98%,98%,98%,98%,98%,98%,98%,98%,98%,98%,98%,98%,98%,98%,98%,98%,98%,98%,98%,98%,98%,98%,98%,98%,98%,98%,98%,98%,98%,98%,98%
Accelerated Transition,WEM,Small Residential,FCEV,0%,0%,0%,0%,0%,0%,0%,0%,0%,0%,0%,0%,0%,0%,0%,0%,0%,0%,0%,0%,0%,0%,0%,0%,0%,0%,0%,0%,0%,0%,0%,0%,0%,0%,0%,0%,0%,0%,0%,0%,0%,0%,0%,0%,0%,0%,0%,0%,0%,0%,0%,0%,0%,0%,0%,0%,0%,0%,0%,0%,0%,0%,0%,0%,0%,0%,0%,0%,0%,0%,0%,0%,0%,0%,0%
Accelerated Transition,WEM,Small Residential,Hybrid,0%,0%,0%,0%,0%,0%,0%,0%,0%,0%,0%,0%,0%,0%,0%,1%,1%,1%,1%,1%,1%,1%,1%,1%,1%,1%,1%,1%,1%,1%,1%,1%,1%,1%,1%,1%,1%,1%,1%,1%,1%,1%,1%,1%,1%,1%,1%,1%,1%,1%,1%,1%,1%,1%,1%,1%,1%,1%,1%,1%,1%,1%,1%,1%,1%,1%,1%,1%,1%,1%,1%,1%,1%,1%,1%
Accelerated Transition,WEM,Small Residential,ICE,92%,89%,86%,84%,83%,81%,78%,75%,70%,65%,60%,55%,51%,46%,41%,37%,33%,28%,24%,20%,16%,12%,8%,4%,0%,0%,0%,0%,0%,0%,0%,0%,0%,0%,0%,0%,0%,0%,0%,0%,0%,0%,0%,0%,0%,0%,0%,0%,0%,0%,0%,0%,0%,0%,0%,0%,0%,0%,0%,0%,0%,0%,0%,0%,0%,0%,0%,0%,0%,0%,0%,0%,0%,0%,0%
Accelerated Transition,WEM,Small Residential,PHEV,2%,3%,5%,6%,8%,9%,10%,10%,10%,9%,8%,8%,7%,7%,6%,6%,5%,4%,4%,3%,3%,2%,2%,1%,1%,1%,1%,1%,1%,1%,1%,1%,1%,1%,1%,1%,1%,1%,1%,1%,1%,1%,1%,1%,1%,1%,1%,1%,1%,1%,1%,1%,1%,1%,1%,1%,1%,1%,1%,1%,1%,1%,1%,1%,1%,1%,1%,1%,1%,1%,1%,1%,1%,1%,1%
