Jurisdiction,Emissions Category,Emissions Sub-Category,Emissions Source,Quantity,UoM,Carbon Storage (tCO2e/UoM),Product Stage (A1-3) Emissions Factor (tCO2e/UoM),Transport Stage (A4) Emissions Factor (tCO2e/UoM),Construction Stage (A5) Emissions Factor (tCO2e/UoM),Source/Comments
 Australia ,Constructors’ Site Overheads,Principal's Project Accommodation,Establishment of Principals Project Site Buildings,1,m2, -   ,0.03,0,0.02,TfNSW Engineering Carbon and Cost Library (ECCL) Level 5 Road Benchmarks Version 1.00
 Australia ,Constructors’ Site Overheads,Principal's Project Accommodation,Establishment of Principals Site Compound,1,m2,-0.07,0.01,0,0,TfNSW Engineering Carbon and Cost Library (ECCL) Level 5 Road Benchmarks Version 1.00
 Australia ,Constructors’ Site Overheads,Principal's Project Accommodation,Principals Project Site Buildings,1,m2/week, -   , -   , -   ,0,TfNSW Engineering Carbon and Cost Library (ECCL) Level 5 Road Benchmarks Version 1.00
 Australia ,Constructors’ Site Overheads,Principal's Project Accommodation,Principals Site Compound,1,m2/week, -   ,0,0,0,TfNSW Engineering Carbon and Cost Library (ECCL) Level 5 Road Benchmarks Version 1.00
 Australia ,Constructors’ Site Overheads,Principal's Project Accommodation,Principals Project Site Buildings,1,m2/week, -   , -   , -   ,0,TfNSW Engineering Carbon and Cost Library (ECCL) Level 5 Road Benchmarks Version 1.00
 Australia ,Constructors’ Site Overheads,Principal's Project Accommodation,Principals Site Compound,1,m2/week, -   ,0,0,0,TfNSW Engineering Carbon and Cost Library (ECCL) Level 5 Road Benchmarks Version 1.00
 Australia ,Constructors’ Site Overheads,Principal's Project Accommodation,Principals Project Site Buildings,1,m2, -   , -   ,0,0.02,TfNSW Engineering Carbon and Cost Library (ECCL) Level 5 Road Benchmarks Version 1.00
 Australia ,Constructors’ Site Overheads,Principal's Project Accommodation,Principals Site Compound,1,m2, -   ,0,0,0,TfNSW Engineering Carbon and Cost Library (ECCL) Level 5 Road Benchmarks Version 1.00
 Australia ,Substructure and Pavements,Soil and Water Management,Kerb Inlet Protection,1,each, -   ,0.04,0,0.05,TfNSW Engineering Carbon and Cost Library (ECCL) Level 5 Road Benchmarks Version 1.00
 Australia ,Substructure and Pavements,Soil and Water Management,Drop Inlet Protection,1,each, -   ,0.14,0.02,0.05,TfNSW Engineering Carbon and Cost Library (ECCL) Level 5 Road Benchmarks Version 1.00
 Australia ,Substructure and Pavements,Soil and Water Management,Silt / Sediment Fence,1,m, -   ,0,0,0,TfNSW Engineering Carbon and Cost Library (ECCL) Level 5 Road Benchmarks Version 1.00
 Australia ,Substructure and Pavements,Soil and Water Management,Clean water Diversion Drain,1,m, -   , -   ,0,0,TfNSW Engineering Carbon and Cost Library (ECCL) Level 5 Road Benchmarks Version 1.00
 Australia ,Substructure and Pavements,Soil and Water Management,Sediment -laden water diversion drain,1,m, -   , -   ,0,0,TfNSW Engineering Carbon and Cost Library (ECCL) Level 5 Road Benchmarks Version 1.00
 Australia ,Preliminaries,Soil and Water Management,Site Exit Point - Shaker ramp,1,each, -   ,3.64,0.06,0.96,TfNSW Engineering Carbon and Cost Library (ECCL) Level 5 Road Benchmarks Version 1.00
 Australia ,Preliminaries,Soil and Water Management,Site Exit Point - Wheel Wash,1,each, -   , -   , -   , -   ,TfNSW Engineering Carbon and Cost Library (ECCL) Level 5 Road Benchmarks Version 1.00
 Australia ,Services and Equipment,Soil and Water Management,Maintenance of Soil and Water Management Control Measures,1,week, -   , -   ,0,0.54,TfNSW Engineering Carbon and Cost Library (ECCL) Level 5 Road Benchmarks Version 1.00
 Australia ,Services and Equipment,Soil and Water Management,Site Water Quality Monitoring,1,each/week, -   , -   , -   ,0,TfNSW Engineering Carbon and Cost Library (ECCL) Level 5 Road Benchmarks Version 1.00
 Australia ,Substructure and Pavements,Soil and Water Management,Basin Volume <100 m3,1,each, -   ,3.17,0.23,4.72,TfNSW Engineering Carbon and Cost Library (ECCL) Level 5 Road Benchmarks Version 1.00
 Australia ,Substructure and Pavements,Soil and Water Management,Basin Volume 100 - 200 m3,1,each, -   ,3.71,0.27,6.55,TfNSW Engineering Carbon and Cost Library (ECCL) Level 5 Road Benchmarks Version 1.00
 Australia ,Substructure and Pavements,Soil and Water Management,Basin Volume 200 - 500 m3,1,each, -   ,4.24,0.33,11.76,TfNSW Engineering Carbon and Cost Library (ECCL) Level 5 Road Benchmarks Version 1.00
 Australia ,Substructure and Pavements,Soil and Water Management,Basin Volume 500 - 1000 m3,1,each, -   ,4.78,0.4,20.64,TfNSW Engineering Carbon and Cost Library (ECCL) Level 5 Road Benchmarks Version 1.00
 Australia ,Substructure and Pavements,Soil and Water Management,Basin Volume 1000 - 2000 m3,1,each, -   ,5.32,0.45,26.36,TfNSW Engineering Carbon and Cost Library (ECCL) Level 5 Road Benchmarks Version 1.00
 Australia ,Substructure and Pavements,Soil and Water Management,Basin Volume 2000 - 5000 m3,1,each, -   ,5.86,0.57,48.49,TfNSW Engineering Carbon and Cost Library (ECCL) Level 5 Road Benchmarks Version 1.00
 Australia ,Substructure and Pavements,Soil and Water Management,Basin Volume >5000 m3,1,each, -   ,1.64,0.52,59.6,TfNSW Engineering Carbon and Cost Library (ECCL) Level 5 Road Benchmarks Version 1.00
 Australia ,Substructure and Pavements,Soil and Water Management,Basin Volume <100 m3,1,each, -   ,0.94,0.15,4.37,TfNSW Engineering Carbon and Cost Library (ECCL) Level 5 Road Benchmarks Version 1.00
 Australia ,Substructure and Pavements,Soil and Water Management,Basin Volume 100 - 200 m3,1,each, -   ,1.04,0.18,6.9,TfNSW Engineering Carbon and Cost Library (ECCL) Level 5 Road Benchmarks Version 1.00
 Australia ,Substructure and Pavements,Soil and Water Management,Basin Volume 200 - 500 m3,1,each, -   ,1.13,0.23,13.83,TfNSW Engineering Carbon and Cost Library (ECCL) Level 5 Road Benchmarks Version 1.00
 Australia ,Substructure and Pavements,Soil and Water Management,Basin Volume 500 - 1000 m3,1,each, -   ,1.22,0.29,24.82,TfNSW Engineering Carbon and Cost Library (ECCL) Level 5 Road Benchmarks Version 1.00
 Australia ,Substructure and Pavements,Soil and Water Management,Basin Volume 1000 - 2000 m3,1,each, -   ,1.32,0.34,32.59,TfNSW Engineering Carbon and Cost Library (ECCL) Level 5 Road Benchmarks Version 1.00
 Australia ,Substructure and Pavements,Soil and Water Management,Basin Volume 2000 - 5000 m3,1,each, -   ,1.41,0.49,66.48,TfNSW Engineering Carbon and Cost Library (ECCL) Level 5 Road Benchmarks Version 1.00
 Australia ,Substructure and Pavements,Soil and Water Management,Basin Volume >5000 m3,1,each, -   ,1.64,0.6,82.69,TfNSW Engineering Carbon and Cost Library (ECCL) Level 5 Road Benchmarks Version 1.00
 Australia ,Surface and Underground Drainage,Clearing and Grubbing,Production and Stockpiling of Mulch,1,m3, -   , -   ,0,0.01,TfNSW Engineering Carbon and Cost Library (ECCL) Level 5 Road Benchmarks Version 1.00
 Australia ,Surface and Underground Drainage,Open Drains,Excavation for Open Drains,1,m3, -   , -   ,0,0.01,TfNSW Engineering Carbon and Cost Library (ECCL) Level 5 Road Benchmarks Version 1.00
 Australia ,Surface and Underground Drainage,Open Drains,Embankment for Open Drains,1,m3, -   , -   ,0,0.01,TfNSW Engineering Carbon and Cost Library (ECCL) Level 5 Road Benchmarks Version 1.00
 Australia ,Surface and Underground Drainage,Excavation,Excavation for Pipe Culverts,1,m3, -   , -   ,0,0.01,TfNSW Engineering Carbon and Cost Library (ECCL) Level 5 Road Benchmarks Version 1.00
 Australia ,Surface and Underground Drainage,Excavation,Excavation for Box Culverts,1,m3, -   , -   ,0,0.01,TfNSW Engineering Carbon and Cost Library (ECCL) Level 5 Road Benchmarks Version 1.00
 Australia ,Surface and Underground Drainage,Excavation,Excavation for Other Drainage Structures,1,m3, -   , -   ,0,0.01,TfNSW Engineering Carbon and Cost Library (ECCL) Level 5 Road Benchmarks Version 1.00
 Australia ,Surface and Underground Drainage,Excavation,Inadequate Foundation Material under Drainage Structures and Open Drains (Item with provisional quantity),1,m3, -   ,0.01,0,0.02,TfNSW Engineering Carbon and Cost Library (ECCL) Level 5 Road Benchmarks Version 1.00
 Australia ,Surface and Underground Drainage,Lining of Catch Drains,Plain Concrete,1,m2,  ,0.03,0,0.01,TfNSW Engineering Carbon and Cost Library (ECCL) Level 5 Road Benchmarks Version 1.00
 Australia ,Surface and Underground Drainage,Lining of Catch Drains,Reinforced Concrete,1,m2,  ,0.04,0,0.01,TfNSW Engineering Carbon and Cost Library (ECCL) Level 5 Road Benchmarks Version 1.00
 Australia ,Surface and Underground Drainage,Lining of Catch Drains,Rock,1,m2,  ,0,0,0.01,TfNSW Engineering Carbon and Cost Library (ECCL) Level 5 Road Benchmarks Version 1.00
 Australia ,Surface and Underground Drainage,Stormwater Drainage Pipe,100mm Diameter,1,m, -   ,0.01,0,0.01,TfNSW Engineering Carbon and Cost Library (ECCL) Level 5 Road Benchmarks Version 1.00
 Australia ,Surface and Underground Drainage,Stormwater Drainage Pipe,150mm Diameter,1,m, -   ,0.02,0,0.01,TfNSW Engineering Carbon and Cost Library (ECCL) Level 5 Road Benchmarks Version 1.00
 Australia ,Surface and Underground Drainage,Stormwater Drainage Pipe,200mm Diameter,1,m, -   ,0.02,0.01,0.01,TfNSW Engineering Carbon and Cost Library (ECCL) Level 5 Road Benchmarks Version 1.00
 Australia ,Surface and Underground Drainage,Stormwater Drainage Pipe,225mm Diameter,1,m, -   ,0.02,0.01,0.01,TfNSW Engineering Carbon and Cost Library (ECCL) Level 5 Road Benchmarks Version 1.00
 Australia ,Surface and Underground Drainage,Stormwater Drainage Pipe,300mm Diameter,1,m, -   ,0.04,0.01,0.01,TfNSW Engineering Carbon and Cost Library (ECCL) Level 5 Road Benchmarks Version 1.00
 Australia ,Surface and Underground Drainage,Stormwater Drainage Pipe,375mm Class 3 RRJ,1,m, -   ,0.05,0.01,0.01,TfNSW Engineering Carbon and Cost Library (ECCL) Level 5 Road Benchmarks Version 1.00
 Australia ,Surface and Underground Drainage,Stormwater Drainage Pipe,375mm Class 4 RRJ,1,m, -   ,0.05,0.01,0.01,TfNSW Engineering Carbon and Cost Library (ECCL) Level 5 Road Benchmarks Version 1.00
 Australia ,Surface and Underground Drainage,Stormwater Drainage Pipe,450mm Class 3 RRJ,1,m, -   ,0.06,0.01,0.03,TfNSW Engineering Carbon and Cost Library (ECCL) Level 5 Road Benchmarks Version 1.00
 Australia ,Surface and Underground Drainage,Stormwater Drainage Pipe,450mm Class 4 RRJ,1,m, -   ,0.07,0.01,0.03,TfNSW Engineering Carbon and Cost Library (ECCL) Level 5 Road Benchmarks Version 1.00
 Australia ,Surface and Underground Drainage,Stormwater Drainage Pipe,525mm Class 3 RRJ,1,m, -   ,0.08,0.01,0.02,TfNSW Engineering Carbon and Cost Library (ECCL) Level 5 Road Benchmarks Version 1.00
 Australia ,Surface and Underground Drainage,Stormwater Drainage Pipe,525mm Class 4 RRJ,1,m, -   ,0.09,0.01,0.02,TfNSW Engineering Carbon and Cost Library (ECCL) Level 5 Road Benchmarks Version 1.00
 Australia ,Surface and Underground Drainage,Stormwater Drainage Pipe,600mm Class 3 RRJ,1,m, -   ,0.1,0.01,0.03,TfNSW Engineering Carbon and Cost Library (ECCL) Level 5 Road Benchmarks Version 1.00
 Australia ,Surface and Underground Drainage,Stormwater Drainage Pipe,600mm Class 4 RRJ,1,m, -   ,0.11,0.01,0.03,TfNSW Engineering Carbon and Cost Library (ECCL) Level 5 Road Benchmarks Version 1.00
 Australia ,Surface and Underground Drainage,Stormwater Drainage Pipe,675mm Class 3 RRJ,1,m, -   ,0.11,0.02,0.03,TfNSW Engineering Carbon and Cost Library (ECCL) Level 5 Road Benchmarks Version 1.00
 Australia ,Surface and Underground Drainage,Stormwater Drainage Pipe,675mm Class 4 RRJ,1,m, -   ,0.13,0.02,0.03,TfNSW Engineering Carbon and Cost Library (ECCL) Level 5 Road Benchmarks Version 1.00
 Australia ,Surface and Underground Drainage,Stormwater Drainage Pipe,750mm Class 3 RRJ,1,m, -   ,0.13,0.02,0.03,TfNSW Engineering Carbon and Cost Library (ECCL) Level 5 Road Benchmarks Version 1.00
 Australia ,Surface and Underground Drainage,Stormwater Drainage Pipe,750mm Class 4 RRJ,1,m, -   ,0.15,0.02,0.03,TfNSW Engineering Carbon and Cost Library (ECCL) Level 5 Road Benchmarks Version 1.00
 Australia ,Surface and Underground Drainage,Stormwater Drainage Pipe,825mm Class 3 RRJ,1,m, -   ,0.15,0.02,0.03,TfNSW Engineering Carbon and Cost Library (ECCL) Level 5 Road Benchmarks Version 1.00
 Australia ,Surface and Underground Drainage,Stormwater Drainage Pipe,825mm Class 4 RRJ,1,m, -   ,0.18,0.02,0.03,TfNSW Engineering Carbon and Cost Library (ECCL) Level 5 Road Benchmarks Version 1.00
 Australia ,Surface and Underground Drainage,Stormwater Drainage Pipe,900mm Class 3 RRJ,1,m, -   ,0.18,0.02,0.03,TfNSW Engineering Carbon and Cost Library (ECCL) Level 5 Road Benchmarks Version 1.00
 Australia ,Surface and Underground Drainage,Stormwater Drainage Pipe,900mm Class 4 RRJ,1,m, -   ,0.2,0.02,0.03,TfNSW Engineering Carbon and Cost Library (ECCL) Level 5 Road Benchmarks Version 1.00
 Australia ,Surface and Underground Drainage,Stormwater Drainage Pipe,900mm Class 6 RRJ,1,m, -   ,0.2,0.02,0.03,TfNSW Engineering Carbon and Cost Library (ECCL) Level 5 Road Benchmarks Version 1.00
 Australia ,Surface and Underground Drainage,Stormwater Drainage Pipe,1050mm Class 4 RRJ,1,m, -   ,0.26,0.03,0.04,TfNSW Engineering Carbon and Cost Library (ECCL) Level 5 Road Benchmarks Version 1.00
 Australia ,Surface and Underground Drainage,Stormwater Drainage Pipe,1050mm Class 6 RRJ,1,m, -   ,0.26,0.03,0.04,TfNSW Engineering Carbon and Cost Library (ECCL) Level 5 Road Benchmarks Version 1.00
 Australia ,Surface and Underground Drainage,Stormwater Drainage Pipe,1200mm Class 4 RRJ,1,m, -   ,0.32,0.03,0.05,TfNSW Engineering Carbon and Cost Library (ECCL) Level 5 Road Benchmarks Version 1.00
 Australia ,Surface and Underground Drainage,Stormwater Drainage Pipe,1200mm Class 6 RRJ,1,m, -   ,0.33,0.03,0.05,TfNSW Engineering Carbon and Cost Library (ECCL) Level 5 Road Benchmarks Version 1.00
 Australia ,Surface and Underground Drainage,Stormwater Drainage Pipe,1200mm Class 8 RRJ,1,m, -   ,0.42,0.04,0.05,TfNSW Engineering Carbon and Cost Library (ECCL) Level 5 Road Benchmarks Version 1.00
 Australia ,Surface and Underground Drainage,Stormwater Drainage Pipe,1200mm Class 10 RRJ,1,m, -   ,0.49,0.04,0.05,TfNSW Engineering Carbon and Cost Library (ECCL) Level 5 Road Benchmarks Version 1.00
 Australia ,Surface and Underground Drainage,Stormwater Drainage Pipe,1350mm Class 3 RRJ,1,m, -   ,0.33,0.04,0.07,TfNSW Engineering Carbon and Cost Library (ECCL) Level 5 Road Benchmarks Version 1.00
 Australia ,Surface and Underground Drainage,Stormwater Drainage Pipe,1350mm Class 4 RRJ,1,m, -   ,0.38,0.04,0.07,TfNSW Engineering Carbon and Cost Library (ECCL) Level 5 Road Benchmarks Version 1.00
 Australia ,Surface and Underground Drainage,Stormwater Drainage Pipe,1350mm Class 6 RRJ,1,m, -   ,0.45,0.04,0.07,TfNSW Engineering Carbon and Cost Library (ECCL) Level 5 Road Benchmarks Version 1.00
 Australia ,Surface and Underground Drainage,Stormwater Drainage Pipe,1500mm Class 4 RRJ,1,m, -   ,0.63,0.06,0.06,TfNSW Engineering Carbon and Cost Library (ECCL) Level 5 Road Benchmarks Version 1.00
 Australia ,Surface and Underground Drainage,Stormwater Drainage Pipe,1500mm Class 6 RRJ,1,m, -   ,0.54,0.05,0.06,TfNSW Engineering Carbon and Cost Library (ECCL) Level 5 Road Benchmarks Version 1.00
 Australia ,Surface and Underground Drainage,Stormwater Drainage Pipe,1500mm Class 8 RRJ,1,m, -   ,0.63,0.06,0.06,TfNSW Engineering Carbon and Cost Library (ECCL) Level 5 Road Benchmarks Version 1.00
 Australia ,Surface and Underground Drainage,Stormwater Drainage Pipe,1650mm Class 10 RRJ,1,m, -   ,0.83,0.07,0.08,TfNSW Engineering Carbon and Cost Library (ECCL) Level 5 Road Benchmarks Version 1.00
 Australia ,Surface and Underground Drainage,Stormwater Drainage Pipe,1800mm Class 4 RRJ,1,m, -   ,0.62,0.06,0.09,TfNSW Engineering Carbon and Cost Library (ECCL) Level 5 Road Benchmarks Version 1.00
 Australia ,Surface and Underground Drainage,Stormwater Drainage Pipe,1800mm Class 6 RRJ,1,m, -   ,0.74,0.07,0.09,TfNSW Engineering Carbon and Cost Library (ECCL) Level 5 Road Benchmarks Version 1.00
 Australia ,Surface and Underground Drainage,Class B1 - 1 Cell,300mm x 225mm Class B1 - 1 Cell,1,m,-7.36,0.2,0.02,0.02,TfNSW Engineering Carbon and Cost Library (ECCL) Level 5 Road Benchmarks Version 1.00
 Australia ,Surface and Underground Drainage,Class B1 - 1 Cell,375mm x 225mm Class B1 - 1 Cell,1,m,-7.39,0.22,0.02,0.02,TfNSW Engineering Carbon and Cost Library (ECCL) Level 5 Road Benchmarks Version 1.00
 Australia ,Surface and Underground Drainage,Class B1 - 1 Cell,375mm x 300mm Class B1 - 1 Cell,1,m,-7.39,0.23,0.02,0.02,TfNSW Engineering Carbon and Cost Library (ECCL) Level 5 Road Benchmarks Version 1.00
 Australia ,Surface and Underground Drainage,Class B1 - 1 Cell,450mm x 150mm Class B1 - 1 Cell,1,m,-7.41,0.22,0.02,0.02,TfNSW Engineering Carbon and Cost Library (ECCL) Level 5 Road Benchmarks Version 1.00
 Australia ,Surface and Underground Drainage,Class B1 - 1 Cell,450mm x 160mm Class B1 - 1 Cell,1,m,-7.41,0.22,0.02,0.02,TfNSW Engineering Carbon and Cost Library (ECCL) Level 5 Road Benchmarks Version 1.00
 Australia ,Surface and Underground Drainage,Class B1 - 1 Cell,450mm x 300mm Class B1 - 1 Cell,1,m,-7.41,0.24,0.02,0.02,TfNSW Engineering Carbon and Cost Library (ECCL) Level 5 Road Benchmarks Version 1.00
 Australia ,Surface and Underground Drainage,Class B1 - 1 Cell,450mm x 325mm Class B1 - 1 Cell,1,m,-7.41,0.25,0.02,0.02,TfNSW Engineering Carbon and Cost Library (ECCL) Level 5 Road Benchmarks Version 1.00
 Australia ,Surface and Underground Drainage,Class B1 - 1 Cell,450mm x 450mm Class B1 - 1 Cell,1,m,-7.41,0.27,0.02,0.03,TfNSW Engineering Carbon and Cost Library (ECCL) Level 5 Road Benchmarks Version 1.00
 Australia ,Surface and Underground Drainage,Class B1 - 1 Cell,600mm x 225mm Class B1 - 1 Cell,1,m,-7.45,0.27,0.02,0.02,TfNSW Engineering Carbon and Cost Library (ECCL) Level 5 Road Benchmarks Version 1.00
 Australia ,Surface and Underground Drainage,Class B1 - 1 Cell,600mm x 300mm Class B1 - 1 Cell,1,m,-7.45,0.28,0.02,0.03,TfNSW Engineering Carbon and Cost Library (ECCL) Level 5 Road Benchmarks Version 1.00
 Australia ,Surface and Underground Drainage,Class B1 - 1 Cell,600mm x 380mm Class B1 - 1 Cell,1,m,-7.45,0.29,0.02,0.03,TfNSW Engineering Carbon and Cost Library (ECCL) Level 5 Road Benchmarks Version 1.00
 Australia ,Surface and Underground Drainage,Class B1 - 1 Cell,600mm x 450mm Class B1 - 1 Cell,1,m,-7.45,0.3,0.02,0.03,TfNSW Engineering Carbon and Cost Library (ECCL) Level 5 Road Benchmarks Version 1.00
 Australia ,Surface and Underground Drainage,Class B1 - 1 Cell,600mm x 600mm Class B1 - 1 Cell,1,m,-7.45,0.32,0.03,0.03,TfNSW Engineering Carbon and Cost Library (ECCL) Level 5 Road Benchmarks Version 1.00
 Australia ,Surface and Underground Drainage,Class B1 - 1 Cell,750mm x 375mm Class B1 - 1 Cell,1,m,-11.66,0.41,0.03,0.03,TfNSW Engineering Carbon and Cost Library (ECCL) Level 5 Road Benchmarks Version 1.00
 Australia ,Surface and Underground Drainage,Class B1 - 1 Cell,750mm x 450mm Class B1 - 1 Cell,1,m,-11.66,0.42,0.03,0.03,TfNSW Engineering Carbon and Cost Library (ECCL) Level 5 Road Benchmarks Version 1.00
 Australia ,Surface and Underground Drainage,Class B1 - 1 Cell,750mm x 600mm Class B1 - 1 Cell,1,m,-11.66,0.44,0.03,0.04,TfNSW Engineering Carbon and Cost Library (ECCL) Level 5 Road Benchmarks Version 1.00
 Australia ,Surface and Underground Drainage,Class B1 - 2 Cell,750mm x 600mm Class B1 - 2 Cell,1,m,-12.73,0.79,0.06,0.05,TfNSW Engineering Carbon and Cost Library (ECCL) Level 5 Road Benchmarks Version 1.00
 Australia ,Surface and Underground Drainage,Class B1 - 1 Cell,900mm x 300mm Class B1 - 1 Cell,1,m,-11.74,0.44,0.03,0.03,TfNSW Engineering Carbon and Cost Library (ECCL) Level 5 Road Benchmarks Version 1.00
 Australia ,Surface and Underground Drainage,Class B1 - 2 Cell,900mm x 300mm Class B1 - 2 Cell,1,m,-12.87,0.8,0.05,0.05,TfNSW Engineering Carbon and Cost Library (ECCL) Level 5 Road Benchmarks Version 1.00
 Australia ,Surface and Underground Drainage,Class B1 - 1 Cell,900mm x 375mm Class B1 - 1 Cell,1,m,-11.74,0.45,0.03,0.04,TfNSW Engineering Carbon and Cost Library (ECCL) Level 5 Road Benchmarks Version 1.00
 Australia ,Surface and Underground Drainage,Class B1 - 1 Cell,900mm x 450mm Class B1 - 1 Cell,1,m,-11.74,0.47,0.03,0.04,TfNSW Engineering Carbon and Cost Library (ECCL) Level 5 Road Benchmarks Version 1.00
 Australia ,Surface and Underground Drainage,Class B1 - 2 Cell,900mm x 450mm Class B1 - 2 Cell,1,m,-12.87,0.84,0.06,0.06,TfNSW Engineering Carbon and Cost Library (ECCL) Level 5 Road Benchmarks Version 1.00
 Australia ,Surface and Underground Drainage,Class B1 - 1 Cell,900mm x 600mm Class B1 - 1 Cell,1,m,-11.74,0.49,0.04,0.04,TfNSW Engineering Carbon and Cost Library (ECCL) Level 5 Road Benchmarks Version 1.00
 Australia ,Surface and Underground Drainage,Class B1 - 2 Cell,900mm x 600mm Class B1 - 2 Cell,1,m,-12.87,0.88,0.06,0.06,TfNSW Engineering Carbon and Cost Library (ECCL) Level 5 Road Benchmarks Version 1.00
 Australia ,Surface and Underground Drainage,Class B1 - 5 Cell,900mm x 600mm Class B1 - 5 Cell,1,m,-16.29,2.07,0.14,0.12,TfNSW Engineering Carbon and Cost Library (ECCL) Level 5 Road Benchmarks Version 1.00
 Australia ,Surface and Underground Drainage,Class B1 - 2 Cell,1050mm x 225mm Class B1 - 2 Cell,1,m,-10.81,1.03,0.07,0.05,TfNSW Engineering Carbon and Cost Library (ECCL) Level 5 Road Benchmarks Version 1.00
 Australia ,Surface and Underground Drainage,Class B1 - 1 Cell,1050mm x 300mm Class B1 - 1 Cell,1,m,-9.71,0.56,0.04,0.03,TfNSW Engineering Carbon and Cost Library (ECCL) Level 5 Road Benchmarks Version 1.00
 Australia ,Surface and Underground Drainage,Class B1 - 1 Cell,1200mm x 225mm Class B1 - 1 Cell,1,m,-9.77,0.6,0.04,0.03,TfNSW Engineering Carbon and Cost Library (ECCL) Level 5 Road Benchmarks Version 1.00
 Australia ,Surface and Underground Drainage,Class B1 - 1 Cell,1200mm x 300mm Class B1 - 1 Cell,1,m,-9.77,0.61,0.04,0.03,TfNSW Engineering Carbon and Cost Library (ECCL) Level 5 Road Benchmarks Version 1.00
 Australia ,Surface and Underground Drainage,Class B1 - 2 Cell,1200mm x 300mm Class B1 - 2 Cell,1,m,-10.93,1.15,0.08,0.06,TfNSW Engineering Carbon and Cost Library (ECCL) Level 5 Road Benchmarks Version 1.00
 Australia ,Surface and Underground Drainage,Class B1 - 1 Cell,1200mm x 450mm Class B1 - 1 Cell,1,m,-9.77,0.64,0.05,0.04,TfNSW Engineering Carbon and Cost Library (ECCL) Level 5 Road Benchmarks Version 1.00
 Australia ,Surface and Underground Drainage,Class B1 - 2 Cell,1200mm x 450mm Class B1 - 2 Cell,1,m,-10.93,1.21,0.09,0.06,TfNSW Engineering Carbon and Cost Library (ECCL) Level 5 Road Benchmarks Version 1.00
 Australia ,Surface and Underground Drainage,Class B1 - 3 Cell,1200mm x 450mm Class B1 - 3 Cell,1,m,-12.09,1.78,0.13,0.08,TfNSW Engineering Carbon and Cost Library (ECCL) Level 5 Road Benchmarks Version 1.00
 Australia ,Surface and Underground Drainage,Class B1 - 4 Cell,1200mm x 450mm Class B1 - 4 Cell,1,m,-13.25,2.35,0.17,0.1,TfNSW Engineering Carbon and Cost Library (ECCL) Level 5 Road Benchmarks Version 1.00
 Australia ,Surface and Underground Drainage,Class B1 - 6 Cell,1200mm x 450mm Class B1 - 6 Cell,1,m,-15.57,3.49,0.25,0.14,TfNSW Engineering Carbon and Cost Library (ECCL) Level 5 Road Benchmarks Version 1.00
 Australia ,Surface and Underground Drainage,Class B1 - 1 Cell,1200mm x 600mm Class B1 - 1 Cell,1,m,-9.77,0.67,0.05,0.04,TfNSW Engineering Carbon and Cost Library (ECCL) Level 5 Road Benchmarks Version 1.00
 Australia ,Surface and Underground Drainage,Class B1 - 2 Cell,1200mm x 600mm Class B1 - 2 Cell,1,m,-10.93,1.27,0.09,0.06,TfNSW Engineering Carbon and Cost Library (ECCL) Level 5 Road Benchmarks Version 1.00
 Australia ,Surface and Underground Drainage,Class B1 - 3 Cell,1200mm x 600mm Class B1 - 3 Cell,1,m,-12.09,1.87,0.13,0.08,TfNSW Engineering Carbon and Cost Library (ECCL) Level 5 Road Benchmarks Version 1.00
 Australia ,Surface and Underground Drainage,Class B1 - 6 Cell,1200mm x 675mm Class B1 - 6 Cell,1,m,-15.57,3.76,0.27,0.14,TfNSW Engineering Carbon and Cost Library (ECCL) Level 5 Road Benchmarks Version 1.00
 Australia ,Surface and Underground Drainage,Class B1 - 1 Cell,1200mm x 750mm Class B1 - 1 Cell,1,m,-9.77,0.71,0.05,0.04,TfNSW Engineering Carbon and Cost Library (ECCL) Level 5 Road Benchmarks Version 1.00
 Australia ,Surface and Underground Drainage,Class B1 - 1 Cell,1200mm x 900mm Class B1 - 1 Cell,1,m,-9.77,0.74,0.06,0.04,TfNSW Engineering Carbon and Cost Library (ECCL) Level 5 Road Benchmarks Version 1.00
 Australia ,Surface and Underground Drainage,Class B1 - 2 Cell,1200mm x 900mm Class B1 - 2 Cell,1,m,-10.93,1.39,0.1,0.06,TfNSW Engineering Carbon and Cost Library (ECCL) Level 5 Road Benchmarks Version 1.00
 Australia ,Surface and Underground Drainage,Class B1 - 4 Cell,1200mm x 900mm Class B1 - 4 Cell,1,m,-13.25,2.71,0.2,0.11,TfNSW Engineering Carbon and Cost Library (ECCL) Level 5 Road Benchmarks Version 1.00
 Australia ,Surface and Underground Drainage,Class B1 - 6 Cell,1200mm x 900mm Class B1 - 6 Cell,1,m,-15.57,4.02,0.29,0.15,TfNSW Engineering Carbon and Cost Library (ECCL) Level 5 Road Benchmarks Version 1.00
 Australia ,Surface and Underground Drainage,Class B1 - 1 Cell,1200mm x 1200mm Class B1 - 1 Cell,1,m,-9.77,0.8,0.06,0.04,TfNSW Engineering Carbon and Cost Library (ECCL) Level 5 Road Benchmarks Version 1.00
 Australia ,Surface and Underground Drainage,Class B1 - 2 Cell,1200mm x 1200mm Class B1 - 2 Cell,1,m,-10.93,1.52,0.11,0.07,TfNSW Engineering Carbon and Cost Library (ECCL) Level 5 Road Benchmarks Version 1.00
 Australia ,Surface and Underground Drainage,Class B1 - 1 Cell,1500mm x 300mm Class B1 - 1 Cell,1,m,-14.23,0.93,0.06,0.05,TfNSW Engineering Carbon and Cost Library (ECCL) Level 5 Road Benchmarks Version 1.00
 Australia ,Surface and Underground Drainage,Class B1 - 2 Cell,1500mm x 300mm Class B1 - 2 Cell,1,m,-15.86,1.76,0.12,0.08,TfNSW Engineering Carbon and Cost Library (ECCL) Level 5 Road Benchmarks Version 1.00
 Australia ,Surface and Underground Drainage,Class B1 - 1 Cell,1500mm x 375mm Class B1 - 1 Cell,1,m,-14.23,0.95,0.07,0.05,TfNSW Engineering Carbon and Cost Library (ECCL) Level 5 Road Benchmarks Version 1.00
 Australia ,Surface and Underground Drainage,Class B1 - 1 Cell,1500mm x 450mm Class B1 - 1 Cell,1,m,-14.23,0.97,0.07,0.05,TfNSW Engineering Carbon and Cost Library (ECCL) Level 5 Road Benchmarks Version 1.00
 Australia ,Surface and Underground Drainage,Class B1 - 2 Cell,1500mm x 450mm Class B1 - 2 Cell,1,m,-15.86,1.83,0.13,0.08,TfNSW Engineering Carbon and Cost Library (ECCL) Level 5 Road Benchmarks Version 1.00
 Australia ,Surface and Underground Drainage,Class B1 - 1 Cell,1500mm x 600mm Class B1 - 1 Cell,1,m,-14.23,1.01,0.07,0.05,TfNSW Engineering Carbon and Cost Library (ECCL) Level 5 Road Benchmarks Version 1.00
 Australia ,Surface and Underground Drainage,Class B1 - 2 Cell,1500mm x 600mm Class B1 - 2 Cell,1,m,-15.86,1.9,0.13,0.08,TfNSW Engineering Carbon and Cost Library (ECCL) Level 5 Road Benchmarks Version 1.00
 Australia ,Surface and Underground Drainage,Class B1 - 5 Cell,1500mm x 600mm Class B1 - 5 Cell,1,m,-20.51,4.51,0.31,0.16,TfNSW Engineering Carbon and Cost Library (ECCL) Level 5 Road Benchmarks Version 1.00
 Australia ,Surface and Underground Drainage,Class B1 - 2 Cell,1500mm x 750mm Class B1 - 2 Cell,1,m,-15.86,1.97,0.14,0.08,TfNSW Engineering Carbon and Cost Library (ECCL) Level 5 Road Benchmarks Version 1.00
 Australia ,Surface and Underground Drainage,Class B1 - 1 Cell,1500mm x 900mm Class B1 - 1 Cell,1,m,-14.23,1.08,0.08,0.06,TfNSW Engineering Carbon and Cost Library (ECCL) Level 5 Road Benchmarks Version 1.00
 Australia ,Surface and Underground Drainage,Class B1 - 2 Cell,1500mm x 900mm Class B1 - 2 Cell,1,m,-15.86,2.05,0.15,0.09,TfNSW Engineering Carbon and Cost Library (ECCL) Level 5 Road Benchmarks Version 1.00
 Australia ,Surface and Underground Drainage,Class B1 - 6 Cell,1500mm x 900mm Class B1 - 6 Cell,1,m,-22.14,5.82,0.4,0.19,TfNSW Engineering Carbon and Cost Library (ECCL) Level 5 Road Benchmarks Version 1.00
 Australia ,Surface and Underground Drainage,Class B1 - 1 Cell,1500mm x 1200mm Class B1 - 1 Cell,1,m,-14.23,1.16,0.09,0.06,TfNSW Engineering Carbon and Cost Library (ECCL) Level 5 Road Benchmarks Version 1.00
 Australia ,Surface and Underground Drainage,Class B1 - 2 Cell,1500mm x 1200mm Class B1 - 2 Cell,1,m,-15.86,2.19,0.16,0.09,TfNSW Engineering Carbon and Cost Library (ECCL) Level 5 Road Benchmarks Version 1.00
 Australia ,Surface and Underground Drainage,Class B1 - 3 Cell,1500mm x 1200mm Class B1 - 3 Cell,1,m,-17.36,3.18,0.23,0.11,TfNSW Engineering Carbon and Cost Library (ECCL) Level 5 Road Benchmarks Version 1.00
 Australia ,Surface and Underground Drainage,Class B1 - 4 Cell,1500mm x 1500mm Class B1 - 4 Cell,1,m,-19,4.49,0.32,0.15,TfNSW Engineering Carbon and Cost Library (ECCL) Level 5 Road Benchmarks Version 1.00
 Australia ,Surface and Underground Drainage,Class B1 - 1 Cell,1800mm x 300mm Class B1 - 1 Cell,1,m,-14.4,1.06,0.07,0.05,TfNSW Engineering Carbon and Cost Library (ECCL) Level 5 Road Benchmarks Version 1.00
 Australia ,Surface and Underground Drainage,Class B1 - 1 Cell,1800mm x 450mm Class B1 - 1 Cell,1,m,-14.4,1.09,0.08,0.05,TfNSW Engineering Carbon and Cost Library (ECCL) Level 5 Road Benchmarks Version 1.00
 Australia ,Surface and Underground Drainage,Class B1 - 8 Cell,1800mm x 450mm Class B1 - 8 Cell,1,m,-26.69,7.89,0.53,0.27,TfNSW Engineering Carbon and Cost Library (ECCL) Level 5 Road Benchmarks Version 1.00
 Australia ,Surface and Underground Drainage,Class B1 - 12 Cell,1800mm x 450mm Class B1 - 12 Cell,1,m,-33.67,11.77,0.8,0.4,TfNSW Engineering Carbon and Cost Library (ECCL) Level 5 Road Benchmarks Version 1.00
 Australia ,Surface and Underground Drainage,Class B1 - 1 Cell,1800mm x 600mm Class B1 - 1 Cell,1,m,-14.4,1.13,0.08,0.05,TfNSW Engineering Carbon and Cost Library (ECCL) Level 5 Road Benchmarks Version 1.00
 Australia ,Surface and Underground Drainage,Class B1 - 5 Cell,1800mm x 600mm Class B1 - 5 Cell,1,m,-21.39,5.14,0.35,0.18,TfNSW Engineering Carbon and Cost Library (ECCL) Level 5 Road Benchmarks Version 1.00
 Australia ,Surface and Underground Drainage,Class B1 - 8 Cell,1800mm x 600mm Class B1 - 8 Cell,1,m,-26.69,8.17,0.56,0.27,TfNSW Engineering Carbon and Cost Library (ECCL) Level 5 Road Benchmarks Version 1.00
 Australia ,Surface and Underground Drainage,Class B1 - 1 Cell,1800mm x 750mm Class B1 - 1 Cell,1,m,-14.4,1.17,0.08,0.05,TfNSW Engineering Carbon and Cost Library (ECCL) Level 5 Road Benchmarks Version 1.00
 Australia ,Surface and Underground Drainage,Class B1 - 2 Cell,1800mm x 750mm Class B1 - 2 Cell,1,m,-16.21,2.22,0.15,0.09,TfNSW Engineering Carbon and Cost Library (ECCL) Level 5 Road Benchmarks Version 1.00
 Australia ,Surface and Underground Drainage,Class B1 - 3 Cell,1800mm x 750mm Class B1 - 3 Cell,1,m,-17.89,3.24,0.22,0.12,TfNSW Engineering Carbon and Cost Library (ECCL) Level 5 Road Benchmarks Version 1.00
 Australia ,Surface and Underground Drainage,Class B1 - 1 Cell,1800mm x 900mm Class B1 - 1 Cell,1,m,-14.4,1.2,0.09,0.06,TfNSW Engineering Carbon and Cost Library (ECCL) Level 5 Road Benchmarks Version 1.00
 Australia ,Surface and Underground Drainage,Class B1 - 2 Cell,1800mm x 900mm Class B1 - 2 Cell,1,m,-16.21,2.29,0.16,0.09,TfNSW Engineering Carbon and Cost Library (ECCL) Level 5 Road Benchmarks Version 1.00
 Australia ,Surface and Underground Drainage,Class B1 - 3 Cell,1800mm x 900mm Class B1 - 3 Cell,1,m,-17.89,3.34,0.23,0.12,TfNSW Engineering Carbon and Cost Library (ECCL) Level 5 Road Benchmarks Version 1.00
 Australia ,Surface and Underground Drainage,Class B1 - 4 Cell,1800mm x 900mm Class B1 - 4 Cell,1,m,-19.7,4.44,0.31,0.15,TfNSW Engineering Carbon and Cost Library (ECCL) Level 5 Road Benchmarks Version 1.00
 Australia ,Surface and Underground Drainage,Class B1 - 12 Cell,1800mm x 900mm Class B1 - 12 Cell,1,m,-33.67,13.01,0.89,0.41,TfNSW Engineering Carbon and Cost Library (ECCL) Level 5 Road Benchmarks Version 1.00
 Australia ,Surface and Underground Drainage,Class B1 - 1 Cell,1800mm x 1200mm Class B1 - 1 Cell,1,m,-14.4,1.27,0.09,0.06,TfNSW Engineering Carbon and Cost Library (ECCL) Level 5 Road Benchmarks Version 1.00
 Australia ,Surface and Underground Drainage,Class B1 - 2 Cell,1800mm x 1200mm Class B1 - 2 Cell,1,m,-16.21,2.43,0.17,0.09,TfNSW Engineering Carbon and Cost Library (ECCL) Level 5 Road Benchmarks Version 1.00
 Australia ,Surface and Underground Drainage,Class B1 - 4 Cell,1800mm x 1200mm Class B1 - 4 Cell,1,m,-19.7,4.71,0.33,0.15,TfNSW Engineering Carbon and Cost Library (ECCL) Level 5 Road Benchmarks Version 1.00
 Australia ,Surface and Underground Drainage,Class B1 - 1 Cell,1800mm x 1500mm Class B1 - 1 Cell,1,m,-14.4,1.35,0.1,0.06,TfNSW Engineering Carbon and Cost Library (ECCL) Level 5 Road Benchmarks Version 1.00
 Australia ,Surface and Underground Drainage,Class B1 - 2 Cell,1800mm x 1500mm Class B1 - 2 Cell,1,m,-16.21,2.58,0.18,0.09,TfNSW Engineering Carbon and Cost Library (ECCL) Level 5 Road Benchmarks Version 1.00
 Australia ,Surface and Underground Drainage,Class B1 - 5 Cell,1800mm x 1500mm Class B1 - 5 Cell,1,m,-21.39,6.18,0.43,0.19,TfNSW Engineering Carbon and Cost Library (ECCL) Level 5 Road Benchmarks Version 1.00
 Australia ,Surface and Underground Drainage,Class B1 - 1 Cell,1800mm x 1800mm Class B1 - 1 Cell,1,m,-14.4,1.43,0.11,0.07,TfNSW Engineering Carbon and Cost Library (ECCL) Level 5 Road Benchmarks Version 1.00
 Australia ,Surface and Underground Drainage,Class B1 - 3 Cell,1800mm x 1800mm Class B1 - 3 Cell,1,m,-17.89,3.99,0.29,0.13,TfNSW Engineering Carbon and Cost Library (ECCL) Level 5 Road Benchmarks Version 1.00
 Australia ,Surface and Underground Drainage,Class B1 - 1 Cell,1840mm x 625mm Class B1 - 1 Cell,1,m,-14.42,1.15,0.08,0.05,TfNSW Engineering Carbon and Cost Library (ECCL) Level 5 Road Benchmarks Version 1.00
 Australia ,Surface and Underground Drainage,Class B1 - 1 Cell,2100mm x 450mm Class B1 - 1 Cell,1,m,-14.58,1.33,0.09,0.06,TfNSW Engineering Carbon and Cost Library (ECCL) Level 5 Road Benchmarks Version 1.00
 Australia ,Surface and Underground Drainage,Class B1 - 2 Cell,2100mm x 450mm Class B1 - 2 Cell,1,m,-16.56,2.55,0.18,0.1,TfNSW Engineering Carbon and Cost Library (ECCL) Level 5 Road Benchmarks Version 1.00
 Australia ,Surface and Underground Drainage,Class B1 - 1 Cell,2100mm x 600mm Class B1 - 1 Cell,1,m,-14.58,1.37,0.1,0.06,TfNSW Engineering Carbon and Cost Library (ECCL) Level 5 Road Benchmarks Version 1.00
 Australia ,Surface and Underground Drainage,Class B1 - 2 Cell,2100mm x 600mm Class B1 - 2 Cell,1,m,-16.56,2.64,0.18,0.1,TfNSW Engineering Carbon and Cost Library (ECCL) Level 5 Road Benchmarks Version 1.00
 Australia ,Surface and Underground Drainage,Class B1 - 1 Cell,2100mm x 750mm Class B1 - 1 Cell,1,m,-14.58,1.42,0.1,0.06,TfNSW Engineering Carbon and Cost Library (ECCL) Level 5 Road Benchmarks Version 1.00
 Australia ,Surface and Underground Drainage,Class B1 - 1 Cell,2100mm x 900mm Class B1 - 1 Cell,1,m,-14.58,1.46,0.11,0.06,TfNSW Engineering Carbon and Cost Library (ECCL) Level 5 Road Benchmarks Version 1.00
 Australia ,Surface and Underground Drainage,Class B1 - 2 Cell,2100mm x 900mm Class B1 - 2 Cell,1,m,-16.56,2.8,0.2,0.1,TfNSW Engineering Carbon and Cost Library (ECCL) Level 5 Road Benchmarks Version 1.00
 Australia ,Surface and Underground Drainage,Class B1 - 3 Cell,2100mm x 900mm Class B1 - 3 Cell,1,m,-18.42,4.1,0.29,0.14,TfNSW Engineering Carbon and Cost Library (ECCL) Level 5 Road Benchmarks Version 1.00
 Australia ,Surface and Underground Drainage,Class B1 - 1 Cell,2100mm x 1200mm Class B1 - 1 Cell,1,m,-14.58,1.54,0.11,0.07,TfNSW Engineering Carbon and Cost Library (ECCL) Level 5 Road Benchmarks Version 1.00
 Australia ,Surface and Underground Drainage,Class B1 - 10 Cell,2100mm x 1200mm Class B1 - 10 Cell,1,m,-31.94,14.15,0.98,0.39,TfNSW Engineering Carbon and Cost Library (ECCL) Level 5 Road Benchmarks Version 1.00
 Australia ,Surface and Underground Drainage,Class B1 - 24 Cell,2100mm x 1200mm Class B1 - 24 Cell,1,m,-58.86,33.74,2.33,0.89,TfNSW Engineering Carbon and Cost Library (ECCL) Level 5 Road Benchmarks Version 1.00
 Australia ,Surface and Underground Drainage,Class B1 - 57 Cell,2100mm x 1200mm Class B1 - 57 Cell,1,m,-122.23,79.89,5.51,2.08,TfNSW Engineering Carbon and Cost Library (ECCL) Level 5 Road Benchmarks Version 1.00
 Australia ,Surface and Underground Drainage,Class B1 - 1 Cell,2100mm x 1500mm Class B1 - 1 Cell,1,m,-14.58,1.63,0.12,0.07,TfNSW Engineering Carbon and Cost Library (ECCL) Level 5 Road Benchmarks Version 1.00
 Australia ,Surface and Underground Drainage,Class B1 - 1 Cell,2100mm x 1800mm Class B1 - 1 Cell,1,m,-14.58,1.71,0.13,0.07,TfNSW Engineering Carbon and Cost Library (ECCL) Level 5 Road Benchmarks Version 1.00
 Australia ,Surface and Underground Drainage,Class B1 - 1 Cell,2100mm x 2100mm Class B1 - 1 Cell,1,m,-14.58,1.8,0.14,0.08,TfNSW Engineering Carbon and Cost Library (ECCL) Level 5 Road Benchmarks Version 1.00
 Australia ,Surface and Underground Drainage,Class B1 - 1 Cell,2400mm x 450mm Class B1 - 1 Cell,1,m,-14.77,1.47,0.1,0.06,TfNSW Engineering Carbon and Cost Library (ECCL) Level 5 Road Benchmarks Version 1.00
 Australia ,Surface and Underground Drainage,Class B1 - 2 Cell,2400mm x 450mm Class B1 - 2 Cell,1,m,-16.95,2.84,0.2,0.11,TfNSW Engineering Carbon and Cost Library (ECCL) Level 5 Road Benchmarks Version 1.00
 Australia ,Surface and Underground Drainage,Class B1 - 1 Cell,2400mm x 600mm Class B1 - 1 Cell,1,m,-14.77,1.52,0.11,0.06,TfNSW Engineering Carbon and Cost Library (ECCL) Level 5 Road Benchmarks Version 1.00
 Australia ,Surface and Underground Drainage,Class B1 - 2 Cell,2400mm x 600mm Class B1 - 2 Cell,1,m,-16.95,2.92,0.2,0.11,TfNSW Engineering Carbon and Cost Library (ECCL) Level 5 Road Benchmarks Version 1.00
 Australia ,Surface and Underground Drainage,Class B1 - 6 Cell,2400mm x 750mm Class B1 - 6 Cell,1,m,-25.37,8.69,0.6,0.27,TfNSW Engineering Carbon and Cost Library (ECCL) Level 5 Road Benchmarks Version 1.00
 Australia ,Surface and Underground Drainage,Class B1 - 1 Cell,2400mm x 900mm Class B1 - 1 Cell,1,m,-14.77,1.6,0.11,0.07,TfNSW Engineering Carbon and Cost Library (ECCL) Level 5 Road Benchmarks Version 1.00
 Australia ,Surface and Underground Drainage,Class B1 - 2 Cell,2400mm x 900mm Class B1 - 2 Cell,1,m,-16.95,3.08,0.22,0.11,TfNSW Engineering Carbon and Cost Library (ECCL) Level 5 Road Benchmarks Version 1.00
 Australia ,Surface and Underground Drainage,Class B1 - 3 Cell,2400mm x 900mm Class B1 - 3 Cell,1,m,-18.98,4.52,0.31,0.15,TfNSW Engineering Carbon and Cost Library (ECCL) Level 5 Road Benchmarks Version 1.00
 Australia ,Surface and Underground Drainage,Class B1 - 5 Cell,2400mm x 900mm Class B1 - 5 Cell,1,m,-23.2,7.44,0.51,0.23,TfNSW Engineering Carbon and Cost Library (ECCL) Level 5 Road Benchmarks Version 1.00
 Australia ,Surface and Underground Drainage,Class B1 - 1 Cell,2400mm x 1200mm Class B1 - 1 Cell,1,m,-14.77,1.69,0.12,0.07,TfNSW Engineering Carbon and Cost Library (ECCL) Level 5 Road Benchmarks Version 1.00
 Australia ,Surface and Underground Drainage,Class B1 - 2 Cell,2400mm x 1200mm Class B1 - 2 Cell,1,m,-16.95,3.25,0.23,0.11,TfNSW Engineering Carbon and Cost Library (ECCL) Level 5 Road Benchmarks Version 1.00
 Australia ,Surface and Underground Drainage,Class B1 - 3 Cell,2400mm x 1200mm Class B1 - 3 Cell,1,m,-18.98,4.76,0.33,0.15,TfNSW Engineering Carbon and Cost Library (ECCL) Level 5 Road Benchmarks Version 1.00
 Australia ,Surface and Underground Drainage,Class B1 - 7 Cell,2400mm x 1200mm Class B1 - 7 Cell,1,m,-27.41,10.92,0.76,0.31,TfNSW Engineering Carbon and Cost Library (ECCL) Level 5 Road Benchmarks Version 1.00
 Australia ,Surface and Underground Drainage,Class B1 - 1 Cell,2400mm x 1500mm Class B1 - 1 Cell,1,m,-14.77,1.77,0.13,0.07,TfNSW Engineering Carbon and Cost Library (ECCL) Level 5 Road Benchmarks Version 1.00
 Australia ,Surface and Underground Drainage,Class B1 - 2 Cell,2400mm x 1500mm Class B1 - 2 Cell,1,m,-16.95,3.41,0.24,0.12,TfNSW Engineering Carbon and Cost Library (ECCL) Level 5 Road Benchmarks Version 1.00
 Australia ,Surface and Underground Drainage,Class B1 - 3 Cell,2400mm x 1500mm Class B1 - 3 Cell,1,m,-18.98,5,0.35,0.16,TfNSW Engineering Carbon and Cost Library (ECCL) Level 5 Road Benchmarks Version 1.00
 Australia ,Surface and Underground Drainage,Class B1 - 5 Cell,2400mm x 1500mm Class B1 - 5 Cell,1,m,-23.2,8.24,0.58,0.24,TfNSW Engineering Carbon and Cost Library (ECCL) Level 5 Road Benchmarks Version 1.00
 Australia ,Surface and Underground Drainage,Class B1 - 8 Cell,2400mm x 1500mm Class B1 - 8 Cell,1,m,-29.59,13.11,0.91,0.36,TfNSW Engineering Carbon and Cost Library (ECCL) Level 5 Road Benchmarks Version 1.00
 Australia ,Surface and Underground Drainage,Class B1 - 1 Cell,2400mm x 1800mm Class B1 - 1 Cell,1,m,-14.77,1.85,0.14,0.08,TfNSW Engineering Carbon and Cost Library (ECCL) Level 5 Road Benchmarks Version 1.00
 Australia ,Surface and Underground Drainage,Class B1 - 1 Cell,2400mm  x 2100mm Class B1 - 1 Cell,1,m,-14.8,1.99,0.16,0.08,TfNSW Engineering Carbon and Cost Library (ECCL) Level 5 Road Benchmarks Version 1.00
 Australia ,Surface and Underground Drainage,Class B1 - 1 Cell,2400mm x 2400mm Class B1 - 1 Cell,1,m,-14.8,2.08,0.17,0.09,TfNSW Engineering Carbon and Cost Library (ECCL) Level 5 Road Benchmarks Version 1.00
 Australia ,Surface and Underground Drainage,Class B1 - 2 Cell,2400mm x 2400mm Class B1 - 2 Cell,1,m,-17.02,3.96,0.3,0.13,TfNSW Engineering Carbon and Cost Library (ECCL) Level 5 Road Benchmarks Version 1.00
 Australia ,Surface and Underground Drainage,Class B1 - 3 Cell,2400mm x 2400mm Class B1 - 3 Cell,1,m,-19.05,5.79,0.43,0.17,TfNSW Engineering Carbon and Cost Library (ECCL) Level 5 Road Benchmarks Version 1.00
 Australia ,Surface and Underground Drainage,Class B1 - 6 Cell,2400mm x 2400mm Class B1 - 6 Cell,1,m,-25.52,11.4,0.82,0.3,TfNSW Engineering Carbon and Cost Library (ECCL) Level 5 Road Benchmarks Version 1.00
 Australia ,Surface and Underground Drainage,Class B1 - 1 Cell,2450mm x 1200mm Class B1 - 1 Cell,1,m,-14.8,1.71,0.12,0.07,TfNSW Engineering Carbon and Cost Library (ECCL) Level 5 Road Benchmarks Version 1.00
 Australia ,Surface and Underground Drainage,Class B1 - 1 Cell,2700mm x 600mm Class B1 - 1 Cell,1,m,-14.94,1.79,0.13,0.06,TfNSW Engineering Carbon and Cost Library (ECCL) Level 5 Road Benchmarks Version 1.00
 Australia ,Surface and Underground Drainage,Class B1 - 2 Cell,2700mm x 600mm Class B1 - 2 Cell,1,m,-17.3,3.47,0.24,0.11,TfNSW Engineering Carbon and Cost Library (ECCL) Level 5 Road Benchmarks Version 1.00
 Australia ,Surface and Underground Drainage,Class B1 - 4 Cell,2700mm x 600mm Class B1 - 4 Cell,1,m,-21.86,6.78,0.47,0.2,TfNSW Engineering Carbon and Cost Library (ECCL) Level 5 Road Benchmarks Version 1.00
 Australia ,Surface and Underground Drainage,Class B1 - 2 Cell,2700mm x 750mm Class B1 - 2 Cell,1,m,-17.3,3.56,0.25,0.11,TfNSW Engineering Carbon and Cost Library (ECCL) Level 5 Road Benchmarks Version 1.00
 Australia ,Surface and Underground Drainage,Class B1 - 1 Cell,2700mm x 900mm Class B1 - 1 Cell,1,m,-14.94,1.89,0.14,0.07,TfNSW Engineering Carbon and Cost Library (ECCL) Level 5 Road Benchmarks Version 1.00
 Australia ,Surface and Underground Drainage,Class B1 - 2 Cell,2700mm x 900mm Class B1 - 2 Cell,1,m,-17.3,3.66,0.26,0.11,TfNSW Engineering Carbon and Cost Library (ECCL) Level 5 Road Benchmarks Version 1.00
 Australia ,Surface and Underground Drainage,Class B1 - 4 Cell,2700mm x 900mm Class B1 - 4 Cell,1,m,-21.86,7.14,0.5,0.2,TfNSW Engineering Carbon and Cost Library (ECCL) Level 5 Road Benchmarks Version 1.00
 Australia ,Surface and Underground Drainage,Class B1 - 8 Cell,2700mm x 900mm Class B1 - 8 Cell,1,m,-31,14.11,0.98,0.37,TfNSW Engineering Carbon and Cost Library (ECCL) Level 5 Road Benchmarks Version 1.00
 Australia ,Surface and Underground Drainage,Class B1 - 1 Cell,2700mm x 1200mm Class B1 - 1 Cell,1,m,-14.94,1.99,0.15,0.07,TfNSW Engineering Carbon and Cost Library (ECCL) Level 5 Road Benchmarks Version 1.00
 Australia ,Surface and Underground Drainage,Class B1 - 2 Cell,2700mm x 1200mm Class B1 - 2 Cell,1,m,-17.3,3.84,0.27,0.11,TfNSW Engineering Carbon and Cost Library (ECCL) Level 5 Road Benchmarks Version 1.00
 Australia ,Surface and Underground Drainage,Class B1 - 4 Cell,2700mm x 1200mm Class B1 - 4 Cell,1,m,-21.86,7.5,0.53,0.2,TfNSW Engineering Carbon and Cost Library (ECCL) Level 5 Road Benchmarks Version 1.00
 Australia ,Surface and Underground Drainage,Class B1 - 1 Cell,2700mm x 1500mm Class B1 - 1 Cell,1,m,-14.94,2.08,0.16,0.07,TfNSW Engineering Carbon and Cost Library (ECCL) Level 5 Road Benchmarks Version 1.00
 Australia ,Surface and Underground Drainage,Class B1 - 2 Cell,2700mm x 1500mm Class B1 - 2 Cell,1,m,-17.3,4.02,0.29,0.12,TfNSW Engineering Carbon and Cost Library (ECCL) Level 5 Road Benchmarks Version 1.00
 Australia ,Surface and Underground Drainage,Class B1 - 5 Cell,2700mm  x 1500mm Class B1 - 5 Cell,1,m,-24.08,9.76,0.69,0.25,TfNSW Engineering Carbon and Cost Library (ECCL) Level 5 Road Benchmarks Version 1.00
 Australia ,Surface and Underground Drainage,Class B1 - 1 Cell,2700mm x 1800mm Class B1 - 1 Cell,1,m,-14.94,2.18,0.17,0.07,TfNSW Engineering Carbon and Cost Library (ECCL) Level 5 Road Benchmarks Version 1.00
 Australia ,Surface and Underground Drainage,Class B1 - 1 Cell,2700mm x 2100mm Class B1 - 1 Cell,1,m,-14.94,2.27,0.17,0.08,TfNSW Engineering Carbon and Cost Library (ECCL) Level 5 Road Benchmarks Version 1.00
 Australia ,Surface and Underground Drainage,Class B1 - 2 Cell,2700mm x 2100mm Class B1 - 2 Cell,1,m,-17.3,4.39,0.32,0.12,TfNSW Engineering Carbon and Cost Library (ECCL) Level 5 Road Benchmarks Version 1.00
 Australia ,Surface and Underground Drainage,Class B1 - 1 Cell,2700mm x 2400mm Class B1 - 1 Cell,1,m,-14.98,2.41,0.2,0.09,TfNSW Engineering Carbon and Cost Library (ECCL) Level 5 Road Benchmarks Version 1.00
 Australia ,Surface and Underground Drainage,Class B1 - 2 Cell,2700mm x 2400mm Class B1 - 2 Cell,1,m,-17.37,4.63,0.35,0.14,TfNSW Engineering Carbon and Cost Library (ECCL) Level 5 Road Benchmarks Version 1.00
 Australia ,Surface and Underground Drainage,Class B1 - 3 Cell,2700mm x 2400mm Class B1 - 3 Cell,1,m,-19.58,6.79,0.5,0.18,TfNSW Engineering Carbon and Cost Library (ECCL) Level 5 Road Benchmarks Version 1.00
 Australia ,Surface and Underground Drainage,Class B1 - 4 Cell,2700mm x 2400mm Class B1 - 4 Cell,1,m,-21.97,9,0.66,0.23,TfNSW Engineering Carbon and Cost Library (ECCL) Level 5 Road Benchmarks Version 1.00
 Australia ,Surface and Underground Drainage,Class B1 - 5 Cell,2700mm x 2400mm Class B1 - 5 Cell,1,m,-24.18,11.17,0.81,0.28,TfNSW Engineering Carbon and Cost Library (ECCL) Level 5 Road Benchmarks Version 1.00
 Australia ,Surface and Underground Drainage,Class B1 - 2 Cell,2700mm x 2700mm Class B1 - 2 Cell,1,m,-17.37,4.81,0.37,0.15,TfNSW Engineering Carbon and Cost Library (ECCL) Level 5 Road Benchmarks Version 1.00
 Australia ,Surface and Underground Drainage,Class B1 - 3 Cell,2700mm x 2700mm Class B1 - 3 Cell,1,m,-19.58,7.06,0.52,0.19,TfNSW Engineering Carbon and Cost Library (ECCL) Level 5 Road Benchmarks Version 1.00
 Australia ,Surface and Underground Drainage,Class B1 - 1 Cell,2800mm x 900mm Class B1 - 1 Cell,1,m,-15.04,1.96,0.15,0.08,TfNSW Engineering Carbon and Cost Library (ECCL) Level 5 Road Benchmarks Version 1.00
 Australia ,Surface and Underground Drainage,Class B1 - 1 Cell,3000mm x 0450mm Class B1 - 1 Cell,1,m,-15.16,1.91,0.14,0.07,TfNSW Engineering Carbon and Cost Library (ECCL) Level 5 Road Benchmarks Version 1.00
 Australia ,Surface and Underground Drainage,Class B1 - 1 Cell,3000mm x 0600mm Class B1 - 1 Cell,1,m,-15.16,1.96,0.14,0.08,TfNSW Engineering Carbon and Cost Library (ECCL) Level 5 Road Benchmarks Version 1.00
 Australia ,Surface and Underground Drainage,Class B1 - 4 Cell,3000mm x 0600mm Class B1 - 4 Cell,1,m,-22.67,7.41,0.51,0.23,TfNSW Engineering Carbon and Cost Library (ECCL) Level 5 Road Benchmarks Version 1.00
 Australia ,Surface and Underground Drainage,Class B1 - 1 Cell,3000mm x 0750mm Class B1 - 1 Cell,1,m,-15.16,2.01,0.15,0.08,TfNSW Engineering Carbon and Cost Library (ECCL) Level 5 Road Benchmarks Version 1.00
 Australia ,Surface and Underground Drainage,Class B1 - 1 Cell,3000mm x 0900mm Class B1 - 1 Cell,1,m,-15.16,2.06,0.15,0.08,TfNSW Engineering Carbon and Cost Library (ECCL) Level 5 Road Benchmarks Version 1.00
 Australia ,Surface and Underground Drainage,Class B1 - 2 Cell,3000mm x 0900mm Class B1 - 2 Cell,1,m,-17.72,3.99,0.28,0.13,TfNSW Engineering Carbon and Cost Library (ECCL) Level 5 Road Benchmarks Version 1.00
 Australia ,Surface and Underground Drainage,Class B1 - 4 Cell,3000mm x 0900mm Class B1 - 4 Cell,1,m,-22.67,7.78,0.54,0.23,TfNSW Engineering Carbon and Cost Library (ECCL) Level 5 Road Benchmarks Version 1.00
 Australia ,Surface and Underground Drainage,Class B1 - 1 Cell,3000mm x 1200mm Class B1 - 1 Cell,1,m,-15.16,2.16,0.16,0.08,TfNSW Engineering Carbon and Cost Library (ECCL) Level 5 Road Benchmarks Version 1.00
 Australia ,Surface and Underground Drainage,Class B1 - 2 Cell,3000mm x 1200mm Class B1 - 2 Cell,1,m,-17.72,4.17,0.3,0.13,TfNSW Engineering Carbon and Cost Library (ECCL) Level 5 Road Benchmarks Version 1.00
 Australia ,Surface and Underground Drainage,Class B1 - 3 Cell,3000mm x 1200mm Class B1 - 3 Cell,1,m,-20.11,6.13,0.44,0.18,TfNSW Engineering Carbon and Cost Library (ECCL) Level 5 Road Benchmarks Version 1.00
 Australia ,Surface and Underground Drainage,Class B1 - 4 Cell,3000mm x 1200mm Class B1 - 4 Cell,1,m,-22.67,8.14,0.57,0.23,TfNSW Engineering Carbon and Cost Library (ECCL) Level 5 Road Benchmarks Version 1.00
 Australia ,Surface and Underground Drainage,Class B1 - 5 Cell,3000mm x 1200mm Class B1 - 5 Cell,1,m,-25.06,10.09,0.71,0.28,TfNSW Engineering Carbon and Cost Library (ECCL) Level 5 Road Benchmarks Version 1.00
 Australia ,Surface and Underground Drainage,Class B1 - 1 Cell,3000mm x 1500mm Class B1 - 1 Cell,1,m,-15.16,2.26,0.17,0.09,TfNSW Engineering Carbon and Cost Library (ECCL) Level 5 Road Benchmarks Version 1.00
 Australia ,Surface and Underground Drainage,Class B1 - 2 Cell,3000mm x 1500mm Class B1 - 2 Cell,1,m,-17.72,4.36,0.32,0.14,TfNSW Engineering Carbon and Cost Library (ECCL) Level 5 Road Benchmarks Version 1.00
 Australia ,Surface and Underground Drainage,Class B1 - 3 Cell,3000mm x 1500mm Class B1 - 3 Cell,1,m,-20.11,6.4,0.46,0.19,TfNSW Engineering Carbon and Cost Library (ECCL) Level 5 Road Benchmarks Version 1.00
 Australia ,Surface and Underground Drainage,Class B1 - 4 Cell,3000mm x 1500mm Class B1 - 4 Cell,1,m,-22.67,8.5,0.6,0.24,TfNSW Engineering Carbon and Cost Library (ECCL) Level 5 Road Benchmarks Version 1.00
 Australia ,Surface and Underground Drainage,Class B1 - 1 Cell,3000mm x 1800mm Class B1 - 1 Cell,1,m,-15.16,2.36,0.18,0.09,TfNSW Engineering Carbon and Cost Library (ECCL) Level 5 Road Benchmarks Version 1.00
 Australia ,Surface and Underground Drainage,Class B1 - 1 Cell,3000mm x 2400mm Class B1 - 1 Cell,1,m,-15.16,2.56,0.21,0.1,TfNSW Engineering Carbon and Cost Library (ECCL) Level 5 Road Benchmarks Version 1.00
 Australia ,Surface and Underground Drainage,Class B1 - 2 Cell,3000mm x 2400mm Class B1 - 2 Cell,1,m,-17.72,4.92,0.37,0.15,TfNSW Engineering Carbon and Cost Library (ECCL) Level 5 Road Benchmarks Version 1.00
 Australia ,Surface and Underground Drainage,Class B1 - 3 Cell,3000mm  x 2400mm Class B1 - 3 Cell,1,m,-20.11,7.23,0.53,0.2,TfNSW Engineering Carbon and Cost Library (ECCL) Level 5 Road Benchmarks Version 1.00
 Australia ,Surface and Underground Drainage,Class B1 - 4 Cell,3000mm x 2400mm Class B1 - 4 Cell,1,m,-22.67,9.59,0.69,0.25,TfNSW Engineering Carbon and Cost Library (ECCL) Level 5 Road Benchmarks Version 1.00
 Australia ,Surface and Underground Drainage,Class B1 - 5 Cell,3000mm x 2400mm Class B1 - 5 Cell,1,m,-25.06,11.9,0.86,0.3,TfNSW Engineering Carbon and Cost Library (ECCL) Level 5 Road Benchmarks Version 1.00
 Australia ,Surface and Underground Drainage,Class B1 - 1 Cell,3000mm x 2700mm Class B1 - 1 Cell,1,m,-15.16,2.65,0.22,0.1,TfNSW Engineering Carbon and Cost Library (ECCL) Level 5 Road Benchmarks Version 1.00
 Australia ,Surface and Underground Drainage,Class B1 - 2 Cell,3000mm x 2700mm Class B1 - 2 Cell,1,m,-17.72,5.11,0.39,0.16,TfNSW Engineering Carbon and Cost Library (ECCL) Level 5 Road Benchmarks Version 1.00
 Australia ,Surface and Underground Drainage,Class B1 - 1 Cell,3000mm x 3000mm Class B1 - 1 Cell,1,m,-15.16,2.75,0.23,0.11,TfNSW Engineering Carbon and Cost Library (ECCL) Level 5 Road Benchmarks Version 1.00
 Australia ,Surface and Underground Drainage,Class B1 - 2 Cell,3000mm x 3000mm Class B1 - 2 Cell,1,m,-17.72,5.29,0.4,0.16,TfNSW Engineering Carbon and Cost Library (ECCL) Level 5 Road Benchmarks Version 1.00
 Australia ,Surface and Underground Drainage,Class B1 - 3 Cell,3000mm x 3000mm Class B1 - 3 Cell,1,m,-20.11,7.78,0.58,0.21,TfNSW Engineering Carbon and Cost Library (ECCL) Level 5 Road Benchmarks Version 1.00
 Australia ,Surface and Underground Drainage,Class B1 - 4 Cell,3000mm x 3000mm Class B1 - 4 Cell,1,m,-22.67,10.32,0.75,0.27,TfNSW Engineering Carbon and Cost Library (ECCL) Level 5 Road Benchmarks Version 1.00
 Australia ,Surface and Underground Drainage,Class B1 - 1 Cell,3100mm x 1800mm Class B1 - 1 Cell,1,m,-15.21,2.41,0.19,0.09,TfNSW Engineering Carbon and Cost Library (ECCL) Level 5 Road Benchmarks Version 1.00
 Australia ,Surface and Underground Drainage,Class B1 - 1 Cell,3300mm x 0600mm Class B1 - 1 Cell,1,m,-15.33,2.11,0.15,0.08,TfNSW Engineering Carbon and Cost Library (ECCL) Level 5 Road Benchmarks Version 1.00
 Australia ,Surface and Underground Drainage,Class B1 - 3 Cell,3300mm x 0600mm Class B1 - 3 Cell,1,m,-20.64,6.02,0.42,0.19,TfNSW Engineering Carbon and Cost Library (ECCL) Level 5 Road Benchmarks Version 1.00
 Australia ,Surface and Underground Drainage,Class B1 - 1 Cell,3300mm x 1200mm Class B1 - 1 Cell,1,m,-15.33,2.31,0.17,0.09,TfNSW Engineering Carbon and Cost Library (ECCL) Level 5 Road Benchmarks Version 1.00
 Australia ,Surface and Underground Drainage,Class B1 - 4 Cell,3300mm x 1200mm Class B1 - 4 Cell,1,m,-23.38,8.73,0.61,0.26,TfNSW Engineering Carbon and Cost Library (ECCL) Level 5 Road Benchmarks Version 1.00
 Australia ,Surface and Underground Drainage,Class B1 - 6 Cell,3300mm x 1200mm Class B1 - 6 Cell,1,m,-28.68,12.99,0.91,0.37,TfNSW Engineering Carbon and Cost Library (ECCL) Level 5 Road Benchmarks Version 1.00
 Australia ,Surface and Underground Drainage,Class B1 - 1 Cell,3300mm x 3000mm Class B1 - 1 Cell,1,m,-15.33,2.9,0.24,0.11,TfNSW Engineering Carbon and Cost Library (ECCL) Level 5 Road Benchmarks Version 1.00
 Australia ,Surface and Underground Drainage,Class B1 - 3 Cell,3300mm x 1500mm Class B1 - 3 Cell,1,m,-20.64,6.84,0.49,0.2,TfNSW Engineering Carbon and Cost Library (ECCL) Level 5 Road Benchmarks Version 1.00
 Australia ,Surface and Underground Drainage,Class B1 - 1 Cell,3300mm x 1800mm Class B1 - 1 Cell,1,m,-15.33,2.51,0.19,0.1,TfNSW Engineering Carbon and Cost Library (ECCL) Level 5 Road Benchmarks Version 1.00
 Australia ,Surface and Underground Drainage,Class B1 - 1 Cell,3300mm x 2400mm Class B1 - 1 Cell,1,m,-15.33,2.7,0.22,0.1,TfNSW Engineering Carbon and Cost Library (ECCL) Level 5 Road Benchmarks Version 1.00
 Australia ,Surface and Underground Drainage,Class B1 - 3 Cell,3300mm x 2400mm Class B1 - 3 Cell,1,m,-20.64,7.67,0.56,0.22,TfNSW Engineering Carbon and Cost Library (ECCL) Level 5 Road Benchmarks Version 1.00
 Australia ,Surface and Underground Drainage,Class B1 - 1 Cell,3300mm x 3300mm Class B1 - 1 Cell,1,m,-15.37,3.01,0.25,0.11,TfNSW Engineering Carbon and Cost Library (ECCL) Level 5 Road Benchmarks Version 1.00
 Australia ,Surface and Underground Drainage,Class B1 - 1 Cell,3348mm x 3004mm Class B1 - 1 Cell,1,m,-15.37,2.91,0.24,0.11,TfNSW Engineering Carbon and Cost Library (ECCL) Level 5 Road Benchmarks Version 1.00
 Australia ,Surface and Underground Drainage,Class B1 - 3 Cell,3353mm x 1500mm Class B1 - 3 Cell,1,m,-20.8,6.94,0.5,0.21,TfNSW Engineering Carbon and Cost Library (ECCL) Level 5 Road Benchmarks Version 1.00
 Australia ,Surface and Underground Drainage,Class B1 - 2 Cell,3540mm x 3520mm Class B1 - 2 Cell,1,m,-18.42,7.64,0.6,0.24,TfNSW Engineering Carbon and Cost Library (ECCL) Level 5 Road Benchmarks Version 1.00
 Australia ,Surface and Underground Drainage,Class B1 - 3 Cell,3600mm x 600mm Class B1 - 3 Cell,1,m,-21.23,6.99,0.49,0.2,TfNSW Engineering Carbon and Cost Library (ECCL) Level 5 Road Benchmarks Version 1.00
 Australia ,Surface and Underground Drainage,Class B1 - 4 Cell,3600mm x 600mm Class B1 - 4 Cell,1,m,-24.19,9.3,0.64,0.26,TfNSW Engineering Carbon and Cost Library (ECCL) Level 5 Road Benchmarks Version 1.00
 Australia ,Surface and Underground Drainage,Class B1 - 1 Cell,3600mm x 900mm Class B1 - 1 Cell,1,m,-15.54,2.55,0.19,0.09,TfNSW Engineering Carbon and Cost Library (ECCL) Level 5 Road Benchmarks Version 1.00
 Australia ,Surface and Underground Drainage,Class B1 - 15 Cell,3600mm x 900mm Class B1 - 15 Cell,1,m,-55.39,35.76,2.47,0.91,TfNSW Engineering Carbon and Cost Library (ECCL) Level 5 Road Benchmarks Version 1.00
 Australia ,Surface and Underground Drainage,Class B1 - 1 Cell,3600mm x 1200mm Class B1 - 1 Cell,1,m,-15.54,2.65,0.2,0.09,TfNSW Engineering Carbon and Cost Library (ECCL) Level 5 Road Benchmarks Version 1.00
 Australia ,Surface and Underground Drainage,Class B1 - 2 Cell,3600mm x 1200mm Class B1 - 2 Cell,1,m,-18.49,5.16,0.37,0.15,TfNSW Engineering Carbon and Cost Library (ECCL) Level 5 Road Benchmarks Version 1.00
 Australia ,Surface and Underground Drainage,Class B1 - 3 Cell,3600mm x 1200mm Class B1 - 3 Cell,1,m,-21.23,7.59,0.54,0.21,TfNSW Engineering Carbon and Cost Library (ECCL) Level 5 Road Benchmarks Version 1.00
 Australia ,Surface and Underground Drainage,Class B1 - 6 Cell,3600mm x 1200mm Class B1 - 6 Cell,1,m,-29.88,15.04,1.05,0.4,TfNSW Engineering Carbon and Cost Library (ECCL) Level 5 Road Benchmarks Version 1.00
 Australia ,Surface and Underground Drainage,Class B1 - 1 Cell,3600mm x 1500mm Class B1 - 1 Cell,1,m,-15.54,2.76,0.21,0.1,TfNSW Engineering Carbon and Cost Library (ECCL) Level 5 Road Benchmarks Version 1.00
 Australia ,Surface and Underground Drainage,Class B1 - 2 Cell,3600mm x 1500mm Class B1 - 2 Cell,1,m,-18.49,5.37,0.39,0.16,TfNSW Engineering Carbon and Cost Library (ECCL) Level 5 Road Benchmarks Version 1.00
 Australia ,Surface and Underground Drainage,Class B1 - 3 Cell,3600mm x 1500mm Class B1 - 3 Cell,1,m,-21.23,7.9,0.56,0.22,TfNSW Engineering Carbon and Cost Library (ECCL) Level 5 Road Benchmarks Version 1.00
 Australia ,Surface and Underground Drainage,Class B1 - 9 Cell,3600mm x 1500mm Class B1 - 9 Cell,1,m,-38.31,23.31,1.63,0.57,TfNSW Engineering Carbon and Cost Library (ECCL) Level 5 Road Benchmarks Version 1.00
 Australia ,Surface and Underground Drainage,Class B1 - 15 Cell,3600mm x 1500mm Class B1 - 15 Cell,1,m,-55.39,38.72,2.7,0.93,TfNSW Engineering Carbon and Cost Library (ECCL) Level 5 Road Benchmarks Version 1.00
 Australia ,Surface and Underground Drainage,Class B1 - 2 Cell,3600mm x 1800mm Class B1 - 2 Cell,1,m,-18.49,5.57,0.41,0.17,TfNSW Engineering Carbon and Cost Library (ECCL) Level 5 Road Benchmarks Version 1.00
 Australia ,Surface and Underground Drainage,Class B1 - 6 Cell,3600mm x 1800mm Class B1 - 6 Cell,1,m,-29.88,16.24,1.15,0.41,TfNSW Engineering Carbon and Cost Library (ECCL) Level 5 Road Benchmarks Version 1.00
 Australia ,Surface and Underground Drainage,Class B1 - 9 Cell,3600mm x 1800mm Class B1 - 9 Cell,1,m,-38.31,24.2,1.7,0.59,TfNSW Engineering Carbon and Cost Library (ECCL) Level 5 Road Benchmarks Version 1.00
 Australia ,Surface and Underground Drainage,Class B1 - 1 Cell,3600mm x 2100mm Class B1 - 1 Cell,1,m,-15.54,2.98,0.23,0.11,TfNSW Engineering Carbon and Cost Library (ECCL) Level 5 Road Benchmarks Version 1.00
 Australia ,Surface and Underground Drainage,Class B1 - 2 Cell,3600mm x 2100mm Class B1 - 2 Cell,1,m,-18.49,5.78,0.43,0.17,TfNSW Engineering Carbon and Cost Library (ECCL) Level 5 Road Benchmarks Version 1.00
 Australia ,Surface and Underground Drainage,Class B1 - 1 Cell,3600mm x 2400mm Class B1 - 1 Cell,1,m,-15.54,3.09,0.24,0.11,TfNSW Engineering Carbon and Cost Library (ECCL) Level 5 Road Benchmarks Version 1.00
 Australia ,Surface and Underground Drainage,Class B1 - 7 Cell,3600mm x 2400mm Class B1 - 7 Cell,1,m,-32.62,20.26,1.44,0.48,TfNSW Engineering Carbon and Cost Library (ECCL) Level 5 Road Benchmarks Version 1.00
 Australia ,Surface and Underground Drainage,Class B1 - 1 Cell,3600mm x 2700mm Class B1 - 1 Cell,1,m,-15.54,3.2,0.25,0.11,TfNSW Engineering Carbon and Cost Library (ECCL) Level 5 Road Benchmarks Version 1.00
 Australia ,Surface and Underground Drainage,Class B1 - 4 Cell,3600mm x 2700mm Class B1 - 4 Cell,1,m,-24.19,12.11,0.88,0.3,TfNSW Engineering Carbon and Cost Library (ECCL) Level 5 Road Benchmarks Version 1.00
 Australia ,Surface and Underground Drainage,Class B1 - 1 Cell,3600mm x 3000mm Class B1 - 1 Cell,1,m,-15.54,3.31,0.27,0.12,TfNSW Engineering Carbon and Cost Library (ECCL) Level 5 Road Benchmarks Version 1.00
 Australia ,Surface and Underground Drainage,Class B1 - 1 Cell,3600mm x 3600mm Class B1 - 1 Cell,1,m,-15.54,3.52,0.29,0.12,TfNSW Engineering Carbon and Cost Library (ECCL) Level 5 Road Benchmarks Version 1.00
 Australia ,Surface and Underground Drainage,Class B1 - 1 Cell,4000mm  x 1500mm Class B1 - 1 Cell,1,m,-15.78,2.97,0.22,0.1,TfNSW Engineering Carbon and Cost Library (ECCL) Level 5 Road Benchmarks Version 1.00
 Australia ,Surface and Underground Drainage,Class B1 - 1 Cell,4000mm x 4000mm Class B1 - 1 Cell,1,m,-15.78,3.88,0.32,0.13,TfNSW Engineering Carbon and Cost Library (ECCL) Level 5 Road Benchmarks Version 1.00
 Australia ,Surface and Underground Drainage,Class B1 - 4 Cell,4200mm x 0900mm Class B1 - 4 Cell,1,m,-25.59,10.95,0.76,0.31,TfNSW Engineering Carbon and Cost Library (ECCL) Level 5 Road Benchmarks Version 1.00
 Australia ,Surface and Underground Drainage,Class B1 - 1 Cell,4200mm x 2700mm Class B1 - 1 Cell,1,m,-15.89,3.51,0.28,0.12,TfNSW Engineering Carbon and Cost Library (ECCL) Level 5 Road Benchmarks Version 1.00
 Australia ,Surface and Underground Drainage,Class B1 - 7 Cell,4200mm x 2750mm Class B1 - 7 Cell,1,m,-35.08,23.26,1.65,0.54,TfNSW Engineering Carbon and Cost Library (ECCL) Level 5 Road Benchmarks Version 1.00
 Australia ,Surface and Underground Drainage,Class B1 - 2 Cell,4200mm x 3600mm Class B1 - 2 Cell,1,m,-19.2,7.44,0.56,0.2,TfNSW Engineering Carbon and Cost Library (ECCL) Level 5 Road Benchmarks Version 1.00
 Australia ,Surface and Underground Drainage,Class B1 - 7 Cell,4200mm x 3650mm Class B1 - 7 Cell,1,m,-35.08,25.35,1.81,0.55,TfNSW Engineering Carbon and Cost Library (ECCL) Level 5 Road Benchmarks Version 1.00
 Australia ,Surface and Underground Drainage,Class B1 - 1 Cell,4600mm x 4600mm Class B1 - 1 Cell,1,m,-16.13,4.41,0.36,0.15,TfNSW Engineering Carbon and Cost Library (ECCL) Level 5 Road Benchmarks Version 1.00
 Australia ,Surface and Underground Drainage,Class B1 - 1 Cell,4800mm  x 3000mm Class B1 - 1 Cell,1,m,-16.25,3.93,0.31,0.13,TfNSW Engineering Carbon and Cost Library (ECCL) Level 5 Road Benchmarks Version 1.00
 Australia ,Surface and Underground Drainage,Pit,SA1 Pit,1,each,-124.58,0.74,0.04,0.08,TfNSW Engineering Carbon and Cost Library (ECCL) Level 5 Road Benchmarks Version 1.00
 Australia ,Surface and Underground Drainage,Pit,SA2 Pit,1,each,-137.05,0.82,0.04,0.09,TfNSW Engineering Carbon and Cost Library (ECCL) Level 5 Road Benchmarks Version 1.00
 Australia ,Surface and Underground Drainage,Pit,SA3 Pit,1,each,-147.8,0.89,0.05,0.09,TfNSW Engineering Carbon and Cost Library (ECCL) Level 5 Road Benchmarks Version 1.00
 Australia ,Surface and Underground Drainage,Pit,SAS Pit,1,each,-147.8,0.89,0.05,0.09,TfNSW Engineering Carbon and Cost Library (ECCL) Level 5 Road Benchmarks Version 1.00
 Australia ,Surface and Underground Drainage,Pit,SE Pit,1,each,-121.9,1.05,0.04,0.09,TfNSW Engineering Carbon and Cost Library (ECCL) Level 5 Road Benchmarks Version 1.00
 Australia ,Surface and Underground Drainage,Pit,SF1 Pit,1,each,-121.9,1.05,0.04,0.09,TfNSW Engineering Carbon and Cost Library (ECCL) Level 5 Road Benchmarks Version 1.00
 Australia ,Surface and Underground Drainage,Pit,SF2 Pit,1,each,-126.83,1.28,0.05,0.12,TfNSW Engineering Carbon and Cost Library (ECCL) Level 5 Road Benchmarks Version 1.00
 Australia ,Surface and Underground Drainage,Pit,SL1 Pit,1,each,-124.58,0.74,0.04,0.08,TfNSW Engineering Carbon and Cost Library (ECCL) Level 5 Road Benchmarks Version 1.00
 Australia ,Surface and Underground Drainage,Pit,SL2 Pit,1,each,-137.05,0.82,0.04,0.09,TfNSW Engineering Carbon and Cost Library (ECCL) Level 5 Road Benchmarks Version 1.00
 Australia ,Surface and Underground Drainage,Pit,SL3 Pit,1,each,-147.8,0.89,0.05,0.09,TfNSW Engineering Carbon and Cost Library (ECCL) Level 5 Road Benchmarks Version 1.00
 Australia ,Surface and Underground Drainage,Pit,SO1 Pit,1,each,-120.25,0.85,0.03,0.06,TfNSW Engineering Carbon and Cost Library (ECCL) Level 5 Road Benchmarks Version 1.00
 Australia ,Surface and Underground Drainage,Pit,SO2 Pit,1,each,-157.09,1.39,0.04,0.1,TfNSW Engineering Carbon and Cost Library (ECCL) Level 5 Road Benchmarks Version 1.00
 Australia ,Surface and Underground Drainage,Pit,FBTO Pit,1,each,-52.59,0.13,0.04,0.08,TfNSW Engineering Carbon and Cost Library (ECCL) Level 5 Road Benchmarks Version 1.00
 Australia ,Surface and Underground Drainage,Pit,FDG Pit,1,each,-71.45,0.8,0.03,0.1,TfNSW Engineering Carbon and Cost Library (ECCL) Level 5 Road Benchmarks Version 1.00
 Australia ,Surface and Underground Drainage,Pit,Gully Pit,1,each,-147.8,0.89,0.05,0.09,TfNSW Engineering Carbon and Cost Library (ECCL) Level 5 Road Benchmarks Version 1.00
 Australia ,Surface and Underground Drainage,Pit,MGDG Pit,1,each,-136.2,0.97,0.04,0.09,TfNSW Engineering Carbon and Cost Library (ECCL) Level 5 Road Benchmarks Version 1.00
 Australia ,Surface and Underground Drainage,Pit,MGSG Pit,1,each,-91.67,0.61,0.02,0.06,TfNSW Engineering Carbon and Cost Library (ECCL) Level 5 Road Benchmarks Version 1.00
 Australia ,Surface and Underground Drainage,Pit,MGTG Pit,1,each,-170.79,1.28,0.05,0.12,TfNSW Engineering Carbon and Cost Library (ECCL) Level 5 Road Benchmarks Version 1.00
 Australia ,Surface and Underground Drainage,Pit,SATO Pit,1,each,-52.59,0.13,0.04,0.08,TfNSW Engineering Carbon and Cost Library (ECCL) Level 5 Road Benchmarks Version 1.00
 Australia ,Surface and Underground Drainage,Pit,SOTO1 BC Pit,1,each,-52.59,0.13,0.04,0.08,TfNSW Engineering Carbon and Cost Library (ECCL) Level 5 Road Benchmarks Version 1.00
 Australia ,Surface and Underground Drainage,Pit,SOTO2 CTF Pit,1,each,-52.59,0.13,0.04,0.08,TfNSW Engineering Carbon and Cost Library (ECCL) Level 5 Road Benchmarks Version 1.00
 Australia ,Surface and Underground Drainage,Pit,SOTO Verge Pit,1,each,-52.59,0.13,0.04,0.08,TfNSW Engineering Carbon and Cost Library (ECCL) Level 5 Road Benchmarks Version 1.00
 Australia ,Surface and Underground Drainage,Pit,TD1 Pit,1,each,-91.67,0.67,0.03,0.06,TfNSW Engineering Carbon and Cost Library (ECCL) Level 5 Road Benchmarks Version 1.00
 Australia ,Surface and Underground Drainage,Pit,Inspection Pit,1,each,-139.02,1.28,0.02,0.46,TfNSW Engineering Carbon and Cost Library (ECCL) Level 5 Road Benchmarks Version 1.00
 Australia ,Surface and Underground Drainage,Drainage box,Junction Box,1,each,-114.99,0.74,0.04,0.12,TfNSW Engineering Carbon and Cost Library (ECCL) Level 5 Road Benchmarks Version 1.00
 Australia ,Surface and Underground Drainage,Drainage box,Inlet Sump,1,each,-100.13,0.52,0.02,0.13,TfNSW Engineering Carbon and Cost Library (ECCL) Level 5 Road Benchmarks Version 1.00
 Australia ,Surface and Underground Drainage,Drainage box,Blind,1,each,-124.58,2.29,0.16,0.25,TfNSW Engineering Carbon and Cost Library (ECCL) Level 5 Road Benchmarks Version 1.00
 Australia ,Surface and Underground Drainage,Drainage box,Raised Inlet (letterbox),1,each,-127.29,0.75,0.03,0.14,TfNSW Engineering Carbon and Cost Library (ECCL) Level 5 Road Benchmarks Version 1.00
 Australia ,Surface and Underground Drainage,Pit,Junction Pit,1,each,-114.99,0.7,0.04,0.11,TfNSW Engineering Carbon and Cost Library (ECCL) Level 5 Road Benchmarks Version 1.00
 Australia ,Surface and Underground Drainage,Pit,Dummy Pit,1,each,-114.99,0.7,0.04,0.11,TfNSW Engineering Carbon and Cost Library (ECCL) Level 5 Road Benchmarks Version 1.00
 Australia ,Surface and Underground Drainage,Pit,SB Pit,1,each,-125.14,1.17,0.04,0.07,TfNSW Engineering Carbon and Cost Library (ECCL) Level 5 Road Benchmarks Version 1.00
 Australia ,Surface and Underground Drainage,Pit,SM1 Pit,1,each,-121.9,1.05,0.04,0.09,TfNSW Engineering Carbon and Cost Library (ECCL) Level 5 Road Benchmarks Version 1.00
 Australia ,Surface and Underground Drainage,Pit,SM2 Pit,1,each,-121.9,1.05,0.04,0.09,TfNSW Engineering Carbon and Cost Library (ECCL) Level 5 Road Benchmarks Version 1.00
 Australia ,Surface and Underground Drainage,Pit,SM3 Pit,1,each,-121.9,1.05,0.04,0.09,TfNSW Engineering Carbon and Cost Library (ECCL) Level 5 Road Benchmarks Version 1.00
 Australia ,Surface and Underground Drainage,Grate,Type F Single Grate,1,each,-72.02,0.62,0.02,0.12,TfNSW Engineering Carbon and Cost Library (ECCL) Level 5 Road Benchmarks Version 1.00
 Australia ,Surface and Underground Drainage,Grate,Type F Double Grate,1,each,-72.02,0.8,0.03,0.1,TfNSW Engineering Carbon and Cost Library (ECCL) Level 5 Road Benchmarks Version 1.00
 Australia ,Surface and Underground Drainage,Pit,SA1 Bowe Pit,1,each,-124.58,0.74,0.04,0.08,TfNSW Engineering Carbon and Cost Library (ECCL) Level 5 Road Benchmarks Version 1.00
 Australia ,Surface and Underground Drainage,Pit,SA2 Bowe Pit,1,each,-137.05,0.82,0.04,0.09,TfNSW Engineering Carbon and Cost Library (ECCL) Level 5 Road Benchmarks Version 1.00
 Australia ,Surface and Underground Drainage,Pit,SA3 Bowe Pit,1,each,-147.8,0.89,0.05,0.09,TfNSW Engineering Carbon and Cost Library (ECCL) Level 5 Road Benchmarks Version 1.00
 Australia ,Surface and Underground Drainage,Pit,SAS Bowe Pit,1,each,-147.8,0.89,0.05,0.09,TfNSW Engineering Carbon and Cost Library (ECCL) Level 5 Road Benchmarks Version 1.00
 Australia ,Surface and Underground Drainage,Pit,FDG Bowe Pit,1,each,-71.45,0.8,0.03,0.1,TfNSW Engineering Carbon and Cost Library (ECCL) Level 5 Road Benchmarks Version 1.00
 Australia ,Surface and Underground Drainage,Pit,FSG Bowe Pit,1,each,-71.45,0.62,0.02,0.12,TfNSW Engineering Carbon and Cost Library (ECCL) Level 5 Road Benchmarks Version 1.00
 Australia ,Surface and Underground Drainage,Headwalls to Suit 1 Cell,HW to Suit 1 cell x 100mm,1,each,-9.59,0.02,0,0.01,TfNSW Engineering Carbon and Cost Library (ECCL) Level 5 Road Benchmarks Version 1.00
 Australia ,Surface and Underground Drainage,Headwalls to Suit 1 Cell,HW to Suit 1 cell x 150mm,1,each,-9.84,0.03,0,0.01,TfNSW Engineering Carbon and Cost Library (ECCL) Level 5 Road Benchmarks Version 1.00
 Australia ,Surface and Underground Drainage,Headwalls to Suit 1 Cell,HW to Suit 1 cell x 200mm,1,each,-10.13,0.04,0,0.01,TfNSW Engineering Carbon and Cost Library (ECCL) Level 5 Road Benchmarks Version 1.00
 Australia ,Surface and Underground Drainage,Headwalls to Suit 1 Cell,HW to Suit 1 cell x 225mm,1,each,-10.92,0.04,0,0.01,TfNSW Engineering Carbon and Cost Library (ECCL) Level 5 Road Benchmarks Version 1.00
 Australia ,Surface and Underground Drainage,Headwalls to Suit 1 Cell,HW to Suit 1 cell x 250mm,1,each,-11.87,0.05,0,0.01,TfNSW Engineering Carbon and Cost Library (ECCL) Level 5 Road Benchmarks Version 1.00
 Australia ,Surface and Underground Drainage,Headwalls to Suit 1 Cell,HW to Suit 1 cell x 300mm,1,each,-18.37,0.07,0,0.02,TfNSW Engineering Carbon and Cost Library (ECCL) Level 5 Road Benchmarks Version 1.00
 Australia ,Surface and Underground Drainage,Headwalls to Suit 1 Cell,HW to Suit 1 cell x 375mm,1,each,-28.99,0.21,0.01,0.04,TfNSW Engineering Carbon and Cost Library (ECCL) Level 5 Road Benchmarks Version 1.00
 Australia ,Surface and Underground Drainage,Headwalls to Suit 1 Cell,HW to Suit 1 cell x 450mm,1,each,-39.87,0.23,0.01,0.05,TfNSW Engineering Carbon and Cost Library (ECCL) Level 5 Road Benchmarks Version 1.00
 Australia ,Surface and Underground Drainage,Headwalls to Suit 1 Cell,HW to Suit 1 cell x 525mm,1,each,-48.36,0.33,0.01,0.07,TfNSW Engineering Carbon and Cost Library (ECCL) Level 5 Road Benchmarks Version 1.00
 Australia ,Surface and Underground Drainage,Headwalls to Suit 1 Cell,HW to Suit 1 cell x 600mm,1,each,-62.18,0.38,0.01,0.09,TfNSW Engineering Carbon and Cost Library (ECCL) Level 5 Road Benchmarks Version 1.00
 Australia ,Surface and Underground Drainage,Headwalls to Suit 1 Cell,HW to Suit 1 cell x 675mm,1,each,-73.61,0.46,0.01,0.1,TfNSW Engineering Carbon and Cost Library (ECCL) Level 5 Road Benchmarks Version 1.00
 Australia ,Surface and Underground Drainage,Headwalls to Suit 1 Cell,HW to Suit 1 cell x 750mm,1,each,-85.03,0.54,0.01,0.12,TfNSW Engineering Carbon and Cost Library (ECCL) Level 5 Road Benchmarks Version 1.00
 Australia ,Surface and Underground Drainage,Headwalls to Suit 1 Cell,HW to Suit 1 cell x 825mm,1,each,-98.85,0.64,0.02,0.14,TfNSW Engineering Carbon and Cost Library (ECCL) Level 5 Road Benchmarks Version 1.00
 Australia ,Surface and Underground Drainage,Headwalls to Suit 1 Cell,HW to Suit 1 cell x 900mm,1,each,-113.21,0.7,0.02,0.16,TfNSW Engineering Carbon and Cost Library (ECCL) Level 5 Road Benchmarks Version 1.00
 Australia ,Surface and Underground Drainage,Headwalls to Suit 1 Cell,HW to Suit 1 cell x 1050mm,1,each,-124.5,1.51,0.04,0.22,TfNSW Engineering Carbon and Cost Library (ECCL) Level 5 Road Benchmarks Version 1.00
 Australia ,Surface and Underground Drainage,Headwalls to Suit 1 Cell,HW to Suit 1 cell x 1200mm,1,each,-155.41,1.81,0.05,0.27,TfNSW Engineering Carbon and Cost Library (ECCL) Level 5 Road Benchmarks Version 1.00
 Australia ,Surface and Underground Drainage,Headwalls to Suit 1 Cell,HW to Suit 1 cell x 1350mm,1,each,-182.7,2.12,0.06,0.31,TfNSW Engineering Carbon and Cost Library (ECCL) Level 5 Road Benchmarks Version 1.00
 Australia ,Surface and Underground Drainage,Headwalls to Suit 1 Cell,HW to Suit 1 cell x 1500mm,1,each,-220.45,2.85,0.08,0.41,TfNSW Engineering Carbon and Cost Library (ECCL) Level 5 Road Benchmarks Version 1.00
 Australia ,Surface and Underground Drainage,Headwalls to Suit 1 Cell,HW to Suit 1 cell x 1650mm,1,each,-257.86,3.24,0.09,0.47,TfNSW Engineering Carbon and Cost Library (ECCL) Level 5 Road Benchmarks Version 1.00
 Australia ,Surface and Underground Drainage,Headwalls to Suit 1 Cell,HW to Suit 1 cell x 1800mm,1,each,-297.22,3.68,0.1,0.53,TfNSW Engineering Carbon and Cost Library (ECCL) Level 5 Road Benchmarks Version 1.00
 Australia ,Surface and Underground Drainage,Headwalls to Suit 2 Cell,HW to Suit 2 cells x 225mm,1,each,-20.17,0.08,0,0.02,TfNSW Engineering Carbon and Cost Library (ECCL) Level 5 Road Benchmarks Version 1.00
 Australia ,Surface and Underground Drainage,Headwalls to Suit 2 Cell,HW to Suit 2 cells x 250mm,1,each,-21.15,0.09,0,0.02,TfNSW Engineering Carbon and Cost Library (ECCL) Level 5 Road Benchmarks Version 1.00
 Australia ,Surface and Underground Drainage,Headwalls to Suit 2 Cell,HW to Suit 2 cells x 300mm,1,each,-23.39,0.1,0,0.02,TfNSW Engineering Carbon and Cost Library (ECCL) Level 5 Road Benchmarks Version 1.00
 Australia ,Surface and Underground Drainage,Headwalls to Suit 2 Cell,HW to Suit 2 cells x 375mm,1,each,-40.31,0.27,0.01,0.05,TfNSW Engineering Carbon and Cost Library (ECCL) Level 5 Road Benchmarks Version 1.00
 Australia ,Surface and Underground Drainage,Headwalls to Suit 2 Cell,HW to Suit 2 cells x 450mm,1,each,-53.59,0.37,0.01,0.08,TfNSW Engineering Carbon and Cost Library (ECCL) Level 5 Road Benchmarks Version 1.00
 Australia ,Surface and Underground Drainage,Headwalls to Suit 2 Cell,HW to Suit 2 cells x 525mm,1,each,-65.01,0.45,0.01,0.09,TfNSW Engineering Carbon and Cost Library (ECCL) Level 5 Road Benchmarks Version 1.00
 Australia ,Surface and Underground Drainage,Headwalls to Suit 2 Cell,HW to Suit 2 cells x 600mm,1,each,-81.22,0.5,0.01,0.11,TfNSW Engineering Carbon and Cost Library (ECCL) Level 5 Road Benchmarks Version 1.00
 Australia ,Surface and Underground Drainage,Headwalls to Suit 2 Cell,HW to Suit 2 cells x 675mm,1,each,-96.02,0.61,0.02,0.14,TfNSW Engineering Carbon and Cost Library (ECCL) Level 5 Road Benchmarks Version 1.00
 Australia ,Surface and Underground Drainage,Headwalls to Suit 2 Cell,HW to Suit 2 cells x 750mm,1,each,-110.81,0.69,0.02,0.16,TfNSW Engineering Carbon and Cost Library (ECCL) Level 5 Road Benchmarks Version 1.00
 Australia ,Surface and Underground Drainage,Headwalls to Suit 2 Cell,HW to Suit 2 cells x 825mm,1,each,-128.54,0.83,0.02,0.19,TfNSW Engineering Carbon and Cost Library (ECCL) Level 5 Road Benchmarks Version 1.00
 Australia ,Surface and Underground Drainage,Headwalls to Suit 2 Cell,HW to Suit 2 cells x 900mm,1,each,-146.71,0.94,0.02,0.22,TfNSW Engineering Carbon and Cost Library (ECCL) Level 5 Road Benchmarks Version 1.00
 Australia ,Surface and Underground Drainage,Headwalls to Suit 2 Cell,HW to Suit 2 cells x 1050mm,1,each,-155.88,2.11,0.06,0.29,TfNSW Engineering Carbon and Cost Library (ECCL) Level 5 Road Benchmarks Version 1.00
 Australia ,Surface and Underground Drainage,Headwalls to Suit 2 Cell,HW to Suit 2 cells x 1200 mm,1,each,-192.01,2.4,0.06,0.34,TfNSW Engineering Carbon and Cost Library (ECCL) Level 5 Road Benchmarks Version 1.00
 Australia ,Surface and Underground Drainage,Headwalls to Suit 2 Cell,HW to Suit 2 cells x 1350mm,1,each,-223.55,2.86,0.08,0.4,TfNSW Engineering Carbon and Cost Library (ECCL) Level 5 Road Benchmarks Version 1.00
 Australia ,Surface and Underground Drainage,Headwalls to Suit 2 Cell,HW to Suit 2 cells x 1500mm,1,each,-268.48,3.81,0.11,0.52,TfNSW Engineering Carbon and Cost Library (ECCL) Level 5 Road Benchmarks Version 1.00
 Australia ,Surface and Underground Drainage,Headwalls to Suit 2 Cell,HW to Suit 2 cells x 1650mm,1,each,-312.09,4.31,0.12,0.59,TfNSW Engineering Carbon and Cost Library (ECCL) Level 5 Road Benchmarks Version 1.00
 Australia ,Surface and Underground Drainage,Headwalls to Suit 2 Cell,HW to Suit 2 cells x 1800mm,1,each,-359.6,4.8,0.13,0.67,TfNSW Engineering Carbon and Cost Library (ECCL) Level 5 Road Benchmarks Version 1.00
 Australia ,Surface and Underground Drainage,Headwalls to Suit 3 Cell,HW to Suit 3 cells x 225mm,1,each,-25.04,0.1,0,0.02,TfNSW Engineering Carbon and Cost Library (ECCL) Level 5 Road Benchmarks Version 1.00
 Australia ,Surface and Underground Drainage,Headwalls to Suit 3 Cell,HW to Suit 3 cells x 250mm,1,each,-26.12,0.11,0,0.02,TfNSW Engineering Carbon and Cost Library (ECCL) Level 5 Road Benchmarks Version 1.00
 Australia ,Surface and Underground Drainage,Headwalls to Suit 3 Cell,HW to Suit 3 cells x 300mm,1,each,-32.7,0.14,0,0.03,TfNSW Engineering Carbon and Cost Library (ECCL) Level 5 Road Benchmarks Version 1.00
 Australia ,Surface and Underground Drainage,Headwalls to Suit 3 Cell,HW to Suit 3 cells x 375mm,1,each,-51.2,0.36,0.01,0.08,TfNSW Engineering Carbon and Cost Library (ECCL) Level 5 Road Benchmarks Version 1.00
 Australia ,Surface and Underground Drainage,Headwalls to Suit 3 Cell,HW to Suit 3 cells x 450mm,1,each,-66.87,0.42,0.01,0.09,TfNSW Engineering Carbon and Cost Library (ECCL) Level 5 Road Benchmarks Version 1.00
 Australia ,Surface and Underground Drainage,Headwalls to Suit 3 Cell,HW to Suit 3 cells x 525mm,1,each,-81.12,0.52,0.01,0.12,TfNSW Engineering Carbon and Cost Library (ECCL) Level 5 Road Benchmarks Version 1.00
 Australia ,Surface and Underground Drainage,Headwalls to Suit 3 Cell,HW to Suit 3 cells x 600mm,1,each,-100.27,0.64,0.02,0.14,TfNSW Engineering Carbon and Cost Library (ECCL) Level 5 Road Benchmarks Version 1.00
 Australia ,Surface and Underground Drainage,Headwalls to Suit 3 Cell,HW to Suit 3 cells x 750mm,1,each,-136.6,0.87,0.02,0.2,TfNSW Engineering Carbon and Cost Library (ECCL) Level 5 Road Benchmarks Version 1.00
 Australia ,Surface and Underground Drainage,Headwalls to Suit 3 Cell,HW to Suit 3 cells x 900mm,1,each,-180.74,1.17,0.03,0.28,TfNSW Engineering Carbon and Cost Library (ECCL) Level 5 Road Benchmarks Version 1.00
 Australia ,Surface and Underground Drainage,Headwalls to Suit 3 Cell,HW to Suit 3 cells x 1200mm,1,each,-261.84,3.22,0.09,0.46,TfNSW Engineering Carbon and Cost Library (ECCL) Level 5 Road Benchmarks Version 1.00
 Australia ,Surface and Underground Drainage,Headwalls to Suit 3 Cell,HW to Suit 3 cells x 1350mm,1,each,-307.4,3.79,0.1,0.53,TfNSW Engineering Carbon and Cost Library (ECCL) Level 5 Road Benchmarks Version 1.00
 Australia ,Surface and Underground Drainage,Headwalls to Suit 3 Cell,HW to Suit 3 cells x 1500mm,1,each,-368.3,5.01,0.14,0.69,TfNSW Engineering Carbon and Cost Library (ECCL) Level 5 Road Benchmarks Version 1.00
 Australia ,Surface and Underground Drainage,Headwalls to Suit 3 Cell,HW to Suit 3 cells x 1800mm,1,each,-496.26,6.31,0.17,0.89,TfNSW Engineering Carbon and Cost Library (ECCL) Level 5 Road Benchmarks Version 1.00
 Australia ,Surface and Underground Drainage,Headwalls to Suit 4 Cell,HW to Suit 4 cells x 600mm,1,each,-119.31,0.75,0.02,0.17,TfNSW Engineering Carbon and Cost Library (ECCL) Level 5 Road Benchmarks Version 1.00
 Australia ,Surface and Underground Drainage,Headwalls to Suit 4 Cell,HW to Suit 4 cells x 750mm,1,each,-162.92,1.06,0.03,0.24,TfNSW Engineering Carbon and Cost Library (ECCL) Level 5 Road Benchmarks Version 1.00
 Australia ,Surface and Underground Drainage,Headwalls to Suit 4 Cell,HW to Suit 4 cells x 1500mm,1,each,-433.92,6.13,0.17,0.82,TfNSW Engineering Carbon and Cost Library (ECCL) Level 5 Road Benchmarks Version 1.00
 Australia ,Surface and Underground Drainage,Headwalls to Suit 5 Cell,HW to Suit 5 cell x 675mm,1,each,-160.86,1.05,0.03,0.24,TfNSW Engineering Carbon and Cost Library (ECCL) Level 5 Road Benchmarks Version 1.00
 Australia ,Surface and Underground Drainage,Headwalls to Suit 5 Cell,HW to Suit 5 cells x 1500mm,1,each,-516.15,6.93,0.19,0.95,TfNSW Engineering Carbon and Cost Library (ECCL) Level 5 Road Benchmarks Version 1.00
 Australia ,Surface and Underground Drainage,Headwalls to Suit 7 Cell,HW to Suit 7 cells x 600mm,1,each,-175.02,1.12,0.03,0.26,TfNSW Engineering Carbon and Cost Library (ECCL) Level 5 Road Benchmarks Version 1.00
 Australia ,Surface and Underground Drainage,Class B1 - 1 Cell,HW to suit 300mm x 225mm Class B1 - 1 Cell,1,each,-17.94,0.24,0.01,0.12,TfNSW Engineering Carbon and Cost Library (ECCL) Level 5 Road Benchmarks Version 1.00
 Australia ,Surface and Underground Drainage,Class B1 - 1 Cell,HW to suit 375mm x 225mm Class B1 - 1 Cell,1,each,-25.45,0.28,0.01,0.13,TfNSW Engineering Carbon and Cost Library (ECCL) Level 5 Road Benchmarks Version 1.00
 Australia ,Surface and Underground Drainage,Class B1 - 1 Cell,HW to suit 375mm x 300mm Class B1 - 1 Cell,1,each,-26.13,0.28,0.01,0.13,TfNSW Engineering Carbon and Cost Library (ECCL) Level 5 Road Benchmarks Version 1.00
 Australia ,Surface and Underground Drainage,Class B1 - 1 Cell,HW to suit 450mm x 150mm Class B1 - 1 Cell,1,each,-28.6,0.31,0.01,0.14,TfNSW Engineering Carbon and Cost Library (ECCL) Level 5 Road Benchmarks Version 1.00
 Australia ,Surface and Underground Drainage,Class B1 - 1 Cell,HW to suit 450mm x 160mm Class B1 - 1 Cell,1,each,-28.77,0.31,0.01,0.14,TfNSW Engineering Carbon and Cost Library (ECCL) Level 5 Road Benchmarks Version 1.00
 Australia ,Surface and Underground Drainage,Class B1 - 1 Cell,HW to suit 450mm x 300mm Class B1 - 1 Cell,1,each,-72.84,0.74,0.02,0.19,TfNSW Engineering Carbon and Cost Library (ECCL) Level 5 Road Benchmarks Version 1.00
 Australia ,Surface and Underground Drainage,Class B1 - 1 Cell,HW to suit 450mm x 325mm Class B1 - 1 Cell,1,each,-85.24,0.8,0.03,0.21,TfNSW Engineering Carbon and Cost Library (ECCL) Level 5 Road Benchmarks Version 1.00
 Australia ,Surface and Underground Drainage,Class B1 - 1 Cell,HW to suit 450mm x 450mm Class B1 - 1 Cell,1,each,-102.46,0.97,0.03,0.23,TfNSW Engineering Carbon and Cost Library (ECCL) Level 5 Road Benchmarks Version 1.00
 Australia ,Surface and Underground Drainage,Class B1 - 1 Cell,HW to suit 600mm x 225mm Class B1 - 1 Cell,1,each,-67.58,0.69,0.02,0.19,TfNSW Engineering Carbon and Cost Library (ECCL) Level 5 Road Benchmarks Version 1.00
 Australia ,Surface and Underground Drainage,Class B1 - 1 Cell,HW to suit 600mm x 300mm Class B1 - 1 Cell,1,each,-83.05,0.8,0.03,0.21,TfNSW Engineering Carbon and Cost Library (ECCL) Level 5 Road Benchmarks Version 1.00
 Australia ,Surface and Underground Drainage,Class B1 - 1 Cell,HW to suit 600mm x 380mm Class B1 - 1 Cell,1,each,-89.18,0.9,0.03,0.22,TfNSW Engineering Carbon and Cost Library (ECCL) Level 5 Road Benchmarks Version 1.00
 Australia ,Surface and Underground Drainage,Class B1 - 1 Cell,HW to suit 600mm x 450mm Class B1 - 1 Cell,1,each,-103.34,0.97,0.03,0.23,TfNSW Engineering Carbon and Cost Library (ECCL) Level 5 Road Benchmarks Version 1.00
 Australia ,Surface and Underground Drainage,Class B1 - 1 Cell,HW to suit 600mm x 600mm Class B1 - 1 Cell,1,each,-124.94,1.19,0.04,0.26,TfNSW Engineering Carbon and Cost Library (ECCL) Level 5 Road Benchmarks Version 1.00
 Australia ,Surface and Underground Drainage,Class B1 - 1 Cell,HW to suit 750mm x 375mm Class B1 - 1 Cell,1,each,-89.62,0.9,0.03,0.22,TfNSW Engineering Carbon and Cost Library (ECCL) Level 5 Road Benchmarks Version 1.00
 Australia ,Surface and Underground Drainage,Class B1 - 1 Cell,HW to suit 750mm x 450mm Class B1 - 1 Cell,1,each,-103.78,1.02,0.03,0.23,TfNSW Engineering Carbon and Cost Library (ECCL) Level 5 Road Benchmarks Version 1.00
 Australia ,Surface and Underground Drainage,Class B1 - 1 Cell,HW to suit 750mm x 600mm Class B1 - 1 Cell,1,each,-135.16,1.25,0.04,0.27,TfNSW Engineering Carbon and Cost Library (ECCL) Level 5 Road Benchmarks Version 1.00
 Australia ,Surface and Underground Drainage,Class B1 - 2 Cell,HW to suit 750mm x 600mm Class B1 - 2 Cell,1,each,-149.75,1.51,0.05,0.3,TfNSW Engineering Carbon and Cost Library (ECCL) Level 5 Road Benchmarks Version 1.00
 Australia ,Surface and Underground Drainage,Class B1 - 1 Cell,HW to suit 900mm x 300mm Class B1 - 1 Cell,1,each,-84.36,0.85,0.03,0.21,TfNSW Engineering Carbon and Cost Library (ECCL) Level 5 Road Benchmarks Version 1.00
 Australia ,Surface and Underground Drainage,Class B1 - 2 Cell,HW to suit 900mm x 300mm Class B1 - 2 Cell,1,each,-99.39,1.11,0.04,0.24,TfNSW Engineering Carbon and Cost Library (ECCL) Level 5 Road Benchmarks Version 1.00
 Australia ,Surface and Underground Drainage,Class B1 - 1 Cell,HW to suit 900mm x 375mm Class B1 - 1 Cell,1,each,-100.27,0.97,0.03,0.23,TfNSW Engineering Carbon and Cost Library (ECCL) Level 5 Road Benchmarks Version 1.00
 Australia ,Surface and Underground Drainage,Class B1 - 1 Cell,HW to suit 900mm x 450mm Class B1 - 1 Cell,1,each,-104.65,1.07,0.04,0.24,TfNSW Engineering Carbon and Cost Library (ECCL) Level 5 Road Benchmarks Version 1.00
 Australia ,Surface and Underground Drainage,Class B1 - 2 Cell,HW to suit 900mm x 450mm Class B1 - 2 Cell,1,each,-129.46,1.34,0.05,0.28,TfNSW Engineering Carbon and Cost Library (ECCL) Level 5 Road Benchmarks Version 1.00
 Australia ,Surface and Underground Drainage,Class B1 - 1 Cell,HW to suit 900mm x 600mm Class B1 - 1 Cell,1,each,-136.03,1.3,0.04,0.28,TfNSW Engineering Carbon and Cost Library (ECCL) Level 5 Road Benchmarks Version 1.00
 Australia ,Surface and Underground Drainage,Class B1 - 2 Cell,HW to suit 900mm x 600mm Class B1 - 2 Cell,1,each,-151.06,1.6,0.06,0.31,TfNSW Engineering Carbon and Cost Library (ECCL) Level 5 Road Benchmarks Version 1.00
 Australia ,Surface and Underground Drainage,Class B1 - 5 Cell,HW to suit 900mm x 600mm Class B1 - 5 Cell,1,each,-215.7,2.5,0.09,0.43,TfNSW Engineering Carbon and Cost Library (ECCL) Level 5 Road Benchmarks Version 1.00
 Australia ,Surface and Underground Drainage,Class B1 - 2 Cell,HW to suit 1050mm x 225mm Class B1 - 2 Cell,1,each,-95.01,1.06,0.04,0.23,TfNSW Engineering Carbon and Cost Library (ECCL) Level 5 Road Benchmarks Version 1.00
 Australia ,Surface and Underground Drainage,Class B1 - 1 Cell,HW to suit 1050mm x 300mm Class B1 - 1 Cell,1,each,-85.24,0.9,0.03,0.21,TfNSW Engineering Carbon and Cost Library (ECCL) Level 5 Road Benchmarks Version 1.00
 Australia ,Surface and Underground Drainage,Class B1 - 1 Cell,HW to suit 1200mm x 225mm Class B1 - 1 Cell,1,each,-79.98,0.8,0.03,0.2,TfNSW Engineering Carbon and Cost Library (ECCL) Level 5 Road Benchmarks Version 1.00
 Australia ,Surface and Underground Drainage,Class B1 - 1 Cell,HW to suit 1200mm x 300mm Class B1 - 1 Cell,1,each,-85.68,0.9,0.03,0.21,TfNSW Engineering Carbon and Cost Library (ECCL) Level 5 Road Benchmarks Version 1.00
 Australia ,Surface and Underground Drainage,Class B1 - 2 Cell,HW to suit 1200mm x 300mm Class B1 - 2 Cell,1,each,-111.8,1.22,0.04,0.26,TfNSW Engineering Carbon and Cost Library (ECCL) Level 5 Road Benchmarks Version 1.00
 Australia ,Surface and Underground Drainage,Class B1 - 1 Cell,HW to suit 1200mm x 450mm Class B1 - 1 Cell,1,each,-105.97,1.11,0.04,0.24,TfNSW Engineering Carbon and Cost Library (ECCL) Level 5 Road Benchmarks Version 1.00
 Australia ,Surface and Underground Drainage,Class B1 - 2 Cell,HW to suit 1200mm x 450mm Class B1 - 2 Cell,1,each,-132.09,1.44,0.05,0.29,TfNSW Engineering Carbon and Cost Library (ECCL) Level 5 Road Benchmarks Version 1.00
 Australia ,Surface and Underground Drainage,Class B1 - 3 Cell,HW to suit 1200mm x 450mm Class B1 - 3 Cell,1,each,-158.21,1.81,0.06,0.34,TfNSW Engineering Carbon and Cost Library (ECCL) Level 5 Road Benchmarks Version 1.00
 Australia ,Surface and Underground Drainage,Class B1 - 4 Cell,HW to suit 1200mm x 450mm Class B1 - 4 Cell,1,each,-184.33,2.13,0.07,0.38,TfNSW Engineering Carbon and Cost Library (ECCL) Level 5 Road Benchmarks Version 1.00
 Australia ,Surface and Underground Drainage,Class B1 - 6 Cell,HW to suit 1200mm x 450mm Class B1 - 6 Cell,1,each,-226.79,2.8,0.1,0.46,TfNSW Engineering Carbon and Cost Library (ECCL) Level 5 Road Benchmarks Version 1.00
 Australia ,Surface and Underground Drainage,Class B1 - 1 Cell,HW to suit 1200mm x 600mm Class B1 - 1 Cell,1,each,-137.35,1.35,0.05,0.28,TfNSW Engineering Carbon and Cost Library (ECCL) Level 5 Road Benchmarks Version 1.00
 Australia ,Surface and Underground Drainage,Class B1 - 2 Cell,HW to suit 1200mm x 600mm Class B1 - 2 Cell,1,each,-163.47,1.72,0.06,0.33,TfNSW Engineering Carbon and Cost Library (ECCL) Level 5 Road Benchmarks Version 1.00
 Australia ,Surface and Underground Drainage,Class B1 - 3 Cell,HW to suit 1200mm x 600mm Class B1 - 3 Cell,1,each,-189.59,2.13,0.08,0.39,TfNSW Engineering Carbon and Cost Library (ECCL) Level 5 Road Benchmarks Version 1.00
 Australia ,Surface and Underground Drainage,Class B1 - 6 Cell,HW to suit 1200mm x 675mm Class B1 - 6 Cell,1,each,-273.64,3.43,0.12,0.56,TfNSW Engineering Carbon and Cost Library (ECCL) Level 5 Road Benchmarks Version 1.00
 Australia ,Surface and Underground Drainage,Class B1 - 1 Cell,HW to suit 1200mm x 750mm Class B1 - 1 Cell,1,each,-166.97,1.63,0.06,0.32,TfNSW Engineering Carbon and Cost Library (ECCL) Level 5 Road Benchmarks Version 1.00
 Australia ,Surface and Underground Drainage,Class B1 - 1 Cell,HW to suit 1200mm x 900mm Class B1 - 1 Cell,1,each,-198.35,2.14,0.08,0.39,TfNSW Engineering Carbon and Cost Library (ECCL) Level 5 Road Benchmarks Version 1.00
 Australia ,Surface and Underground Drainage,Class B1 - 2 Cell,HW to suit 1200mm x 900mm Class B1 - 2 Cell,1,each,-224.47,2.65,0.09,0.45,TfNSW Engineering Carbon and Cost Library (ECCL) Level 5 Road Benchmarks Version 1.00
 Australia ,Surface and Underground Drainage,Class B1 - 4 Cell,HW to suit 1200mm x 900mm Class B1 - 4 Cell,1,each,-266.94,3.66,0.13,0.57,TfNSW Engineering Carbon and Cost Library (ECCL) Level 5 Road Benchmarks Version 1.00
 Australia ,Surface and Underground Drainage,Class B1 - 6 Cell,HW to suit 1200mm x 900mm Class B1 - 6 Cell,1,each,-319.17,4.85,0.17,0.73,TfNSW Engineering Carbon and Cost Library (ECCL) Level 5 Road Benchmarks Version 1.00
 Australia ,Surface and Underground Drainage,Class B1 - 1 Cell,HW to suit 1200mm x 1200mm Class B1 - 1 Cell,1,each,-269.13,3.04,0.11,0.5,TfNSW Engineering Carbon and Cost Library (ECCL) Level 5 Road Benchmarks Version 1.00
 Australia ,Surface and Underground Drainage,Class B1 - 2 Cell,HW to suit 1200mm x 1200mm Class B1 - 2 Cell,1,each,-285.47,3.62,0.13,0.57,TfNSW Engineering Carbon and Cost Library (ECCL) Level 5 Road Benchmarks Version 1.00
 Australia ,Surface and Underground Drainage,Class B1 - 1 Cell,HW to suit 1500mm x 300mm Class B1 - 1 Cell,1,each,-96.76,0.96,0.03,0.23,TfNSW Engineering Carbon and Cost Library (ECCL) Level 5 Road Benchmarks Version 1.00
 Australia ,Surface and Underground Drainage,Class B1 - 2 Cell,HW to suit 1500mm x 300mm Class B1 - 2 Cell,1,each,-124.2,1.33,0.05,0.27,TfNSW Engineering Carbon and Cost Library (ECCL) Level 5 Road Benchmarks Version 1.00
 Australia ,Surface and Underground Drainage,Class B1 - 1 Cell,HW to suit 1500mm x 375mm Class B1 - 1 Cell,1,each,-102.9,1.06,0.04,0.24,TfNSW Engineering Carbon and Cost Library (ECCL) Level 5 Road Benchmarks Version 1.00
 Australia ,Surface and Underground Drainage,Class B1 - 1 Cell,HW to suit 1500mm x 450mm Class B1 - 1 Cell,1,each,-117.06,1.18,0.04,0.26,TfNSW Engineering Carbon and Cost Library (ECCL) Level 5 Road Benchmarks Version 1.00
 Australia ,Surface and Underground Drainage,Class B1 - 2 Cell,HW to suit 1500mm x 450mm Class B1 - 2 Cell,1,each,-144.49,1.6,0.06,0.31,TfNSW Engineering Carbon and Cost Library (ECCL) Level 5 Road Benchmarks Version 1.00
 Australia ,Surface and Underground Drainage,Class B1 - 1 Cell,HW to suit 1500mm x 600mm Class B1 - 1 Cell,1,each,-148.43,1.46,0.05,0.3,TfNSW Engineering Carbon and Cost Library (ECCL) Level 5 Road Benchmarks Version 1.00
 Australia ,Surface and Underground Drainage,Class B1 - 2 Cell,HW to suit 1500mm x 600mm Class B1 - 2 Cell,1,each,-175.87,1.88,0.07,0.35,TfNSW Engineering Carbon and Cost Library (ECCL) Level 5 Road Benchmarks Version 1.00
 Australia ,Surface and Underground Drainage,Class B1 - 5 Cell,HW to suit 1500mm x 600mm Class B1 - 5 Cell,1,each,-258.17,3.22,0.12,0.53,TfNSW Engineering Carbon and Cost Library (ECCL) Level 5 Road Benchmarks Version 1.00
 Australia ,Surface and Underground Drainage,Class B1 - 2 Cell,HW to suit 1500mm x 750mm Class B1 - 2 Cell,1,each,-195.72,2.19,0.08,0.39,TfNSW Engineering Carbon and Cost Library (ECCL) Level 5 Road Benchmarks Version 1.00
 Australia ,Surface and Underground Drainage,Class B1 - 1 Cell,HW to suit 1500mm x 900mm Class B1 - 1 Cell,1,each,-199.67,2.24,0.08,0.4,TfNSW Engineering Carbon and Cost Library (ECCL) Level 5 Road Benchmarks Version 1.00
 Australia ,Surface and Underground Drainage,Class B1 - 2 Cell,HW to suit 1500mm x 900mm Class B1 - 2 Cell,1,each,-227.1,2.85,0.1,0.47,TfNSW Engineering Carbon and Cost Library (ECCL) Level 5 Road Benchmarks Version 1.00
 Australia ,Surface and Underground Drainage,Class B1 - 6 Cell,HW to suit 1500mm x 900mm Class B1 - 6 Cell,1,each,-346.61,5.41,0.19,0.8,TfNSW Engineering Carbon and Cost Library (ECCL) Level 5 Road Benchmarks Version 1.00
 Australia ,Surface and Underground Drainage,Class B1 - 1 Cell,HW to suit 1500mm x 1200mm Class B1 - 1 Cell,1,each,-270.44,3.15,0.11,0.51,TfNSW Engineering Carbon and Cost Library (ECCL) Level 5 Road Benchmarks Version 1.00
 Australia ,Surface and Underground Drainage,Class B1 - 2 Cell,HW to suit 1500mm x 1200mm Class B1 - 2 Cell,1,each,-297.88,4.04,0.15,0.64,TfNSW Engineering Carbon and Cost Library (ECCL) Level 5 Road Benchmarks Version 1.00
 Australia ,Surface and Underground Drainage,Class B1 - 3 Cell,HW to suit 1500mm x 1200mm Class B1 - 3 Cell,1,each,-325.31,4.78,0.17,0.72,TfNSW Engineering Carbon and Cost Library (ECCL) Level 5 Road Benchmarks Version 1.00
 Australia ,Surface and Underground Drainage,Class B1 - 4 Cell,HW to suit 1500mm x 1500mm Class B1 - 4 Cell,1,each,-433.73,7.8,0.28,1.08,TfNSW Engineering Carbon and Cost Library (ECCL) Level 5 Road Benchmarks Version 1.00
 Australia ,Surface and Underground Drainage,Class B1 - 1 Cell,HW to suit 1800mm x 300mm Class B1 - 1 Cell,1,each,-98.08,1.06,0.04,0.24,TfNSW Engineering Carbon and Cost Library (ECCL) Level 5 Road Benchmarks Version 1.00
 Australia ,Surface and Underground Drainage,Class B1 - 1 Cell,HW to suit 1800mm x 450mm Class B1 - 1 Cell,1,each,-118.37,1.23,0.04,0.26,TfNSW Engineering Carbon and Cost Library (ECCL) Level 5 Road Benchmarks Version 1.00
 Australia ,Surface and Underground Drainage,Class B1 - 8 Cell,HW to suit 1800mm x 450mm Class B1 - 8 Cell,1,each,-358.7,4.77,0.17,0.74,TfNSW Engineering Carbon and Cost Library (ECCL) Level 5 Road Benchmarks Version 1.00
 Australia ,Surface and Underground Drainage,Class B1 - 12 Cell,HW to suit 1800mm x 450mm Class B1 - 12 Cell,1,each,-493.24,6.71,0.24,0.99,TfNSW Engineering Carbon and Cost Library (ECCL) Level 5 Road Benchmarks Version 1.00
 Australia ,Surface and Underground Drainage,Class B1 - 1 Cell,HW to suit 1800mm x 600mm Class B1 - 1 Cell,1,each,-149.75,1.51,0.05,0.3,TfNSW Engineering Carbon and Cost Library (ECCL) Level 5 Road Benchmarks Version 1.00
 Australia ,Surface and Underground Drainage,Class B1 - 5 Cell,HW to suit 1800mm x 600mm Class B1 - 5 Cell,1,each,-284.29,3.59,0.13,0.58,TfNSW Engineering Carbon and Cost Library (ECCL) Level 5 Road Benchmarks Version 1.00
 Australia ,Surface and Underground Drainage,Class B1 - 8 Cell,HW to suit 1800mm x 600mm Class B1 - 8 Cell,1,each,-390.08,5.38,0.19,0.82,TfNSW Engineering Carbon and Cost Library (ECCL) Level 5 Road Benchmarks Version 1.00
 Australia ,Surface and Underground Drainage,Class B1 - 1 Cell,HW to suit 1800mm x 750mm Class B1 - 1 Cell,1,each,-169.6,1.77,0.06,0.34,TfNSW Engineering Carbon and Cost Library (ECCL) Level 5 Road Benchmarks Version 1.00
 Australia ,Surface and Underground Drainage,Class B1 - 2 Cell,HW to suit 1800mm x 750mm Class B1 - 2 Cell,1,each,-208.12,2.35,0.08,0.42,TfNSW Engineering Carbon and Cost Library (ECCL) Level 5 Road Benchmarks Version 1.00
 Australia ,Surface and Underground Drainage,Class B1 - 3 Cell,HW to suit 1800mm x 750mm Class B1 - 3 Cell,1,each,-246.64,2.92,0.1,0.49,TfNSW Engineering Carbon and Cost Library (ECCL) Level 5 Road Benchmarks Version 1.00
 Australia ,Surface and Underground Drainage,Class B1 - 1 Cell,HW to suit 1800mm x 900mm Class B1 - 1 Cell,1,each,-210.75,2.35,0.08,0.41,TfNSW Engineering Carbon and Cost Library (ECCL) Level 5 Road Benchmarks Version 1.00
 Australia ,Surface and Underground Drainage,Class B1 - 2 Cell,HW to suit 1800mm x 900mm Class B1 - 2 Cell,1,each,-239.5,3.05,0.11,0.49,TfNSW Engineering Carbon and Cost Library (ECCL) Level 5 Road Benchmarks Version 1.00
 Australia ,Surface and Underground Drainage,Class B1 - 3 Cell,HW to suit 1800mm x 900mm Class B1 - 3 Cell,1,each,-278.02,3.94,0.14,0.62,TfNSW Engineering Carbon and Cost Library (ECCL) Level 5 Road Benchmarks Version 1.00
 Australia ,Surface and Underground Drainage,Class B1 - 4 Cell,HW to suit 1800mm x 900mm Class B1 - 4 Cell,1,each,-306.77,4.64,0.17,0.71,TfNSW Engineering Carbon and Cost Library (ECCL) Level 5 Road Benchmarks Version 1.00
 Australia ,Surface and Underground Drainage,Class B1 - 12 Cell,HW to suit 1800mm x 900mm Class B1 - 12 Cell,1,each,-575.85,10.57,0.38,1.47,TfNSW Engineering Carbon and Cost Library (ECCL) Level 5 Road Benchmarks Version 1.00
 Australia ,Surface and Underground Drainage,Class B1 - 1 Cell,HW to suit 1800mm x 1200mm Class B1 - 1 Cell,1,each,-271.76,3.25,0.12,0.52,TfNSW Engineering Carbon and Cost Library (ECCL) Level 5 Road Benchmarks Version 1.00
 Australia ,Surface and Underground Drainage,Class B1 - 2 Cell,HW to suit 1800mm x 1200mm Class B1 - 2 Cell,1,each,-310.28,4.31,0.16,0.67,TfNSW Engineering Carbon and Cost Library (ECCL) Level 5 Road Benchmarks Version 1.00
 Australia ,Surface and Underground Drainage,Class B1 - 4 Cell,HW to suit 1800mm x 1200mm Class B1 - 4 Cell,1,each,-377.55,5.99,0.22,0.87,TfNSW Engineering Carbon and Cost Library (ECCL) Level 5 Road Benchmarks Version 1.00
 Australia ,Surface and Underground Drainage,Class B1 - 1 Cell,HW to suit 1800mm x 1500mm Class B1 - 1 Cell,1,each,-352.74,4.88,0.18,0.73,TfNSW Engineering Carbon and Cost Library (ECCL) Level 5 Road Benchmarks Version 1.00
 Australia ,Surface and Underground Drainage,Class B1 - 2 Cell,HW to suit 1800mm x 1500mm Class B1 - 2 Cell,1,each,-381.49,5.99,0.22,0.85,TfNSW Engineering Carbon and Cost Library (ECCL) Level 5 Road Benchmarks Version 1.00
 Australia ,Surface and Underground Drainage,Class B1 - 5 Cell,HW to suit 1800mm x 1500mm Class B1 - 5 Cell,1,each,-487.28,9.61,0.35,1.28,TfNSW Engineering Carbon and Cost Library (ECCL) Level 5 Road Benchmarks Version 1.00
 Australia ,Surface and Underground Drainage,Class B1 - 1 Cell,HW to suit 1800mm x 1800mm Class B1 - 1 Cell,1,each,-372.29,5.05,0.18,0.76,TfNSW Engineering Carbon and Cost Library (ECCL) Level 5 Road Benchmarks Version 1.00
 Australia ,Surface and Underground Drainage,Class B1 - 3 Cell,HW to suit 1800mm x 1800mm Class B1 - 3 Cell,1,each,-439.56,7.3,0.27,1.01,TfNSW Engineering Carbon and Cost Library (ECCL) Level 5 Road Benchmarks Version 1.00
 Australia ,Surface and Underground Drainage,Class B1 - 1 Cell,HW to suit 1840mm x 625mm Class B1 - 1 Cell,1,each,-150.63,1.56,0.05,0.31,TfNSW Engineering Carbon and Cost Library (ECCL) Level 5 Road Benchmarks Version 1.00
 Australia ,Surface and Underground Drainage,Class B1 - 1 Cell,HW to suit 2100mm x 450mm Class B1 - 1 Cell,1,each,-129.46,1.34,0.05,0.28,TfNSW Engineering Carbon and Cost Library (ECCL) Level 5 Road Benchmarks Version 1.00
 Australia ,Surface and Underground Drainage,Class B1 - 2 Cell,HW to suit 2100mm x 450mm Class B1 - 2 Cell,1,each,-159.52,1.85,0.07,0.34,TfNSW Engineering Carbon and Cost Library (ECCL) Level 5 Road Benchmarks Version 1.00
 Australia ,Surface and Underground Drainage,Class B1 - 1 Cell,HW to suit 2100mm x 600mm Class B1 - 1 Cell,1,each,-151.06,1.6,0.06,0.31,TfNSW Engineering Carbon and Cost Library (ECCL) Level 5 Road Benchmarks Version 1.00
 Australia ,Surface and Underground Drainage,Class B1 - 2 Cell,HW to suit 2100mm x 600mm Class B1 - 2 Cell,1,each,-190.9,2.18,0.08,0.39,TfNSW Engineering Carbon and Cost Library (ECCL) Level 5 Road Benchmarks Version 1.00
 Australia ,Surface and Underground Drainage,Class B1 - 1 Cell,HW to suit 2100mm x 750mm Class B1 - 1 Cell,1,each,-180.69,1.83,0.06,0.35,TfNSW Engineering Carbon and Cost Library (ECCL) Level 5 Road Benchmarks Version 1.00
 Australia ,Surface and Underground Drainage,Class B1 - 1 Cell,HW to suit 2100mm x 900mm Class B1 - 1 Cell,1,each,-212.07,2.45,0.09,0.42,TfNSW Engineering Carbon and Cost Library (ECCL) Level 5 Road Benchmarks Version 1.00
 Australia ,Surface and Underground Drainage,Class B1 - 2 Cell,HW to suit 2100mm x 900mm Class B1 - 2 Cell,1,each,-251.9,3.26,0.12,0.52,TfNSW Engineering Carbon and Cost Library (ECCL) Level 5 Road Benchmarks Version 1.00
 Australia ,Surface and Underground Drainage,Class B1 - 3 Cell,HW to suit 2100mm x 900mm Class B1 - 3 Cell,1,each,-291.74,4.24,0.15,0.66,TfNSW Engineering Carbon and Cost Library (ECCL) Level 5 Road Benchmarks Version 1.00
 Australia ,Surface and Underground Drainage,Class B1 - 1 Cell,HW to suit 2100mm x 1200mm Class B1 - 1 Cell,1,each,-282.84,3.41,0.12,0.55,TfNSW Engineering Carbon and Cost Library (ECCL) Level 5 Road Benchmarks Version 1.00
 Australia ,Surface and Underground Drainage,Class B1 - 10 Cell,HW to suit 2100mm x 1200mm Class B1 - 10 Cell,1,each,-631.6,12.91,0.47,1.75,TfNSW Engineering Carbon and Cost Library (ECCL) Level 5 Road Benchmarks Version 1.00
 Australia ,Surface and Underground Drainage,Class B1 - 24 Cell,HW to suit 2100mm x 1200mm Class B1 - 24 Cell,1,each,"-1,169.76",27.49,1.01,3.57,TfNSW Engineering Carbon and Cost Library (ECCL) Level 5 Road Benchmarks Version 1.00
 Australia ,Surface and Underground Drainage,Class B1 - 57 Cell,HW to suit 2100mm x 1200mm Class B1 - 57 Cell,1,each,"-2,445.27",61.79,2.29,7.84,TfNSW Engineering Carbon and Cost Library (ECCL) Level 5 Road Benchmarks Version 1.00
 Australia ,Surface and Underground Drainage,Class B1 - 1 Cell,HW to suit 2100mm x 1500mm Class B1 - 1 Cell,1,each,-354.06,5.08,0.18,0.75,TfNSW Engineering Carbon and Cost Library (ECCL) Level 5 Road Benchmarks Version 1.00
 Australia ,Surface and Underground Drainage,Class B1 - 1 Cell,HW to suit 2100mm x 1800mm Class B1 - 1 Cell,1,each,-373.6,5.21,0.19,0.78,TfNSW Engineering Carbon and Cost Library (ECCL) Level 5 Road Benchmarks Version 1.00
 Australia ,Surface and Underground Drainage,Class B1 - 1 Cell,HW to suit 2100mm x 2100mm Class B1 - 1 Cell,1,each,-393.15,5.38,0.19,0.8,TfNSW Engineering Carbon and Cost Library (ECCL) Level 5 Road Benchmarks Version 1.00
 Australia ,Surface and Underground Drainage,Class B1 - 1 Cell,HW to suit 2400mm x 450mm Class B1 - 1 Cell,1,each,-130.77,1.39,0.05,0.28,TfNSW Engineering Carbon and Cost Library (ECCL) Level 5 Road Benchmarks Version 1.00
 Australia ,Surface and Underground Drainage,Class B1 - 2 Cell,HW to suit 2400mm x 450mm Class B1 - 2 Cell,1,each,-171.92,2.01,0.07,0.36,TfNSW Engineering Carbon and Cost Library (ECCL) Level 5 Road Benchmarks Version 1.00
 Australia ,Surface and Underground Drainage,Class B1 - 1 Cell,HW to suit 2400mm x 600mm Class B1 - 1 Cell,1,each,-162.15,1.67,0.06,0.33,TfNSW Engineering Carbon and Cost Library (ECCL) Level 5 Road Benchmarks Version 1.00
 Australia ,Surface and Underground Drainage,Class B1 - 2 Cell,HW to suit 2400mm x 600mm Class B1 - 2 Cell,1,each,-203.3,2.34,0.08,0.41,TfNSW Engineering Carbon and Cost Library (ECCL) Level 5 Road Benchmarks Version 1.00
 Australia ,Surface and Underground Drainage,Class B1 - 6 Cell,HW to suit 2400mm x 750mm Class B1 - 6 Cell,1,each,-397.53,5.77,0.21,0.87,TfNSW Engineering Carbon and Cost Library (ECCL) Level 5 Road Benchmarks Version 1.00
 Australia ,Surface and Underground Drainage,Class B1 - 1 Cell,HW to suit 2400mm x 900mm Class B1 - 1 Cell,1,each,-213.38,2.54,0.09,0.43,TfNSW Engineering Carbon and Cost Library (ECCL) Level 5 Road Benchmarks Version 1.00
 Australia ,Surface and Underground Drainage,Class B1 - 2 Cell,HW to suit 2400mm x 900mm Class B1 - 2 Cell,1,each,-264.31,3.47,0.12,0.55,TfNSW Engineering Carbon and Cost Library (ECCL) Level 5 Road Benchmarks Version 1.00
 Australia ,Surface and Underground Drainage,Class B1 - 3 Cell,HW to suit 2400mm x 900mm Class B1 - 3 Cell,1,each,-305.46,4.55,0.16,0.7,TfNSW Engineering Carbon and Cost Library (ECCL) Level 5 Road Benchmarks Version 1.00
 Australia ,Surface and Underground Drainage,Class B1 - 5 Cell,HW to suit 2400mm x 900mm Class B1 - 5 Cell,1,each,-387.76,6.32,0.23,0.91,TfNSW Engineering Carbon and Cost Library (ECCL) Level 5 Road Benchmarks Version 1.00
 Australia ,Surface and Underground Drainage,Class B1 - 1 Cell,HW to suit 2400mm x 1200mm Class B1 - 1 Cell,1,each,-284.16,3.5,0.13,0.56,TfNSW Engineering Carbon and Cost Library (ECCL) Level 5 Road Benchmarks Version 1.00
 Australia ,Surface and Underground Drainage,Class B1 - 2 Cell,HW to suit 2400mm x 1200mm Class B1 - 2 Cell,1,each,-325.31,4.78,0.17,0.72,TfNSW Engineering Carbon and Cost Library (ECCL) Level 5 Road Benchmarks Version 1.00
 Australia ,Surface and Underground Drainage,Class B1 - 3 Cell,HW to suit 2400mm x 1200mm Class B1 - 3 Cell,1,each,-366.46,5.88,0.21,0.85,TfNSW Engineering Carbon and Cost Library (ECCL) Level 5 Road Benchmarks Version 1.00
 Australia ,Surface and Underground Drainage,Class B1 - 7 Cell,HW to suit 2400mm x 1200mm Class B1 - 7 Cell,1,each,-540.84,10.63,0.39,1.45,TfNSW Engineering Carbon and Cost Library (ECCL) Level 5 Road Benchmarks Version 1.00
 Australia ,Surface and Underground Drainage,Class B1 - 1 Cell,HW to suit 2400mm x 1500mm Class B1 - 1 Cell,1,each,-355.37,5.23,0.19,0.77,TfNSW Engineering Carbon and Cost Library (ECCL) Level 5 Road Benchmarks Version 1.00
 Australia ,Surface and Underground Drainage,Class B1 - 2 Cell,HW to suit 2400mm x 1500mm Class B1 - 2 Cell,1,each,-406.3,6.68,0.24,0.93,TfNSW Engineering Carbon and Cost Library (ECCL) Level 5 Road Benchmarks Version 1.00
 Australia ,Surface and Underground Drainage,Class B1 - 3 Cell,HW to suit 2400mm x 1500mm Class B1 - 3 Cell,1,each,-447.45,8.27,0.3,1.13,TfNSW Engineering Carbon and Cost Library (ECCL) Level 5 Road Benchmarks Version 1.00
 Australia ,Surface and Underground Drainage,Class B1 - 5 Cell,HW to suit 2400mm x 1500mm Class B1 - 5 Cell,1,each,-529.75,11.35,0.42,1.49,TfNSW Engineering Carbon and Cost Library (ECCL) Level 5 Road Benchmarks Version 1.00
 Australia ,Surface and Underground Drainage,Class B1 - 8 Cell,HW to suit 2400mm x 1500mm Class B1 - 8 Cell,1,each,-662.98,15.87,0.59,2.02,TfNSW Engineering Carbon and Cost Library (ECCL) Level 5 Road Benchmarks Version 1.00
 Australia ,Surface and Underground Drainage,Class B1 - 1 Cell,HW to suit 2400mm x 1800mm Class B1 - 1 Cell,1,each,-384.69,5.37,0.19,0.8,TfNSW Engineering Carbon and Cost Library (ECCL) Level 5 Road Benchmarks Version 1.00
 Australia ,Surface and Underground Drainage,Class B1 - 1 Cell,HW to suit 2400mm  x 2100mm Class B1 - 1 Cell,1,each,-404.24,5.54,0.2,0.83,TfNSW Engineering Carbon and Cost Library (ECCL) Level 5 Road Benchmarks Version 1.00
 Australia ,Surface and Underground Drainage,Class B1 - 1 Cell,HW to suit 2400mm x 2400mm Class B1 - 1 Cell,1,each,-423.78,6.37,0.23,0.9,TfNSW Engineering Carbon and Cost Library (ECCL) Level 5 Road Benchmarks Version 1.00
 Australia ,Surface and Underground Drainage,Class B1 - 2 Cell,HW to suit 2400mm x 2400mm Class B1 - 2 Cell,1,each,-464.93,8.05,0.29,1.08,TfNSW Engineering Carbon and Cost Library (ECCL) Level 5 Road Benchmarks Version 1.00
 Australia ,Surface and Underground Drainage,Class B1 - 3 Cell,HW to suit 2400mm x 2400mm Class B1 - 3 Cell,1,each,-506.08,9.82,0.36,1.29,TfNSW Engineering Carbon and Cost Library (ECCL) Level 5 Road Benchmarks Version 1.00
 Australia ,Surface and Underground Drainage,Class B1 - 6 Cell,HW to suit 2400mm x 2400mm Class B1 - 6 Cell,1,each,-639.31,14.92,0.55,1.85,TfNSW Engineering Carbon and Cost Library (ECCL) Level 5 Road Benchmarks Version 1.00
 Australia ,Surface and Underground Drainage,Class B1 - 1 Cell,HW to suit 2450mm x 1200mm Class B1 - 1 Cell,1,each,-284.6,3.52,0.13,0.56,TfNSW Engineering Carbon and Cost Library (ECCL) Level 5 Road Benchmarks Version 1.00
 Australia ,Surface and Underground Drainage,Class B1 - 1 Cell,HW to suit 2700mm x 600mm Class B1 - 1 Cell,1,each,-163.47,1.72,0.06,0.33,TfNSW Engineering Carbon and Cost Library (ECCL) Level 5 Road Benchmarks Version 1.00
 Australia ,Surface and Underground Drainage,Class B1 - 2 Cell,HW to suit 2700mm x 600mm Class B1 - 2 Cell,1,each,-215.7,2.5,0.09,0.43,TfNSW Engineering Carbon and Cost Library (ECCL) Level 5 Road Benchmarks Version 1.00
 Australia ,Surface and Underground Drainage,Class B1 - 4 Cell,HW to suit 2700mm x 600mm Class B1 - 4 Cell,1,each,-310.41,4.18,0.15,0.67,TfNSW Engineering Carbon and Cost Library (ECCL) Level 5 Road Benchmarks Version 1.00
 Australia ,Surface and Underground Drainage,Class B1 - 2 Cell,HW to suit 2700mm x 750mm Class B1 - 2 Cell,1,each,-235.56,2.81,0.1,0.48,TfNSW Engineering Carbon and Cost Library (ECCL) Level 5 Road Benchmarks Version 1.00
 Australia ,Surface and Underground Drainage,Class B1 - 1 Cell,HW to suit 2700mm x 900mm Class B1 - 1 Cell,1,each,-224.47,2.65,0.09,0.45,TfNSW Engineering Carbon and Cost Library (ECCL) Level 5 Road Benchmarks Version 1.00
 Australia ,Surface and Underground Drainage,Class B1 - 2 Cell,HW to suit 2700mm x 900mm Class B1 - 2 Cell,1,each,-266.94,3.66,0.13,0.57,TfNSW Engineering Carbon and Cost Library (ECCL) Level 5 Road Benchmarks Version 1.00
 Australia ,Surface and Underground Drainage,Class B1 - 4 Cell,HW to suit 2700mm x 900mm Class B1 - 4 Cell,1,each,-371.41,5.83,0.21,0.86,TfNSW Engineering Carbon and Cost Library (ECCL) Level 5 Road Benchmarks Version 1.00
 Australia ,Surface and Underground Drainage,Class B1 - 8 Cell,HW to suit 2700mm x 900mm Class B1 - 8 Cell,1,each,-560.82,10.22,0.37,1.43,TfNSW Engineering Carbon and Cost Library (ECCL) Level 5 Road Benchmarks Version 1.00
 Australia ,Surface and Underground Drainage,Class B1 - 1 Cell,HW to suit 2700mm x 1200mm Class B1 - 1 Cell,1,each,-285.47,3.62,0.13,0.57,TfNSW Engineering Carbon and Cost Library (ECCL) Level 5 Road Benchmarks Version 1.00
 Australia ,Surface and Underground Drainage,Class B1 - 2 Cell,HW to suit 2700mm x 1200mm Class B1 - 2 Cell,1,each,-337.71,5.05,0.18,0.76,TfNSW Engineering Carbon and Cost Library (ECCL) Level 5 Road Benchmarks Version 1.00
 Australia ,Surface and Underground Drainage,Class B1 - 4 Cell,HW to suit 2700mm x 1200mm Class B1 - 4 Cell,1,each,-432.42,7.63,0.28,1.08,TfNSW Engineering Carbon and Cost Library (ECCL) Level 5 Road Benchmarks Version 1.00
 Australia ,Surface and Underground Drainage,Class B1 - 1 Cell,HW to suit 2700mm x 1500mm Class B1 - 1 Cell,1,each,-366.46,5.39,0.19,0.79,TfNSW Engineering Carbon and Cost Library (ECCL) Level 5 Road Benchmarks Version 1.00
 Australia ,Surface and Underground Drainage,Class B1 - 2 Cell,HW to suit 2700mm x 1500mm Class B1 - 2 Cell,1,each,-408.93,6.97,0.25,0.96,TfNSW Engineering Carbon and Cost Library (ECCL) Level 5 Road Benchmarks Version 1.00
 Australia ,Surface and Underground Drainage,Class B1 - 5 Cell,HW to suit 2700mm  x 1500mm Class B1 - 5 Cell,1,each,-555.87,12.17,0.45,1.58,TfNSW Engineering Carbon and Cost Library (ECCL) Level 5 Road Benchmarks Version 1.00
 Australia ,Surface and Underground Drainage,Class B1 - 1 Cell,HW to suit 2700mm x 1800mm Class B1 - 1 Cell,1,each,-386.01,5.56,0.2,0.82,TfNSW Engineering Carbon and Cost Library (ECCL) Level 5 Road Benchmarks Version 1.00
 Australia ,Surface and Underground Drainage,Class B1 - 1 Cell,HW to suit 2700mm x 2100mm Class B1 - 1 Cell,1,each,-405.55,5.68,0.21,0.84,TfNSW Engineering Carbon and Cost Library (ECCL) Level 5 Road Benchmarks Version 1.00
 Australia ,Surface and Underground Drainage,Class B1 - 2 Cell,HW to suit 2700mm x 2100mm Class B1 - 2 Cell,1,each,-457.79,7.32,0.27,1.02,TfNSW Engineering Carbon and Cost Library (ECCL) Level 5 Road Benchmarks Version 1.00
 Australia ,Surface and Underground Drainage,Class B1 - 1 Cell,HW to suit 2700mm x 2400mm Class B1 - 1 Cell,1,each,-425.1,6.57,0.24,0.92,TfNSW Engineering Carbon and Cost Library (ECCL) Level 5 Road Benchmarks Version 1.00
 Australia ,Surface and Underground Drainage,Class B1 - 2 Cell,HW to suit 2700mm x 2400mm Class B1 - 2 Cell,1,each,-477.34,8.4,0.31,1.12,TfNSW Engineering Carbon and Cost Library (ECCL) Level 5 Road Benchmarks Version 1.00
 Australia ,Surface and Underground Drainage,Class B1 - 3 Cell,HW to suit 2700mm x 2400mm Class B1 - 3 Cell,1,each,-519.8,10.38,0.38,1.34,TfNSW Engineering Carbon and Cost Library (ECCL) Level 5 Road Benchmarks Version 1.00
 Australia ,Surface and Underground Drainage,Class B1 - 4 Cell,HW to suit 2700mm x 2400mm Class B1 - 4 Cell,1,each,-572.04,12.21,0.45,1.54,TfNSW Engineering Carbon and Cost Library (ECCL) Level 5 Road Benchmarks Version 1.00
 Australia ,Surface and Underground Drainage,Class B1 - 5 Cell,HW to suit 2700mm x 2400mm Class B1 - 5 Cell,1,each,-624.28,14.21,0.52,1.78,TfNSW Engineering Carbon and Cost Library (ECCL) Level 5 Road Benchmarks Version 1.00
 Australia ,Surface and Underground Drainage,Class B1 - 2 Cell,HW to suit 2700mm x 2700mm Class B1 - 2 Cell,1,each,-496.88,8.57,0.31,1.14,TfNSW Engineering Carbon and Cost Library (ECCL) Level 5 Road Benchmarks Version 1.00
 Australia ,Surface and Underground Drainage,Class B1 - 3 Cell,HW to suit 2700mm x 2700mm Class B1 - 3 Cell,1,each,-539.35,10.55,0.39,1.37,TfNSW Engineering Carbon and Cost Library (ECCL) Level 5 Road Benchmarks Version 1.00
 Australia ,Surface and Underground Drainage,Class B1 - 1 Cell,HW to suit 2800mm x 900mm Class B1 - 1 Cell,1,each,-224.91,2.7,0.1,0.45,TfNSW Engineering Carbon and Cost Library (ECCL) Level 5 Road Benchmarks Version 1.00
 Australia ,Surface and Underground Drainage,Class B1 - 1 Cell,HW to suit 3000mm x 0450mm Class B1 - 1 Cell,1,each,-143.18,1.55,0.05,0.3,TfNSW Engineering Carbon and Cost Library (ECCL) Level 5 Road Benchmarks Version 1.00
 Australia ,Surface and Underground Drainage,Class B1 - 1 Cell,HW to suit 3000mm x 0600mm Class B1 - 1 Cell,1,each,-164.78,1.81,0.06,0.34,TfNSW Engineering Carbon and Cost Library (ECCL) Level 5 Road Benchmarks Version 1.00
 Australia ,Surface and Underground Drainage,Class B1 - 4 Cell,HW to suit 3000mm x 0600mm Class B1 - 4 Cell,1,each,-325.44,4.44,0.16,0.7,TfNSW Engineering Carbon and Cost Library (ECCL) Level 5 Road Benchmarks Version 1.00
 Australia ,Surface and Underground Drainage,Class B1 - 1 Cell,HW to suit 3000mm x 0750mm Class B1 - 1 Cell,1,each,-194.41,2.09,0.07,0.39,TfNSW Engineering Carbon and Cost Library (ECCL) Level 5 Road Benchmarks Version 1.00
 Australia ,Surface and Underground Drainage,Class B1 - 1 Cell,HW to suit 3000mm x 0900mm Class B1 - 1 Cell,1,each,-225.78,2.75,0.1,0.46,TfNSW Engineering Carbon and Cost Library (ECCL) Level 5 Road Benchmarks Version 1.00
 Australia ,Surface and Underground Drainage,Class B1 - 2 Cell,HW to suit 3000mm x 0900mm Class B1 - 2 Cell,1,each,-279.34,4.04,0.14,0.63,TfNSW Engineering Carbon and Cost Library (ECCL) Level 5 Road Benchmarks Version 1.00
 Australia ,Surface and Underground Drainage,Class B1 - 4 Cell,HW to suit 3000mm x 0900mm Class B1 - 4 Cell,1,each,-386.44,6.23,0.22,0.9,TfNSW Engineering Carbon and Cost Library (ECCL) Level 5 Road Benchmarks Version 1.00
 Australia ,Surface and Underground Drainage,Class B1 - 1 Cell,HW to suit 3000mm x 1200mm Class B1 - 1 Cell,1,each,-296.56,3.78,0.14,0.59,TfNSW Engineering Carbon and Cost Library (ECCL) Level 5 Road Benchmarks Version 1.00
 Australia ,Surface and Underground Drainage,Class B1 - 2 Cell,HW to suit 3000mm x 1200mm Class B1 - 2 Cell,1,each,-350.11,5.26,0.19,0.79,TfNSW Engineering Carbon and Cost Library (ECCL) Level 5 Road Benchmarks Version 1.00
 Australia ,Surface and Underground Drainage,Class B1 - 3 Cell,HW to suit 3000mm x 1200mm Class B1 - 3 Cell,1,each,-403.67,6.63,0.24,0.95,TfNSW Engineering Carbon and Cost Library (ECCL) Level 5 Road Benchmarks Version 1.00
 Australia ,Surface and Underground Drainage,Class B1 - 4 Cell,HW to suit 3000mm x 1200mm Class B1 - 4 Cell,1,each,-457.22,8.16,0.3,1.15,TfNSW Engineering Carbon and Cost Library (ECCL) Level 5 Road Benchmarks Version 1.00
 Australia ,Surface and Underground Drainage,Class B1 - 5 Cell,HW to suit 3000mm x 1200mm Class B1 - 5 Cell,1,each,-510.77,9.52,0.35,1.31,TfNSW Engineering Carbon and Cost Library (ECCL) Level 5 Road Benchmarks Version 1.00
 Australia ,Surface and Underground Drainage,Class B1 - 1 Cell,HW to suit 3000mm x 1500mm Class B1 - 1 Cell,1,each,-367.78,5.53,0.2,0.8,TfNSW Engineering Carbon and Cost Library (ECCL) Level 5 Road Benchmarks Version 1.00
 Australia ,Surface and Underground Drainage,Class B1 - 2 Cell,HW to suit 3000mm x 1500mm Class B1 - 2 Cell,1,each,-421.33,7.33,0.27,1,TfNSW Engineering Carbon and Cost Library (ECCL) Level 5 Road Benchmarks Version 1.00
 Australia ,Surface and Underground Drainage,Class B1 - 3 Cell,HW to suit 3000mm x 1500mm Class B1 - 3 Cell,1,each,-474.88,9.24,0.34,1.24,TfNSW Engineering Carbon and Cost Library (ECCL) Level 5 Road Benchmarks Version 1.00
 Australia ,Surface and Underground Drainage,Class B1 - 4 Cell,HW to suit 3000mm x 1500mm Class B1 - 4 Cell,1,each,-528.44,11.19,0.41,1.48,TfNSW Engineering Carbon and Cost Library (ECCL) Level 5 Road Benchmarks Version 1.00
 Australia ,Surface and Underground Drainage,Class B1 - 1 Cell,HW to suit 3000mm x 1800mm Class B1 - 1 Cell,1,each,-387.32,5.7,0.21,0.83,TfNSW Engineering Carbon and Cost Library (ECCL) Level 5 Road Benchmarks Version 1.00
 Australia ,Surface and Underground Drainage,Class B1 - 1 Cell,HW to suit 3000mm x 2400mm Class B1 - 1 Cell,1,each,-426.41,6.71,0.24,0.93,TfNSW Engineering Carbon and Cost Library (ECCL) Level 5 Road Benchmarks Version 1.00
 Australia ,Surface and Underground Drainage,Class B1 - 2 Cell,HW to suit 3000mm x 2400mm Class B1 - 2 Cell,1,each,-479.96,8.75,0.32,1.15,TfNSW Engineering Carbon and Cost Library (ECCL) Level 5 Road Benchmarks Version 1.00
 Australia ,Surface and Underground Drainage,Class B1 - 3 Cell,HW to suit 3000mm  x 2400mm Class B1 - 3 Cell,1,each,-533.52,10.94,0.4,1.4,TfNSW Engineering Carbon and Cost Library (ECCL) Level 5 Road Benchmarks Version 1.00
 Australia ,Surface and Underground Drainage,Class B1 - 4 Cell,HW to suit 3000mm x 2400mm Class B1 - 4 Cell,1,each,-587.07,13.08,0.48,1.66,TfNSW Engineering Carbon and Cost Library (ECCL) Level 5 Road Benchmarks Version 1.00
 Australia ,Surface and Underground Drainage,Class B1 - 5 Cell,HW to suit 3000mm x 2400mm Class B1 - 5 Cell,1,each,-640.62,15.12,0.56,1.87,TfNSW Engineering Carbon and Cost Library (ECCL) Level 5 Road Benchmarks Version 1.00
 Australia ,Surface and Underground Drainage,Class B1 - 1 Cell,HW to suit 3000mm x 2700mm Class B1 - 1 Cell,1,each,-455.73,6.94,0.25,0.97,TfNSW Engineering Carbon and Cost Library (ECCL) Level 5 Road Benchmarks Version 1.00
 Australia ,Surface and Underground Drainage,Class B1 - 2 Cell,HW to suit 3000mm x 2700mm Class B1 - 2 Cell,1,each,-509.28,8.94,0.33,1.18,TfNSW Engineering Carbon and Cost Library (ECCL) Level 5 Road Benchmarks Version 1.00
 Australia ,Surface and Underground Drainage,Class B1 - 1 Cell,HW to suit 3000mm x 3000mm Class B1 - 1 Cell,1,each,-475.27,7.12,0.26,1,TfNSW Engineering Carbon and Cost Library (ECCL) Level 5 Road Benchmarks Version 1.00
 Australia ,Surface and Underground Drainage,Class B1 - 2 Cell,HW to suit 3000mm x 3000mm Class B1 - 2 Cell,1,each,-528.83,9.11,0.33,1.21,TfNSW Engineering Carbon and Cost Library (ECCL) Level 5 Road Benchmarks Version 1.00
 Australia ,Surface and Underground Drainage,Class B1 - 3 Cell,HW to suit 3000mm x 3000mm Class B1 - 3 Cell,1,each,-582.38,11.3,0.41,1.47,TfNSW Engineering Carbon and Cost Library (ECCL) Level 5 Road Benchmarks Version 1.00
 Australia ,Surface and Underground Drainage,Class B1 - 4 Cell,HW to suit 3000mm x 3000mm Class B1 - 4 Cell,1,each,-635.93,13.44,0.49,1.72,TfNSW Engineering Carbon and Cost Library (ECCL) Level 5 Road Benchmarks Version 1.00
 Australia ,Surface and Underground Drainage,Class B1 - 1 Cell,HW to suit 3100mm x 1800mm Class B1 - 1 Cell,1,each,-387.76,5.77,0.21,0.84,TfNSW Engineering Carbon and Cost Library (ECCL) Level 5 Road Benchmarks Version 1.00
 Australia ,Surface and Underground Drainage,Class B1 - 1 Cell,HW to suit 3300mm x 0600mm Class B1 - 1 Cell,1,each,-175.87,1.88,0.07,0.35,TfNSW Engineering Carbon and Cost Library (ECCL) Level 5 Road Benchmarks Version 1.00
 Australia ,Surface and Underground Drainage,Class B1 - 3 Cell,HW to suit 3300mm x 0600mm Class B1 - 3 Cell,1,each,-285.6,3.69,0.13,0.58,TfNSW Engineering Carbon and Cost Library (ECCL) Level 5 Road Benchmarks Version 1.00
 Australia ,Surface and Underground Drainage,Class B1 - 1 Cell,HW to suit 3300mm x 1200mm Class B1 - 1 Cell,1,each,-297.88,4.04,0.15,0.64,TfNSW Engineering Carbon and Cost Library (ECCL) Level 5 Road Benchmarks Version 1.00
 Australia ,Surface and Underground Drainage,Class B1 - 4 Cell,HW to suit 3300mm x 1200mm Class B1 - 4 Cell,1,each,-472.25,8.62,0.32,1.2,TfNSW Engineering Carbon and Cost Library (ECCL) Level 5 Road Benchmarks Version 1.00
 Australia ,Surface and Underground Drainage,Class B1 - 1 Cell,HW to suit 3100mm x 1800mm Class B1 - 1 Cell,1,each,-387.76,5.77,0.21,0.84,TfNSW Engineering Carbon and Cost Library (ECCL) Level 5 Road Benchmarks Version 1.00
 Australia ,Surface and Underground Drainage,Class B1 - 1 Cell,HW to suit 3300mm x 3000mm Class B1 - 1 Cell,1,each,-476.59,7.28,0.26,1.01,TfNSW Engineering Carbon and Cost Library (ECCL) Level 5 Road Benchmarks Version 1.00
 Australia ,Surface and Underground Drainage,Class B1 - 3 Cell,HW to suit 3300mm x 1500mm Class B1 - 3 Cell,1,each,-488.6,9.75,0.36,1.29,TfNSW Engineering Carbon and Cost Library (ECCL) Level 5 Road Benchmarks Version 1.00
 Australia ,Surface and Underground Drainage,Class B1 - 1 Cell,HW to suit 3300mm x 1800mm Class B1 - 1 Cell,1,each,-398.41,5.88,0.21,0.85,TfNSW Engineering Carbon and Cost Library (ECCL) Level 5 Road Benchmarks Version 1.00
 Australia ,Surface and Underground Drainage,Class B1 - 1 Cell,HW to suit 3300mm x 2400mm Class B1 - 1 Cell,1,each,-437.5,6.93,0.25,0.96,TfNSW Engineering Carbon and Cost Library (ECCL) Level 5 Road Benchmarks Version 1.00
 Australia ,Surface and Underground Drainage,Class B1 - 3 Cell,HW to suit 3300mm x 2400mm Class B1 - 3 Cell,1,each,-547.24,11.45,0.42,1.46,TfNSW Engineering Carbon and Cost Library (ECCL) Level 5 Road Benchmarks Version 1.00
 Australia ,Surface and Underground Drainage,Class B1 - 1 Cell,HW to suit 3300mm x 3300mm Class B1 - 1 Cell,1,each,-496.13,7.45,0.27,1.04,TfNSW Engineering Carbon and Cost Library (ECCL) Level 5 Road Benchmarks Version 1.00
 Australia ,Surface and Underground Drainage,Class B1 - 1 Cell,HW to suit 3348mm x 3004mm Class B1 - 1 Cell,1,each,-476.59,7.32,0.27,1.02,TfNSW Engineering Carbon and Cost Library (ECCL) Level 5 Road Benchmarks Version 1.00
 Australia ,Surface and Underground Drainage,Class B1 - 3 Cell,HW to suit 3353mm x 1500mm Class B1 - 3 Cell,1,each,-489.04,9.8,0.36,1.3,TfNSW Engineering Carbon and Cost Library (ECCL) Level 5 Road Benchmarks Version 1.00
 Australia ,Surface and Underground Drainage,Class B1 - 2 Cell,HW to suit 3540mm x 3520mm Class B1 - 2 Cell,1,each,-582.51,10.27,0.37,1.37,TfNSW Engineering Carbon and Cost Library (ECCL) Level 5 Road Benchmarks Version 1.00
 Australia ,Surface and Underground Drainage,Class B1 - 3 Cell,HW to suit 3600mm x 600mm Class B1 - 3 Cell,1,each,-299.32,4.07,0.14,0.65,TfNSW Engineering Carbon and Cost Library (ECCL) Level 5 Road Benchmarks Version 1.00
 Australia ,Surface and Underground Drainage,Class B1 - 4 Cell,HW to suit 3600mm x 600mm Class B1 - 4 Cell,1,each,-365.28,5.06,0.18,0.78,TfNSW Engineering Carbon and Cost Library (ECCL) Level 5 Road Benchmarks Version 1.00
 Australia ,Surface and Underground Drainage,Class B1 - 1 Cell,HW to suit 3600mm x 900mm Class B1 - 1 Cell,1,each,-238.19,2.96,0.11,0.49,TfNSW Engineering Carbon and Cost Library (ECCL) Level 5 Road Benchmarks Version 1.00
 Australia ,Surface and Underground Drainage,Class B1 - 15 Cell,HW to suit 3600mm x 900mm Class B1 - 15 Cell,1,each,"-1,112.70",22.26,0.81,2.95,TfNSW Engineering Carbon and Cost Library (ECCL) Level 5 Road Benchmarks Version 1.00
 Australia ,Surface and Underground Drainage,Class B1 - 1 Cell,HW to suit 3600mm x 1200mm Class B1 - 1 Cell,1,each,-299.19,4.15,0.15,0.65,TfNSW Engineering Carbon and Cost Library (ECCL) Level 5 Road Benchmarks Version 1.00
 Australia ,Surface and Underground Drainage,Class B1 - 2 Cell,HW to suit 3600mm x 1200mm Class B1 - 2 Cell,1,each,-365.15,5.78,0.21,0.84,TfNSW Engineering Carbon and Cost Library (ECCL) Level 5 Road Benchmarks Version 1.00
 Australia ,Surface and Underground Drainage,Class B1 - 3 Cell,HW to suit 3600mm x 1200mm Class B1 - 3 Cell,1,each,-431.1,7.52,0.27,1.07,TfNSW Engineering Carbon and Cost Library (ECCL) Level 5 Road Benchmarks Version 1.00
 Australia ,Surface and Underground Drainage,Class B1 - 6 Cell,HW to suit 3600mm x 1200mm Class B1 - 6 Cell,1,each,-619.2,12.47,0.46,1.68,TfNSW Engineering Carbon and Cost Library (ECCL) Level 5 Road Benchmarks Version 1.00
 Australia ,Surface and Underground Drainage,Class B1 - 1 Cell,HW to suit 3600mm x 1500mm Class B1 - 1 Cell,1,each,-380.18,5.85,0.21,0.84,TfNSW Engineering Carbon and Cost Library (ECCL) Level 5 Road Benchmarks Version 1.00
 Australia ,Surface and Underground Drainage,Class B1 - 2 Cell,HW to suit 3600mm x 1500mm Class B1 - 2 Cell,1,each,-446.13,8.12,0.3,1.12,TfNSW Engineering Carbon and Cost Library (ECCL) Level 5 Road Benchmarks Version 1.00
 Australia ,Surface and Underground Drainage,Class B1 - 3 Cell,HW to suit 3600mm x 1500mm Class B1 - 3 Cell,1,each,-502.32,10.21,0.38,1.35,TfNSW Engineering Carbon and Cost Library (ECCL) Level 5 Road Benchmarks Version 1.00
 Australia ,Surface and Underground Drainage,Class B1 - 9 Cell,HW to suit 3600mm x 1500mm Class B1 - 9 Cell,1,each,-878.5,23.64,0.88,2.95,TfNSW Engineering Carbon and Cost Library (ECCL) Level 5 Road Benchmarks Version 1.00
 Australia ,Surface and Underground Drainage,Class B1 - 15 Cell,HW to suit 3600mm x 1500mm Class B1 - 15 Cell,1,each,"-1,254.69",36.91,1.37,4.51,TfNSW Engineering Carbon and Cost Library (ECCL) Level 5 Road Benchmarks Version 1.00
 Australia ,Surface and Underground Drainage,Class B1 - 2 Cell,HW to suit 3600mm x 1800mm Class B1 - 2 Cell,1,each,-465.68,8.29,0.3,1.14,TfNSW Engineering Carbon and Cost Library (ECCL) Level 5 Road Benchmarks Version 1.00
 Australia ,Surface and Underground Drainage,Class B1 - 6 Cell,HW to suit 3600mm x 1800mm Class B1 - 6 Cell,1,each,-709.96,17.19,0.63,2.19,TfNSW Engineering Carbon and Cost Library (ECCL) Level 5 Road Benchmarks Version 1.00
 Australia ,Surface and Underground Drainage,Class B1 - 9 Cell,HW to suit 3600mm x 1800mm Class B1 - 9 Cell,1,each,-898.05,23.81,0.88,2.97,TfNSW Engineering Carbon and Cost Library (ECCL) Level 5 Road Benchmarks Version 1.00
 Australia ,Surface and Underground Drainage,Class B1 - 1 Cell,HW to suit 3600mm x 2100mm Class B1 - 1 Cell,1,each,-419.27,6.19,0.22,0.89,TfNSW Engineering Carbon and Cost Library (ECCL) Level 5 Road Benchmarks Version 1.00
 Australia ,Surface and Underground Drainage,Class B1 - 2 Cell,HW to suit 3600mm x 2100mm Class B1 - 2 Cell,1,each,-485.22,8.47,0.31,1.17,TfNSW Engineering Carbon and Cost Library (ECCL) Level 5 Road Benchmarks Version 1.00
 Australia ,Surface and Underground Drainage,Class B1 - 1 Cell,HW to suit 3600mm x 2400mm Class B1 - 1 Cell,1,each,-438.81,7.12,0.26,0.98,TfNSW Engineering Carbon and Cost Library (ECCL) Level 5 Road Benchmarks Version 1.00
 Australia ,Surface and Underground Drainage,Class B1 - 7 Cell,HW to suit 3600mm x 2400mm Class B1 - 7 Cell,1,each,-815,21.99,0.82,2.65,TfNSW Engineering Carbon and Cost Library (ECCL) Level 5 Road Benchmarks Version 1.00
 Australia ,Surface and Underground Drainage,Class B1 - 1 Cell,HW to suit 3600mm x 2700mm Class B1 - 1 Cell,1,each,-458.36,7.3,0.27,1,TfNSW Engineering Carbon and Cost Library (ECCL) Level 5 Road Benchmarks Version 1.00
 Australia ,Surface and Underground Drainage,Class B1 - 4 Cell,HW to suit 3600mm x 2700mm Class B1 - 4 Cell,1,each,-646.45,14.74,0.54,1.84,TfNSW Engineering Carbon and Cost Library (ECCL) Level 5 Road Benchmarks Version 1.00
 Australia ,Surface and Underground Drainage,Class B1 - 1 Cell,HW to suit 3600mm x 3000mm Class B1 - 1 Cell,1,each,-477.9,7.47,0.27,1.03,TfNSW Engineering Carbon and Cost Library (ECCL) Level 5 Road Benchmarks Version 1.00
 Australia ,Surface and Underground Drainage,Class B1 - 1 Cell,HW to suit 3600mm x 3600mm Class B1 - 1 Cell,1,each,-526.77,7.83,0.28,1.09,TfNSW Engineering Carbon and Cost Library (ECCL) Level 5 Road Benchmarks Version 1.00
 Australia ,Surface and Underground Drainage,Class B1 - 1 Cell,HW to suit 4000mm  x 1500mm Class B1 - 1 Cell,1,each,-381.93,6.09,0.22,0.86,TfNSW Engineering Carbon and Cost Library (ECCL) Level 5 Road Benchmarks Version 1.00
 Australia ,Surface and Underground Drainage,Class B1 - 1 Cell,HW to suit 4000mm x 4000mm Class B1 - 1 Cell,1,each,-557.84,8.3,0.3,1.15,TfNSW Engineering Carbon and Cost Library (ECCL) Level 5 Road Benchmarks Version 1.00
 Australia ,Surface and Underground Drainage,Class B1 - 4 Cell,HW to suit 4200mm x 0900mm Class B1 - 4 Cell,1,each,-466.12,8.02,0.29,1.14,TfNSW Engineering Carbon and Cost Library (ECCL) Level 5 Road Benchmarks Version 1.00
 Australia ,Surface and Underground Drainage,Class B1 - 1 Cell,HW to suit 4200mm x 2700mm Class B1 - 1 Cell,1,each,-470.76,7.66,0.28,1.04,TfNSW Engineering Carbon and Cost Library (ECCL) Level 5 Road Benchmarks Version 1.00
 Australia ,Surface and Underground Drainage,Class B1 - 7 Cell,HW to suit 4200mm x 2750mm Class B1 - 7 Cell,1,each,-911.59,24.94,0.93,3,TfNSW Engineering Carbon and Cost Library (ECCL) Level 5 Road Benchmarks Version 1.00
 Australia ,Surface and Underground Drainage,Class B1 - 2 Cell,HW to suit 4200mm x 3600mm Class B1 - 2 Cell,1,each,-607.75,11.09,0.41,1.46,TfNSW Engineering Carbon and Cost Library (ECCL) Level 5 Road Benchmarks Version 1.00
 Australia ,Surface and Underground Drainage,Class B1 - 7 Cell,HW to suit 4200mm x 3650mm Class B1 - 7 Cell,1,each,-970.22,25.51,0.95,3.09,TfNSW Engineering Carbon and Cost Library (ECCL) Level 5 Road Benchmarks Version 1.00
 Australia ,Surface and Underground Drainage,Class B1 - 1 Cell,HW to suit 4600mm x 4600mm Class B1 - 1 Cell,1,each,-609.33,9.06,0.33,1.25,TfNSW Engineering Carbon and Cost Library (ECCL) Level 5 Road Benchmarks Version 1.00
 Australia ,Surface and Underground Drainage,Class B1 - 1 Cell,HW to suit 4800mm  x 3000mm Class B1 - 1 Cell,1,each,-502.71,8.18,0.3,1.11,TfNSW Engineering Carbon and Cost Library (ECCL) Level 5 Road Benchmarks Version 1.00
 Australia ,Surface and Underground Drainage,Pits,Gross Pollutant Trap,1,each, -   ,3.33,0.26,0.91,TfNSW Engineering Carbon and Cost Library (ECCL) Level 5 Road Benchmarks Version 1.00
 Australia ,Surface and Underground Drainage,Pits,Drainage Pit Inserts,1,each, -   ,0.16,0,0,TfNSW Engineering Carbon and Cost Library (ECCL) Level 5 Road Benchmarks Version 1.00
 Australia ,Surface and Underground Drainage,Pits,Trash Rack,1,m2, -   ,0.18,0,0.07,TfNSW Engineering Carbon and Cost Library (ECCL) Level 5 Road Benchmarks Version 1.00
 Australia ,Surface and Underground Drainage,Filter,Filter / Bio Retention - Subsurface Filters,1,m3, -   ,0.01,0.01,0,TfNSW Engineering Carbon and Cost Library (ECCL) Level 5 Road Benchmarks Version 1.00
 Australia ,Surface and Underground Drainage,Aggregate,Coarse Aggregate Type 1,1,m3, -   ,0.02,0.01,0.02,TfNSW Engineering Carbon and Cost Library (ECCL) Level 5 Road Benchmarks Version 1.00
 Australia ,Surface and Underground Drainage,Aggregate,Coarse Aggregate Type 2,1,m3, -   ,0.02,0.01,0.02,TfNSW Engineering Carbon and Cost Library (ECCL) Level 5 Road Benchmarks Version 1.00
 Australia ,Surface and Underground Drainage,Aggregate,Coarse Aggregate Type 3,1,m3, -   ,0.02,0.01,0.02,TfNSW Engineering Carbon and Cost Library (ECCL) Level 5 Road Benchmarks Version 1.00
 Australia ,Surface and Underground Drainage,Kerbs,Type SA Kerb,1,m,-0.28,0.04,0,0,TfNSW Engineering Carbon and Cost Library (ECCL) Level 5 Road Benchmarks Version 1.00
 Australia ,Surface and Underground Drainage,Kerbs,Type SB Kerb,1,m,-0.28,0.04,0,0,TfNSW Engineering Carbon and Cost Library (ECCL) Level 5 Road Benchmarks Version 1.00
 Australia ,Surface and Underground Drainage,Kerbs,Type SE Kerb,1,m,-0.28,0.03,0,0,TfNSW Engineering Carbon and Cost Library (ECCL) Level 5 Road Benchmarks Version 1.00
 Australia ,Surface and Underground Drainage,Kerbs,Type SF Kerb,1,m,-0.28,0.01,0,0,TfNSW Engineering Carbon and Cost Library (ECCL) Level 5 Road Benchmarks Version 1.00
 Australia ,Surface and Underground Drainage,Kerbs,Type SFM Kerb,1,m,-0.28,0.02,0,0,TfNSW Engineering Carbon and Cost Library (ECCL) Level 5 Road Benchmarks Version 1.00
 Australia ,Surface and Underground Drainage,Kerbs,Type SK Kerb,1,m,-0.28,0.06,0,0,TfNSW Engineering Carbon and Cost Library (ECCL) Level 5 Road Benchmarks Version 1.00
 Australia ,Surface and Underground Drainage,Kerbs,Type SL Kerb,1,m,-0.28,0.03,0,0,TfNSW Engineering Carbon and Cost Library (ECCL) Level 5 Road Benchmarks Version 1.00
 Australia ,Surface and Underground Drainage,Kerbs,Type SM Kerb,1,m,-0.28,0.01,0,0,TfNSW Engineering Carbon and Cost Library (ECCL) Level 5 Road Benchmarks Version 1.00
 Australia ,Surface and Underground Drainage,Kerbs,Type SO Kerb,1,m,-0.28,0.06,0,0,TfNSW Engineering Carbon and Cost Library (ECCL) Level 5 Road Benchmarks Version 1.00
 Australia ,Surface and Underground Drainage,Kerbs,Type SA to Type SF,1,m,-1.41,0.02,0,0,TfNSW Engineering Carbon and Cost Library (ECCL) Level 5 Road Benchmarks Version 1.00
 Australia ,Surface and Underground Drainage,Kerbs,Type SA to Type SK,1,m,-1.41,0.06,0,0,TfNSW Engineering Carbon and Cost Library (ECCL) Level 5 Road Benchmarks Version 1.00
 Australia ,Surface and Underground Drainage,Kerbs,Type SA to Type SM,1,m,-1.41,0.03,0,0,TfNSW Engineering Carbon and Cost Library (ECCL) Level 5 Road Benchmarks Version 1.00
 Australia ,Surface and Underground Drainage,Kerbs,Type SA to Type SO,1,m,-1.41,0.05,0,0,TfNSW Engineering Carbon and Cost Library (ECCL) Level 5 Road Benchmarks Version 1.00
 Australia ,Surface and Underground Drainage,Kerbs,Type SE to Type SK,1,m,-1.41,0.05,0,0,TfNSW Engineering Carbon and Cost Library (ECCL) Level 5 Road Benchmarks Version 1.00
 Australia ,Surface and Underground Drainage,Kerbs,Type SE to Concrete Pavement,1,m,-1.41,0.03,0,0,TfNSW Engineering Carbon and Cost Library (ECCL) Level 5 Road Benchmarks Version 1.00
 Australia ,Surface and Underground Drainage,Kerbs,Type SF to Type SM,1,m,-1.41,0.01,0,0,TfNSW Engineering Carbon and Cost Library (ECCL) Level 5 Road Benchmarks Version 1.00
 Australia ,Surface and Underground Drainage,Kerbs,Residential Vehicular Crossing,1,each,-7.04,0.35,0.01,0.01,TfNSW Engineering Carbon and Cost Library (ECCL) Level 5 Road Benchmarks Version 1.00
 Australia ,Surface and Underground Drainage,Kerbs,Commercial Vehicular Crossing,1,each,-14.09,0.7,0.01,0.03,TfNSW Engineering Carbon and Cost Library (ECCL) Level 5 Road Benchmarks Version 1.00
 Australia ,Surface and Underground Drainage,Ramps,Kerb Ramps at Traffic Signal / Pedestrian Crossing - nominal 3.6m width (excluding wings),1,each,-12.07,0.44,0.01,0.02,TfNSW Engineering Carbon and Cost Library (ECCL) Level 5 Road Benchmarks Version 1.00
 Australia ,Surface and Underground Drainage,Ramps,Kerb Ramps - nominal 1.2m (excluding wings),1,each,-5.68,0.24,0,0.01,TfNSW Engineering Carbon and Cost Library (ECCL) Level 5 Road Benchmarks Version 1.00
 Australia ,Surface and Underground Drainage,Ramps,Kerb Ramps - nominal 2.4m width  (excluding wings),1,each,-8.79,0.32,0.01,0.01,TfNSW Engineering Carbon and Cost Library (ECCL) Level 5 Road Benchmarks Version 1.00
 Australia ,Surface and Underground Drainage,Ramps,Kerb Ramps - nominal 3.0m width (excluding wings),1,each,-10.42,0.38,0.01,0.02,TfNSW Engineering Carbon and Cost Library (ECCL) Level 5 Road Benchmarks Version 1.00
 Australia ,Surface and Underground Drainage,Gutters,QK100,1,m, -   ,0.03,0,0,TfNSW Engineering Carbon and Cost Library (ECCL) Level 5 Road Benchmarks Version 1.00
 Australia ,Surface and Underground Drainage,Gutters,QK200SF,1,m,-7.82,0.06,0,0.02,TfNSW Engineering Carbon and Cost Library (ECCL) Level 5 Road Benchmarks Version 1.00
 Australia ,Surface and Underground Drainage,Gutters,QK200SM,1,m,-7.82,0.12,0.02,0.02,TfNSW Engineering Carbon and Cost Library (ECCL) Level 5 Road Benchmarks Version 1.00
 Australia ,Surface and Underground Drainage,Gutters,QK200B,1,m,-7.82,0.11,0.02,0.02,TfNSW Engineering Carbon and Cost Library (ECCL) Level 5 Road Benchmarks Version 1.00
 Australia ,Surface and Underground Drainage,Gutters,Qmax 150,1,m, -   ,0.03,0,0,TfNSW Engineering Carbon and Cost Library (ECCL) Level 5 Road Benchmarks Version 1.00
 Australia ,Surface and Underground Drainage,Gutters,Qmax 225,1,m, -   ,0.04,0,0,TfNSW Engineering Carbon and Cost Library (ECCL) Level 5 Road Benchmarks Version 1.00
 Australia ,Surface and Underground Drainage,Gutters,Qmax 350,1,m, -   ,0.04,0,0,TfNSW Engineering Carbon and Cost Library (ECCL) Level 5 Road Benchmarks Version 1.00
 Australia ,Surface and Underground Drainage,Gutters,Qmax 550,1,m, -   ,0.06,0,0,TfNSW Engineering Carbon and Cost Library (ECCL) Level 5 Road Benchmarks Version 1.00
 Australia ,Surface and Underground Drainage,Gutters,Qmax 700,1,m, -   ,0.07,0,0,TfNSW Engineering Carbon and Cost Library (ECCL) Level 5 Road Benchmarks Version 1.00
 Australia ,Surface and Underground Drainage,Gutters,Qmax 900,1,m, -   ,0.09,0.01,0.01,TfNSW Engineering Carbon and Cost Library (ECCL) Level 5 Road Benchmarks Version 1.00
 Australia ,Surface and Underground Drainage,Gutters,TD200,1,m, -   ,0.05,0,0,TfNSW Engineering Carbon and Cost Library (ECCL) Level 5 Road Benchmarks Version 1.00
 Australia ,Surface and Underground Drainage,Gutters,TD300,1,m, -   ,0.09,0,0,TfNSW Engineering Carbon and Cost Library (ECCL) Level 5 Road Benchmarks Version 1.00
 Australia ,Surface and Underground Drainage,Gutters,S100K,1,m,-12.51,0.11,0,0.01,TfNSW Engineering Carbon and Cost Library (ECCL) Level 5 Road Benchmarks Version 1.00
 Australia ,Surface and Underground Drainage,Gutters,S200K,1,m,-12.51,0.16,0.01,0.01,TfNSW Engineering Carbon and Cost Library (ECCL) Level 5 Road Benchmarks Version 1.00
 Australia ,Surface and Underground Drainage,Gutters,S300K,1,m,-12.51,0.2,0.01,0.02,TfNSW Engineering Carbon and Cost Library (ECCL) Level 5 Road Benchmarks Version 1.00
 Australia ,Surface and Underground Drainage,Kerbs and Gutters,No Fines Concrete,1,m3, -   ,0.27,0,0.01,TfNSW Engineering Carbon and Cost Library (ECCL) Level 5 Road Benchmarks Version 1.00
 Australia ,Surface and Underground Drainage,Kerbs and Gutters,Geotextile,1,m2, -   ,0,0,0,TfNSW Engineering Carbon and Cost Library (ECCL) Level 5 Road Benchmarks Version 1.00
 Australia ,Surface and Underground Drainage,Kerb removal,Remove Type SA Kerb,1,m, -   , -   ,0,0.01,TfNSW Engineering Carbon and Cost Library (ECCL) Level 5 Road Benchmarks Version 1.00
 Australia ,Surface and Underground Drainage,Kerb removal,Remove Type SB Kerb,1,m, -   , -   ,0,0.01,TfNSW Engineering Carbon and Cost Library (ECCL) Level 5 Road Benchmarks Version 1.00
 Australia ,Surface and Underground Drainage,Kerb removal,Remove Type SE Kerb,1,m, -   , -   ,0,0.01,TfNSW Engineering Carbon and Cost Library (ECCL) Level 5 Road Benchmarks Version 1.00
 Australia ,Surface and Underground Drainage,Kerb removal,Remove Type SF Kerb,1,m, -   , -   ,0,0,TfNSW Engineering Carbon and Cost Library (ECCL) Level 5 Road Benchmarks Version 1.00
 Australia ,Surface and Underground Drainage,Kerb removal,Remove Type SFM Kerb,1,m, -   , -   ,0,0.01,TfNSW Engineering Carbon and Cost Library (ECCL) Level 5 Road Benchmarks Version 1.00
 Australia ,Surface and Underground Drainage,Kerb removal,Remove Type SK Kerb,1,m, -   , -   ,0,0.01,TfNSW Engineering Carbon and Cost Library (ECCL) Level 5 Road Benchmarks Version 1.00
 Australia ,Surface and Underground Drainage,Kerb removal,Remove Type SL Kerb,1,m, -   , -   ,0,0.01,TfNSW Engineering Carbon and Cost Library (ECCL) Level 5 Road Benchmarks Version 1.00
 Australia ,Surface and Underground Drainage,Kerb removal,Remove Type SM Kerb,1,m, -   , -   ,0,0,TfNSW Engineering Carbon and Cost Library (ECCL) Level 5 Road Benchmarks Version 1.00
 Australia ,Surface and Underground Drainage,Kerb removal,Remove Type SO Kerb,1,m, -   , -   ,0,0.01,TfNSW Engineering Carbon and Cost Library (ECCL) Level 5 Road Benchmarks Version 1.00
 Australia ,Surface and Underground Drainage,Kerb removal,Remove Type SA to Type SF,1,m, -   , -   ,0,0.01,TfNSW Engineering Carbon and Cost Library (ECCL) Level 5 Road Benchmarks Version 1.00
 Australia ,Surface and Underground Drainage,Kerb removal,Remove Type SA to Type SK,1,m, -   , -   ,0,0.01,TfNSW Engineering Carbon and Cost Library (ECCL) Level 5 Road Benchmarks Version 1.00
 Australia ,Surface and Underground Drainage,Kerb removal,Remove Type SA to Type SM,1,m, -   , -   ,0,0.01,TfNSW Engineering Carbon and Cost Library (ECCL) Level 5 Road Benchmarks Version 1.00
 Australia ,Surface and Underground Drainage,Kerb removal,Remove Type SA to Type SO,1,m, -   , -   ,0,0.01,TfNSW Engineering Carbon and Cost Library (ECCL) Level 5 Road Benchmarks Version 1.00
 Australia ,Surface and Underground Drainage,Kerb removal,Remove Type SE to Type SK,1,m, -   , -   ,0,0.01,TfNSW Engineering Carbon and Cost Library (ECCL) Level 5 Road Benchmarks Version 1.00
 Australia ,Surface and Underground Drainage,Kerb removal,Remove Type SE to Concrete Pavement,1,m, -   , -   ,0,0.01,TfNSW Engineering Carbon and Cost Library (ECCL) Level 5 Road Benchmarks Version 1.00
 Australia ,Surface and Underground Drainage,Kerb removal,Remove Type SF to Type SM,1,m, -   , -   ,0,0.01,TfNSW Engineering Carbon and Cost Library (ECCL) Level 5 Road Benchmarks Version 1.00
 Australia ,Surface and Underground Drainage,Crossing removal,Residential Vehicular Crossing,1,each,-7.04, -   ,0,0.05,TfNSW Engineering Carbon and Cost Library (ECCL) Level 5 Road Benchmarks Version 1.00
 Australia ,Surface and Underground Drainage,Ramp Removal,Commercial Vehicular Crossing,1,each,-14.09, -   ,0,0.06,TfNSW Engineering Carbon and Cost Library (ECCL) Level 5 Road Benchmarks Version 1.00
 Australia ,Surface and Underground Drainage,Ramp Removal,Kerb Ramps at Traffic Signal / Pedestrian Crossing - nominal 3.6m width (excluding wings),1,each,-12.07, -   ,0,0.07,TfNSW Engineering Carbon and Cost Library (ECCL) Level 5 Road Benchmarks Version 1.00
 Australia ,Surface and Underground Drainage,Ramp Removal,Kerb Ramps - nominal 1.2m (excluding wings),1,each,-5.68, -   ,0,0.05,TfNSW Engineering Carbon and Cost Library (ECCL) Level 5 Road Benchmarks Version 1.00
 Australia ,Surface and Underground Drainage,Ramp Removal,Kerb Ramps - nominal 2.4m width  (excluding wings),1,each,-8.79, -   ,0,0.06,TfNSW Engineering Carbon and Cost Library (ECCL) Level 5 Road Benchmarks Version 1.00
 Australia ,Surface and Underground Drainage,Ramp Removal,Kerb Ramps - nominal 3.0m width (excluding wings),1,each,-10.42, -   ,0,0.06,TfNSW Engineering Carbon and Cost Library (ECCL) Level 5 Road Benchmarks Version 1.00
 Australia ,Substructure and Pavements,Plastic Flexible Pipes,Excavation for Plastic Flexible Pipes,1,m3, -   , -   ,0,0.02,TfNSW Engineering Carbon and Cost Library (ECCL) Level 5 Road Benchmarks Version 1.00
 Australia ,Substructure and Pavements,Plastic Flexible Pipes,Unsuitable Material (Item with provisional quantity),1,m3, -   , -   ,0.01,0.02,TfNSW Engineering Carbon and Cost Library (ECCL) Level 5 Road Benchmarks Version 1.00
 Australia ,Substructure and Pavements,Plastic Flexible Pipes,100mm diameter,1,m, -   ,0.01,0,0,TfNSW Engineering Carbon and Cost Library (ECCL) Level 5 Road Benchmarks Version 1.00
 Australia ,Substructure and Pavements,Plastic Flexible Pipes,150mm diameter,1,m, -   ,0.02,0,0.01,TfNSW Engineering Carbon and Cost Library (ECCL) Level 5 Road Benchmarks Version 1.00
 Australia ,Substructure and Pavements,Plastic Flexible Pipes,200mm diameter,1,m, -   ,0.04,0.01,0.01,TfNSW Engineering Carbon and Cost Library (ECCL) Level 5 Road Benchmarks Version 1.00
 Australia ,Substructure and Pavements,Plastic Flexible Pipes,225mm diameter,1,m, -   ,0.05,0.01,0.01,TfNSW Engineering Carbon and Cost Library (ECCL) Level 5 Road Benchmarks Version 1.00
 Australia ,Substructure and Pavements,Plastic Flexible Pipes,300mm diameter,1,m, -   ,0.07,0.01,0.01,TfNSW Engineering Carbon and Cost Library (ECCL) Level 5 Road Benchmarks Version 1.00
 Australia ,Substructure and Pavements,Plastic Flexible Pipes,100mm diameter,1,m, -   ,0.01,0,0,TfNSW Engineering Carbon and Cost Library (ECCL) Level 5 Road Benchmarks Version 1.00
 Australia ,Substructure and Pavements,Plastic Flexible Pipes,150mm diameter,1,m, -   ,0.02,0,0.01,TfNSW Engineering Carbon and Cost Library (ECCL) Level 5 Road Benchmarks Version 1.00
 Australia ,Substructure and Pavements,Plastic Flexible Pipes,200mm diameter,1,m, -   ,0.03,0.01,0.01,TfNSW Engineering Carbon and Cost Library (ECCL) Level 5 Road Benchmarks Version 1.00
 Australia ,Substructure and Pavements,Plastic Flexible Pipes,225mm diameter,1,m, -   ,0.04,0.01,0.01,TfNSW Engineering Carbon and Cost Library (ECCL) Level 5 Road Benchmarks Version 1.00
 Australia ,Substructure and Pavements,Plastic Flexible Pipes,300mm diameter,1,m, -   ,0.06,0.01,0.01,TfNSW Engineering Carbon and Cost Library (ECCL) Level 5 Road Benchmarks Version 1.00
 Australia ,Substructure and Pavements,Plastic Flexible Pipes,100mm diameter,1,m, -   ,0.02,0,0,TfNSW Engineering Carbon and Cost Library (ECCL) Level 5 Road Benchmarks Version 1.00
 Australia ,Substructure and Pavements,Plastic Flexible Pipes,150mm diameter,1,m, -   ,0.03,0,0.01,TfNSW Engineering Carbon and Cost Library (ECCL) Level 5 Road Benchmarks Version 1.00
 Australia ,Substructure and Pavements,Plastic Flexible Pipes,200mm diameter,1,m, -   ,0.04,0.01,0.01,TfNSW Engineering Carbon and Cost Library (ECCL) Level 5 Road Benchmarks Version 1.00
 Australia ,Substructure and Pavements,Plastic Flexible Pipes,225mm diameter,1,m, -   ,0.05,0.01,0.01,TfNSW Engineering Carbon and Cost Library (ECCL) Level 5 Road Benchmarks Version 1.00
 Australia ,Substructure and Pavements,Plastic Flexible Pipes,300mm diameter,1,m, -   ,0.07,0.01,0.01,TfNSW Engineering Carbon and Cost Library (ECCL) Level 5 Road Benchmarks Version 1.00
 Australia ,Substructure and Pavements,Plastic Flexible Pipes,100mm diameter,1,m, -   ,0.02,0,0,TfNSW Engineering Carbon and Cost Library (ECCL) Level 5 Road Benchmarks Version 1.00
 Australia ,Substructure and Pavements,Plastic Flexible Pipes,150mm diameter,1,m, -   ,0.04,0,0.01,TfNSW Engineering Carbon and Cost Library (ECCL) Level 5 Road Benchmarks Version 1.00
 Australia ,Substructure and Pavements,Plastic Flexible Pipes,200mm diameter,1,m, -   ,0.07,0.01,0.01,TfNSW Engineering Carbon and Cost Library (ECCL) Level 5 Road Benchmarks Version 1.00
 Australia ,Substructure and Pavements,Plastic Flexible Pipes,300mm diameter,1,m, -   ,0.14,0.01,0.01,TfNSW Engineering Carbon and Cost Library (ECCL) Level 5 Road Benchmarks Version 1.00
 Australia ,Substructure and Pavements,Plastic Flexible Pipes,100mm diameter,1,m, -   ,0.01,0,0,TfNSW Engineering Carbon and Cost Library (ECCL) Level 5 Road Benchmarks Version 1.00
 Australia ,Substructure and Pavements,Plastic Flexible Pipes,150mm diameter,1,m, -   ,0.01,0,0,TfNSW Engineering Carbon and Cost Library (ECCL) Level 5 Road Benchmarks Version 1.00
 Australia ,Substructure and Pavements,Plastic Flexible Pipes,200mm diameter,1,m, -   ,0.04,0.01,0.01,TfNSW Engineering Carbon and Cost Library (ECCL) Level 5 Road Benchmarks Version 1.00
 Australia ,Substructure and Pavements,Plastic Flexible Pipes,225mm diameter,1,m, -   ,0.05,0.01,0.01,TfNSW Engineering Carbon and Cost Library (ECCL) Level 5 Road Benchmarks Version 1.00
 Australia ,Substructure and Pavements,Plastic Flexible Pipes,300mm diameter,1,m, -   ,0.07,0.01,0.01,TfNSW Engineering Carbon and Cost Library (ECCL) Level 5 Road Benchmarks Version 1.00
 Australia ,Substructure and Pavements,Plastic Flexible Pipes,375mm diameter,1,m, -   ,0.11,0.01,0.02,TfNSW Engineering Carbon and Cost Library (ECCL) Level 5 Road Benchmarks Version 1.00
 Australia ,Substructure and Pavements,Plastic Flexible Pipes,450mm diameter,1,m, -   ,0.16,0.02,0.03,TfNSW Engineering Carbon and Cost Library (ECCL) Level 5 Road Benchmarks Version 1.00
 Australia ,Substructure and Pavements,Plastic Flexible Pipes,500mm diameter,1,m, -   ,0.19,0.02,0.03,TfNSW Engineering Carbon and Cost Library (ECCL) Level 5 Road Benchmarks Version 1.00
 Australia ,Substructure and Pavements,Plastic Flexible Pipes,560mm diameter,1,m, -   ,0.24,0.02,0.04,TfNSW Engineering Carbon and Cost Library (ECCL) Level 5 Road Benchmarks Version 1.00
 Australia ,Substructure and Pavements,Plastic Flexible Pipes,630mm diameter,1,m, -   ,0.31,0.03,0.05,TfNSW Engineering Carbon and Cost Library (ECCL) Level 5 Road Benchmarks Version 1.00
 Australia ,Substructure and Pavements,Plastic Flexible Pipes,710mm diameter,1,m, -   ,0.39,0.04,0.05,TfNSW Engineering Carbon and Cost Library (ECCL) Level 5 Road Benchmarks Version 1.00
 Australia ,Substructure and Pavements,Plastic Flexible Pipes,800mm diameter,1,m, -   ,0.49,0.05,0.07,TfNSW Engineering Carbon and Cost Library (ECCL) Level 5 Road Benchmarks Version 1.00
 Australia ,Substructure and Pavements,Plastic Flexible Pipes,900mm diameter,1,m, -   ,0.61,0.06,0.08,TfNSW Engineering Carbon and Cost Library (ECCL) Level 5 Road Benchmarks Version 1.00
 Australia ,Surface and Underground Drainage,Vertical Wick Drains,Vertical Wick Drains,1,m, -   ,0,0,0,TfNSW Engineering Carbon and Cost Library (ECCL) Level 5 Road Benchmarks Version 1.00
 Australia ,Surface and Underground Drainage,Vertical Wick Drains,Drainage Blanket for Wick Drains Working Platform,1,m3, -   ,0.03,0.01,0,TfNSW Engineering Carbon and Cost Library (ECCL) Level 5 Road Benchmarks Version 1.00
 Australia ,Surface and Underground Drainage,Trench Drains,Excavation,1,m3, -   , -   ,0,0.02,TfNSW Engineering Carbon and Cost Library (ECCL) Level 5 Road Benchmarks Version 1.00
 Australia ,Surface and Underground Drainage,Trench Drains,100 mm dia Corrugated Perforated Plastic Drainage Pipe,1,m, -   ,0,0,0,TfNSW Engineering Carbon and Cost Library (ECCL) Level 5 Road Benchmarks Version 1.00
 Australia ,Surface and Underground Drainage,Trench Drains,100 mm dia Corrugated Non-perforated Plastic Drainage Pipe,1,m, -   ,0,0,0,TfNSW Engineering Carbon and Cost Library (ECCL) Level 5 Road Benchmarks Version 1.00
 Australia ,Surface and Underground Drainage,Trench Drains,20mm thick - 100mm height,1,m, -   ,0,0,0,TfNSW Engineering Carbon and Cost Library (ECCL) Level 5 Road Benchmarks Version 1.00
 Australia ,Surface and Underground Drainage,Trench Drains,20mm thick - 150mm height,1,m, -   ,0,0,0,TfNSW Engineering Carbon and Cost Library (ECCL) Level 5 Road Benchmarks Version 1.00
 Australia ,Surface and Underground Drainage,Trench Drains,20mm thick - 200mm height,1,m, -   ,0,0,0,TfNSW Engineering Carbon and Cost Library (ECCL) Level 5 Road Benchmarks Version 1.00
 Australia ,Surface and Underground Drainage,Trench Drains,20mm thick - 300mm height,1,m, -   ,0,0,0,TfNSW Engineering Carbon and Cost Library (ECCL) Level 5 Road Benchmarks Version 1.00
 Australia ,Surface and Underground Drainage,Trench Drains,40mm thick - 100mm height,1,m, -   ,0,0,0,TfNSW Engineering Carbon and Cost Library (ECCL) Level 5 Road Benchmarks Version 1.00
 Australia ,Surface and Underground Drainage,Trench Drains,40mm thick - 150mm height,1,m, -   ,0,0,0,TfNSW Engineering Carbon and Cost Library (ECCL) Level 5 Road Benchmarks Version 1.00
 Australia ,Surface and Underground Drainage,Trench Drains,40mm thick - 200mm height,1,m, -   ,0,0,0,TfNSW Engineering Carbon and Cost Library (ECCL) Level 5 Road Benchmarks Version 1.00
 Australia ,Surface and Underground Drainage,Trench Drains,40mm thick - 300mm height,1,m, -   ,0,0,0,TfNSW Engineering Carbon and Cost Library (ECCL) Level 5 Road Benchmarks Version 1.00
 Australia ,Surface and Underground Drainage,Trench Drains,40mm thick - 450mm height,1,m, -   ,0,0,0,TfNSW Engineering Carbon and Cost Library (ECCL) Level 5 Road Benchmarks Version 1.00
 Australia ,Surface and Underground Drainage,Trench Drains,40mm thick - 500mm height,1,m, -   ,0,0,0,TfNSW Engineering Carbon and Cost Library (ECCL) Level 5 Road Benchmarks Version 1.00
 Australia ,Surface and Underground Drainage,Trench Drains,20mm thick - 100mm height,1,m, -   ,0,0,0,TfNSW Engineering Carbon and Cost Library (ECCL) Level 5 Road Benchmarks Version 1.00
 Australia ,Surface and Underground Drainage,Trench Drains,20mm thick - 150mm height,1,m, -   ,0,0,0,TfNSW Engineering Carbon and Cost Library (ECCL) Level 5 Road Benchmarks Version 1.00
 Australia ,Surface and Underground Drainage,Trench Drains,20mm thick - 200mm height,1,m, -   ,0,0,0,TfNSW Engineering Carbon and Cost Library (ECCL) Level 5 Road Benchmarks Version 1.00
 Australia ,Surface and Underground Drainage,Trench Drains,20mm thick - 300mm height,1,m, -   ,0,0,0,TfNSW Engineering Carbon and Cost Library (ECCL) Level 5 Road Benchmarks Version 1.00
 Australia ,Surface and Underground Drainage,Trench Drains,40mm thick - 100mm height,1,m, -   ,0,0,0,TfNSW Engineering Carbon and Cost Library (ECCL) Level 5 Road Benchmarks Version 1.00
 Australia ,Surface and Underground Drainage,Trench Drains,40mm thick - 150mm height,1,m, -   ,0,0,0,TfNSW Engineering Carbon and Cost Library (ECCL) Level 5 Road Benchmarks Version 1.00
 Australia ,Surface and Underground Drainage,Trench Drains,40mm thick - 200mm height,1,m, -   ,0,0,0,TfNSW Engineering Carbon and Cost Library (ECCL) Level 5 Road Benchmarks Version 1.00
 Australia ,Surface and Underground Drainage,Trench Drains,40mm thick - 300mm height,1,m, -   ,0,0,0,TfNSW Engineering Carbon and Cost Library (ECCL) Level 5 Road Benchmarks Version 1.00
 Australia ,Surface and Underground Drainage,Trench Drains,40mm thick - 450mm height,1,m, -   ,0,0,0,TfNSW Engineering Carbon and Cost Library (ECCL) Level 5 Road Benchmarks Version 1.00
 Australia ,Surface and Underground Drainage,Trench Drains,40mm thick - 500mm height,1,m, -   ,0,0,0,TfNSW Engineering Carbon and Cost Library (ECCL) Level 5 Road Benchmarks Version 1.00
 Australia ,Surface and Underground Drainage,Trench Drains,Aggregate Filter Material,1,m3, -   ,0.05,0.02,0.01,TfNSW Engineering Carbon and Cost Library (ECCL) Level 5 Road Benchmarks Version 1.00
 Australia ,Surface and Underground Drainage,Trench Drains,No Fines Concrete,1,m3, -   ,0.27,0,0.01,TfNSW Engineering Carbon and Cost Library (ECCL) Level 5 Road Benchmarks Version 1.00
 Australia ,Surface and Underground Drainage,Trench Drains,Supply and Installation of Geotextile,1,m2, -   ,0,0,0,TfNSW Engineering Carbon and Cost Library (ECCL) Level 5 Road Benchmarks Version 1.00
 Australia ,Surface and Underground Drainage,Trench Drains,Selected Fill Material for Plug,1,m3, -   ,0.03,0.01,0.01,TfNSW Engineering Carbon and Cost Library (ECCL) Level 5 Road Benchmarks Version 1.00
 Australia ,Surface and Underground Drainage,Trench Drains,Selected Material at Batter Outlets,1,m3, -   ,0.03,0.01,0.01,TfNSW Engineering Carbon and Cost Library (ECCL) Level 5 Road Benchmarks Version 1.00
 Australia ,Surface and Underground Drainage,Trench Drains,Steep Batter Outlet,1,each, -   ,0.02,0,0.02,TfNSW Engineering Carbon and Cost Library (ECCL) Level 5 Road Benchmarks Version 1.00
 Australia ,Surface and Underground Drainage,Trench Drains,Flat Batter Outlet,1,each, -   ,0.02,0,0.02,TfNSW Engineering Carbon and Cost Library (ECCL) Level 5 Road Benchmarks Version 1.00
 Australia ,Surface and Underground Drainage,Intra-Pavement Drains,Excavation,1,m3, -   , -   ,0,0.02,TfNSW Engineering Carbon and Cost Library (ECCL) Level 5 Road Benchmarks Version 1.00
 Australia ,Surface and Underground Drainage,Intra-Pavement Drains,100 mm Slotted Fibre-reinforced Concrete Pipe,1,m, -   ,0,0,0,TfNSW Engineering Carbon and Cost Library (ECCL) Level 5 Road Benchmarks Version 1.00
 Australia ,Surface and Underground Drainage,Intra-Pavement Drains,100 mm Unslotted Fibre-reinforced Concrete Pipe,1,m, -   ,0,0,0,TfNSW Engineering Carbon and Cost Library (ECCL) Level 5 Road Benchmarks Version 1.00
 Australia ,Surface and Underground Drainage,Intra-Pavement Drains,Filter Material - No Fines Concrete,1,m3, -   ,0.27,0,0.01,TfNSW Engineering Carbon and Cost Library (ECCL) Level 5 Road Benchmarks Version 1.00
 Australia ,Surface and Underground Drainage,Intra-Pavement Drains,Supply and Installation of Geotextile,1,m2, -   ,0,0,0,TfNSW Engineering Carbon and Cost Library (ECCL) Level 5 Road Benchmarks Version 1.00
 Australia ,Surface and Underground Drainage,Intra-Pavement Drains,Selected Material Backfill at Batter Outlets,1,m3, -   ,0.27,0,0.01,TfNSW Engineering Carbon and Cost Library (ECCL) Level 5 Road Benchmarks Version 1.00
 Australia ,Surface and Underground Drainage,Intra-Pavement Drains,Steep Batter Outlet,1,each, -   ,0.02,0,0.02,TfNSW Engineering Carbon and Cost Library (ECCL) Level 5 Road Benchmarks Version 1.00
 Australia ,Surface and Underground Drainage,Intra-Pavement Drains,Flat Batter Outlet,1,each, -   ,0.02,0,0.02,TfNSW Engineering Carbon and Cost Library (ECCL) Level 5 Road Benchmarks Version 1.00
 Australia ,Surface and Underground Drainage,Edge Drains,Excavation,1,m3, -   , -   ,0,0.02,TfNSW Engineering Carbon and Cost Library (ECCL) Level 5 Road Benchmarks Version 1.00
 Australia ,Surface and Underground Drainage,Edge Drains,65 mm dia Corrugated Perforated Plastic Drainage Pipe,1,m, -   ,0,0,0,TfNSW Engineering Carbon and Cost Library (ECCL) Level 5 Road Benchmarks Version 1.00
 Australia ,Surface and Underground Drainage,Edge Drains,65 mm dia Corrugated Non-perforated Plastic Drainage Pipe,1,m, -   ,0,0,0,TfNSW Engineering Carbon and Cost Library (ECCL) Level 5 Road Benchmarks Version 1.00
 Australia ,Surface and Underground Drainage,Edge Drains,Perforated Rigid Strip Filter Drains,1,m, -   ,0,0,0,TfNSW Engineering Carbon and Cost Library (ECCL) Level 5 Road Benchmarks Version 1.00
 Australia ,Surface and Underground Drainage,Edge Drains,Non-perforated Rigid Strip Filter Drains,1,m, -   ,0,0,0,TfNSW Engineering Carbon and Cost Library (ECCL) Level 5 Road Benchmarks Version 1.00
 Australia ,Surface and Underground Drainage,Edge Drains,Filter Material - No Fines Concrete,1,m3, -   ,0.27,0,0.01,TfNSW Engineering Carbon and Cost Library (ECCL) Level 5 Road Benchmarks Version 1.00
 Australia ,Surface and Underground Drainage,Edge Drains,Supply and Installation of Geotextile,1,m2, -   ,0,0,0,TfNSW Engineering Carbon and Cost Library (ECCL) Level 5 Road Benchmarks Version 1.00
 Australia ,Surface and Underground Drainage,Edge Drains,Selected Material Backfill at Outlets,1,m3, -   ,0.03,0.01,0.01,TfNSW Engineering Carbon and Cost Library (ECCL) Level 5 Road Benchmarks Version 1.00
 Australia ,Surface and Underground Drainage,Edge Drains,Steep Batter Outlet,1,each, -   ,0.02,0,0.02,TfNSW Engineering Carbon and Cost Library (ECCL) Level 5 Road Benchmarks Version 1.00
 Australia ,Surface and Underground Drainage,Edge Drains,Flat Batter Outlet,1,each, -   ,0.02,0,0.02,TfNSW Engineering Carbon and Cost Library (ECCL) Level 5 Road Benchmarks Version 1.00
 Australia ,Substructure and Pavements,Earthworks,Removal and Stockpiling of Non-contaminated Topsoil (Stockpile Volumes),1,m3, -   , -   ,0,0.01,TfNSW Engineering Carbon and Cost Library (ECCL) Level 5 Road Benchmarks Version 1.00
 Australia ,Substructure and Pavements,Earthworks,Removal and Disposal Off Site of Topsoil (Bank Volume),1,m3, -   , -   ,0,0.01,TfNSW Engineering Carbon and Cost Library (ECCL) Level 5 Road Benchmarks Version 1.00
 Australia ,Substructure and Pavements,Earthworks,"Cut, load and haul to fill area",1,m3, -   , -   ,0,0.01,TfNSW Engineering Carbon and Cost Library (ECCL) Level 5 Road Benchmarks Version 1.00
 Australia ,Substructure and Pavements,Earthworks,"Cut, load and haul to stockpile area",1,m3, -   , -   ,0,0.01,TfNSW Engineering Carbon and Cost Library (ECCL) Level 5 Road Benchmarks Version 1.00
 Australia ,Substructure and Pavements,Earthworks,Cut and load only (disposal directly offsite),1,m3, -   , -   ,0,0,TfNSW Engineering Carbon and Cost Library (ECCL) Level 5 Road Benchmarks Version 1.00
 Australia ,Substructure and Pavements,Earthworks,Spread and compact,1,m3, -   , -   ,0,0,TfNSW Engineering Carbon and Cost Library (ECCL) Level 5 Road Benchmarks Version 1.00
 Australia ,Substructure and Pavements,Earthworks,"Load and Haul from stockpile, spread and compact",1,m3, -   , -   ,0,0.01,TfNSW Engineering Carbon and Cost Library (ECCL) Level 5 Road Benchmarks Version 1.00
 Australia ,Substructure and Pavements,Earthworks,Imported material from offsite,1,m3, -   , -   ,0,0,TfNSW Engineering Carbon and Cost Library (ECCL) Level 5 Road Benchmarks Version 1.00
 Australia ,Substructure and Pavements,Earthworks,Borrowed material from site,1,m3, -   , -   ,0,0.01,TfNSW Engineering Carbon and Cost Library (ECCL) Level 5 Road Benchmarks Version 1.00
 Australia ,Substructure and Pavements,Earthworks,Unsuitable Material (Item with provisional quantity),1,m3, -   , -   ,0,0.01,TfNSW Engineering Carbon and Cost Library (ECCL) Level 5 Road Benchmarks Version 1.00
 Australia ,Substructure and Pavements,Earthworks,Selected Material Zone – Site Won Material,1,m3, -   , -   ,0,0.01,TfNSW Engineering Carbon and Cost Library (ECCL) Level 5 Road Benchmarks Version 1.00
 Australia ,Substructure and Pavements,Earthworks,Selected Material Zone – Imported Material,1,m3, -   , -   ,0,0.01,TfNSW Engineering Carbon and Cost Library (ECCL) Level 5 Road Benchmarks Version 1.00
 Australia ,Substructure and Pavements,Earthworks,Verge – Site Won Material,1,m3, -   , -   ,0,0.02,TfNSW Engineering Carbon and Cost Library (ECCL) Level 5 Road Benchmarks Version 1.00
 Australia ,Substructure and Pavements,Earthworks,Verge – Imported Material,1,m3, -   , -   ,0,0.01,TfNSW Engineering Carbon and Cost Library (ECCL) Level 5 Road Benchmarks Version 1.00
 Australia ,Substructure and Pavements,Earthworks,Disposal Off Site of Non-contaminated Spoil (other than Topsoil),1,m3, -   , -   ,0,0.02,TfNSW Engineering Carbon and Cost Library (ECCL) Level 5 Road Benchmarks Version 1.00
 Australia ,Substructure and Pavements,Earthworks,Treatment Type E1 – Loosen and Recompact,1,m2, -   , -   ,0,0,TfNSW Engineering Carbon and Cost Library (ECCL) Level 5 Road Benchmarks Version 1.00
 Australia ,Substructure and Pavements,Earthworks,Treatment Type C1 – Loosen and Recompact,1,m2, -   , -   ,0,0,TfNSW Engineering Carbon and Cost Library (ECCL) Level 5 Road Benchmarks Version 1.00
 Australia ,Substructure and Pavements,Earthworks,Treatment Type E2 – Bridging Layer – Site Won Material,1,m3, -   , -   ,0,0.01,TfNSW Engineering Carbon and Cost Library (ECCL) Level 5 Road Benchmarks Version 1.00
 Australia ,Substructure and Pavements,Earthworks,Treatment Type E2 – Bridging Layer – Imported Material,1,m3, -   , -   ,0,0,TfNSW Engineering Carbon and Cost Library (ECCL) Level 5 Road Benchmarks Version 1.00
 Australia ,Substructure and Pavements,Earthworks,Treatment Type C2 – Backfill – Site Won Material,1,m3, -   , -   ,0,0.01,TfNSW Engineering Carbon and Cost Library (ECCL) Level 5 Road Benchmarks Version 1.00
 Australia ,Substructure and Pavements,Earthworks,Treatment Type C2 – Backfill – Imported Material,1,m3, -   , -   ,0,0.01,TfNSW Engineering Carbon and Cost Library (ECCL) Level 5 Road Benchmarks Version 1.00
 Australia ,Substructure and Pavements,Earthworks,Geotextile,1,m2, -   ,0,0,0,TfNSW Engineering Carbon and Cost Library (ECCL) Level 5 Road Benchmarks Version 1.00
 Australia ,Substructure and Pavements,Earthworks,Geogrid,1,m2, -   ,0,0,0,TfNSW Engineering Carbon and Cost Library (ECCL) Level 5 Road Benchmarks Version 1.00
 Australia ,Substructure and Pavements,Earthworks,Treatment Type E5 – Drainage Layer – Site Won Material,1,m3, -   , -   ,0,0.01,TfNSW Engineering Carbon and Cost Library (ECCL) Level 5 Road Benchmarks Version 1.00
 Australia ,Substructure and Pavements,Earthworks,Treatment Type E5 – Drainage Layer – Imported Material,1,m3, -   , -   ,0,0,TfNSW Engineering Carbon and Cost Library (ECCL) Level 5 Road Benchmarks Version 1.00
 Australia ,Substructure and Pavements,Earthworks,Treatment Type C5 – Drainage Layer – Site Won Material,1,m3, -   , -   ,0,0.01,TfNSW Engineering Carbon and Cost Library (ECCL) Level 5 Road Benchmarks Version 1.00
 Australia ,Substructure and Pavements,Earthworks,Asphalt Open Graded AC14,1,t, -   ,0.07,0.01,0.02,TfNSW Engineering Carbon and Cost Library (ECCL) Level 5 Road Benchmarks Version 1.00
 Australia ,Substructure and Pavements,Earthworks,Granular Material,1,m3, -   ,0.02,0.01,0,TfNSW Engineering Carbon and Cost Library (ECCL) Level 5 Road Benchmarks Version 1.00
 Australia ,Substructure and Pavements,Earthworks,Treatment Type E6 – Earth Fill Foundation Treatment Layer,1,m3, -   , -   ,0,0.02,TfNSW Engineering Carbon and Cost Library (ECCL) Level 5 Road Benchmarks Version 1.00
 Australia ,Substructure and Pavements,Earthworks,Material Classified as Special Waste,1,t, -   , -   ,0,0.01,TfNSW Engineering Carbon and Cost Library (ECCL) Level 5 Road Benchmarks Version 1.00
 Australia ,Substructure and Pavements,Earthworks,Material Classified as Hazardous Waste,1,t, -   , -   ,0,0.01,TfNSW Engineering Carbon and Cost Library (ECCL) Level 5 Road Benchmarks Version 1.00
 Australia ,Substructure and Pavements,Earthworks,Material Classified as Restricted Solid Waste,1,t, -   , -   ,0,0.01,TfNSW Engineering Carbon and Cost Library (ECCL) Level 5 Road Benchmarks Version 1.00
 Australia ,External and Ancillary Works,Construction of Verges,Haul and Place Verge Material from Stockpiles,1,m3, -   , -   ,0,0.02,TfNSW Engineering Carbon and Cost Library (ECCL) Level 5 Road Benchmarks Version 1.00
 Australia ,Substructure and Pavements,Stabilisation of Earthworks,Quicklime,1,t, -   ,0.77,0.12,0.03,TfNSW Engineering Carbon and Cost Library (ECCL) Level 5 Road Benchmarks Version 1.00
 Australia ,Substructure and Pavements,Stabilisation of Earthworks,Hydrated Lime,1,t, -   ,0.77,0.12,0.03,TfNSW Engineering Carbon and Cost Library (ECCL) Level 5 Road Benchmarks Version 1.00
 Australia ,Substructure and Pavements,Stabilisation of Earthworks,Slag/Lime blend,1,t, -   ,0.48,0.12,0.02,TfNSW Engineering Carbon and Cost Library (ECCL) Level 5 Road Benchmarks Version 1.00
 Australia ,Substructure and Pavements,Stabilisation of Earthworks,Cement,1,t, -   ,0.93,0.04,0.04,TfNSW Engineering Carbon and Cost Library (ECCL) Level 5 Road Benchmarks Version 1.00
 Australia ,Substructure and Pavements,Stabilisation of Earthworks,Quicklime,1,m3, -   , -   ,0,0.01,TfNSW Engineering Carbon and Cost Library (ECCL) Level 5 Road Benchmarks Version 1.00
 Australia ,Substructure and Pavements,Stabilisation of Earthworks,Hydrated Lime,1,m3, -   , -   ,0,0.01,TfNSW Engineering Carbon and Cost Library (ECCL) Level 5 Road Benchmarks Version 1.00
 Australia ,Substructure and Pavements,Stabilisation of Earthworks,Slag/Lime Blend,1,m3, -   , -   ,0,0.01,TfNSW Engineering Carbon and Cost Library (ECCL) Level 5 Road Benchmarks Version 1.00
 Australia ,Substructure and Pavements,Stabilisation of Earthworks,Cement,1,m3, -   , -   ,0,0.01,TfNSW Engineering Carbon and Cost Library (ECCL) Level 5 Road Benchmarks Version 1.00
 Australia ,Substructure and Pavements,Stabilisation of Earthworks,Quicklime,1,m3, -   , -   ,0,0.01,TfNSW Engineering Carbon and Cost Library (ECCL) Level 5 Road Benchmarks Version 1.00
 Australia ,Substructure and Pavements,Stabilisation of Earthworks,Hydrated Lime,1,m3, -   , -   ,0,0.01,TfNSW Engineering Carbon and Cost Library (ECCL) Level 5 Road Benchmarks Version 1.00
 Australia ,Substructure and Pavements,Stabilisation of Earthworks,Slag/Lime Blend,1,m3, -   , -   ,0,0.01,TfNSW Engineering Carbon and Cost Library (ECCL) Level 5 Road Benchmarks Version 1.00
 Australia ,Substructure and Pavements,Stabilisation of Earthworks,Cement,1,m3, -   , -   ,0,0.01,TfNSW Engineering Carbon and Cost Library (ECCL) Level 5 Road Benchmarks Version 1.00
 Australia ,Substructure and Pavements,General Concrete Paving,N25 Concrete 100mm thick reinforced with SL72,1,m2,-0.76,0.03,0,0,TfNSW Engineering Carbon and Cost Library (ECCL) Level 5 Road Benchmarks Version 1.00
 Australia ,Substructure and Pavements,General Concrete Paving,N25 Concrete 125mm thick reinforced with SL72,1,m2,-0.76,0.04,0,0,TfNSW Engineering Carbon and Cost Library (ECCL) Level 5 Road Benchmarks Version 1.00
 Australia ,Substructure and Pavements,General Concrete Paving,N25 Concrete 150mm thick reinforced with SL72,1,m2,-0.76,0.05,0,0,TfNSW Engineering Carbon and Cost Library (ECCL) Level 5 Road Benchmarks Version 1.00
 Australia ,Substructure and Pavements,General Concrete Paving,N25 Concrete 100mm thick reinforced with SL82,1,m2,-0.76,0.04,0,0,TfNSW Engineering Carbon and Cost Library (ECCL) Level 5 Road Benchmarks Version 1.00
 Australia ,Substructure and Pavements,General Concrete Paving,N25 Concrete 125mm thick reinforced with SL82,1,m2,-0.76,0.04,0,0,TfNSW Engineering Carbon and Cost Library (ECCL) Level 5 Road Benchmarks Version 1.00
 Australia ,Substructure and Pavements,General Concrete Paving,N25 Concrete 150mm thick reinforced with SL82,1,m2,-0.76,0.05,0,0,TfNSW Engineering Carbon and Cost Library (ECCL) Level 5 Road Benchmarks Version 1.00
 Australia ,Substructure and Pavements,General Concrete Paving,N32 Concrete 100mm thick reinforced with SL72,1,m2,-0.76,0.04,0,0,TfNSW Engineering Carbon and Cost Library (ECCL) Level 5 Road Benchmarks Version 1.00
 Australia ,Substructure and Pavements,General Concrete Paving,N32 Concrete 125mm thick reinforced with SL72,1,m2,-0.76,0.05,0,0,TfNSW Engineering Carbon and Cost Library (ECCL) Level 5 Road Benchmarks Version 1.00
 Australia ,Substructure and Pavements,General Concrete Paving,N32 Concrete 150mm thick reinforced with SL72,1,m2,-0.76,0.05,0,0,TfNSW Engineering Carbon and Cost Library (ECCL) Level 5 Road Benchmarks Version 1.00
 Australia ,Substructure and Pavements,General Concrete Paving,N32 Concrete 100mm thick reinforced with SL82,1,m2,-0.76,0.04,0,0,TfNSW Engineering Carbon and Cost Library (ECCL) Level 5 Road Benchmarks Version 1.00
 Australia ,Substructure and Pavements,General Concrete Paving,N32 Concrete 125mm thick reinforced with SL82,1,m2,-0.76,0.05,0,0,TfNSW Engineering Carbon and Cost Library (ECCL) Level 5 Road Benchmarks Version 1.00
 Australia ,Substructure and Pavements,General Concrete Paving,N32 Concrete 150mm thick reinforced with SL82,1,m2,-0.76,0.05,0,0,TfNSW Engineering Carbon and Cost Library (ECCL) Level 5 Road Benchmarks Version 1.00
 Australia ,Substructure and Pavements,General Concrete Paving,N25 Concrete 100mm thick reinforced with SL72,1,m2,-0.76,0.03,0,0,TfNSW Engineering Carbon and Cost Library (ECCL) Level 5 Road Benchmarks Version 1.00
 Australia ,Substructure and Pavements,General Concrete Paving,N25 Concrete 125mm thick reinforced with SL72,1,m2,-0.76,0.04,0,0,TfNSW Engineering Carbon and Cost Library (ECCL) Level 5 Road Benchmarks Version 1.00
 Australia ,Substructure and Pavements,General Concrete Paving,N25 Concrete 150mm thick reinforced with SL72,1,m2,-0.76,0.05,0,0,TfNSW Engineering Carbon and Cost Library (ECCL) Level 5 Road Benchmarks Version 1.00
 Australia ,Substructure and Pavements,General Concrete Paving,N25 Concrete 100mm thick reinforced with SL82,1,m2,-0.76,0.04,0,0,TfNSW Engineering Carbon and Cost Library (ECCL) Level 5 Road Benchmarks Version 1.00
 Australia ,Substructure and Pavements,General Concrete Paving,N25 Concrete 125mm thick reinforced with SL82,1,m2,-0.76,0.04,0,0,TfNSW Engineering Carbon and Cost Library (ECCL) Level 5 Road Benchmarks Version 1.00
 Australia ,Substructure and Pavements,General Concrete Paving,N25 Concrete 150mm thick reinforced with SL82,1,m2,-0.76,0.05,0,0,TfNSW Engineering Carbon and Cost Library (ECCL) Level 5 Road Benchmarks Version 1.00
 Australia ,Substructure and Pavements,General Concrete Paving,N32 Concrete 100mm thick reinforced with SL72,1,m2,-0.76,0.04,0,0,TfNSW Engineering Carbon and Cost Library (ECCL) Level 5 Road Benchmarks Version 1.00
 Australia ,Substructure and Pavements,General Concrete Paving,N32 Concrete 125mm thick reinforced with SL72,1,m2,-0.76,0.05,0,0,TfNSW Engineering Carbon and Cost Library (ECCL) Level 5 Road Benchmarks Version 1.00
 Australia ,Substructure and Pavements,General Concrete Paving,N32 Concrete 150mm thick reinforced with SL72,1,m2,-0.76,0.05,0,0,TfNSW Engineering Carbon and Cost Library (ECCL) Level 5 Road Benchmarks Version 1.00
 Australia ,Substructure and Pavements,General Concrete Paving,N32 Concrete 100mm thick reinforced with SL82,1,m2,-0.76,0.04,0,0,TfNSW Engineering Carbon and Cost Library (ECCL) Level 5 Road Benchmarks Version 1.00
 Australia ,Substructure and Pavements,General Concrete Paving,N32 Concrete 125mm thick reinforced with SL82,1,m2,-0.76,0.05,0,0,TfNSW Engineering Carbon and Cost Library (ECCL) Level 5 Road Benchmarks Version 1.00
 Australia ,Substructure and Pavements,General Concrete Paving,N32 Concrete 150mm thick reinforced with SL82,1,m2,-0.76,0.05,0,0,TfNSW Engineering Carbon and Cost Library (ECCL) Level 5 Road Benchmarks Version 1.00
 Australia ,Substructure and Pavements,General Concrete Paving,N25 Concrete 100mm thick reinforced with SL72,1,m2,-0.76,0.03,0,0,TfNSW Engineering Carbon and Cost Library (ECCL) Level 5 Road Benchmarks Version 1.00
 Australia ,Substructure and Pavements,General Concrete Paving,N25 Concrete 125mm thick reinforced with SL72,1,m2,-0.76,0.04,0,0,TfNSW Engineering Carbon and Cost Library (ECCL) Level 5 Road Benchmarks Version 1.00
 Australia ,Substructure and Pavements,General Concrete Paving,N25 Concrete 150mm thick reinforced with SL72,1,m2,-0.76,0.05,0,0,TfNSW Engineering Carbon and Cost Library (ECCL) Level 5 Road Benchmarks Version 1.00
 Australia ,Substructure and Pavements,General Concrete Paving,N25 Concrete 100mm thick reinforced with SL82,1,m2,-0.76,0.04,0,0,TfNSW Engineering Carbon and Cost Library (ECCL) Level 5 Road Benchmarks Version 1.00
 Australia ,Substructure and Pavements,General Concrete Paving,N25 Concrete 125mm thick reinforced with SL82,1,m2,-0.76,0.04,0,0,TfNSW Engineering Carbon and Cost Library (ECCL) Level 5 Road Benchmarks Version 1.00
 Australia ,Substructure and Pavements,General Concrete Paving,N25 Concrete 150mm thick reinforced with SL82,1,m2,-0.76,0.05,0,0,TfNSW Engineering Carbon and Cost Library (ECCL) Level 5 Road Benchmarks Version 1.00
 Australia ,Substructure and Pavements,General Concrete Paving,N32 Concrete 100mm thick reinforced with SL72,1,m2,-0.76,0.04,0,0,TfNSW Engineering Carbon and Cost Library (ECCL) Level 5 Road Benchmarks Version 1.00
 Australia ,Substructure and Pavements,General Concrete Paving,N32 Concrete 125mm thick reinforced with SL72,1,m2,-0.76,0.05,0,0,TfNSW Engineering Carbon and Cost Library (ECCL) Level 5 Road Benchmarks Version 1.00
 Australia ,Substructure and Pavements,General Concrete Paving,N32 Concrete 150mm thick reinforced with SL72,1,m2,-0.76,0.05,0,0,TfNSW Engineering Carbon and Cost Library (ECCL) Level 5 Road Benchmarks Version 1.00
 Australia ,Substructure and Pavements,General Concrete Paving,N32 Concrete 100mm thick reinforced with SL82,1,m2,-0.76,0.04,0,0,TfNSW Engineering Carbon and Cost Library (ECCL) Level 5 Road Benchmarks Version 1.00
 Australia ,Substructure and Pavements,General Concrete Paving,N32 Concrete 125mm thick reinforced with SL82,1,m2,-0.76,0.05,0,0,TfNSW Engineering Carbon and Cost Library (ECCL) Level 5 Road Benchmarks Version 1.00
 Australia ,Substructure and Pavements,General Concrete Paving,N32 Concrete 150mm thick reinforced with SL82,1,m2,-0.76,0.05,0,0,TfNSW Engineering Carbon and Cost Library (ECCL) Level 5 Road Benchmarks Version 1.00
 Australia ,Substructure and Pavements,General Concrete Paving,N25 Concrete 100mm thick reinforced with SL72,1,m2,-0.76,0.03,0,0,TfNSW Engineering Carbon and Cost Library (ECCL) Level 5 Road Benchmarks Version 1.00
 Australia ,Substructure and Pavements,General Concrete Paving,N25 Concrete 125mm thick reinforced with SL72,1,m2,-0.76,0.04,0,0,TfNSW Engineering Carbon and Cost Library (ECCL) Level 5 Road Benchmarks Version 1.00
 Australia ,Substructure and Pavements,General Concrete Paving,N25 Concrete 150mm thick reinforced with SL72,1,m2,-0.76,0.05,0,0,TfNSW Engineering Carbon and Cost Library (ECCL) Level 5 Road Benchmarks Version 1.00
 Australia ,Substructure and Pavements,General Concrete Paving,N25 Concrete 100mm thick reinforced with SL82,1,m2,-0.76,0.04,0,0,TfNSW Engineering Carbon and Cost Library (ECCL) Level 5 Road Benchmarks Version 1.00
 Australia ,Substructure and Pavements,General Concrete Paving,N25 Concrete 125mm thick reinforced with SL82,1,m2,-0.76,0.04,0,0,TfNSW Engineering Carbon and Cost Library (ECCL) Level 5 Road Benchmarks Version 1.00
 Australia ,Substructure and Pavements,General Concrete Paving,N25 Concrete 150mm thick reinforced with SL82,1,m2,-0.76,0.05,0,0,TfNSW Engineering Carbon and Cost Library (ECCL) Level 5 Road Benchmarks Version 1.00
 Australia ,Substructure and Pavements,General Concrete Paving,N32 Concrete 100mm thick reinforced with SL72,1,m2,-0.76,0.04,0,0,TfNSW Engineering Carbon and Cost Library (ECCL) Level 5 Road Benchmarks Version 1.00
 Australia ,Substructure and Pavements,General Concrete Paving,N32 Concrete 125mm thick reinforced with SL72,1,m2,-0.76,0.05,0,0,TfNSW Engineering Carbon and Cost Library (ECCL) Level 5 Road Benchmarks Version 1.00
 Australia ,Substructure and Pavements,General Concrete Paving,N32 Concrete 150mm thick reinforced with SL72,1,m2,-0.76,0.05,0,0,TfNSW Engineering Carbon and Cost Library (ECCL) Level 5 Road Benchmarks Version 1.00
 Australia ,Substructure and Pavements,General Concrete Paving,N32 Concrete 100mm thick reinforced with SL82,1,m2,-0.76,0.04,0,0,TfNSW Engineering Carbon and Cost Library (ECCL) Level 5 Road Benchmarks Version 1.00
 Australia ,Substructure and Pavements,General Concrete Paving,N32 Concrete 125mm thick reinforced with SL82,1,m2,-0.76,0.05,0,0,TfNSW Engineering Carbon and Cost Library (ECCL) Level 5 Road Benchmarks Version 1.00
 Australia ,Substructure and Pavements,General Concrete Paving,N32 Concrete 150mm thick reinforced with SL82,1,m2,-0.76,0.05,0,0,TfNSW Engineering Carbon and Cost Library (ECCL) Level 5 Road Benchmarks Version 1.00
 Australia ,Substructure and Pavements,General Concrete Paving,N25 Concrete 100mm thick reinforced with SL72,1,m2,-0.76,0.03,0,0,TfNSW Engineering Carbon and Cost Library (ECCL) Level 5 Road Benchmarks Version 1.00
 Australia ,Substructure and Pavements,General Concrete Paving,N25 Concrete 125mm thick reinforced with SL72,1,m2,-0.76,0.04,0,0,TfNSW Engineering Carbon and Cost Library (ECCL) Level 5 Road Benchmarks Version 1.00
 Australia ,Substructure and Pavements,General Concrete Paving,N25 Concrete 150mm thick reinforced with SL72,1,m2,-0.76,0.05,0,0,TfNSW Engineering Carbon and Cost Library (ECCL) Level 5 Road Benchmarks Version 1.00
 Australia ,Substructure and Pavements,General Concrete Paving,N25 Concrete 100mm thick reinforced with SL82,1,m2,-0.76,0.04,0,0,TfNSW Engineering Carbon and Cost Library (ECCL) Level 5 Road Benchmarks Version 1.00
 Australia ,Substructure and Pavements,General Concrete Paving,N25 Concrete 125mm thick reinforced with SL82,1,m2,-0.76,0.04,0,0,TfNSW Engineering Carbon and Cost Library (ECCL) Level 5 Road Benchmarks Version 1.00
 Australia ,Substructure and Pavements,General Concrete Paving,N25 Concrete 150mm thick reinforced with SL82,1,m2,-0.76,0.05,0,0,TfNSW Engineering Carbon and Cost Library (ECCL) Level 5 Road Benchmarks Version 1.00
 Australia ,Substructure and Pavements,General Concrete Paving,N32 Concrete 100mm thick reinforced with SL72,1,m2,-0.76,0.04,0,0,TfNSW Engineering Carbon and Cost Library (ECCL) Level 5 Road Benchmarks Version 1.00
 Australia ,Substructure and Pavements,General Concrete Paving,N32 Concrete 125mm thick reinforced with SL72,1,m2,-0.76,0.05,0,0,TfNSW Engineering Carbon and Cost Library (ECCL) Level 5 Road Benchmarks Version 1.00
 Australia ,Substructure and Pavements,General Concrete Paving,N32 Concrete 150mm thick reinforced with SL72,1,m2,-0.76,0.05,0,0,TfNSW Engineering Carbon and Cost Library (ECCL) Level 5 Road Benchmarks Version 1.00
 Australia ,Substructure and Pavements,General Concrete Paving,N32 Concrete 100mm thick reinforced with SL82,1,m2,-0.76,0.04,0,0,TfNSW Engineering Carbon and Cost Library (ECCL) Level 5 Road Benchmarks Version 1.00
 Australia ,Substructure and Pavements,General Concrete Paving,N32 Concrete 125mm thick reinforced with SL82,1,m2,-0.76,0.05,0,0,TfNSW Engineering Carbon and Cost Library (ECCL) Level 5 Road Benchmarks Version 1.00
 Australia ,Substructure and Pavements,General Concrete Paving,N32 Concrete 150mm thick reinforced with SL82,1,m2,-0.76,0.05,0,0,TfNSW Engineering Carbon and Cost Library (ECCL) Level 5 Road Benchmarks Version 1.00
 Australia ,Substructure and Pavements,General Concrete Paving,N25 Concrete 100mm thick reinforced with SL72,1,m2,-0.76,0.03,0,0,TfNSW Engineering Carbon and Cost Library (ECCL) Level 5 Road Benchmarks Version 1.00
 Australia ,Substructure and Pavements,General Concrete Paving,N25 Concrete 125mm thick reinforced with SL72,1,m2,-0.76,0.04,0,0,TfNSW Engineering Carbon and Cost Library (ECCL) Level 5 Road Benchmarks Version 1.00
 Australia ,Substructure and Pavements,General Concrete Paving,N25 Concrete 150mm thick reinforced with SL72,1,m2,-0.76,0.05,0,0,TfNSW Engineering Carbon and Cost Library (ECCL) Level 5 Road Benchmarks Version 1.00
 Australia ,Substructure and Pavements,General Concrete Paving,N25 Concrete 100mm thick reinforced with SL82,1,m2,-0.76,0.04,0,0,TfNSW Engineering Carbon and Cost Library (ECCL) Level 5 Road Benchmarks Version 1.00
 Australia ,Substructure and Pavements,General Concrete Paving,N25 Concrete 125mm thick reinforced with SL82,1,m2,-0.76,0.04,0,0,TfNSW Engineering Carbon and Cost Library (ECCL) Level 5 Road Benchmarks Version 1.00
 Australia ,Substructure and Pavements,General Concrete Paving,N25 Concrete 150mm thick reinforced with SL82,1,m2,-0.76,0.05,0,0,TfNSW Engineering Carbon and Cost Library (ECCL) Level 5 Road Benchmarks Version 1.00
 Australia ,Substructure and Pavements,General Concrete Paving,N32 Concrete 100mm thick reinforced with SL72,1,m2,-0.76,0.04,0,0,TfNSW Engineering Carbon and Cost Library (ECCL) Level 5 Road Benchmarks Version 1.00
 Australia ,Substructure and Pavements,General Concrete Paving,N32 Concrete 125mm thick reinforced with SL72,1,m2,-0.76,0.05,0,0,TfNSW Engineering Carbon and Cost Library (ECCL) Level 5 Road Benchmarks Version 1.00
 Australia ,Substructure and Pavements,General Concrete Paving,N32 Concrete 150mm thick reinforced with SL72,1,m2,-0.76,0.05,0,0,TfNSW Engineering Carbon and Cost Library (ECCL) Level 5 Road Benchmarks Version 1.00
 Australia ,Substructure and Pavements,General Concrete Paving,N32 Concrete 100mm thick reinforced with SL82,1,m2,-0.76,0.04,0,0,TfNSW Engineering Carbon and Cost Library (ECCL) Level 5 Road Benchmarks Version 1.00
 Australia ,Substructure and Pavements,General Concrete Paving,N32 Concrete 125mm thick reinforced with SL82,1,m2,-0.76,0.05,0,0,TfNSW Engineering Carbon and Cost Library (ECCL) Level 5 Road Benchmarks Version 1.00
 Australia ,Substructure and Pavements,General Concrete Paving,N32 Concrete 150mm thick reinforced with SL82,1,m2,-0.76,0.05,0,0,TfNSW Engineering Carbon and Cost Library (ECCL) Level 5 Road Benchmarks Version 1.00
 Australia ,Substructure and Pavements,General Concrete Paving,Subbase Layer,1,m3, -   ,0.01,0.01,0.01,TfNSW Engineering Carbon and Cost Library (ECCL) Level 5 Road Benchmarks Version 1.00
 Australia ,Substructure and Pavements,General Concrete Paving,Tactile Indicators,1,m2, -   ,0.03,0,0,TfNSW Engineering Carbon and Cost Library (ECCL) Level 5 Road Benchmarks Version 1.00
 Australia ,Substructure and Pavements,Rock Filled Gabions and Mattresses,Galvanised wire mesh gabions,1,m3, -   ,0.05,0.01,0.01,TfNSW Engineering Carbon and Cost Library (ECCL) Level 5 Road Benchmarks Version 1.00
 Australia ,Substructure and Pavements,Rock Filled Gabions and Mattresses,PVC Coated Galvanised wire mesh gabions,1,m3, -   ,0.03,0.01,0.01,TfNSW Engineering Carbon and Cost Library (ECCL) Level 5 Road Benchmarks Version 1.00
 Australia ,Substructure and Pavements,Rock Filled Gabions and Mattresses,170mm thickness,1,m2, -   ,0,0,0,TfNSW Engineering Carbon and Cost Library (ECCL) Level 5 Road Benchmarks Version 1.00
 Australia ,Substructure and Pavements,Rock Filled Gabions and Mattresses,230mm thickness,1,m2, -   ,0,0,0,TfNSW Engineering Carbon and Cost Library (ECCL) Level 5 Road Benchmarks Version 1.00
 Australia ,Substructure and Pavements,Rock Filled Gabions and Mattresses,300mm thickness,1,m2, -   ,0.01,0,0,TfNSW Engineering Carbon and Cost Library (ECCL) Level 5 Road Benchmarks Version 1.00
 Australia ,Substructure and Pavements,Rock Filled Gabions and Mattresses,170mm thickness,1,m2, -   ,0,0,0,TfNSW Engineering Carbon and Cost Library (ECCL) Level 5 Road Benchmarks Version 1.00
 Australia ,Substructure and Pavements,Rock Filled Gabions and Mattresses,230mm thickness,1,m2, -   ,0,0,0,TfNSW Engineering Carbon and Cost Library (ECCL) Level 5 Road Benchmarks Version 1.00
 Australia ,Substructure and Pavements,Rock Filled Gabions and Mattresses,300mm thickness,1,m2, -   ,0.01,0,0,TfNSW Engineering Carbon and Cost Library (ECCL) Level 5 Road Benchmarks Version 1.00
 Australia ,Substructure and Pavements,Rock Filled Gabions and Mattresses,Galvanised Wire Terramesh,1,m2, -   ,0.02,0.01,0.01,TfNSW Engineering Carbon and Cost Library (ECCL) Level 5 Road Benchmarks Version 1.00
 Australia ,Substructure and Pavements,Rock Filled Gabions and Mattresses,PVC Coated Galvanised wire Terramesh,1,m2, -   ,0.03,0.01,0.01,TfNSW Engineering Carbon and Cost Library (ECCL) Level 5 Road Benchmarks Version 1.00
 Australia ,Substructure and Pavements,Rock Filled Gabions and Mattresses,Select Backfill for Terramesh Panels,1,m3, -   ,0.02,0.01,0.01,TfNSW Engineering Carbon and Cost Library (ECCL) Level 5 Road Benchmarks Version 1.00
 Australia ,Substructure and Pavements,Rock Filled Gabions and Mattresses,Excavation for Gabions,1,m3, -   , -   ,0,0.01,TfNSW Engineering Carbon and Cost Library (ECCL) Level 5 Road Benchmarks Version 1.00
 Australia ,Substructure and Pavements,Rock Filled Gabions and Mattresses,Excavation for Mattresses,1,m3, -   , -   ,0,0.01,TfNSW Engineering Carbon and Cost Library (ECCL) Level 5 Road Benchmarks Version 1.00
 Australia ,Structure,Construction of Reinforced Soil Walls (contractor’s design),Supply of Components,1,m2, -   ,0.09,0.01,0,TfNSW Engineering Carbon and Cost Library (ECCL) Level 5 Road Benchmarks Version 1.00
 Australia ,Structure,Construction of Reinforced Soil Walls (contractor’s design),Preparation of Foundation,1,m2, -   , -   ,0,0,TfNSW Engineering Carbon and Cost Library (ECCL) Level 5 Road Benchmarks Version 1.00
 Australia ,Structure,Construction of Reinforced Soil Walls (contractor’s design),Base/Concrete Strip Footings,1,m,-1.73,0.04,0,0,TfNSW Engineering Carbon and Cost Library (ECCL) Level 5 Road Benchmarks Version 1.00
 Australia ,Structure,Construction of Reinforced Soil Walls (contractor’s design),Erection of RSW Panels,1,m2, -   , -   ,0,0.01,TfNSW Engineering Carbon and Cost Library (ECCL) Level 5 Road Benchmarks Version 1.00
 Australia ,Structure,Construction of Reinforced Soil Walls (contractor’s design),Drainage Layer,1,m3, -   ,0.03,0.01,0.01,TfNSW Engineering Carbon and Cost Library (ECCL) Level 5 Road Benchmarks Version 1.00
 Australia ,Surface and Underground Drainage,Construction of Reinforced Soil Walls (contractor’s design),Capping,1,m,-0.87,0.1,0.01,0.01,TfNSW Engineering Carbon and Cost Library (ECCL) Level 5 Road Benchmarks Version 1.00
 Australia ,Substructure and Pavements,Construction of Reinforced Soil Walls (contractor’s design),Extra Over for Supply and Placing Reinforced Fill Material,1,m3, -   ,0.03,0.01,0.01,TfNSW Engineering Carbon and Cost Library (ECCL) Level 5 Road Benchmarks Version 1.00
 Australia ,Structure,Construction of Reinforced Soil Walls (contractor’s design),Extra Over for Supply and Placing Imported or Borrowed Material for Fill Above and Behind Reinforced Soil Block,1,m3, -   , -   ,0.01,0.01,TfNSW Engineering Carbon and Cost Library (ECCL) Level 5 Road Benchmarks Version 1.00
 Australia ,Substructure and Pavements,Construction of Reinforced Soil Walls (principal’s design),Supply of Components,1,m2, -   ,0.09,0.01,0,TfNSW Engineering Carbon and Cost Library (ECCL) Level 5 Road Benchmarks Version 1.00
 Australia ,Substructure and Pavements,Construction of Reinforced Soil Walls (principal’s design),Preparation of Foundation,1,m2, -   , -   ,0,0,TfNSW Engineering Carbon and Cost Library (ECCL) Level 5 Road Benchmarks Version 1.00
 Australia ,Substructure and Pavements,Construction of Reinforced Soil Walls (principal’s design),Base/Concrete Strip Footings,1,m,-1.73,0.04,0,0,TfNSW Engineering Carbon and Cost Library (ECCL) Level 5 Road Benchmarks Version 1.00
 Australia ,Structure,Construction of Reinforced Soil Walls (principal’s design),Erection of RSW Panels,1,m2, -   , -   ,0,0.01,TfNSW Engineering Carbon and Cost Library (ECCL) Level 5 Road Benchmarks Version 1.00
 Australia ,Surface and Underground Drainage,Construction of Reinforced Soil Walls (principal’s design),Drainage Layer,1,m3, -   ,0.03,0.01,0.01,TfNSW Engineering Carbon and Cost Library (ECCL) Level 5 Road Benchmarks Version 1.00
 Australia ,Substructure and Pavements,Construction of Reinforced Soil Walls (principal’s design),Capping,1,m,-0.87,0.1,0.01,0.01,TfNSW Engineering Carbon and Cost Library (ECCL) Level 5 Road Benchmarks Version 1.00
 Australia ,Structure,Construction of Reinforced Soil Walls (principal’s design),Extra Over for Supply and Placing Reinforced Fill Material,1,m3, -   ,0.03,0.01,0.01,TfNSW Engineering Carbon and Cost Library (ECCL) Level 5 Road Benchmarks Version 1.00
 Australia ,Structure,Construction of Reinforced Soil Walls (principal’s design),Extra Over for Supply and Placing Imported or Borrowed Material for Fill Above and Behind Reinforced Soil Block,1,m3, -   , -   ,0.01,0.01,TfNSW Engineering Carbon and Cost Library (ECCL) Level 5 Road Benchmarks Version 1.00
 Australia ,Structure,Construction of Reinforced Concrete Walls,Excavation to Required Levels,1,m3, -   , -   ,0,0.01,TfNSW Engineering Carbon and Cost Library (ECCL) Level 5 Road Benchmarks Version 1.00
 Australia ,Structure,Construction of Reinforced Concrete Walls,Preparation of Foundation,1,m2, -   , -   ,0,0,TfNSW Engineering Carbon and Cost Library (ECCL) Level 5 Road Benchmarks Version 1.00
 Australia ,Structure,Construction of Reinforced Concrete Walls,Mass Concrete Blinding Layer,1,m3, -   ,0.28,0.01,0.01,TfNSW Engineering Carbon and Cost Library (ECCL) Level 5 Road Benchmarks Version 1.00
 Australia ,Structure,Construction of Reinforced Concrete Walls,Supply and Place Steel Bar Reinforcement,1,t, -   ,1.7,0.11,0.11,TfNSW Engineering Carbon and Cost Library (ECCL) Level 5 Road Benchmarks Version 1.00
 Australia ,Structure,Construction of Reinforced Concrete Walls,Supply and Place Wire Reinforcing Fabric,1,m2, -   ,0.01,0,0,TfNSW Engineering Carbon and Cost Library (ECCL) Level 5 Road Benchmarks Version 1.00
 Australia ,Structure,Construction of Reinforced Concrete Walls,Supply and Placement of N25 Concrete to base slab,1,m3,-5.02,0.23,0,0.02,TfNSW Engineering Carbon and Cost Library (ECCL) Level 5 Road Benchmarks Version 1.00
 Australia ,Structure,Construction of Reinforced Concrete Walls,Supply and Placement of N32 Concrete to base slab,1,m3,-5.02,0.27,0,0.02,TfNSW Engineering Carbon and Cost Library (ECCL) Level 5 Road Benchmarks Version 1.00
 Australia ,Structure,Construction of Reinforced Concrete Walls,Supply and Placement of N40 Concrete to base slab,1,m3,-5.02,0.32,0.01,0.02,TfNSW Engineering Carbon and Cost Library (ECCL) Level 5 Road Benchmarks Version 1.00
 Australia ,Structure,Construction of Reinforced Concrete Walls,Supply and Placement of N25 Concrete to wall,1,m3,-47.05,0.28,0.01,0.05,TfNSW Engineering Carbon and Cost Library (ECCL) Level 5 Road Benchmarks Version 1.00
 Australia ,Structure,Construction of Reinforced Concrete Walls,Supply and Placement of N32 Concrete to wall,1,m3,-47.05,0.33,0.01,0.05,TfNSW Engineering Carbon and Cost Library (ECCL) Level 5 Road Benchmarks Version 1.00
 Australia ,Structure,Construction of Reinforced Concrete Walls,Supply and Placement of N40 Concrete to wall,1,m3,-47.05,0.38,0.01,0.05,TfNSW Engineering Carbon and Cost Library (ECCL) Level 5 Road Benchmarks Version 1.00
 Australia ,Structure,Construction of Reinforced Concrete Walls,Finish and Cure Concrete,1,m2, -   ,0,0,0,TfNSW Engineering Carbon and Cost Library (ECCL) Level 5 Road Benchmarks Version 1.00
 Australia ,Structure,Construction of Reinforced Concrete Walls,100 mm dia Corrugated Perforated Plastic Drainage Pipe,1,m, -   ,0,0,0,TfNSW Engineering Carbon and Cost Library (ECCL) Level 5 Road Benchmarks Version 1.00
 Australia ,Structure,Construction of Reinforced Concrete Walls,Geofabric,1,m2, -   ,0,0,0,TfNSW Engineering Carbon and Cost Library (ECCL) Level 5 Road Benchmarks Version 1.00
 Australia ,Structure,Construction of Reinforced Concrete Walls,Drainage Aggregate,1,m3, -   ,0.02,0.01,0,TfNSW Engineering Carbon and Cost Library (ECCL) Level 5 Road Benchmarks Version 1.00
 Australia ,Structure,Construction of Reinforced Concrete Walls,Expansion Joints,1,m, -   ,0,0,0,TfNSW Engineering Carbon and Cost Library (ECCL) Level 5 Road Benchmarks Version 1.00
 Australia ,Structure,Construction of Reinforced Concrete Walls,Isolation Joints,1,m, -   ,0,0,0,TfNSW Engineering Carbon and Cost Library (ECCL) Level 5 Road Benchmarks Version 1.00
 Australia ,Structure,Construction of Reinforced Concrete Walls,Contraction Joints,1,m,-0.18,0,0,0,TfNSW Engineering Carbon and Cost Library (ECCL) Level 5 Road Benchmarks Version 1.00
 Australia ,Structure,Construction of Reinforced Concrete Walls,Select Fill,1,m3, -   ,0.03,0.01,0.01,TfNSW Engineering Carbon and Cost Library (ECCL) Level 5 Road Benchmarks Version 1.00
 Australia ,Structure,Construction of Reinforced Concrete Walls,Earth Fill,1,m3, -   , -   ,0,0.01,TfNSW Engineering Carbon and Cost Library (ECCL) Level 5 Road Benchmarks Version 1.00
 Australia ,Structure,Construction of Reinforced Concrete Walls with Piled Foundations,750mm Diameter,1,m, -   ,0.89,0.01,0.01,TfNSW Engineering Carbon and Cost Library (ECCL) Level 5 Road Benchmarks Version 1.00
 Australia ,Structure,Construction of Reinforced Concrete Walls with Piled Foundations,900mm Diameter,1,m, -   ,1.08,0.02,0.02,TfNSW Engineering Carbon and Cost Library (ECCL) Level 5 Road Benchmarks Version 1.00
 Australia ,Structure,Construction of Reinforced Concrete Walls with Piled Foundations,1050mm Diameter,1,m, -   ,1.25,0.02,0.02,TfNSW Engineering Carbon and Cost Library (ECCL) Level 5 Road Benchmarks Version 1.00
 Australia ,Structure,Construction of Reinforced Concrete Walls with Piled Foundations,1200mm Diameter,1,m, -   ,1.43,0.02,0.02,TfNSW Engineering Carbon and Cost Library (ECCL) Level 5 Road Benchmarks Version 1.00
 Australia ,Structure,Construction of Reinforced Concrete Walls with Piled Foundations,1500mm Diameter,1,m, -   ,1.78,0.02,0.03,TfNSW Engineering Carbon and Cost Library (ECCL) Level 5 Road Benchmarks Version 1.00
 Australia ,Structure,Construction of Reinforced Concrete Walls with Piled Foundations,Drilling from Ground Level to Start of Rock Coring,1,m, -   , -   , -   , -   ,TfNSW Engineering Carbon and Cost Library (ECCL) Level 5 Road Benchmarks Version 1.00
 Australia ,Structure,Construction of Reinforced Concrete Walls with Piled Foundations,Rock Coring,1,m, -   , -   , -   , -   ,TfNSW Engineering Carbon and Cost Library (ECCL) Level 5 Road Benchmarks Version 1.00
 Australia ,Structure,Construction of Reinforced Concrete Walls with Piled Foundations,Attendance of Professional Geotechnical Engineer During Pile Hole Excavation Inside Casing,1,hour, -   , -   , -   ,0,TfNSW Engineering Carbon and Cost Library (ECCL) Level 5 Road Benchmarks Version 1.00
 Australia ,Structure,Construction of Reinforced Concrete Walls with Piled Foundations,750mm Diameter,1,m, -   , -   ,0,0.04,TfNSW Engineering Carbon and Cost Library (ECCL) Level 5 Road Benchmarks Version 1.00
 Australia ,Structure,Construction of Reinforced Concrete Walls with Piled Foundations,900mm Diameter,1,m, -   , -   ,0,0.05,TfNSW Engineering Carbon and Cost Library (ECCL) Level 5 Road Benchmarks Version 1.00
 Australia ,Structure,Construction of Reinforced Concrete Walls with Piled Foundations,1050mm Diameter,1,m, -   , -   ,0,0.05,TfNSW Engineering Carbon and Cost Library (ECCL) Level 5 Road Benchmarks Version 1.00
 Australia ,Structure,Construction of Reinforced Concrete Walls with Piled Foundations,1200mm Diameter,1,m, -   , -   ,0,0.07,TfNSW Engineering Carbon and Cost Library (ECCL) Level 5 Road Benchmarks Version 1.00
 Australia ,Structure,Construction of Reinforced Concrete Walls with Piled Foundations,1500mm Diameter,1,m, -   , -   ,0,0.08,TfNSW Engineering Carbon and Cost Library (ECCL) Level 5 Road Benchmarks Version 1.00
 Australia ,Structure,Construction of Reinforced Concrete Walls with Piled Foundations,750mm Diameter,1,m, -   , -   ,0,0.05,TfNSW Engineering Carbon and Cost Library (ECCL) Level 5 Road Benchmarks Version 1.00
 Australia ,Structure,Construction of Reinforced Concrete Walls with Piled Foundations,900mm Diameter,1,m, -   , -   ,0,0.06,TfNSW Engineering Carbon and Cost Library (ECCL) Level 5 Road Benchmarks Version 1.00
 Australia ,Structure,Construction of Reinforced Concrete Walls with Piled Foundations,1050mm Diameter,1,m, -   , -   ,0,0.07,TfNSW Engineering Carbon and Cost Library (ECCL) Level 5 Road Benchmarks Version 1.00
 Australia ,Structure,Construction of Reinforced Concrete Walls with Piled Foundations,1200mm Diameter,1,m, -   , -   ,0,0.08,TfNSW Engineering Carbon and Cost Library (ECCL) Level 5 Road Benchmarks Version 1.00
 Australia ,Structure,Construction of Reinforced Concrete Walls with Piled Foundations,1500mm Diameter,1,m, -   , -   ,0,0.11,TfNSW Engineering Carbon and Cost Library (ECCL) Level 5 Road Benchmarks Version 1.00
 Australia ,Structure,Construction of Reinforced Concrete Walls with Piled Foundations,750mm Diameter,1,m, -   ,0.09,0,0.04,TfNSW Engineering Carbon and Cost Library (ECCL) Level 5 Road Benchmarks Version 1.00
 Australia ,Structure,Construction of Reinforced Concrete Walls with Piled Foundations,900mm Diameter,1,m, -   ,0.1,0,0.04,TfNSW Engineering Carbon and Cost Library (ECCL) Level 5 Road Benchmarks Version 1.00
 Australia ,Structure,Construction of Reinforced Concrete Walls with Piled Foundations,1050mm Diameter,1,m, -   ,0.12,0,0.04,TfNSW Engineering Carbon and Cost Library (ECCL) Level 5 Road Benchmarks Version 1.00
 Australia ,Structure,Construction of Reinforced Concrete Walls with Piled Foundations,1200mm Diameter,1,m, -   ,0.14,0,0.05,TfNSW Engineering Carbon and Cost Library (ECCL) Level 5 Road Benchmarks Version 1.00
 Australia ,Structure,Construction of Reinforced Concrete Walls with Piled Foundations,1500mm Diameter,1,m, -   ,0.17,0,0.07,TfNSW Engineering Carbon and Cost Library (ECCL) Level 5 Road Benchmarks Version 1.00
 Australia ,Structure,Construction of Reinforced Concrete Walls with Piled Foundations,750mm Diameter,1,m, -   , -   ,0,0.03,TfNSW Engineering Carbon and Cost Library (ECCL) Level 5 Road Benchmarks Version 1.00
 Australia ,Structure,Construction of Reinforced Concrete Walls with Piled Foundations,900mm Diameter,1,m, -   , -   ,0,0.03,TfNSW Engineering Carbon and Cost Library (ECCL) Level 5 Road Benchmarks Version 1.00
 Australia ,Structure,Construction of Reinforced Concrete Walls with Piled Foundations,1050mm Diameter,1,m, -   , -   ,0,0.04,TfNSW Engineering Carbon and Cost Library (ECCL) Level 5 Road Benchmarks Version 1.00
 Australia ,Structure,Construction of Reinforced Concrete Walls with Piled Foundations,1200mm Diameter,1,m, -   , -   ,0,0.05,TfNSW Engineering Carbon and Cost Library (ECCL) Level 5 Road Benchmarks Version 1.00
 Australia ,Structure,Construction of Reinforced Concrete Walls with Piled Foundations,1500mm Diameter,1,m, -   , -   ,0,0.06,TfNSW Engineering Carbon and Cost Library (ECCL) Level 5 Road Benchmarks Version 1.00
 Australia ,Structure,Construction of Reinforced Concrete Walls with Piled Foundations,For Indirect Visual or Other Inspection Method,1,each, -   , -   , -   ,0,TfNSW Engineering Carbon and Cost Library (ECCL) Level 5 Road Benchmarks Version 1.00
 Australia ,Structure,Construction of Reinforced Concrete Walls with Piled Foundations,For CCTV Indirect Examination Method - Provisional Quantity,1,each, -   , -   , -   ,0,TfNSW Engineering Carbon and Cost Library (ECCL) Level 5 Road Benchmarks Version 1.00
 Australia ,Structure,Construction of Reinforced Concrete Walls with Piled Foundations,To Contract Level,1,t, -   ,1.74,0.11,0.11,TfNSW Engineering Carbon and Cost Library (ECCL) Level 5 Road Benchmarks Version 1.00
 Australia ,Structure,Construction of Reinforced Concrete Walls with Piled Foundations,Below Contract Level - Provisional Quantity.,1,t, -   ,1.69,0.11,0.11,TfNSW Engineering Carbon and Cost Library (ECCL) Level 5 Road Benchmarks Version 1.00
 Australia ,Structure,Construction of Reinforced Concrete Walls with Piled Foundations,To Contract Level,1,m3, -   ,0.24,0.01,0.02,TfNSW Engineering Carbon and Cost Library (ECCL) Level 5 Road Benchmarks Version 1.00
 Australia ,Structure,Construction of Reinforced Concrete Walls with Piled Foundations,Below Contract Level - Provisional Quantity.,1,m3, -   ,0.24,0.01,0.02,TfNSW Engineering Carbon and Cost Library (ECCL) Level 5 Road Benchmarks Version 1.00
 Australia ,Structure,Construction of Reinforced Concrete Walls with Piled Foundations,Pile Integrity Testing,1,each, -   , -   , -   , -   ,TfNSW Engineering Carbon and Cost Library (ECCL) Level 5 Road Benchmarks Version 1.00
 Australia ,Structure,Construction of Reinforced Concrete Walls with Piled Foundations,Additional Pile Integrity Testing - Provisional Quantity,1,each, -   , -   , -   , -   ,TfNSW Engineering Carbon and Cost Library (ECCL) Level 5 Road Benchmarks Version 1.00
 Australia ,Structure,Construction of Reinforced Concrete Walls with Piled Foundations,Site Establishment,1,each, -   , -   , -   , -   ,TfNSW Engineering Carbon and Cost Library (ECCL) Level 5 Road Benchmarks Version 1.00
 Australia ,Structure,Construction of Reinforced Concrete Walls with Piled Foundations,Pile Testing,1,each, -   , -   , -   , -   ,TfNSW Engineering Carbon and Cost Library (ECCL) Level 5 Road Benchmarks Version 1.00
 Australia ,Structure,Construction of Reinforced Concrete Walls with Piled Foundations,Additional Pile Testing - Provisional Quantity,1,each, -   , -   , -   , -   ,TfNSW Engineering Carbon and Cost Library (ECCL) Level 5 Road Benchmarks Version 1.00
 Australia ,Structure,Construction of Reinforced Concrete Walls with Piled Foundations,Test Member - Provisional Quantity,1,each, -   , -   , -   , -   ,TfNSW Engineering Carbon and Cost Library (ECCL) Level 5 Road Benchmarks Version 1.00
 Australia ,Structure,Construction of Reinforced Concrete Walls with Piled Foundations,Excavation to Required Levels,1,m3, -   , -   ,0,0.01,TfNSW Engineering Carbon and Cost Library (ECCL) Level 5 Road Benchmarks Version 1.00
 Australia ,Structure,Construction of Reinforced Concrete Walls with Piled Foundations,Preparation of Foundation,1,m2, -   , -   ,0,0,TfNSW Engineering Carbon and Cost Library (ECCL) Level 5 Road Benchmarks Version 1.00
 Australia ,Structure,Construction of Reinforced Concrete Walls with Piled Foundations,Mass Concrete Blinding Layer,1,m3, -   ,0.28,0.01,0.01,TfNSW Engineering Carbon and Cost Library (ECCL) Level 5 Road Benchmarks Version 1.00
 Australia ,Structure,Construction of Reinforced Concrete Walls with Piled Foundations,Supply and Place Steel Bar Reinforcement,1,t, -   ,1.7,0.11,0.14,TfNSW Engineering Carbon and Cost Library (ECCL) Level 5 Road Benchmarks Version 1.00
 Australia ,Structure,Construction of Reinforced Concrete Walls with Piled Foundations,Supply and Placement of N25 Concrete,1,m3,-29.31,0.27,0.01,0.05,TfNSW Engineering Carbon and Cost Library (ECCL) Level 5 Road Benchmarks Version 1.00
 Australia ,Structure,Construction of Reinforced Concrete Walls with Piled Foundations,Supply and Placement of N32 Concrete,1,m3,-29.31,0.31,0.01,0.05,TfNSW Engineering Carbon and Cost Library (ECCL) Level 5 Road Benchmarks Version 1.00
 Australia ,Structure,Construction of Reinforced Concrete Walls with Piled Foundations,Supply and Placement of N40 Concrete,1,m3,-29.31,0.37,0.01,0.05,TfNSW Engineering Carbon and Cost Library (ECCL) Level 5 Road Benchmarks Version 1.00
 Australia ,Structure,Construction of Reinforced Concrete Walls with Piled Foundations,Finish and Cure Concrete,1,m2, -   ,0,0,0,TfNSW Engineering Carbon and Cost Library (ECCL) Level 5 Road Benchmarks Version 1.00
 Australia ,Structure,Construction of Reinforced Concrete Walls with Piled Foundations,Supply and Place Steel Bar Reinforcement,1,t, -   ,1.7,0.11,0.13,TfNSW Engineering Carbon and Cost Library (ECCL) Level 5 Road Benchmarks Version 1.00
 Australia ,Structure,Construction of Reinforced Concrete Walls with Piled Foundations,Supply and Placement of N25 Concrete to wall,1,m3,-47.05,0.28,0.01,0.03,TfNSW Engineering Carbon and Cost Library (ECCL) Level 5 Road Benchmarks Version 1.00
 Australia ,Structure,Construction of Reinforced Concrete Walls with Piled Foundations,Supply and Placement of N32 Concrete to wall,1,m3,-47.05,0.33,0.01,0.03,TfNSW Engineering Carbon and Cost Library (ECCL) Level 5 Road Benchmarks Version 1.00
 Australia ,Structure,Construction of Reinforced Concrete Walls with Piled Foundations,Supply and Placement of N40 Concrete to wall,1,m3,-47.05,0.38,0.01,0.03,TfNSW Engineering Carbon and Cost Library (ECCL) Level 5 Road Benchmarks Version 1.00
 Australia ,Structure,Construction of Reinforced Concrete Walls with Piled Foundations,Finish and Cure Concrete,1,m2, -   ,0,0,0,TfNSW Engineering Carbon and Cost Library (ECCL) Level 5 Road Benchmarks Version 1.00
 Australia ,Structure,Construction of Reinforced Concrete Walls with Piled Foundations,100 mm dia Corrugated Perforated Plastic Drainage Pipe,1,m, -   ,0,0,0,TfNSW Engineering Carbon and Cost Library (ECCL) Level 5 Road Benchmarks Version 1.00
 Australia ,Structure,Construction of Reinforced Concrete Walls with Piled Foundations,Geofabric,1,m2, -   ,0,0,0,TfNSW Engineering Carbon and Cost Library (ECCL) Level 5 Road Benchmarks Version 1.00
 Australia ,Structure,Construction of Reinforced Concrete Walls with Piled Foundations,Drainage Aggregate,1,m3, -   ,0.02,0.01,0,TfNSW Engineering Carbon and Cost Library (ECCL) Level 5 Road Benchmarks Version 1.00
 Australia ,Structure,Construction of Reinforced Concrete Walls with Piled Foundations,Expansion Joints,1,m, -   ,0,0,0,TfNSW Engineering Carbon and Cost Library (ECCL) Level 5 Road Benchmarks Version 1.00
 Australia ,Structure,Construction of Reinforced Concrete Walls with Piled Foundations,Isolation Joints,1,m, -   ,0,0,0,TfNSW Engineering Carbon and Cost Library (ECCL) Level 5 Road Benchmarks Version 1.00
 Australia ,Structure,Construction of Reinforced Concrete Walls with Piled Foundations,Contraction Joints,1,m,-0.18,0,0,0,TfNSW Engineering Carbon and Cost Library (ECCL) Level 5 Road Benchmarks Version 1.00
 Australia ,Structure,Construction of Reinforced Concrete Walls with Piled Foundations,Select Fill,1,m3, -   ,0.03,0.01,0,TfNSW Engineering Carbon and Cost Library (ECCL) Level 5 Road Benchmarks Version 1.00
 Australia ,Structure,Construction of Reinforced Concrete Walls with Piled Foundations,Earth Fill,1,m3, -   , -   ,0,0,TfNSW Engineering Carbon and Cost Library (ECCL) Level 5 Road Benchmarks Version 1.00
 Australia ,Services and Equipment,Soil Nailing,up to 6 m length,1,each, -   , -   , -   , -   ,TfNSW Engineering Carbon and Cost Library (ECCL) Level 5 Road Benchmarks Version 1.00
 Australia ,Services and Equipment,Soil Nailing,>6 to 9 m length,1,each, -   , -   , -   , -   ,TfNSW Engineering Carbon and Cost Library (ECCL) Level 5 Road Benchmarks Version 1.00
 Australia ,Services and Equipment,Soil Nailing,>9 to 12 m length,1,each, -   , -   , -   , -   ,TfNSW Engineering Carbon and Cost Library (ECCL) Level 5 Road Benchmarks Version 1.00
 Australia ,Services and Equipment,Soil Nailing,>12 to 15 m length,1,each, -   , -   , -   , -   ,TfNSW Engineering Carbon and Cost Library (ECCL) Level 5 Road Benchmarks Version 1.00
 Australia ,Services and Equipment,Soil Nailing,>15 m length,1,each, -   , -   , -   , -   ,TfNSW Engineering Carbon and Cost Library (ECCL) Level 5 Road Benchmarks Version 1.00
 Australia ,Services and Equipment,Soil Nailing,up to 6 m length,1,each, -   ,0.12,0,0,TfNSW Engineering Carbon and Cost Library (ECCL) Level 5 Road Benchmarks Version 1.00
 Australia ,Services and Equipment,Soil Nailing,>6 to 9 m length,1,each, -   ,0.18,0,0,TfNSW Engineering Carbon and Cost Library (ECCL) Level 5 Road Benchmarks Version 1.00
 Australia ,Services and Equipment,Soil Nailing,>9 to 12 m length,1,each, -   ,0.24,0,0,TfNSW Engineering Carbon and Cost Library (ECCL) Level 5 Road Benchmarks Version 1.00
 Australia ,Services and Equipment,Soil Nailing,>12 to 15 m length,1,each, -   ,0.3,0,0,TfNSW Engineering Carbon and Cost Library (ECCL) Level 5 Road Benchmarks Version 1.00
 Australia ,Services and Equipment,Soil Nailing,>15 m length,1,each, -   ,0.36,0,0,TfNSW Engineering Carbon and Cost Library (ECCL) Level 5 Road Benchmarks Version 1.00
 Australia ,Services and Equipment,Soil Nailing,Up to 50mm thick,1,m2, -   ,0.04,0,0.01,TfNSW Engineering Carbon and Cost Library (ECCL) Level 5 Road Benchmarks Version 1.00
 Australia ,Services and Equipment,Soil Nailing,50mm to 100mm thick,1,m2, -   ,0.05,0,0.02,TfNSW Engineering Carbon and Cost Library (ECCL) Level 5 Road Benchmarks Version 1.00
 Australia ,Services and Equipment,Soil Nailing,100mm to 150mm thick,1,m2, -   ,0.07,0,0.02,TfNSW Engineering Carbon and Cost Library (ECCL) Level 5 Road Benchmarks Version 1.00
 Australia ,Services and Equipment,Soil Nailing,>150mm thick,1,m2, -   ,0.08,0,0.02,TfNSW Engineering Carbon and Cost Library (ECCL) Level 5 Road Benchmarks Version 1.00
 Australia ,Services and Equipment,Soil Nailing,Strip Drains,1,m, -   ,0,0,0,TfNSW Engineering Carbon and Cost Library (ECCL) Level 5 Road Benchmarks Version 1.00
 Australia ,Structure,Shotcrete Work without Steel Fibres,up to 100mm thick,1,m2, -   ,0.04,0,0.02,TfNSW Engineering Carbon and Cost Library (ECCL) Level 5 Road Benchmarks Version 1.00
 Australia ,Structure,Shotcrete Work without Steel Fibres,100mm to 150mm thick,1,m2, -   ,0.05,0,0.02,TfNSW Engineering Carbon and Cost Library (ECCL) Level 5 Road Benchmarks Version 1.00
 Australia ,Structure,Shotcrete Work without Steel Fibres,> 150mm thick,1,m2, -   ,0.07,0,0.02,TfNSW Engineering Carbon and Cost Library (ECCL) Level 5 Road Benchmarks Version 1.00
 Australia ,Structure,Shotcrete Work without Steel Fibres,up to 100mm thick,1,m2, -   ,0.04,0,0.02,TfNSW Engineering Carbon and Cost Library (ECCL) Level 5 Road Benchmarks Version 1.00
 Australia ,Structure,Shotcrete Work without Steel Fibres,100mm to 150mm thick,1,m2, -   ,0.05,0,0.02,TfNSW Engineering Carbon and Cost Library (ECCL) Level 5 Road Benchmarks Version 1.00
 Australia ,Structure,Shotcrete Work without Steel Fibres,> 150mm thick,1,m2, -   ,0.07,0,0.02,TfNSW Engineering Carbon and Cost Library (ECCL) Level 5 Road Benchmarks Version 1.00
 Australia , Structure ,Shotcrete Work without Steel Fibres,up to 100mm thick,1,m2, -   ,0.04,0,0.02,TfNSW Engineering Carbon and Cost Library (ECCL) Level 5 Road Benchmarks Version 1.00
 Australia , Structure ,Shotcrete Work without Steel Fibres,100mm to 150mm thick,1,m2, -   ,0.05,0,0.02,TfNSW Engineering Carbon and Cost Library (ECCL) Level 5 Road Benchmarks Version 1.00
 Australia , Structure ,Shotcrete Work without Steel Fibres,> 150mm thick,1,m2, -   ,0.07,0,0.02,TfNSW Engineering Carbon and Cost Library (ECCL) Level 5 Road Benchmarks Version 1.00
 Australia , Structure ,Shotcrete Work without Steel Fibres,up to 100mm thick,1,m2, -   ,0.04,0,0.02,TfNSW Engineering Carbon and Cost Library (ECCL) Level 5 Road Benchmarks Version 1.00
 Australia , Structure ,Shotcrete Work without Steel Fibres,100mm to 150mm thick,1,m2, -   ,0.05,0,0.02,TfNSW Engineering Carbon and Cost Library (ECCL) Level 5 Road Benchmarks Version 1.00
 Australia , Structure ,Shotcrete Work without Steel Fibres,> 150mm thick,1,m2, -   ,0.07,0,0.02,TfNSW Engineering Carbon and Cost Library (ECCL) Level 5 Road Benchmarks Version 1.00
 Australia , Substructure and Pavements ,Unbound and Modified Pavement Course,Supply and Place Subbase,1,m3, -   ,0.01,0.01,0.01,TfNSW Engineering Carbon and Cost Library (ECCL) Level 5 Road Benchmarks Version 1.00
 Australia , Substructure and Pavements ,Unbound and Modified Pavement Course,Supply and Place Base,1,m3, -   ,0.01,0.01,0.01,TfNSW Engineering Carbon and Cost Library (ECCL) Level 5 Road Benchmarks Version 1.00
 Australia , Substructure and Pavements ,Construction of Plant Mixed Heavily Bound Pavement Course,up to 100mm thick,1,m2, -   ,0.01,0.01,0,TfNSW Engineering Carbon and Cost Library (ECCL) Level 5 Road Benchmarks Version 1.00
 Australia , Substructure and Pavements ,Construction of Plant Mixed Heavily Bound Pavement Course,101 to 150mm thick,1,m2, -   ,0.02,0.01,0,TfNSW Engineering Carbon and Cost Library (ECCL) Level 5 Road Benchmarks Version 1.00
 Australia , Substructure and Pavements ,Construction of Plant Mixed Heavily Bound Pavement Course,151 to 200mm thick,1,m2, -   ,0.02,0.01,0,TfNSW Engineering Carbon and Cost Library (ECCL) Level 5 Road Benchmarks Version 1.00
 Australia , Substructure and Pavements ,Construction of Plant Mixed Heavily Bound Pavement Course,201 to 250mm thick,1,m2, -   ,0.03,0.01,0,TfNSW Engineering Carbon and Cost Library (ECCL) Level 5 Road Benchmarks Version 1.00
 Australia , Substructure and Pavements ,Construction of Plant Mixed Heavily Bound Pavement Course,251 to 300mm thick,1,m2, -   ,0.04,0.02,0,TfNSW Engineering Carbon and Cost Library (ECCL) Level 5 Road Benchmarks Version 1.00
 Australia , Substructure and Pavements ,Construction of Plant Mixed Heavily Bound Pavement Course,301 to 350mm thick,1,m2, -   ,0.04,0.02,0,TfNSW Engineering Carbon and Cost Library (ECCL) Level 5 Road Benchmarks Version 1.00
 Australia , Substructure and Pavements ,Construction of Plant Mixed Heavily Bound Pavement Course,351 to 400mm thick,1,m2, -   ,0.05,0.02,0,TfNSW Engineering Carbon and Cost Library (ECCL) Level 5 Road Benchmarks Version 1.00
 Australia , Substructure and Pavements ,Construction of Plant Mixed Heavily Bound Pavement Course,401 to 450mm thick,1,m2, -   ,0.06,0.02,0,TfNSW Engineering Carbon and Cost Library (ECCL) Level 5 Road Benchmarks Version 1.00
 Australia , Substructure and Pavements ,Construction of Plant Mixed Heavily Bound Pavement Course,451 to 500mm thick,1,m2, -   ,0.07,0.03,0,TfNSW Engineering Carbon and Cost Library (ECCL) Level 5 Road Benchmarks Version 1.00
 Australia , Substructure and Pavements ,Construction of Plant Mixed Heavily Bound Pavement Course,>500mm thick,1,m2, -   ,0.07,0.03,0,TfNSW Engineering Carbon and Cost Library (ECCL) Level 5 Road Benchmarks Version 1.00
 Australia , Substructure and Pavements ,Insitu Pavement Stabilisation Using Slow Setting Binders,up to 100mm thick,1,m2, -   ,0.01,0,0,TfNSW Engineering Carbon and Cost Library (ECCL) Level 5 Road Benchmarks Version 1.00
 Australia , Substructure and Pavements ,Insitu Pavement Stabilisation Using Slow Setting Binders,101 to 150mm thick,1,m2, -   ,0.01,0,0,TfNSW Engineering Carbon and Cost Library (ECCL) Level 5 Road Benchmarks Version 1.00
 Australia , Substructure and Pavements ,Insitu Pavement Stabilisation Using Slow Setting Binders,151 to 200mm thick,1,m2, -   ,0.02,0,0,TfNSW Engineering Carbon and Cost Library (ECCL) Level 5 Road Benchmarks Version 1.00
 Australia , Substructure and Pavements ,Insitu Pavement Stabilisation Using Slow Setting Binders,201 to 250mm thick,1,m2, -   ,0.02,0,0,TfNSW Engineering Carbon and Cost Library (ECCL) Level 5 Road Benchmarks Version 1.00
 Australia , Substructure and Pavements ,Insitu Pavement Stabilisation Using Slow Setting Binders,251 to 300mm thick,1,m2, -   ,0.03,0,0,TfNSW Engineering Carbon and Cost Library (ECCL) Level 5 Road Benchmarks Version 1.00
 Australia , Substructure and Pavements ,Insitu Pavement Stabilisation Using Slow Setting Binders,301 to 350mm thick,1,m2, -   ,0.03,0,0,TfNSW Engineering Carbon and Cost Library (ECCL) Level 5 Road Benchmarks Version 1.00
 Australia , Substructure and Pavements ,Insitu Pavement Stabilisation Using Slow Setting Binders,351 to 400mm thick,1,m2, -   ,0.04,0,0,TfNSW Engineering Carbon and Cost Library (ECCL) Level 5 Road Benchmarks Version 1.00
 Australia , Substructure and Pavements ,Insitu Pavement Stabilisation Using Slow Setting Binders,401 to 450mm thick,1,m2, -   ,0.05,0,0,TfNSW Engineering Carbon and Cost Library (ECCL) Level 5 Road Benchmarks Version 1.00
 Australia , Substructure and Pavements ,Insitu Pavement Stabilisation Using Slow Setting Binders,451 to 500mm thick,1,m2, -   ,0.05,0,0,TfNSW Engineering Carbon and Cost Library (ECCL) Level 5 Road Benchmarks Version 1.00
 Australia , Substructure and Pavements ,Insitu Pavement Stabilisation Using Slow Setting Binders,>500mm thick,1,m2, -   ,0.06,0,0,TfNSW Engineering Carbon and Cost Library (ECCL) Level 5 Road Benchmarks Version 1.00
 Australia , Substructure and Pavements ,Insitu Pavement Stabilisation Using Slow Setting Binders,Supply and Spreading of Imported Material To Be Bound,1,t, -   ,0.01,0,0,TfNSW Engineering Carbon and Cost Library (ECCL) Level 5 Road Benchmarks Version 1.00
 Australia , Substructure and Pavements ,No Fines Concrete Subbase,Supply and Place No Fines Concrete in Subbase,1,m3,-1.8,0.26,0,0.01,TfNSW Engineering Carbon and Cost Library (ECCL) Level 5 Road Benchmarks Version 1.00
 Australia , Substructure and Pavements ,No Fines Concrete Subbase,Supply and Place Dental Concrete,1,m3, -   ,0.29,0.01,0.01,TfNSW Engineering Carbon and Cost Library (ECCL) Level 5 Road Benchmarks Version 1.00
 Australia , Substructure and Pavements ,No Fines Concrete Subbase,Supply and Place Asphalt Interlayer,1,t, -   ,0.07,0.01,0.03,TfNSW Engineering Carbon and Cost Library (ECCL) Level 5 Road Benchmarks Version 1.00
 Australia , Substructure and Pavements ,Lean-Mix Concrete Subbase,Supply and Place Concrete in Subbase,1,m3,-0.09,0,0,0,TfNSW Engineering Carbon and Cost Library (ECCL) Level 5 Road Benchmarks Version 1.00
 Australia , Substructure and Pavements ,Lean-Mix Concrete Subbase,Finish and Cure Subbase,1,m2, -   ,0,0,0,TfNSW Engineering Carbon and Cost Library (ECCL) Level 5 Road Benchmarks Version 1.00
 Australia , Substructure and Pavements ,Lean-Mix Concrete Subbase,Surface Debonding Treatment,1,m2, -   ,0,0,0,TfNSW Engineering Carbon and Cost Library (ECCL) Level 5 Road Benchmarks Version 1.00
 Australia , Substructure and Pavements ,Lean-Mix Concrete Subbase,Subgrade Beams,1,m3, -   ,0.33,0.02,0.03,TfNSW Engineering Carbon and Cost Library (ECCL) Level 5 Road Benchmarks Version 1.00
 Australia , Substructure and Pavements ,Jointed Concrete Base,Supply and Place Concrete in Base (other than steel fibre reinforced concrete),1,m3,-0.18,0.35,0,0.01,TfNSW Engineering Carbon and Cost Library (ECCL) Level 5 Road Benchmarks Version 1.00
 Australia , Substructure and Pavements ,Jointed Concrete Base,Supply and Place Steel Fibre Reinforced Concrete in Base,1,m3,-0.18,0.41,0.01,0.01,TfNSW Engineering Carbon and Cost Library (ECCL) Level 5 Road Benchmarks Version 1.00
 Australia , Substructure and Pavements ,Jointed Concrete Base,"Finish, Cure and Texture Base",1,m2, -   ,0,0,0,TfNSW Engineering Carbon and Cost Library (ECCL) Level 5 Road Benchmarks Version 1.00
 Australia , Substructure and Pavements ,Jointed Concrete Base,SL72,1,m2, -   ,0.01,0,0,TfNSW Engineering Carbon and Cost Library (ECCL) Level 5 Road Benchmarks Version 1.00
 Australia , Substructure and Pavements ,Jointed Concrete Base,SL82,1,m2, -   ,0.01,0,0,TfNSW Engineering Carbon and Cost Library (ECCL) Level 5 Road Benchmarks Version 1.00
 Australia , Substructure and Pavements ,Jointed Concrete Base,SL92,1,m2, -   ,0.01,0,0,TfNSW Engineering Carbon and Cost Library (ECCL) Level 5 Road Benchmarks Version 1.00
 Australia , Substructure and Pavements ,Jointed Concrete Base,Supply and Place Steel Bar Reinforcement,1,t, -   ,1.7,0.11,0.1,TfNSW Engineering Carbon and Cost Library (ECCL) Level 5 Road Benchmarks Version 1.00
 Australia , Substructure and Pavements ,Jointed Concrete Base,Longitudinal Joints,1,m,-0.14,0,0,0,TfNSW Engineering Carbon and Cost Library (ECCL) Level 5 Road Benchmarks Version 1.00
 Australia , Substructure and Pavements ,Jointed Concrete Base,Expansion Joints and Isolation Joints,1,m, -   ,0,0,0,TfNSW Engineering Carbon and Cost Library (ECCL) Level 5 Road Benchmarks Version 1.00
 Australia , Substructure and Pavements ,Jointed Concrete Base,Transverse Contraction Joints,1,m,-0.18,0,0,0,TfNSW Engineering Carbon and Cost Library (ECCL) Level 5 Road Benchmarks Version 1.00
 Australia , Substructure and Pavements ,Jointed Concrete Base,Terminal and Slab Anchors,1,m3, -   ,0.27,0,0.03,TfNSW Engineering Carbon and Cost Library (ECCL) Level 5 Road Benchmarks Version 1.00
 Australia , Substructure and Pavements ,Roller Compacted Concrete Subbase,"Supply and Delivery, Spread Compact and Finish Roller Compacted Concrete",1,m3, -   , -   ,0,0.02,TfNSW Engineering Carbon and Cost Library (ECCL) Level 5 Road Benchmarks Version 1.00
 Australia , Substructure and Pavements ,Roller Compacted Concrete Subbase,Emulsion Curing,1,m2, -   ,0,0,0,TfNSW Engineering Carbon and Cost Library (ECCL) Level 5 Road Benchmarks Version 1.00
 Australia , Substructure and Pavements ,Roller Compacted Concrete Subbase,Prime or Primer Seal,1,m2, -   ,0,0,0,TfNSW Engineering Carbon and Cost Library (ECCL) Level 5 Road Benchmarks Version 1.00
 Australia , Structure ,Cold Milling of Road Pavement Materials,<30mm,1,m2, -   , -   ,0,0,TfNSW Engineering Carbon and Cost Library (ECCL) Level 5 Road Benchmarks Version 1.00
 Australia , Structure ,Cold Milling of Road Pavement Materials,30mm,1,m2, -   , -   ,0,0,TfNSW Engineering Carbon and Cost Library (ECCL) Level 5 Road Benchmarks Version 1.00
 Australia , Structure ,Cold Milling of Road Pavement Materials,40mm,1,m2, -   , -   ,0,0,TfNSW Engineering Carbon and Cost Library (ECCL) Level 5 Road Benchmarks Version 1.00
 Australia , Structure ,Cold Milling of Road Pavement Materials,50mm,1,m2, -   , -   ,0,0,TfNSW Engineering Carbon and Cost Library (ECCL) Level 5 Road Benchmarks Version 1.00
 Australia , Structure ,Cold Milling of Road Pavement Materials,60mm,1,m2, -   , -   ,0,0,TfNSW Engineering Carbon and Cost Library (ECCL) Level 5 Road Benchmarks Version 1.00
 Australia , Structure ,Cold Milling of Road Pavement Materials,70mm,1,m2, -   , -   ,0,0,TfNSW Engineering Carbon and Cost Library (ECCL) Level 5 Road Benchmarks Version 1.00
 Australia , Structure ,Cold Milling of Road Pavement Materials,80mm,1,m2, -   , -   ,0,0,TfNSW Engineering Carbon and Cost Library (ECCL) Level 5 Road Benchmarks Version 1.00
 Australia , Structure ,Cold Milling of Road Pavement Materials,90mm,1,m2, -   , -   ,0,0,TfNSW Engineering Carbon and Cost Library (ECCL) Level 5 Road Benchmarks Version 1.00
 Australia , Structure ,Cold Milling of Road Pavement Materials,100mm,1,m2, -   , -   ,0,0,TfNSW Engineering Carbon and Cost Library (ECCL) Level 5 Road Benchmarks Version 1.00
 Australia , Structure ,Cold Milling of Road Pavement Materials,>100mm,1,m2, -   , -   ,0,0,TfNSW Engineering Carbon and Cost Library (ECCL) Level 5 Road Benchmarks Version 1.00
 Australia , Structure ,Cold Milling of Road Pavement Materials,<30mm (average depth),1,m2, -   , -   ,0,0,TfNSW Engineering Carbon and Cost Library (ECCL) Level 5 Road Benchmarks Version 1.00
 Australia , Structure ,Cold Milling of Road Pavement Materials,30mm (average depth),1,m2, -   , -   ,0,0,TfNSW Engineering Carbon and Cost Library (ECCL) Level 5 Road Benchmarks Version 1.00
 Australia , Structure ,Cold Milling of Road Pavement Materials,40mm (average depth),1,m2, -   , -   ,0,0,TfNSW Engineering Carbon and Cost Library (ECCL) Level 5 Road Benchmarks Version 1.00
 Australia , Structure ,Cold Milling of Road Pavement Materials,50mm (average depth),1,m2, -   , -   ,0,0,TfNSW Engineering Carbon and Cost Library (ECCL) Level 5 Road Benchmarks Version 1.00
 Australia , Structure ,Cold Milling of Road Pavement Materials,60mm (average depth),1,m2, -   , -   ,0,0,TfNSW Engineering Carbon and Cost Library (ECCL) Level 5 Road Benchmarks Version 1.00
 Australia , Structure ,Cold Milling of Road Pavement Materials,70mm (average depth),1,m2, -   , -   ,0,0,TfNSW Engineering Carbon and Cost Library (ECCL) Level 5 Road Benchmarks Version 1.00
 Australia , Structure ,Cold Milling of Road Pavement Materials,80mm (average depth),1,m2, -   , -   ,0,0,TfNSW Engineering Carbon and Cost Library (ECCL) Level 5 Road Benchmarks Version 1.00
 Australia , Structure ,Cold Milling of Road Pavement Materials,90mm (average depth),1,m2, -   , -   ,0,0,TfNSW Engineering Carbon and Cost Library (ECCL) Level 5 Road Benchmarks Version 1.00
 Australia , Structure ,Cold Milling of Road Pavement Materials,100mm (average depth),1,m2, -   , -   ,0,0,TfNSW Engineering Carbon and Cost Library (ECCL) Level 5 Road Benchmarks Version 1.00
 Australia , Structure ,Cold Milling of Road Pavement Materials,>100mm (average depth),1,m2, -   , -   ,0,0,TfNSW Engineering Carbon and Cost Library (ECCL) Level 5 Road Benchmarks Version 1.00
 Australia , Structure ,Cold Milling of Road Pavement Materials,Milling to Retexture a Surface,1,m2, -   , -   ,0,0,TfNSW Engineering Carbon and Cost Library (ECCL) Level 5 Road Benchmarks Version 1.00
 Australia , Structure ,Cold Milling of Road Pavement Materials,Milling to Optimise Final Ride Quality,1,m2, -   , -   ,0,0,TfNSW Engineering Carbon and Cost Library (ECCL) Level 5 Road Benchmarks Version 1.00
 Australia , Structure ,Cold Milling of Road Pavement Materials,<30mm (average depth),1,m2, -   , -   ,0,0,TfNSW Engineering Carbon and Cost Library (ECCL) Level 5 Road Benchmarks Version 1.00
 Australia , Structure ,Cold Milling of Road Pavement Materials,30mm (average depth),1,m2, -   , -   ,0,0,TfNSW Engineering Carbon and Cost Library (ECCL) Level 5 Road Benchmarks Version 1.00
 Australia , Structure ,Cold Milling of Road Pavement Materials,40mm (average depth),1,m2, -   , -   ,0,0,TfNSW Engineering Carbon and Cost Library (ECCL) Level 5 Road Benchmarks Version 1.00
 Australia , Structure ,Cold Milling of Road Pavement Materials,50mm (average depth),1,m2, -   , -   ,0,0,TfNSW Engineering Carbon and Cost Library (ECCL) Level 5 Road Benchmarks Version 1.00
 Australia , Structure ,Cold Milling of Road Pavement Materials,60mm (average depth),1,m2, -   , -   ,0,0,TfNSW Engineering Carbon and Cost Library (ECCL) Level 5 Road Benchmarks Version 1.00
 Australia , Structure ,Cold Milling of Road Pavement Materials,70mm (average depth),1,m2, -   , -   ,0,0,TfNSW Engineering Carbon and Cost Library (ECCL) Level 5 Road Benchmarks Version 1.00
 Australia , Structure ,Cold Milling of Road Pavement Materials,80mm (average depth),1,m2, -   , -   ,0,0,TfNSW Engineering Carbon and Cost Library (ECCL) Level 5 Road Benchmarks Version 1.00
 Australia , Structure ,Cold Milling of Road Pavement Materials,90mm (average depth),1,m2, -   , -   ,0,0,TfNSW Engineering Carbon and Cost Library (ECCL) Level 5 Road Benchmarks Version 1.00
 Australia , Structure ,Cold Milling of Road Pavement Materials,100mm (average depth),1,m2, -   , -   ,0,0,TfNSW Engineering Carbon and Cost Library (ECCL) Level 5 Road Benchmarks Version 1.00
 Australia , Structure ,Cold Milling of Road Pavement Materials,>100mm (average depth),1,m2, -   , -   ,0,0,TfNSW Engineering Carbon and Cost Library (ECCL) Level 5 Road Benchmarks Version 1.00
 Australia , Structure ,Cold Milling of Road Pavement Materials,Affected Area Up to 10 Square Metres,1,m2, -   , -   ,0,0.01,TfNSW Engineering Carbon and Cost Library (ECCL) Level 5 Road Benchmarks Version 1.00
 Australia , Structure ,Cold Milling of Road Pavement Materials,Affected Area Over 10 and Up to 25 Square Metres,1,m2, -   , -   ,0,0.01,TfNSW Engineering Carbon and Cost Library (ECCL) Level 5 Road Benchmarks Version 1.00
 Australia , Structure ,Cold Milling of Road Pavement Materials,Affected Area Over 25 and Up to 50 Square Metres,1,m2, -   , -   ,0,0.01,TfNSW Engineering Carbon and Cost Library (ECCL) Level 5 Road Benchmarks Version 1.00
 Australia , Structure ,Cold Milling of Road Pavement Materials,Affected Area Over 50 Square Metres,1,m2, -   , -   ,0,0.01,TfNSW Engineering Carbon and Cost Library (ECCL) Level 5 Road Benchmarks Version 1.00
 Australia , Structure ,Cold Milling of Road Pavement Materials,Surcharge for Milling Base Concrete,1,m2, -   , -   ,0,0,TfNSW Engineering Carbon and Cost Library (ECCL) Level 5 Road Benchmarks Version 1.00
 Australia , Structure ,Cold Milling of Road Pavement Materials,Investigation Visit Undertaken,1,each, -   , -   , -   , -   ,TfNSW Engineering Carbon and Cost Library (ECCL) Level 5 Road Benchmarks Version 1.00
 Australia , Structure ,Cold Milling of Road Pavement Materials,Cores Taken,1,each, -   , -   , -   , -   ,TfNSW Engineering Carbon and Cost Library (ECCL) Level 5 Road Benchmarks Version 1.00
 Australia , Substructure and Pavements ,Sprayed Bituminous Surfacing (with cutback bitumen),AMC00,1,L, -   ,0,0,0,TfNSW Engineering Carbon and Cost Library (ECCL) Level 5 Road Benchmarks Version 1.00
 Australia , Substructure and Pavements ,Sprayed Bituminous Surfacing (with cutback bitumen),AMC0,1,L, -   ,0,0,0,TfNSW Engineering Carbon and Cost Library (ECCL) Level 5 Road Benchmarks Version 1.00
 Australia , Substructure and Pavements ,Sprayed Bituminous Surfacing (with cutback bitumen),AMC1,1,L, -   ,0,0,0,TfNSW Engineering Carbon and Cost Library (ECCL) Level 5 Road Benchmarks Version 1.00
 Australia , Substructure and Pavements ,Sprayed Bituminous Surfacing (with cutback bitumen),AMC2,1,L, -   ,0,0,0,TfNSW Engineering Carbon and Cost Library (ECCL) Level 5 Road Benchmarks Version 1.00
 Australia , Substructure and Pavements ,Sprayed Bituminous Surfacing (with cutback bitumen),AMC3,1,L, -   ,0,0,0,TfNSW Engineering Carbon and Cost Library (ECCL) Level 5 Road Benchmarks Version 1.00
 Australia , Substructure and Pavements ,Sprayed Bituminous Surfacing (with cutback bitumen),AMC4,1,L, -   ,0,0,0,TfNSW Engineering Carbon and Cost Library (ECCL) Level 5 Road Benchmarks Version 1.00
 Australia , Substructure and Pavements ,Sprayed Bituminous Surfacing (with cutback bitumen),Field Cutback Primer/Primerbinder,1,L, -   ,0,0,0,TfNSW Engineering Carbon and Cost Library (ECCL) Level 5 Road Benchmarks Version 1.00
 Australia , Substructure and Pavements ,Sprayed Bituminous Surfacing (with cutback bitumen),Supply and Spray Binder - Class 170 Bitumen (including Adhesion Agent where required and Preparation of Surface),1,L, -   ,0,0,0,TfNSW Engineering Carbon and Cost Library (ECCL) Level 5 Road Benchmarks Version 1.00
 Australia , Substructure and Pavements ,Sprayed Bituminous Surfacing (with cutback bitumen),Supply and Spray Binder - Class 320 Bitumen (including Adhesion Agent where required and Preparation of Surface),1,L, -   ,0,0,0,TfNSW Engineering Carbon and Cost Library (ECCL) Level 5 Road Benchmarks Version 1.00
 Australia , Substructure and Pavements ,Sprayed Bituminous Surfacing (with cutback bitumen),Supply and Spray Binder – Multigrade 600/170 Bitumen (including Adhesion Agent where required and Preparation of Surface),1,L, -   ,0,0,0,TfNSW Engineering Carbon and Cost Library (ECCL) Level 5 Road Benchmarks Version 1.00
 Australia , Substructure and Pavements ,Sprayed Bituminous Surfacing (with cutback bitumen),"Supply, Incorporate and Spray Cutter Oil in Binder",1,L, -   ,0,0,0,TfNSW Engineering Carbon and Cost Library (ECCL) Level 5 Road Benchmarks Version 1.00
 Australia , Substructure and Pavements ,Sprayed Bituminous Surfacing (with cutback bitumen),"Supply, Incorporate and Spray Flux Oil in Binder",1,L, -   ,0,0,0,TfNSW Engineering Carbon and Cost Library (ECCL) Level 5 Road Benchmarks Version 1.00
 Australia , Substructure and Pavements ,Sprayed Bituminous Surfacing (with cutback bitumen),5 mm Aggregate (Precoated),1,m3, -   ,0.02,0.01,0.03,TfNSW Engineering Carbon and Cost Library (ECCL) Level 5 Road Benchmarks Version 1.00
 Australia , Substructure and Pavements ,Sprayed Bituminous Surfacing (with cutback bitumen),7 mm Aggregate (Precoated),1,m3, -   ,0.02,0.01,0.03,TfNSW Engineering Carbon and Cost Library (ECCL) Level 5 Road Benchmarks Version 1.00
 Australia , Substructure and Pavements ,Sprayed Bituminous Surfacing (with cutback bitumen),10 mm Aggregate (Precoated),1,m3, -   ,0.02,0.01,0.03,TfNSW Engineering Carbon and Cost Library (ECCL) Level 5 Road Benchmarks Version 1.00
 Australia , Substructure and Pavements ,Sprayed Bituminous Surfacing (with cutback bitumen),14 mm Aggregate (Precoated),1,m3, -   ,0.02,0.01,0.03,TfNSW Engineering Carbon and Cost Library (ECCL) Level 5 Road Benchmarks Version 1.00
 Australia , Substructure and Pavements ,Sprayed Bituminous Surfacing (with cutback bitumen),Geotextile,1,m2, -   ,0,0,0,TfNSW Engineering Carbon and Cost Library (ECCL) Level 5 Road Benchmarks Version 1.00
 Australia , Substructure and Pavements ,Sprayed Bituminous Surfacing (with polymer modified bitumen),Supply and Spray Polymer Modified Bitumen (including Adhesion Agent where required and Preparation of Surface),1,L, -   ,0,0,0,TfNSW Engineering Carbon and Cost Library (ECCL) Level 5 Road Benchmarks Version 1.00
 Australia , Substructure and Pavements ,Sprayed Bituminous Surfacing (with polymer modified bitumen),"Supply, Incorporate and Spray Cutter Oil in Binder",1,L, -   ,0,0,0,TfNSW Engineering Carbon and Cost Library (ECCL) Level 5 Road Benchmarks Version 1.00
 Australia , Substructure and Pavements ,Sprayed Bituminous Surfacing (with polymer modified bitumen),Supply and Spray Binder - Class 170 Bitumen (including Adhesion Agent where required and Preparation of Surface),1,L, -   ,0,0,0,TfNSW Engineering Carbon and Cost Library (ECCL) Level 5 Road Benchmarks Version 1.00
 Australia , Substructure and Pavements ,Sprayed Bituminous Surfacing (with polymer modified bitumen),5 mm Aggregate (Precoated),1,m3, -   ,0.02,0.01,0.03,TfNSW Engineering Carbon and Cost Library (ECCL) Level 5 Road Benchmarks Version 1.00
 Australia , Substructure and Pavements ,Sprayed Bituminous Surfacing (with polymer modified bitumen),7 mm Aggregate (Precoated),1,m3, -   ,0.02,0.01,0.03,TfNSW Engineering Carbon and Cost Library (ECCL) Level 5 Road Benchmarks Version 1.00
 Australia , Substructure and Pavements ,Sprayed Bituminous Surfacing (with polymer modified bitumen),10 mm Aggregate (Precoated),1,m3, -   ,0.02,0.01,0.03,TfNSW Engineering Carbon and Cost Library (ECCL) Level 5 Road Benchmarks Version 1.00
 Australia , Substructure and Pavements ,Sprayed Bituminous Surfacing (with polymer modified bitumen),14 mm Aggregate (Precoated),1,m3, -   ,0.02,0.01,0.02,TfNSW Engineering Carbon and Cost Library (ECCL) Level 5 Road Benchmarks Version 1.00
 Australia , Substructure and Pavements ,Sprayed Bituminous Surfacing (with polymer modified bitumen),Supply and Incorporate Geotextile,1,m2, -   ,0,0,0,TfNSW Engineering Carbon and Cost Library (ECCL) Level 5 Road Benchmarks Version 1.00
 Australia , Substructure and Pavements ,Bituminous Slurry Surfacing,Surface Preparation,1,m2, -   , -   ,0,0,TfNSW Engineering Carbon and Cost Library (ECCL) Level 5 Road Benchmarks Version 1.00
 Australia , Substructure and Pavements ,Bituminous Slurry Surfacing,3 mm Nominal Size,1,m3, -   ,0.05,0.04,0,TfNSW Engineering Carbon and Cost Library (ECCL) Level 5 Road Benchmarks Version 1.00
 Australia , Substructure and Pavements ,Bituminous Slurry Surfacing,4 mm Nominal Size,1,m3, -   ,0.05,0.04,0,TfNSW Engineering Carbon and Cost Library (ECCL) Level 5 Road Benchmarks Version 1.00
 Australia , Substructure and Pavements ,Bituminous Slurry Surfacing,5 mm Nominal Size,1,m3, -   ,0.05,0.04,0,TfNSW Engineering Carbon and Cost Library (ECCL) Level 5 Road Benchmarks Version 1.00
 Australia , Substructure and Pavements ,Bituminous Slurry Surfacing,7 mm Nominal Size,1,m3, -   ,0.05,0.04,0,TfNSW Engineering Carbon and Cost Library (ECCL) Level 5 Road Benchmarks Version 1.00
 Australia , Substructure and Pavements ,Bituminous Slurry Surfacing,10 mm Nominal Size,1,m3, -   ,0.05,0.04,0,TfNSW Engineering Carbon and Cost Library (ECCL) Level 5 Road Benchmarks Version 1.00
 Australia , Substructure and Pavements ,Bituminous Slurry Surfacing,3 mm Nominal Size,1,m2, -   , -   ,0,0,TfNSW Engineering Carbon and Cost Library (ECCL) Level 5 Road Benchmarks Version 1.00
 Australia , Substructure and Pavements ,Bituminous Slurry Surfacing,4 mm Nominal Size,1,m2, -   , -   ,0,0,TfNSW Engineering Carbon and Cost Library (ECCL) Level 5 Road Benchmarks Version 1.00
 Australia , Substructure and Pavements ,Bituminous Slurry Surfacing,5 mm Nominal Size,1,m2, -   , -   ,0,0,TfNSW Engineering Carbon and Cost Library (ECCL) Level 5 Road Benchmarks Version 1.00
 Australia , Substructure and Pavements ,Bituminous Slurry Surfacing,7 mm Nominal Size,1,m2, -   , -   ,0,0,TfNSW Engineering Carbon and Cost Library (ECCL) Level 5 Road Benchmarks Version 1.00
 Australia , Substructure and Pavements ,Bituminous Slurry Surfacing,10 mm Nominal Size,1,m2, -   , -   ,0,0,TfNSW Engineering Carbon and Cost Library (ECCL) Level 5 Road Benchmarks Version 1.00
 Australia , Substructure and Pavements ,Coloured Surface Coatings for Bus Lanes and Cycleways,Preparation of Surface,1,m2, -   , -   ,0,0,TfNSW Engineering Carbon and Cost Library (ECCL) Level 5 Road Benchmarks Version 1.00
 Australia , Substructure and Pavements ,Coloured Surface Coatings for Bus Lanes and Cycleways,Red,1,m2, -   ,0.01,0,0,TfNSW Engineering Carbon and Cost Library (ECCL) Level 5 Road Benchmarks Version 1.00
 Australia , Substructure and Pavements ,Coloured Surface Coatings for Bus Lanes and Cycleways,Green,1,m2, -   ,0.01,0,0,TfNSW Engineering Carbon and Cost Library (ECCL) Level 5 Road Benchmarks Version 1.00
 Australia , Substructure and Pavements ,Sprayed Bituminous Surfacing (with bitumen emulsion),Seal or Reseal (1.2 litres per m2),1,L, -   ,0,0,0,TfNSW Engineering Carbon and Cost Library (ECCL) Level 5 Road Benchmarks Version 1.00
 Australia , Substructure and Pavements ,Sprayed Bituminous Surfacing (with bitumen emulsion),Curing Membrane,1,L, -   ,0,0,0,TfNSW Engineering Carbon and Cost Library (ECCL) Level 5 Road Benchmarks Version 1.00
 Australia , Substructure and Pavements ,Sprayed Bituminous Surfacing (with bitumen emulsion),5 mm Aggregate (Precoated),1,m3, -   ,0.02,0.01,0.02,TfNSW Engineering Carbon and Cost Library (ECCL) Level 5 Road Benchmarks Version 1.00
 Australia , Substructure and Pavements ,Sprayed Bituminous Surfacing (with bitumen emulsion),7 mm Aggregate (Precoated),1,m3, -   ,0.02,0.01,0.02,TfNSW Engineering Carbon and Cost Library (ECCL) Level 5 Road Benchmarks Version 1.00
 Australia , Substructure and Pavements ,Sprayed Bituminous Surfacing (with bitumen emulsion),10 mm Aggregate (Precoated),1,m3, -   ,0.02,0.01,0.02,TfNSW Engineering Carbon and Cost Library (ECCL) Level 5 Road Benchmarks Version 1.00
 Australia , Substructure and Pavements ,Sprayed Bituminous Surfacing (with bitumen emulsion),14 mm Aggregate (Precoated),1,m3, -   ,0.02,0.01,0.02,TfNSW Engineering Carbon and Cost Library (ECCL) Level 5 Road Benchmarks Version 1.00
 Australia , Substructure and Pavements ,Sprayed Bituminous Surfacing (for enrichment & rejuvenation),AMC00,1,L, -   ,0,0,0,TfNSW Engineering Carbon and Cost Library (ECCL) Level 5 Road Benchmarks Version 1.00
 Australia , Substructure and Pavements ,Sprayed Bituminous Surfacing (for enrichment & rejuvenation),AMC0,1,L, -   ,0,0,0,TfNSW Engineering Carbon and Cost Library (ECCL) Level 5 Road Benchmarks Version 1.00
 Australia , Substructure and Pavements ,Sprayed Bituminous Surfacing (for enrichment & rejuvenation),AMC1,1,L, -   ,0,0,0,TfNSW Engineering Carbon and Cost Library (ECCL) Level 5 Road Benchmarks Version 1.00
 Australia , Substructure and Pavements ,Sprayed Bituminous Surfacing (for enrichment & rejuvenation),AMC2,1,L, -   ,0,0,0,TfNSW Engineering Carbon and Cost Library (ECCL) Level 5 Road Benchmarks Version 1.00
 Australia , Substructure and Pavements ,Sprayed Bituminous Surfacing (for enrichment & rejuvenation),AMC3,1,L, -   ,0,0,0,TfNSW Engineering Carbon and Cost Library (ECCL) Level 5 Road Benchmarks Version 1.00
 Australia , Substructure and Pavements ,Sprayed Bituminous Surfacing (for enrichment & rejuvenation),Supply and Spray Binder - Class 170 Bitumen (Including Preparation of Surface),1,L, -   ,0,0,0,TfNSW Engineering Carbon and Cost Library (ECCL) Level 5 Road Benchmarks Version 1.00
 Australia , Substructure and Pavements ,Sprayed Bituminous Surfacing (for enrichment & rejuvenation),Supply and Spray Bitumen Emulsion (Including Preparation of Surface),1,L, -   ,0,0,0,TfNSW Engineering Carbon and Cost Library (ECCL) Level 5 Road Benchmarks Version 1.00
 Australia , Substructure and Pavements ,Sprayed Bituminous Surfacing (for enrichment & rejuvenation),"Supply, Incorporate and Spray Cutter Oil in Binder",1,L, -   ,0,0,0,TfNSW Engineering Carbon and Cost Library (ECCL) Level 5 Road Benchmarks Version 1.00
 Australia , Substructure and Pavements ,Sprayed Bituminous Surfacing (for enrichment & rejuvenation),Supply and Spray Rejuvenating Agent (Including Preparation of Surface),1,L, -   ,0,0,0,TfNSW Engineering Carbon and Cost Library (ECCL) Level 5 Road Benchmarks Version 1.00
 Australia , Substructure and Pavements ,Sprayed Bituminous Surfacing (for enrichment & rejuvenation),"Supply, Apply and Incorporate Sand",1,m3, -   ,0.01,0.01,0.02,TfNSW Engineering Carbon and Cost Library (ECCL) Level 5 Road Benchmarks Version 1.00
 Australia , Substructure and Pavements ,Sprayed Bituminous Surfacing (with fibre reinforcement),Supply and Spray Emulsion Binder (Including Preparation of Surface and Incorporation of Fibre Reinforcement),1,L, -   ,0,0,0,TfNSW Engineering Carbon and Cost Library (ECCL) Level 5 Road Benchmarks Version 1.00
 Australia , Substructure and Pavements ,Sprayed Bituminous Surfacing (with fibre reinforcement),5 mm Aggregate,1,m3, -   ,0.02,0.01,0.02,TfNSW Engineering Carbon and Cost Library (ECCL) Level 5 Road Benchmarks Version 1.00
 Australia , Substructure and Pavements ,Sprayed Bituminous Surfacing (with fibre reinforcement),7 mm Aggregate,1,m3, -   ,0.02,0.01,0.02,TfNSW Engineering Carbon and Cost Library (ECCL) Level 5 Road Benchmarks Version 1.00
 Australia , Substructure and Pavements ,Sprayed Bituminous Surfacing (with fibre reinforcement),10 mm Aggregate,1,m3, -   ,0.02,0.01,0.02,TfNSW Engineering Carbon and Cost Library (ECCL) Level 5 Road Benchmarks Version 1.00
 Australia , Substructure and Pavements ,Sprayed Bituminous Surfacing (with fibre reinforcement),14 mm Aggregate,1,m3, -   ,0.02,0.01,0.02,TfNSW Engineering Carbon and Cost Library (ECCL) Level 5 Road Benchmarks Version 1.00
 Australia , Substructure and Pavements ,Heavy Duty Dense Graded Asphalt,Tackcoat,1,L, -   ,0,0,0,TfNSW Engineering Carbon and Cost Library (ECCL) Level 5 Road Benchmarks Version 1.00
 Australia , Substructure and Pavements ,Heavy Duty Dense Graded Asphalt,5 mm Nominal Size,1,t, -   ,0.08,0.01,0.03,TfNSW Engineering Carbon and Cost Library (ECCL) Level 5 Road Benchmarks Version 1.00
 Australia , Substructure and Pavements ,Heavy Duty Dense Graded Asphalt,7 mm Nominal size,1,t, -   ,0.08,0.01,0.03,TfNSW Engineering Carbon and Cost Library (ECCL) Level 5 Road Benchmarks Version 1.00
 Australia , Substructure and Pavements ,Heavy Duty Dense Graded Asphalt,10 mm Nominal Size,1,t, -   ,0.07,0.01,0.03,TfNSW Engineering Carbon and Cost Library (ECCL) Level 5 Road Benchmarks Version 1.00
 Australia , Substructure and Pavements ,Heavy Duty Dense Graded Asphalt,14 mm Nominal Size,1,t, -   ,0.07,0.01,0.03,TfNSW Engineering Carbon and Cost Library (ECCL) Level 5 Road Benchmarks Version 1.00
 Australia , Substructure and Pavements ,Heavy Duty Dense Graded Asphalt,20 mm Nominal Size,1,t, -   ,0.07,0.01,0.03,TfNSW Engineering Carbon and Cost Library (ECCL) Level 5 Road Benchmarks Version 1.00
 Australia , Substructure and Pavements ,Heavy Duty Dense Graded Asphalt,"10 mm Nominal Size, … mm thick",1,t, -   ,0.07,0.01,0.02,TfNSW Engineering Carbon and Cost Library (ECCL) Level 5 Road Benchmarks Version 1.00
 Australia , Substructure and Pavements ,Heavy Duty Dense Graded Asphalt,"14 mm Nominal Size, … mm thick",1,t, -   ,0.07,0.01,0.02,TfNSW Engineering Carbon and Cost Library (ECCL) Level 5 Road Benchmarks Version 1.00
 Australia , Substructure and Pavements ,Heavy Duty Dense Graded Asphalt,"20 mm Nominal Size, … mm thick",1,t, -   ,0.07,0.01,0.02,TfNSW Engineering Carbon and Cost Library (ECCL) Level 5 Road Benchmarks Version 1.00
 Australia , Substructure and Pavements ,Heavy Duty Dense Graded Asphalt,"28 mm Nominal Size, … mm thick",1,t, -   ,0.07,0.01,0.02,TfNSW Engineering Carbon and Cost Library (ECCL) Level 5 Road Benchmarks Version 1.00
 Australia , Substructure and Pavements ,Heavy Duty Dense Graded Asphalt,Cold Mix,1,t, -   , -   ,0,0.02,TfNSW Engineering Carbon and Cost Library (ECCL) Level 5 Road Benchmarks Version 1.00
 Australia , Substructure and Pavements ,Heavy Duty Dense Graded Asphalt,Fine Gap Graded,1,t, -   , -   ,0,0.02,TfNSW Engineering Carbon and Cost Library (ECCL) Level 5 Road Benchmarks Version 1.00
 Australia , Substructure and Pavements ,Heavy Duty Dense Graded Asphalt,Proprietary Mix,1,t, -   , -   ,0,0.02,TfNSW Engineering Carbon and Cost Library (ECCL) Level 5 Road Benchmarks Version 1.00
 Australia , Substructure and Pavements ,Heavy Duty Dense Graded Asphalt,"5 mm Nominal Size, … mm thick",1,t, -   ,0.08,0.01,0.02,TfNSW Engineering Carbon and Cost Library (ECCL) Level 5 Road Benchmarks Version 1.00
 Australia , Substructure and Pavements ,Heavy Duty Dense Graded Asphalt,"7 mm Nominal Size, … mm thick",1,t, -   ,0.08,0.01,0.02,TfNSW Engineering Carbon and Cost Library (ECCL) Level 5 Road Benchmarks Version 1.00
 Australia , Substructure and Pavements ,Heavy Duty Dense Graded Asphalt,"10 mm Nominal Size, … mm thick",1,t, -   ,0.07,0.01,0.02,TfNSW Engineering Carbon and Cost Library (ECCL) Level 5 Road Benchmarks Version 1.00
 Australia , Substructure and Pavements ,Heavy Duty Dense Graded Asphalt,"14 mm Nominal Size, … mm thick",1,t, -   ,0.07,0.01,0.02,TfNSW Engineering Carbon and Cost Library (ECCL) Level 5 Road Benchmarks Version 1.00
 Australia , Substructure and Pavements ,Heavy Duty Dense Graded Asphalt,Cold Mix,1,t, -   , -   ,0,0.02,TfNSW Engineering Carbon and Cost Library (ECCL) Level 5 Road Benchmarks Version 1.00
 Australia , Substructure and Pavements ,Heavy Duty Dense Graded Asphalt,Fine Gap Graded,1,t, -   , -   ,0,0.02,TfNSW Engineering Carbon and Cost Library (ECCL) Level 5 Road Benchmarks Version 1.00
 Australia , Substructure and Pavements ,Heavy Duty Dense Graded Asphalt,Proprietary Mix,1,t, -   , -   ,0,0.02,TfNSW Engineering Carbon and Cost Library (ECCL) Level 5 Road Benchmarks Version 1.00
 Australia , Substructure and Pavements ,Heavy Duty Dense Graded Asphalt,5 mm Nominal Size,1,t, -   ,0.08,0.01,0.02,TfNSW Engineering Carbon and Cost Library (ECCL) Level 5 Road Benchmarks Version 1.00
 Australia , Substructure and Pavements ,Heavy Duty Dense Graded Asphalt,7 mm Nominal Size,1,t, -   ,0.08,0.01,0.02,TfNSW Engineering Carbon and Cost Library (ECCL) Level 5 Road Benchmarks Version 1.00
 Australia , Substructure and Pavements ,Heavy Duty Dense Graded Asphalt,10 mm Nominal Size,1,t, -   ,0.07,0.01,0.02,TfNSW Engineering Carbon and Cost Library (ECCL) Level 5 Road Benchmarks Version 1.00
 Australia , Substructure and Pavements ,Heavy Duty Dense Graded Asphalt,14 mm Nominal Size,1,t, -   ,0.07,0.01,0.02,TfNSW Engineering Carbon and Cost Library (ECCL) Level 5 Road Benchmarks Version 1.00
 Australia , Substructure and Pavements ,Heavy Duty Dense Graded Asphalt,5 mm Nominal Size,1,t, -   ,0.08,0.01,0.02,TfNSW Engineering Carbon and Cost Library (ECCL) Level 5 Road Benchmarks Version 1.00
 Australia , Substructure and Pavements ,Heavy Duty Dense Graded Asphalt,7 mm Nominal Size,1,t, -   ,0.08,0.01,0.02,TfNSW Engineering Carbon and Cost Library (ECCL) Level 5 Road Benchmarks Version 1.00
 Australia , Substructure and Pavements ,Heavy Duty Dense Graded Asphalt,10 mm Nominal Size,1,t, -   ,0.07,0.01,0.02,TfNSW Engineering Carbon and Cost Library (ECCL) Level 5 Road Benchmarks Version 1.00
 Australia , Substructure and Pavements ,Heavy Duty Dense Graded Asphalt,14 mm Nominal Size,1,t, -   ,0.07,0.01,0.02,TfNSW Engineering Carbon and Cost Library (ECCL) Level 5 Road Benchmarks Version 1.00
 Australia , Substructure and Pavements ,Heavy Duty Dense Graded Asphalt,Resilient Modulus Test,1,each mix, -   , -   , -   , -   ,TfNSW Engineering Carbon and Cost Library (ECCL) Level 5 Road Benchmarks Version 1.00
 Australia , Substructure and Pavements ,Heavy Duty Dense Graded Asphalt,Wheel Tracking Test,1,each mix, -   , -   , -   , -   ,TfNSW Engineering Carbon and Cost Library (ECCL) Level 5 Road Benchmarks Version 1.00
 Australia , Substructure and Pavements ,Light Duty Dense Graded Asphalt,Supply and Application of Tackcoat (Including Preparation of Surface),1,L, -   ,0,0,0,TfNSW Engineering Carbon and Cost Library (ECCL) Level 5 Road Benchmarks Version 1.00
 Australia , Substructure and Pavements ,Light Duty Dense Graded Asphalt,5 mm Nominal Size,1,t, -   ,0.08,0.01,0.03,TfNSW Engineering Carbon and Cost Library (ECCL) Level 5 Road Benchmarks Version 1.00
 Australia , Substructure and Pavements ,Light Duty Dense Graded Asphalt,7 mm Nominal Size,1,t, -   ,0.08,0.01,0.03,TfNSW Engineering Carbon and Cost Library (ECCL) Level 5 Road Benchmarks Version 1.00
 Australia , Substructure and Pavements ,Light Duty Dense Graded Asphalt,10 mm Nominal Size,1,t, -   ,0.07,0.01,0.03,TfNSW Engineering Carbon and Cost Library (ECCL) Level 5 Road Benchmarks Version 1.00
 Australia , Substructure and Pavements ,Light Duty Dense Graded Asphalt,14 mm Nominal Size,1,t, -   ,0.07,0.01,0.03,TfNSW Engineering Carbon and Cost Library (ECCL) Level 5 Road Benchmarks Version 1.00
 Australia , Substructure and Pavements ,Light Duty Dense Graded Asphalt,20 mm Nominal Size,1,t, -   ,0.07,0.01,0.03,TfNSW Engineering Carbon and Cost Library (ECCL) Level 5 Road Benchmarks Version 1.00
 Australia , Substructure and Pavements ,Light Duty Dense Graded Asphalt,10 mm Nominal Size,1,t, -   ,0.07,0.01,0.02,TfNSW Engineering Carbon and Cost Library (ECCL) Level 5 Road Benchmarks Version 1.00
 Australia , Substructure and Pavements ,Light Duty Dense Graded Asphalt,14 mm Nominal Size,1,t, -   ,0.07,0.01,0.02,TfNSW Engineering Carbon and Cost Library (ECCL) Level 5 Road Benchmarks Version 1.00
 Australia , Substructure and Pavements ,Light Duty Dense Graded Asphalt,20 mm Nominal Size,1,t, -   ,0.07,0.01,0.02,TfNSW Engineering Carbon and Cost Library (ECCL) Level 5 Road Benchmarks Version 1.00
 Australia , Substructure and Pavements ,Light Duty Dense Graded Asphalt,5 mm Nominal Size,1,t, -   ,0.08,0.01,0.02,TfNSW Engineering Carbon and Cost Library (ECCL) Level 5 Road Benchmarks Version 1.00
 Australia , Substructure and Pavements ,Light Duty Dense Graded Asphalt,7 mm Nominal Size,1,t, -   ,0.08,0.01,0.02,TfNSW Engineering Carbon and Cost Library (ECCL) Level 5 Road Benchmarks Version 1.00
 Australia , Substructure and Pavements ,Light Duty Dense Graded Asphalt,10 mm Nominal Size,1,t, -   ,0.07,0.01,0.02,TfNSW Engineering Carbon and Cost Library (ECCL) Level 5 Road Benchmarks Version 1.00
 Australia , Substructure and Pavements ,Light Duty Dense Graded Asphalt,14 mm Nominal Size,1,t, -   ,0.07,0.01,0.02,TfNSW Engineering Carbon and Cost Library (ECCL) Level 5 Road Benchmarks Version 1.00
 Australia , Substructure and Pavements ,Light Duty Dense Graded Asphalt,Footpath mix,1,t, -   ,0.07,0.01,0.02,TfNSW Engineering Carbon and Cost Library (ECCL) Level 5 Road Benchmarks Version 1.00
 Australia , Substructure and Pavements ,Light Duty Dense Graded Asphalt,5 mm Nominal Size,1,t, -   ,0.08,0.01,0.03,TfNSW Engineering Carbon and Cost Library (ECCL) Level 5 Road Benchmarks Version 1.00
 Australia , Substructure and Pavements ,Light Duty Dense Graded Asphalt,7 mm Nominal Size,1,t, -   ,0.08,0.01,0.03,TfNSW Engineering Carbon and Cost Library (ECCL) Level 5 Road Benchmarks Version 1.00
 Australia , Substructure and Pavements ,Light Duty Dense Graded Asphalt,10 mm Nominal Size,1,t, -   ,0.07,0.01,0.03,TfNSW Engineering Carbon and Cost Library (ECCL) Level 5 Road Benchmarks Version 1.00
 Australia , Substructure and Pavements ,Light Duty Dense Graded Asphalt,14 mm Nominal Size,1,t, -   ,0.07,0.01,0.03,TfNSW Engineering Carbon and Cost Library (ECCL) Level 5 Road Benchmarks Version 1.00
 Australia , Substructure and Pavements ,Light Duty Dense Graded Asphalt,Footpath mix,1,t, -   ,0.07,0.01,0.03,TfNSW Engineering Carbon and Cost Library (ECCL) Level 5 Road Benchmarks Version 1.00
 Australia , Substructure and Pavements ,Light Duty Dense Graded Asphalt,5 mm Nominal Size,1,t, -   ,0.08,0.01,0.03,TfNSW Engineering Carbon and Cost Library (ECCL) Level 5 Road Benchmarks Version 1.00
 Australia , Substructure and Pavements ,Light Duty Dense Graded Asphalt,7 mm Nominal Size,1,t, -   ,0.08,0.01,0.03,TfNSW Engineering Carbon and Cost Library (ECCL) Level 5 Road Benchmarks Version 1.00
 Australia , Substructure and Pavements ,Light Duty Dense Graded Asphalt,10 mm Nominal Size,1,t, -   ,0.07,0.01,0.03,TfNSW Engineering Carbon and Cost Library (ECCL) Level 5 Road Benchmarks Version 1.00
 Australia , Substructure and Pavements ,Light Duty Dense Graded Asphalt,14 mm Nominal Size,1,t, -   ,0.07,0.01,0.03,TfNSW Engineering Carbon and Cost Library (ECCL) Level 5 Road Benchmarks Version 1.00
 Australia , Substructure and Pavements ,Light Duty Dense Graded Asphalt,Footpath mix,1,t, -   ,0.07,0.01,0.03,TfNSW Engineering Carbon and Cost Library (ECCL) Level 5 Road Benchmarks Version 1.00
 Australia , Substructure and Pavements ,Crumb Rubber Asphalt,Supply and Application of Tackcoat (Including Preparation of Surface),1,L, -   ,0,0,0,TfNSW Engineering Carbon and Cost Library (ECCL) Level 5 Road Benchmarks Version 1.00
 Australia , Substructure and Pavements ,Crumb Rubber Asphalt,10 mm Nominal Size,1,t, -   ,0.15,0.02,0.03,TfNSW Engineering Carbon and Cost Library (ECCL) Level 5 Road Benchmarks Version 1.00
 Australia , Substructure and Pavements ,Crumb Rubber Asphalt,14 mm Nominal Size,1,t, -   ,0.15,0.02,0.03,TfNSW Engineering Carbon and Cost Library (ECCL) Level 5 Road Benchmarks Version 1.00
 Australia , Substructure and Pavements ,Crumb Rubber Asphalt,10 mm Nominal Size,1,t, -   ,0.15,0.02,0.03,TfNSW Engineering Carbon and Cost Library (ECCL) Level 5 Road Benchmarks Version 1.00
 Australia , Substructure and Pavements ,Crumb Rubber Asphalt,14 mm Nominal Size,1,t, -   ,0.15,0.02,0.03,TfNSW Engineering Carbon and Cost Library (ECCL) Level 5 Road Benchmarks Version 1.00
 Australia , Substructure and Pavements ,Crumb Rubber Asphalt,10 mm Nominal Size,1,t, -   ,0.15,0.02,0.03,TfNSW Engineering Carbon and Cost Library (ECCL) Level 5 Road Benchmarks Version 1.00
 Australia , Substructure and Pavements ,Crumb Rubber Asphalt,14 mm Nominal Size,1,t, -   ,0.15,0.02,0.03,TfNSW Engineering Carbon and Cost Library (ECCL) Level 5 Road Benchmarks Version 1.00
 Australia , Substructure and Pavements ,Crumb Rubber Asphalt,10 mm Nominal Size,1,t, -   ,0.15,0.02,0.03,TfNSW Engineering Carbon and Cost Library (ECCL) Level 5 Road Benchmarks Version 1.00
 Australia , Substructure and Pavements ,Crumb Rubber Asphalt,14 mm Nominal Size,1,t, -   ,0.15,0.02,0.03,TfNSW Engineering Carbon and Cost Library (ECCL) Level 5 Road Benchmarks Version 1.00
 Australia , Substructure and Pavements ,Crumb Rubber Asphalt,Wheel Tracking Test,1,each mix, -   , -   , -   , -   ,TfNSW Engineering Carbon and Cost Library (ECCL) Level 5 Road Benchmarks Version 1.00
 Australia , Substructure and Pavements ,Open Graded Asphalt,Supply and Application of Tack Coat (Including Preparation of Surface),1,L, -   ,0,0,0,TfNSW Engineering Carbon and Cost Library (ECCL) Level 5 Road Benchmarks Version 1.00
 Australia , Substructure and Pavements ,Open Graded Asphalt,10 mm Nominal Size,1,t, -   ,0.07,0.01,0.02,TfNSW Engineering Carbon and Cost Library (ECCL) Level 5 Road Benchmarks Version 1.00
 Australia , Substructure and Pavements ,Open Graded Asphalt,14 mm Nominal Size,1,t, -   ,0.07,0.01,0.02,TfNSW Engineering Carbon and Cost Library (ECCL) Level 5 Road Benchmarks Version 1.00
 Australia , Substructure and Pavements ,Open Graded Asphalt,10 mm Nominal Size,1,t, -   ,0.07,0.01,0.02,TfNSW Engineering Carbon and Cost Library (ECCL) Level 5 Road Benchmarks Version 1.00
 Australia , Substructure and Pavements ,Open Graded Asphalt,14 mm Nominal Size,1,t, -   ,0.07,0.01,0.02,TfNSW Engineering Carbon and Cost Library (ECCL) Level 5 Road Benchmarks Version 1.00
 Australia , Substructure and Pavements ,Stone Mastic Asphalt,Preparation of Surface,1,m2, -   , -   ,0,0,TfNSW Engineering Carbon and Cost Library (ECCL) Level 5 Road Benchmarks Version 1.00
 Australia , Substructure and Pavements ,Stone Mastic Asphalt,10 mm Nominal Size,1,t, -   ,0.09,0.01,0.03,TfNSW Engineering Carbon and Cost Library (ECCL) Level 5 Road Benchmarks Version 1.00
 Australia , Substructure and Pavements ,Stone Mastic Asphalt,14 mm Nominal Size,1,t, -   ,0.09,0.01,0.02,TfNSW Engineering Carbon and Cost Library (ECCL) Level 5 Road Benchmarks Version 1.00
 Australia , Substructure and Pavements ,Thin Open Graded Asphalt Surfacing,Preparation of Surface,1,m2, -   , -   ,0,0,TfNSW Engineering Carbon and Cost Library (ECCL) Level 5 Road Benchmarks Version 1.00
 Australia , Substructure and Pavements ,Thin Open Graded Asphalt Surfacing,10 mm Nominal Size,1,t, -   ,0.08,0.01,0.05,TfNSW Engineering Carbon and Cost Library (ECCL) Level 5 Road Benchmarks Version 1.00
 Australia , Substructure and Pavements ,High Modulus Asphalt (EME2),Tackcoat,1,L, -   ,0,0,0,TfNSW Engineering Carbon and Cost Library (ECCL) Level 5 Road Benchmarks Version 1.00
 Australia , Substructure and Pavements ,High Modulus Asphalt (EME2),14 mm Nominal Size,1,t, -   ,0.06,0.01,0.02,TfNSW Engineering Carbon and Cost Library (ECCL) Level 5 Road Benchmarks Version 1.00
 Australia , Substructure and Pavements ,High Modulus Asphalt (EME2),14 mm Nominal Size,1,t, -   ,0.06,0.01,0.03,TfNSW Engineering Carbon and Cost Library (ECCL) Level 5 Road Benchmarks Version 1.00
 Australia , Substructure and Pavements ,High Modulus Asphalt (EME2),14 mm Nominal Size,1,t, -   ,0.06,0.01,0.03,TfNSW Engineering Carbon and Cost Library (ECCL) Level 5 Road Benchmarks Version 1.00
 Australia , Services and Equipment ,Safety Barrier Systems,MASH TL 3 Steel Rail Safety Barrier,1,m, -   ,0.07,0,0,TfNSW Engineering Carbon and Cost Library (ECCL) Level 5 Road Benchmarks Version 1.00
 Australia , Services and Equipment ,Safety Barrier Systems,MASH TL4 Steel Rail Safety Barrier,1,m, -   ,0.07,0,0,TfNSW Engineering Carbon and Cost Library (ECCL) Level 5 Road Benchmarks Version 1.00
 Australia , Services and Equipment ,Safety Barrier Systems,Post Holes at 400mm Diameter (Item with provisional quantity),1,each, -   ,0,0,0.01,TfNSW Engineering Carbon and Cost Library (ECCL) Level 5 Road Benchmarks Version 1.00
 Australia , Services and Equipment ,Safety Barrier Systems,MASH TL 3 Wire Rope Safety Barrier,1,m, -   ,0.03,0,0,TfNSW Engineering Carbon and Cost Library (ECCL) Level 5 Road Benchmarks Version 1.00
 Australia , Services and Equipment ,Safety Barrier Systems,MASH TL 4 Wire Rope Safety Barrier,1,m, -   ,0.03,0,0,TfNSW Engineering Carbon and Cost Library (ECCL) Level 5 Road Benchmarks Version 1.00
 Australia , Services and Equipment ,Safety Barrier Systems,Construction of Plastic Safety Barriers,1,m, -   ,0,0,0,TfNSW Engineering Carbon and Cost Library (ECCL) Level 5 Road Benchmarks Version 1.00
 Australia , Services and Equipment ,Safety Barrier Systems,Concrete Barrier - Type F Full,1,m,-16.03,0.12,0,0.01,TfNSW Engineering Carbon and Cost Library (ECCL) Level 5 Road Benchmarks Version 1.00
 Australia , Services and Equipment ,Safety Barrier Systems,Concrete Barrier - Type F Half,1,m,-16.03,0.12,0,0.01,TfNSW Engineering Carbon and Cost Library (ECCL) Level 5 Road Benchmarks Version 1.00
 Australia , Services and Equipment ,Safety Barrier Systems,Concrete Barrier - Type F Single,1,m,-16.03,0.12,0,0.01,TfNSW Engineering Carbon and Cost Library (ECCL) Level 5 Road Benchmarks Version 1.00
 Australia , Services and Equipment ,Safety Barrier Systems,Concrete Barrier - Vertical Full,1,m,-16.03,0.12,0,0.01,TfNSW Engineering Carbon and Cost Library (ECCL) Level 5 Road Benchmarks Version 1.00
 Australia , Services and Equipment ,Safety Barrier Systems,Concrete Barrier - Vertical Half,1,m,-16.03,0.12,0,0.01,TfNSW Engineering Carbon and Cost Library (ECCL) Level 5 Road Benchmarks Version 1.00
 Australia , Services and Equipment ,Bowe Kerbs,Concrete Barrier - Bowe Kerb - nearside,1,m,-1.41,0.06,0,0,TfNSW Engineering Carbon and Cost Library (ECCL) Level 5 Road Benchmarks Version 1.00
 Australia , Services and Equipment ,Bowe Kerbs,Bowe Kerb - median (continuous keyed foundation),1,m,-1.41,0.06,0,0.01,TfNSW Engineering Carbon and Cost Library (ECCL) Level 5 Road Benchmarks Version 1.00
 Australia , Services and Equipment ,Bowe Kerbs,Bowe Kerb - median (dowels),1,m,-1.41,0.06,0,0,TfNSW Engineering Carbon and Cost Library (ECCL) Level 5 Road Benchmarks Version 1.00
 Australia , Services and Equipment ,Terminal,ET-SS Terminal,1,each, -   ,0.98,0.01,0,TfNSW Engineering Carbon and Cost Library (ECCL) Level 5 Road Benchmarks Version 1.00
 Australia , Services and Equipment ,Terminal,Trailing Terminal,1,each, -   ,0.16,0,0,TfNSW Engineering Carbon and Cost Library (ECCL) Level 5 Road Benchmarks Version 1.00
 Australia , Services and Equipment ,Terminal,MSKT (MASH Sequential Kinking Terminal),1,each, -   ,1.29,0.02,0.01,TfNSW Engineering Carbon and Cost Library (ECCL) Level 5 Road Benchmarks Version 1.00
 Australia , Services and Equipment ,Terminal,Max-Tension Terminal,1,each, -   ,1.83,0.02,0.01,TfNSW Engineering Carbon and Cost Library (ECCL) Level 5 Road Benchmarks Version 1.00
 Australia , Services and Equipment ,Terminal,Trend Median Terminal,1,each, -   ,2.3,0.03,0.01,TfNSW Engineering Carbon and Cost Library (ECCL) Level 5 Road Benchmarks Version 1.00
 Australia , Services and Equipment ,Safety Barrier Systems,UNIVERSAL TAU-M Crash Cushion,1,each, -   ,5.21,0.08,0.03,TfNSW Engineering Carbon and Cost Library (ECCL) Level 5 Road Benchmarks Version 1.00
 Australia , Services and Equipment ,Safety Barrier Systems,HERCULES Crash Cushion,1,each, -   ,3.24,0.04,0.03,TfNSW Engineering Carbon and Cost Library (ECCL) Level 5 Road Benchmarks Version 1.00
 Australia , Services and Equipment ,Safety Barrier Systems,QUADGUARD Elite M10 Crash Cushion,1,each, -   ,6.59,0.1,0.03,TfNSW Engineering Carbon and Cost Library (ECCL) Level 5 Road Benchmarks Version 1.00
 Australia , Services and Equipment ,Safety Barrier Systems,QUADGUARD M10 Crash Cushion,1,each, -   ,6.59,0.1,0.03,TfNSW Engineering Carbon and Cost Library (ECCL) Level 5 Road Benchmarks Version 1.00
 Australia , Services and Equipment ,Safety Barrier Systems,SMART Crash Cushion,1,each, -   ,5.21,0.06,0.03,TfNSW Engineering Carbon and Cost Library (ECCL) Level 5 Road Benchmarks Version 1.00
 Australia , Services and Equipment ,Safety Barrier Systems,Ingal RBT (Rigid Barrier Transition),1,each, -   ,0.65,0.01,0,TfNSW Engineering Carbon and Cost Library (ECCL) Level 5 Road Benchmarks Version 1.00
 Australia , Services and Equipment ,Safety Barrier Systems,RAMSHIELD Transition,1,each, -   ,0.45,0.01,0,TfNSW Engineering Carbon and Cost Library (ECCL) Level 5 Road Benchmarks Version 1.00
 Australia , Services and Equipment ,Safety Barrier Systems,HighwayGuard Safety Barrier,1,m, -   ,0.26,0,0,TfNSW Engineering Carbon and Cost Library (ECCL) Level 5 Road Benchmarks Version 1.00
 Australia , Services and Equipment ,Safety Barrier Systems,HighwayGuard LDS Steel Safety Barrier,1,m, -   ,0.26,0,0,TfNSW Engineering Carbon and Cost Library (ECCL) Level 5 Road Benchmarks Version 1.00
 Australia , Services and Equipment ,Safety Barrier Systems,SafeZone LDS Safety Barrier,1,m, -   ,0.24,0,0,TfNSW Engineering Carbon and Cost Library (ECCL) Level 5 Road Benchmarks Version 1.00
 Australia , Services and Equipment ,Safety Barrier Systems,SafeZone Safety Barrier,1,m, -   ,0.24,0,0,TfNSW Engineering Carbon and Cost Library (ECCL) Level 5 Road Benchmarks Version 1.00
 Australia , Services and Equipment ,Safety Barrier Systems,BG800 Safety Barrier,1,m, -   ,0.23,0,0,TfNSW Engineering Carbon and Cost Library (ECCL) Level 5 Road Benchmarks Version 1.00
 Australia , Services and Equipment ,Safety Barrier Systems,BG800 MDS Safety Barrier,1,m, -   ,0.23,0,0,TfNSW Engineering Carbon and Cost Library (ECCL) Level 5 Road Benchmarks Version 1.00
 Australia , Services and Equipment ,Safety Barrier Systems,HighwayGuard MDS Steel Safety Barrier,1,m, -   ,0.26,0,0,TfNSW Engineering Carbon and Cost Library (ECCL) Level 5 Road Benchmarks Version 1.00
 Australia , Services and Equipment ,Safety Barrier Systems,SafeZone MDS Safety Barrier,1,m, -   ,0.24,0,0,TfNSW Engineering Carbon and Cost Library (ECCL) Level 5 Road Benchmarks Version 1.00
 Australia , Services and Equipment ,Safety Barrier Systems,BG800 LDS Safety Barrier,1,m, -   ,0.23,0,0,TfNSW Engineering Carbon and Cost Library (ECCL) Level 5 Road Benchmarks Version 1.00
 Australia , Services and Equipment ,Sign removal,Remove Regulatory Sign - 300mm x 300mm,1,each, -   , -   ,0,0.02,TfNSW Engineering Carbon and Cost Library (ECCL) Level 5 Road Benchmarks Version 1.00
 Australia , Services and Equipment ,Sign removal,Remove Regulatory Sign - 450mm x 450mm,1,each, -   , -   ,0,0.02,TfNSW Engineering Carbon and Cost Library (ECCL) Level 5 Road Benchmarks Version 1.00
 Australia , Services and Equipment ,Sign removal,Remove Regulatory Sign - 600mm x 600mm,1,each, -   , -   ,0,0.02,TfNSW Engineering Carbon and Cost Library (ECCL) Level 5 Road Benchmarks Version 1.00
 Australia , Services and Equipment ,Sign removal,Remove Regulatory Sign - 750mm x 750mm,1,each, -   , -   ,0,0.02,TfNSW Engineering Carbon and Cost Library (ECCL) Level 5 Road Benchmarks Version 1.00
 Australia , Services and Equipment ,Sign removal,Remove Regulatory Sign - 900mm x 900mm,1,each, -   , -   ,0,0.02,TfNSW Engineering Carbon and Cost Library (ECCL) Level 5 Road Benchmarks Version 1.00
 Australia , Services and Equipment ,Sign removal,Remove Regulatory Sign - 1200mm x 1200mm,1,each, -   , -   ,0,0.02,TfNSW Engineering Carbon and Cost Library (ECCL) Level 5 Road Benchmarks Version 1.00
 Australia , Services and Equipment ,Sign removal,Remove Warning Sign - 600mm x 600mm,1,each, -   , -   ,0,0.02,TfNSW Engineering Carbon and Cost Library (ECCL) Level 5 Road Benchmarks Version 1.00
 Australia , Services and Equipment ,Sign removal,Remove Warning Sign - 750mm x 750mm,1,each, -   , -   ,0,0.02,TfNSW Engineering Carbon and Cost Library (ECCL) Level 5 Road Benchmarks Version 1.00
 Australia , Services and Equipment ,Sign removal,Remove Warning Sign - 900mm x 900mm,1,each, -   , -   ,0,0.02,TfNSW Engineering Carbon and Cost Library (ECCL) Level 5 Road Benchmarks Version 1.00
 Australia , Services and Equipment ,Sign removal,Remove Warning Sign - 1200mm x 1200mm,1,each, -   , -   ,0,0.03,TfNSW Engineering Carbon and Cost Library (ECCL) Level 5 Road Benchmarks Version 1.00
 Australia , Services and Equipment ,Sign removal,Remove Warning Sign - 1400mm x 1800mm,1,each, -   , -   ,0,0.03,TfNSW Engineering Carbon and Cost Library (ECCL) Level 5 Road Benchmarks Version 1.00
 Australia , Services and Equipment ,Sign removal,Remove Warning Sign - 1500mm x 3000mm,1,each, -   , -   ,0,0.03,TfNSW Engineering Carbon and Cost Library (ECCL) Level 5 Road Benchmarks Version 1.00
 Australia , Services and Equipment ,Sign removal,Remove Guide Sign - <500mm x <500mm,1,each, -   , -   ,0,0.02,TfNSW Engineering Carbon and Cost Library (ECCL) Level 5 Road Benchmarks Version 1.00
 Australia , Services and Equipment ,Sign removal,Remove Guide Sign - <1000mm x <500mm,1,each, -   , -   ,0,0.02,TfNSW Engineering Carbon and Cost Library (ECCL) Level 5 Road Benchmarks Version 1.00
 Australia , Services and Equipment ,Sign removal,Remove Guide Sign - <1000mm x <1000mm,1,each, -   , -   ,0,0.02,TfNSW Engineering Carbon and Cost Library (ECCL) Level 5 Road Benchmarks Version 1.00
 Australia , Services and Equipment ,Sign removal,Remove Guide Sign - <2000mm x <500mm,1,each, -   , -   ,0,0.02,TfNSW Engineering Carbon and Cost Library (ECCL) Level 5 Road Benchmarks Version 1.00
 Australia , Services and Equipment ,Sign removal,Remove Guide Sign - <2000mm x <1000mm,1,each, -   , -   ,0,0.02,TfNSW Engineering Carbon and Cost Library (ECCL) Level 5 Road Benchmarks Version 1.00
 Australia , Services and Equipment ,Sign removal,Remove Guide Sign - <2000mm x <2000mm,1,each, -   , -   ,0,0.02,TfNSW Engineering Carbon and Cost Library (ECCL) Level 5 Road Benchmarks Version 1.00
 Australia , Services and Equipment ,Sign removal,Remove Guide Sign - <3000mm x <500mm,1,each, -   , -   ,0,0.02,TfNSW Engineering Carbon and Cost Library (ECCL) Level 5 Road Benchmarks Version 1.00
 Australia , Services and Equipment ,Sign removal,Remove Guide Sign - <3000mm x <1000mm,1,each, -   , -   ,0,0.02,TfNSW Engineering Carbon and Cost Library (ECCL) Level 5 Road Benchmarks Version 1.00
 Australia , Services and Equipment ,Sign removal,Remove Guide Sign - <3000mm x <2000mm,1,each, -   , -   ,0,0.02,TfNSW Engineering Carbon and Cost Library (ECCL) Level 5 Road Benchmarks Version 1.00
 Australia , Services and Equipment ,Sign removal,Remove Guide Sign - <3000mm x <3000mm,1,each, -   , -   ,0,0.02,TfNSW Engineering Carbon and Cost Library (ECCL) Level 5 Road Benchmarks Version 1.00
 Australia , Services and Equipment ,Sign removal,Remove Guide Sign - <4000mm x <1000mm,1,each, -   , -   ,0,0.02,TfNSW Engineering Carbon and Cost Library (ECCL) Level 5 Road Benchmarks Version 1.00
 Australia , Services and Equipment ,Sign removal,Remove Guide Sign - <4000mm x <2000mm,1,each, -   , -   ,0,0.02,TfNSW Engineering Carbon and Cost Library (ECCL) Level 5 Road Benchmarks Version 1.00
 Australia , Services and Equipment ,Sign removal,Remove Guide Sign - <4000mm x <4000mm,1,each, -   , -   ,0,0.03,TfNSW Engineering Carbon and Cost Library (ECCL) Level 5 Road Benchmarks Version 1.00
 Australia , Services and Equipment ,Sign removal,Remove Guide Sign - <5000mm x <1000mm,1,each, -   , -   ,0,0.03,TfNSW Engineering Carbon and Cost Library (ECCL) Level 5 Road Benchmarks Version 1.00
 Australia , Services and Equipment ,Sign removal,Remove Guide Sign - <5000mm x <2000mm,1,each, -   , -   ,0,0.03,TfNSW Engineering Carbon and Cost Library (ECCL) Level 5 Road Benchmarks Version 1.00
 Australia , Services and Equipment ,Sign removal,Remove Guide Sign - <5000mm x <3000mm,1,each, -   , -   ,0,0.03,TfNSW Engineering Carbon and Cost Library (ECCL) Level 5 Road Benchmarks Version 1.00
 Australia , Services and Equipment ,Sign removal,Remove Expressway Guide Sign - <500mm x <500mm,1,each, -   , -   ,0,0.02,TfNSW Engineering Carbon and Cost Library (ECCL) Level 5 Road Benchmarks Version 1.00
 Australia , Services and Equipment ,Sign removal,Remove Expressway Guide Sign - <1000mm x <500mm,1,each, -   , -   ,0,0.02,TfNSW Engineering Carbon and Cost Library (ECCL) Level 5 Road Benchmarks Version 1.00
 Australia , Services and Equipment ,Sign removal,Remove Expressway Guide Sign - <1000mm x <1000mm,1,each, -   , -   ,0,0.02,TfNSW Engineering Carbon and Cost Library (ECCL) Level 5 Road Benchmarks Version 1.00
 Australia , Services and Equipment ,Sign removal,Remove Expressway Guide Sign - <2000mm x <500mm,1,each, -   , -   ,0,0.02,TfNSW Engineering Carbon and Cost Library (ECCL) Level 5 Road Benchmarks Version 1.00
 Australia , Services and Equipment ,Sign removal,Remove Expressway Guide Sign - <2000mm x <1000mm,1,each, -   , -   ,0,0.02,TfNSW Engineering Carbon and Cost Library (ECCL) Level 5 Road Benchmarks Version 1.00
 Australia , Services and Equipment ,Sign removal,Remove Expressway Guide Sign - <2000mm x <2000mm,1,each, -   , -   ,0,0.02,TfNSW Engineering Carbon and Cost Library (ECCL) Level 5 Road Benchmarks Version 1.00
 Australia , Services and Equipment ,Sign removal,Remove Expressway Guide Sign - <3000mm x <500mm,1,each, -   , -   ,0,0.02,TfNSW Engineering Carbon and Cost Library (ECCL) Level 5 Road Benchmarks Version 1.00
 Australia , Services and Equipment ,Sign removal,Remove Expressway Guide Sign - <3000mm x <1000mm,1,each, -   , -   ,0,0.02,TfNSW Engineering Carbon and Cost Library (ECCL) Level 5 Road Benchmarks Version 1.00
 Australia , Services and Equipment ,Sign removal,Remove Expressway Guide Sign - <3000mm x <2000mm,1,each, -   , -   ,0,0.02,TfNSW Engineering Carbon and Cost Library (ECCL) Level 5 Road Benchmarks Version 1.00
 Australia , Services and Equipment ,Sign removal,Remove Expressway Guide Sign - <3000mm x <3000mm,1,each, -   , -   ,0,0.02,TfNSW Engineering Carbon and Cost Library (ECCL) Level 5 Road Benchmarks Version 1.00
 Australia , Services and Equipment ,Sign removal,Remove Expressway Guide Sign - <4000mm x <1000mm,1,each, -   , -   ,0,0.02,TfNSW Engineering Carbon and Cost Library (ECCL) Level 5 Road Benchmarks Version 1.00
 Australia , Services and Equipment ,Sign removal,Remove Expressway Guide Sign - <4000mm x <2000mm,1,each, -   , -   ,0,0.02,TfNSW Engineering Carbon and Cost Library (ECCL) Level 5 Road Benchmarks Version 1.00
 Australia , Services and Equipment ,Sign removal,Remove Expressway Guide Sign - <4000mm x <4000mm,1,each, -   , -   ,0,0.03,TfNSW Engineering Carbon and Cost Library (ECCL) Level 5 Road Benchmarks Version 1.00
 Australia , Services and Equipment ,Sign removal,Remove Expressway Guide Sign - <5000mm x <1000mm,1,each, -   , -   ,0,0.03,TfNSW Engineering Carbon and Cost Library (ECCL) Level 5 Road Benchmarks Version 1.00
 Australia , Services and Equipment ,Sign removal,Remove Expressway Guide Sign - <5000mm x <2000mm,1,each, -   , -   ,0,0.03,TfNSW Engineering Carbon and Cost Library (ECCL) Level 5 Road Benchmarks Version 1.00
 Australia , Services and Equipment ,Sign removal,Remove Expressway Guide Sign - <5000mm x <3000mm,1,each, -   , -   ,0,0.03,TfNSW Engineering Carbon and Cost Library (ECCL) Level 5 Road Benchmarks Version 1.00
 Australia , Services and Equipment ,Sign removal,Remove D Series Sign - <500mm x <500mm,1,each, -   , -   ,0,0.02,TfNSW Engineering Carbon and Cost Library (ECCL) Level 5 Road Benchmarks Version 1.00
 Australia , Services and Equipment ,Sign removal,Remove D Series Sign - <1000mm x <500mm,1,each, -   , -   ,0,0.02,TfNSW Engineering Carbon and Cost Library (ECCL) Level 5 Road Benchmarks Version 1.00
 Australia , Services and Equipment ,Sign removal,Remove D Series Sign - <1000mm x <1000mm,1,each, -   , -   ,0,0.02,TfNSW Engineering Carbon and Cost Library (ECCL) Level 5 Road Benchmarks Version 1.00
 Australia , Services and Equipment ,Sign removal,Remove D Series Sign - <2000mm x <500mm,1,each, -   , -   ,0,0.02,TfNSW Engineering Carbon and Cost Library (ECCL) Level 5 Road Benchmarks Version 1.00
 Australia , Services and Equipment ,Sign removal,Remove D Series Sign - <2000mm x <1000mm,1,each, -   , -   ,0,0.02,TfNSW Engineering Carbon and Cost Library (ECCL) Level 5 Road Benchmarks Version 1.00
 Australia , Services and Equipment ,Sign removal,Remove D Series Sign - <2000mm x <2000mm,1,each, -   , -   ,0,0.02,TfNSW Engineering Carbon and Cost Library (ECCL) Level 5 Road Benchmarks Version 1.00
 Australia , Services and Equipment ,Sign removal,Remove D Series Sign - <3000mm x <500mm,1,each, -   , -   ,0,0.02,TfNSW Engineering Carbon and Cost Library (ECCL) Level 5 Road Benchmarks Version 1.00
 Australia , Services and Equipment ,Sign removal,Remove D Series Sign - <3000mm x <1000mm,1,each, -   , -   ,0,0.02,TfNSW Engineering Carbon and Cost Library (ECCL) Level 5 Road Benchmarks Version 1.00
 Australia , Services and Equipment ,Sign removal,Remove D Series Sign - <4000mm x <1000mm,1,each, -   , -   ,0,0.02,TfNSW Engineering Carbon and Cost Library (ECCL) Level 5 Road Benchmarks Version 1.00
 Australia , Services and Equipment ,Safety Foundations,Reinforced Concrete Pile Foundation,1,m3, -   ,0.6,0.03,0.28,TfNSW Engineering Carbon and Cost Library (ECCL) Level 5 Road Benchmarks Version 1.00
 Australia , Services and Equipment ,Safety Foundations,Reinforced Concrete Foundation (other than piles),1,m3, -   ,0.6,0.03,0.06,TfNSW Engineering Carbon and Cost Library (ECCL) Level 5 Road Benchmarks Version 1.00
 Australia , Services and Equipment ,Safety Barrier Systems,60.3 x 2.9 CHS,1,each, -   ,0.1,0,0.09,TfNSW Engineering Carbon and Cost Library (ECCL) Level 5 Road Benchmarks Version 1.00
 Australia , Services and Equipment ,Safety Barrier Systems,60.3 x 3.6 CHS,1,each, -   ,0.1,0,0.09,TfNSW Engineering Carbon and Cost Library (ECCL) Level 5 Road Benchmarks Version 1.00
 Australia , Services and Equipment ,Safety Barrier Systems,76.1 x 3.2 CHS,1,each, -   ,0.1,0,0.09,TfNSW Engineering Carbon and Cost Library (ECCL) Level 5 Road Benchmarks Version 1.00
 Australia , Services and Equipment ,Safety Barrier Systems,88.9 x 3.2 CHS,1,each, -   ,0.1,0,0.09,TfNSW Engineering Carbon and Cost Library (ECCL) Level 5 Road Benchmarks Version 1.00
 Australia , Services and Equipment ,Safety Barrier Systems,101.6x 3.2 CHS,1,each, -   ,0.1,0,0.09,TfNSW Engineering Carbon and Cost Library (ECCL) Level 5 Road Benchmarks Version 1.00
 Australia , Services and Equipment ,Safety Barrier Systems,114.3 x 3.2 CHS,1,each, -   ,0.1,0,0.09,TfNSW Engineering Carbon and Cost Library (ECCL) Level 5 Road Benchmarks Version 1.00
 Australia , Services and Equipment ,Sign relocation,Relocate Regulatory Sign - 300mm x 300mm,1,each, -   , -   ,0,0.04,TfNSW Engineering Carbon and Cost Library (ECCL) Level 5 Road Benchmarks Version 1.00
 Australia , Services and Equipment ,Sign relocation,Relocate Regulatory Sign - 450mm x 450mm,1,each, -   , -   ,0,0.04,TfNSW Engineering Carbon and Cost Library (ECCL) Level 5 Road Benchmarks Version 1.00
 Australia , Services and Equipment ,Sign relocation,Relocate Regulatory Sign - 600mm x 600mm,1,each, -   , -   ,0,0.04,TfNSW Engineering Carbon and Cost Library (ECCL) Level 5 Road Benchmarks Version 1.00
 Australia , Services and Equipment ,Sign relocation,Relocate Regulatory Sign - 750mm x 750mm,1,each, -   , -   ,0,0.04,TfNSW Engineering Carbon and Cost Library (ECCL) Level 5 Road Benchmarks Version 1.00
 Australia , Services and Equipment ,Sign relocation,Relocate Regulatory Sign - 900mm x 900mm,1,each, -   , -   ,0,0.04,TfNSW Engineering Carbon and Cost Library (ECCL) Level 5 Road Benchmarks Version 1.00
 Australia , Services and Equipment ,Sign relocation,Relocate Regulatory Sign - 1200mm x 1200mm,1,each, -   , -   ,0,0.04,TfNSW Engineering Carbon and Cost Library (ECCL) Level 5 Road Benchmarks Version 1.00
 Australia , Services and Equipment ,Sign relocation,Relocate Warning Sign - 600mm x 600mm,1,each, -   , -   ,0,0.04,TfNSW Engineering Carbon and Cost Library (ECCL) Level 5 Road Benchmarks Version 1.00
 Australia , Services and Equipment ,Sign relocation,Relocate Warning Sign - 750mm x 750mm,1,each, -   , -   ,0,0.04,TfNSW Engineering Carbon and Cost Library (ECCL) Level 5 Road Benchmarks Version 1.00
 Australia , Services and Equipment ,Sign relocation,Relocate Warning Sign - 900mm x 900mm,1,each, -   , -   ,0,0.04,TfNSW Engineering Carbon and Cost Library (ECCL) Level 5 Road Benchmarks Version 1.00
 Australia , Services and Equipment ,Sign relocation,Relocate Warning Sign - 1200mm x 1200mm,1,each, -   , -   ,0,0.04,TfNSW Engineering Carbon and Cost Library (ECCL) Level 5 Road Benchmarks Version 1.00
 Australia , Services and Equipment ,Sign relocation,Relocate Warning Sign - 1400mm x 1800mm,1,each, -   , -   ,0,0.04,TfNSW Engineering Carbon and Cost Library (ECCL) Level 5 Road Benchmarks Version 1.00
 Australia , Services and Equipment ,Sign relocation,Relocate Warning Sign - 1500mm x 3000mm,1,each, -   , -   ,0,0.04,TfNSW Engineering Carbon and Cost Library (ECCL) Level 5 Road Benchmarks Version 1.00
 Australia , Services and Equipment ,Sign relocation,Relocate Guide Sign - <500mm x <500mm,1,each, -   , -   ,0,0.04,TfNSW Engineering Carbon and Cost Library (ECCL) Level 5 Road Benchmarks Version 1.00
 Australia , Services and Equipment ,Sign relocation,Relocate Guide Sign - <1000mm x <500mm,1,each, -   , -   ,0,0.04,TfNSW Engineering Carbon and Cost Library (ECCL) Level 5 Road Benchmarks Version 1.00
 Australia , Services and Equipment ,Sign relocation,Relocate Guide Sign - <1000mm x <1000mm,1,each, -   , -   ,0,0.04,TfNSW Engineering Carbon and Cost Library (ECCL) Level 5 Road Benchmarks Version 1.00
 Australia , Services and Equipment ,Sign relocation,Relocate Guide Sign - <2000mm x <500mm,1,each, -   , -   ,0,0.04,TfNSW Engineering Carbon and Cost Library (ECCL) Level 5 Road Benchmarks Version 1.00
 Australia , Services and Equipment ,Sign relocation,Relocate Guide Sign - <2000mm x <1000mm,1,each, -   , -   ,0,0.04,TfNSW Engineering Carbon and Cost Library (ECCL) Level 5 Road Benchmarks Version 1.00
 Australia , Services and Equipment ,Sign relocation,Relocate Guide Sign - <2000mm x <2000mm,1,each, -   , -   ,0,0.04,TfNSW Engineering Carbon and Cost Library (ECCL) Level 5 Road Benchmarks Version 1.00
 Australia , Services and Equipment ,Sign relocation,Relocate Guide Sign - <3000mm x <500mm,1,each, -   , -   ,0,0.04,TfNSW Engineering Carbon and Cost Library (ECCL) Level 5 Road Benchmarks Version 1.00
 Australia , Services and Equipment ,Sign relocation,Relocate Guide Sign - <3000mm x <1000mm,1,each, -   , -   ,0,0.05,TfNSW Engineering Carbon and Cost Library (ECCL) Level 5 Road Benchmarks Version 1.00
 Australia , Services and Equipment ,Sign relocation,Relocate Guide Sign - <3000mm x <2000mm,1,each, -   , -   ,0,0.05,TfNSW Engineering Carbon and Cost Library (ECCL) Level 5 Road Benchmarks Version 1.00
 Australia , Services and Equipment ,Sign relocation,Relocate Guide Sign - <3000mm x <3000mm,1,each, -   , -   ,0,0.05,TfNSW Engineering Carbon and Cost Library (ECCL) Level 5 Road Benchmarks Version 1.00
 Australia , Services and Equipment ,Sign relocation,Relocate Guide Sign - <4000mm x <1000mm,1,each, -   , -   ,0,0.05,TfNSW Engineering Carbon and Cost Library (ECCL) Level 5 Road Benchmarks Version 1.00
 Australia , Services and Equipment ,Sign relocation,Relocate Guide Sign - <4000mm x <2000mm,1,each, -   , -   ,0,0.05,TfNSW Engineering Carbon and Cost Library (ECCL) Level 5 Road Benchmarks Version 1.00
 Australia , Services and Equipment ,Sign relocation,Relocate Guide Sign - <4000mm x <4000mm,1,each, -   , -   ,0,0.06,TfNSW Engineering Carbon and Cost Library (ECCL) Level 5 Road Benchmarks Version 1.00
 Australia , Services and Equipment ,Sign relocation,Relocate Guide Sign - <5000mm x <1000mm,1,each, -   , -   ,0,0.06,TfNSW Engineering Carbon and Cost Library (ECCL) Level 5 Road Benchmarks Version 1.00
 Australia , Services and Equipment ,Sign relocation,Relocate Guide Sign - <5000mm x <2000mm,1,each, -   , -   ,0,0.06,TfNSW Engineering Carbon and Cost Library (ECCL) Level 5 Road Benchmarks Version 1.00
 Australia , Services and Equipment ,Sign relocation,Relocate Guide Sign - <5000mm x <3000mm,1,each, -   , -   ,0,0.06,TfNSW Engineering Carbon and Cost Library (ECCL) Level 5 Road Benchmarks Version 1.00
 Australia , Services and Equipment ,Sign relocation,Relocate Expressway Guide Sign - <500mm x <500mm,1,each, -   , -   ,0,0.04,TfNSW Engineering Carbon and Cost Library (ECCL) Level 5 Road Benchmarks Version 1.00
 Australia , Services and Equipment ,Sign relocation,Relocate Expressway Guide Sign - <1000mm x <500mm,1,each, -   , -   ,0,0.04,TfNSW Engineering Carbon and Cost Library (ECCL) Level 5 Road Benchmarks Version 1.00
 Australia , Services and Equipment ,Sign relocation,Relocate Expressway Guide Sign - <1000mm x <1000mm,1,each, -   , -   ,0,0.04,TfNSW Engineering Carbon and Cost Library (ECCL) Level 5 Road Benchmarks Version 1.00
 Australia , Services and Equipment ,Sign relocation,Relocate Expressway Guide Sign - <2000mm x <500mm,1,each, -   , -   ,0,0.04,TfNSW Engineering Carbon and Cost Library (ECCL) Level 5 Road Benchmarks Version 1.00
 Australia , Services and Equipment ,Sign relocation,Relocate Expressway Guide Sign - <2000mm x <1000mm,1,each, -   , -   ,0,0.04,TfNSW Engineering Carbon and Cost Library (ECCL) Level 5 Road Benchmarks Version 1.00
 Australia , Services and Equipment ,Sign relocation,Relocate Expressway Guide Sign - <2000mm x <2000mm,1,each, -   , -   ,0,0.04,TfNSW Engineering Carbon and Cost Library (ECCL) Level 5 Road Benchmarks Version 1.00
 Australia , Services and Equipment ,Sign relocation,Relocate Expressway Guide Sign - <3000mm x <500mm,1,each, -   , -   ,0,0.04,TfNSW Engineering Carbon and Cost Library (ECCL) Level 5 Road Benchmarks Version 1.00
 Australia , Services and Equipment ,Sign relocation,Relocate Expressway Guide Sign - <3000mm x <1000mm,1,each, -   , -   ,0,0.05,TfNSW Engineering Carbon and Cost Library (ECCL) Level 5 Road Benchmarks Version 1.00
 Australia , Services and Equipment ,Sign relocation,Relocate Expressway Guide Sign - <3000mm x <2000mm,1,each, -   , -   ,0,0.05,TfNSW Engineering Carbon and Cost Library (ECCL) Level 5 Road Benchmarks Version 1.00
 Australia , Services and Equipment ,Sign relocation,Relocate Expressway Guide Sign - <3000mm x <3000mm,1,each, -   , -   ,0,0.05,TfNSW Engineering Carbon and Cost Library (ECCL) Level 5 Road Benchmarks Version 1.00
 Australia , Services and Equipment ,Sign relocation,Relocate Expressway Guide Sign - <4000mm x <1000mm,1,each, -   , -   ,0,0.05,TfNSW Engineering Carbon and Cost Library (ECCL) Level 5 Road Benchmarks Version 1.00
 Australia , Services and Equipment ,Sign relocation,Relocate Expressway Guide Sign - <4000mm x <2000mm,1,each, -   , -   ,0,0.06,TfNSW Engineering Carbon and Cost Library (ECCL) Level 5 Road Benchmarks Version 1.00
 Australia , Services and Equipment ,Sign relocation,Relocate Expressway Guide Sign - <4000mm x <4000mm,1,each, -   , -   ,0,0.06,TfNSW Engineering Carbon and Cost Library (ECCL) Level 5 Road Benchmarks Version 1.00
 Australia , Services and Equipment ,Sign relocation,Relocate Expressway Guide Sign - <5000mm x <1000mm,1,each, -   , -   ,0,0.06,TfNSW Engineering Carbon and Cost Library (ECCL) Level 5 Road Benchmarks Version 1.00
 Australia , Services and Equipment ,Sign relocation,Relocate Expressway Guide Sign - <5000mm x <2000mm,1,each, -   , -   ,0,0.06,TfNSW Engineering Carbon and Cost Library (ECCL) Level 5 Road Benchmarks Version 1.00
 Australia , Services and Equipment ,Sign relocation,Relocate Expressway Guide Sign - <5000mm x <3000mm,1,each, -   , -   ,0,0.06,TfNSW Engineering Carbon and Cost Library (ECCL) Level 5 Road Benchmarks Version 1.00
 Australia , Services and Equipment ,Sign relocation,Relocate D Series Sign - <500mm x <500mm,1,each, -   , -   ,0,0.04,TfNSW Engineering Carbon and Cost Library (ECCL) Level 5 Road Benchmarks Version 1.00
 Australia , Services and Equipment ,Sign relocation,Relocate D Series Sign - <1000mm x <500mm,1,each, -   , -   ,0,0.04,TfNSW Engineering Carbon and Cost Library (ECCL) Level 5 Road Benchmarks Version 1.00
 Australia , Services and Equipment ,Sign relocation,Relocate D Series Sign - <1000mm x <1000mm,1,each, -   , -   ,0,0.04,TfNSW Engineering Carbon and Cost Library (ECCL) Level 5 Road Benchmarks Version 1.00
 Australia , Services and Equipment ,Sign relocation,Relocate D Series Sign - <2000mm x <500mm,1,each, -   , -   ,0,0.04,TfNSW Engineering Carbon and Cost Library (ECCL) Level 5 Road Benchmarks Version 1.00
 Australia , Services and Equipment ,Sign relocation,Relocate D Series Sign - <2000mm x <1000mm,1,each, -   , -   ,0,0.04,TfNSW Engineering Carbon and Cost Library (ECCL) Level 5 Road Benchmarks Version 1.00
 Australia , Services and Equipment ,Sign relocation,Relocate D Series Sign - <2000mm x <2000mm,1,each, -   , -   ,0,0.04,TfNSW Engineering Carbon and Cost Library (ECCL) Level 5 Road Benchmarks Version 1.00
 Australia , Services and Equipment ,Sign relocation,Relocate D Series Sign - <3000mm x <500mm,1,each, -   , -   ,0,0.04,TfNSW Engineering Carbon and Cost Library (ECCL) Level 5 Road Benchmarks Version 1.00
 Australia , Services and Equipment ,Sign relocation,Relocate D Series Sign - <3000mm x <1000mm,1,each, -   , -   ,0,0.05,TfNSW Engineering Carbon and Cost Library (ECCL) Level 5 Road Benchmarks Version 1.00
 Australia , Services and Equipment ,Sign relocation,Relocate D Series Sign - <4000mm x <1000mm,1,each, -   , -   ,0,0.05,TfNSW Engineering Carbon and Cost Library (ECCL) Level 5 Road Benchmarks Version 1.00
 Australia , Services and Equipment ,Safety Barrier Systems,60.3 x 2.9 CHS,1,each, -   ,0.06,0,0.02,TfNSW Engineering Carbon and Cost Library (ECCL) Level 5 Road Benchmarks Version 1.00
 Australia , Services and Equipment ,Safety Barrier Systems,76.1 x 3.2 CHS,1,each, -   ,0.08,0,0.02,TfNSW Engineering Carbon and Cost Library (ECCL) Level 5 Road Benchmarks Version 1.00
 Australia , Services and Equipment ,Street Lighting,Excavation and Backfill of Conduit Trench,1,m3, -   ,0,0.01,0.02,TfNSW Engineering Carbon and Cost Library (ECCL) Level 5 Road Benchmarks Version 1.00
 Australia , Services and Equipment ,Street Lighting,Spraying Weeds with Herbicide,1,m2, -   , -   , -   ,0,TfNSW Engineering Carbon and Cost Library (ECCL) Level 5 Road Benchmarks Version 1.00
 Australia , Services and Equipment ,Street Lighting,Areas with a slope of 5 to 1 or flatter,1,m2, -   ,0,0,0,TfNSW Engineering Carbon and Cost Library (ECCL) Level 5 Road Benchmarks Version 1.00
 Australia , Services and Equipment ,Street Lighting,Areas steeper than 5 to 1 except stepped batters.,1,m2, -   ,0,0,0,TfNSW Engineering Carbon and Cost Library (ECCL) Level 5 Road Benchmarks Version 1.00
 Australia , Services and Equipment ,Street Lighting,Stepped Batters,1,m2, -   ,0,0,0,TfNSW Engineering Carbon and Cost Library (ECCL) Level 5 Road Benchmarks Version 1.00
 Australia , Services and Equipment ,Street Lighting,Areas with a slope of 5 to 1 or flatter.,1,m2, -   ,0.01,0,0,TfNSW Engineering Carbon and Cost Library (ECCL) Level 5 Road Benchmarks Version 1.00
 Australia , Services and Equipment ,Street Lighting,Areas steeper than 5 to 1 except stepped batters.,1,m2, -   ,0.01,0,0,TfNSW Engineering Carbon and Cost Library (ECCL) Level 5 Road Benchmarks Version 1.00
 Australia , Services and Equipment ,Street Lighting,Stepped Batters,1,m2, -   ,0.01,0,0,TfNSW Engineering Carbon and Cost Library (ECCL) Level 5 Road Benchmarks Version 1.00
 Australia , Services and Equipment ,Street Lighting,Dry Sowing,1,m2, -   , -   , -   , -   ,TfNSW Engineering Carbon and Cost Library (ECCL) Level 5 Road Benchmarks Version 1.00
 Australia , Services and Equipment ,Street Lighting,Hand Sowing,1,m2, -   , -   , -   , -   ,TfNSW Engineering Carbon and Cost Library (ECCL) Level 5 Road Benchmarks Version 1.00
 Australia , Services and Equipment ,Street Lighting,Preparation of Surface for Areas Not Requiring Topsoiling,1,m2, -   , -   ,0,0,TfNSW Engineering Carbon and Cost Library (ECCL) Level 5 Road Benchmarks Version 1.00
 Australia , Services and Equipment ,Street Lighting,Hydroseeding,1,m2,-0.07,0,0,0,TfNSW Engineering Carbon and Cost Library (ECCL) Level 5 Road Benchmarks Version 1.00
 Australia , Services and Equipment ,Street Lighting,Hydromulching,1,m2,-0.39,0,0,0,TfNSW Engineering Carbon and Cost Library (ECCL) Level 5 Road Benchmarks Version 1.00
 Australia , Services and Equipment ,Street Lighting,Straw mulching,1,m2,-0.26,0,0,0,TfNSW Engineering Carbon and Cost Library (ECCL) Level 5 Road Benchmarks Version 1.00
 Australia , Services and Equipment ,Street Lighting,Supply and Erection of Information Signs,1,each, -   ,0.26,0,0.03,TfNSW Engineering Carbon and Cost Library (ECCL) Level 5 Road Benchmarks Version 1.00
 Australia , Services and Equipment ,Street Lighting,Topsoiling Open Drains Using Site Material Including Surface Preparation and Screening of Topsoil Stockpiles,1,m2, -   ,0,0,0,TfNSW Engineering Carbon and Cost Library (ECCL) Level 5 Road Benchmarks Version 1.00
 Australia , Services and Equipment ,Street Lighting,Topsoiling Open Drains Using Imported Material Including Surface Preparation,1,m2, -   ,0.01,0,0,TfNSW Engineering Carbon and Cost Library (ECCL) Level 5 Road Benchmarks Version 1.00
 Australia , Services and Equipment ,Street Lighting,Hydroseeding of Open Drains,1,m2,-0.07,0,0,0,TfNSW Engineering Carbon and Cost Library (ECCL) Level 5 Road Benchmarks Version 1.00
 Australia , Services and Equipment ,Street Lighting,Hydromulching of Open Drains,1,m2,-0.39,0,0,0,TfNSW Engineering Carbon and Cost Library (ECCL) Level 5 Road Benchmarks Version 1.00
 Australia , Services and Equipment ,Street Lighting,Sowing Open Drains by Hand,1,m2, -   , -   , -   , -   ,TfNSW Engineering Carbon and Cost Library (ECCL) Level 5 Road Benchmarks Version 1.00
 Australia , Services and Equipment ,Street Lighting,Spray Open Drains with Bitumen Emulsion,1,m2, -   , -   , -   , -   ,TfNSW Engineering Carbon and Cost Library (ECCL) Level 5 Road Benchmarks Version 1.00
 Australia , Services and Equipment ,Street Lighting,Lining Open Drains with Organic Fibre Mat,1,m2, -   ,0,0,0,TfNSW Engineering Carbon and Cost Library (ECCL) Level 5 Road Benchmarks Version 1.00
 Australia , Services and Equipment ,Street Lighting,Areas other than Open Drains,1,m2, -   ,0,0,0,TfNSW Engineering Carbon and Cost Library (ECCL) Level 5 Road Benchmarks Version 1.00
 Australia , Services and Equipment ,Street Lighting,Open Drain Areas,1,m2, -   ,0,0,0,TfNSW Engineering Carbon and Cost Library (ECCL) Level 5 Road Benchmarks Version 1.00
 Australia , External and Ancillary Works ,Street Lighting,Watering (Item with provisional quantity),1,L, -   , -   ,0.01,0,TfNSW Engineering Carbon and Cost Library (ECCL) Level 5 Road Benchmarks Version 1.00
 Australia , Services and Equipment ,Street Lighting,Recultivating and Resowing,1,m2, -   , -   , -   ,0,TfNSW Engineering Carbon and Cost Library (ECCL) Level 5 Road Benchmarks Version 1.00
 Australia , Services and Equipment ,Street Lighting,Mowing,1,m, -   , -   ,0,0,TfNSW Engineering Carbon and Cost Library (ECCL) Level 5 Road Benchmarks Version 1.00
 Australia , External and Ancillary Works ,Landscape Planting,Preparation for Mulched Beds,1,m2, -   , -   ,0,0,TfNSW Engineering Carbon and Cost Library (ECCL) Level 5 Road Benchmarks Version 1.00
 Australia , External and Ancillary Works ,Landscape Planting,Weed Control – Herbicide Application,1,m2, -   , -   ,0,0,TfNSW Engineering Carbon and Cost Library (ECCL) Level 5 Road Benchmarks Version 1.00
 Australia , External and Ancillary Works ,Landscape Planting,Imported Organic Topsoil,1,m2, -   ,0.01,0,0,TfNSW Engineering Carbon and Cost Library (ECCL) Level 5 Road Benchmarks Version 1.00
 Australia , External and Ancillary Works ,Landscape Planting,Imported Organic Mulch,1,m2,-31.75,0,0,0,TfNSW Engineering Carbon and Cost Library (ECCL) Level 5 Road Benchmarks Version 1.00
 Australia , External and Ancillary Works ,Landscape Planting,Site Won Organic Mulch,1,m2, -   , -   ,0,0,TfNSW Engineering Carbon and Cost Library (ECCL) Level 5 Road Benchmarks Version 1.00
 Australia , External and Ancillary Works ,Landscape Planting,Weed Mat,1,m2, -   ,0,0,0,TfNSW Engineering Carbon and Cost Library (ECCL) Level 5 Road Benchmarks Version 1.00
 Australia , External and Ancillary Works ,Landscape Planting,Principal supplied plants,1,each,-1.1,0,0,0,TfNSW Engineering Carbon and Cost Library (ECCL) Level 5 Road Benchmarks Version 1.00
 Australia , External and Ancillary Works ,Landscape Planting,Contractor supplied plants,1,each,-1.1,0,0,0,TfNSW Engineering Carbon and Cost Library (ECCL) Level 5 Road Benchmarks Version 1.00
 Australia , External and Ancillary Works ,Landscape Planting,Principal supplied plants,1,each,-1.1,0,0,0,TfNSW Engineering Carbon and Cost Library (ECCL) Level 5 Road Benchmarks Version 1.00
 Australia , External and Ancillary Works ,Landscape Planting,Contractor supplied plants,1,each,-1.1,0,0,0,TfNSW Engineering Carbon and Cost Library (ECCL) Level 5 Road Benchmarks Version 1.00
 Australia , External and Ancillary Works ,Landscape Planting,Trees Transplanted (200 litre),1,each, -   ,0,0,0.03,TfNSW Engineering Carbon and Cost Library (ECCL) Level 5 Road Benchmarks Version 1.00
 Australia , External and Ancillary Works ,Landscape Planting,Concrete Edging,1,m,-1.41,0.01,0,0,TfNSW Engineering Carbon and Cost Library (ECCL) Level 5 Road Benchmarks Version 1.00
 Australia , External and Ancillary Works ,Landscape Planting,Timber Edging,1,m,-3.91,0,0,0,TfNSW Engineering Carbon and Cost Library (ECCL) Level 5 Road Benchmarks Version 1.00
 Australia , External and Ancillary Works ,Landscape Planting,Turf Underlay,1,m2, -   ,0,0,0,TfNSW Engineering Carbon and Cost Library (ECCL) Level 5 Road Benchmarks Version 1.00
 Australia , External and Ancillary Works ,Landscape Planting,Turfing for Lawn Areas along Medians and Roadsides,1,m2, -   ,0,0,0,TfNSW Engineering Carbon and Cost Library (ECCL) Level 5 Road Benchmarks Version 1.00
 Australia , External and Ancillary Works ,Landscape Planting,Landscape Planting Maintenance,1,month, -   , -   , -   ,0.03,TfNSW Engineering Carbon and Cost Library (ECCL) Level 5 Road Benchmarks Version 1.00
 Australia , External and Ancillary Works ,Landscape Planting,Pruning and/or Removal of Dead Plants (Item with provisional quantity),1,hour, -   , -   , -   ,0,TfNSW Engineering Carbon and Cost Library (ECCL) Level 5 Road Benchmarks Version 1.00
 Australia , External and Ancillary Works ,Landscape Planting,Mowing (Item with provisional quantity),1,m2, -   , -   ,0,0,TfNSW Engineering Carbon and Cost Library (ECCL) Level 5 Road Benchmarks Version 1.00
 Australia , External and Ancillary Works ,Landscape Planting,Organic Mulch Reinstatement (Item with provisional quantity),1,m2,-31.75,0,0,0,TfNSW Engineering Carbon and Cost Library (ECCL) Level 5 Road Benchmarks Version 1.00
 Australia , External and Ancillary Works ,Landscape Planting,Plant Replacement (Item with provisional quantity),1,each,-1.1,0,0,0,TfNSW Engineering Carbon and Cost Library (ECCL) Level 5 Road Benchmarks Version 1.00
 Australia , External and Ancillary Works ,Landscape Planting,Turf Replacement (Item with provisional quantity),1,m2, -   ,0,0,0,TfNSW Engineering Carbon and Cost Library (ECCL) Level 5 Road Benchmarks Version 1.00
 Australia , External and Ancillary Works ,Landscape Planting,Disease and Insect Control (Item with provisional quantity),1,hour, -   , -   , -   ,0,TfNSW Engineering Carbon and Cost Library (ECCL) Level 5 Road Benchmarks Version 1.00
 Australia , External and Ancillary Works ,Landscape Planting,Fertilising (Item with provisional quantity),1,hour, -   , -   , -   ,0,TfNSW Engineering Carbon and Cost Library (ECCL) Level 5 Road Benchmarks Version 1.00
 Australia , External and Ancillary Works ,Landscape Planting,Watering – within first 12 weeks of Post- completion Maintenance Period,1,each, -   , -   ,1.8,1.89,TfNSW Engineering Carbon and Cost Library (ECCL) Level 5 Road Benchmarks Version 1.00
 Australia , External and Ancillary Works ,Landscape Planting,Watering – after first 12 weeks of Post- completion Maintenance Period (Item with provisional quantity),1,each, -   , -   ,1.8,1.89,TfNSW Engineering Carbon and Cost Library (ECCL) Level 5 Road Benchmarks Version 1.00
 Australia , External and Ancillary Works ,Landscape Planting,Grass,1,m2, -   ,0,0,0,TfNSW Engineering Carbon and Cost Library (ECCL) Level 5 Road Benchmarks Version 1.00
 Australia , Structure ,Landscape Planting,Trees in Grass (1 per 10m2),1,m2,-0.11,0,0,0,TfNSW Engineering Carbon and Cost Library (ECCL) Level 5 Road Benchmarks Version 1.00
 Australia , Structure ,Design and Construction of Noise Walls,Supply of Components (Post And Panel),1,m2, -   ,0.22,0.01,0.01,TfNSW Engineering Carbon and Cost Library (ECCL) Level 5 Road Benchmarks Version 1.00
 Australia , Structure ,Design and Construction of Noise Walls,Preparation of Foundation,1,m2, -   , -   ,0,0,TfNSW Engineering Carbon and Cost Library (ECCL) Level 5 Road Benchmarks Version 1.00
 Australia , Structure ,Design and Construction of Noise Walls,Footings,1,m, -   ,0.21,0.01,0.04,TfNSW Engineering Carbon and Cost Library (ECCL) Level 5 Road Benchmarks Version 1.00
 Australia , Structure ,Design and Construction of Noise Walls,Noise wall - Post And Panel,1,m2, -   , -   ,0,0.03,TfNSW Engineering Carbon and Cost Library (ECCL) Level 5 Road Benchmarks Version 1.00
 Australia , Structure ,Design and Construction of Noise Walls,Anti-graffiti Treatment,1,m2, -   ,0,0,0,TfNSW Engineering Carbon and Cost Library (ECCL) Level 5 Road Benchmarks Version 1.00
 Australia , Services and Equipment ,Traffic Control Signals – New Installation and Reconstruction,TCS - Cycle - Two Aspect,1,each, -   ,0.07,0,0,TfNSW Engineering Carbon and Cost Library (ECCL) Level 5 Road Benchmarks Version 1.00
 Australia , Services and Equipment ,Traffic Control Signals – New Installation and Reconstruction,TCS - Pedestrian - Two Aspect,1,each, -   ,0.02,0,0,TfNSW Engineering Carbon and Cost Library (ECCL) Level 5 Road Benchmarks Version 1.00
 Australia , Services and Equipment ,Traffic Control Signals – New Installation and Reconstruction,TCS - Vehicular - Three Aspect,1,each, -   ,0.13,0,0,TfNSW Engineering Carbon and Cost Library (ECCL) Level 5 Road Benchmarks Version 1.00
 Australia , Services and Equipment ,Traffic Control Signals – New Installation and Reconstruction,TCS - Vehicular - Six Aspect,1,each, -   ,0.26,0,0,TfNSW Engineering Carbon and Cost Library (ECCL) Level 5 Road Benchmarks Version 1.00
 Australia , Services and Equipment ,Traffic Control Signals – New Installation and Reconstruction,TCS - Post Type 2 - Standard,1,each, -   ,0.48,0.01,0.11,TfNSW Engineering Carbon and Cost Library (ECCL) Level 5 Road Benchmarks Version 1.00
 Australia , Services and Equipment ,Traffic Control Signals – New Installation and Reconstruction,TCS - Post Type 4 Mast Arm,1,each, -   ,0.59,0.01,0.14,TfNSW Engineering Carbon and Cost Library (ECCL) Level 5 Road Benchmarks Version 1.00
 Australia , Services and Equipment ,Traffic Control Signals – New Installation and Reconstruction,TCS - Post Type 5S (Short) Mast Arm,1,each, -   ,0.81,0.01,0.18,TfNSW Engineering Carbon and Cost Library (ECCL) Level 5 Road Benchmarks Version 1.00
 Australia , Services and Equipment ,Traffic Control Signals – New Installation and Reconstruction,TCS - Post Type 5L (Long) Mast Arm,1,each, -   ,0.92,0.01,0.2,TfNSW Engineering Carbon and Cost Library (ECCL) Level 5 Road Benchmarks Version 1.00
 Australia , Services and Equipment ,Traffic Control Signals – New Installation and Reconstruction,TCS - Post Type 5XL (Extra Long) Mast Arm,1,each, -   ,0.94,0.01,0.22,TfNSW Engineering Carbon and Cost Library (ECCL) Level 5 Road Benchmarks Version 1.00
 Australia , Services and Equipment ,Traffic Control Signals – New Installation and Reconstruction,TCS - Post Type 6,1,each, -   ,0.61,0.01,0.14,TfNSW Engineering Carbon and Cost Library (ECCL) Level 5 Road Benchmarks Version 1.00
 Australia , Services and Equipment ,Traffic Control Signals – New Installation and Reconstruction,TCS - Post Type 7,1,each, -   ,0.4,0.01,0.12,TfNSW Engineering Carbon and Cost Library (ECCL) Level 5 Road Benchmarks Version 1.00
 Australia , Services and Equipment ,Traffic Control Signals – New Installation and Reconstruction,TCS - Post Type 8,1,each, -   ,0.67,0.01,0.15,TfNSW Engineering Carbon and Cost Library (ECCL) Level 5 Road Benchmarks Version 1.00
 Australia , Services and Equipment ,Traffic Control Signals – New Installation and Reconstruction,with 2.5m Outreach,1,each, -   ,0.72,0.01,0.27,TfNSW Engineering Carbon and Cost Library (ECCL) Level 5 Road Benchmarks Version 1.00
 Australia , Services and Equipment ,Traffic Control Signals – New Installation and Reconstruction,with 3.0m Outreach,1,each, -   ,0.74,0.01,0.27,TfNSW Engineering Carbon and Cost Library (ECCL) Level 5 Road Benchmarks Version 1.00
 Australia , Services and Equipment ,Traffic Control Signals – New Installation and Reconstruction,with 3.5m Outreach,1,each, -   ,0.76,0.01,0.27,TfNSW Engineering Carbon and Cost Library (ECCL) Level 5 Road Benchmarks Version 1.00
 Australia , Services and Equipment ,Traffic Control Signals – New Installation and Reconstruction,with 4.0m Outreach,1,each, -   ,0.78,0.01,0.27,TfNSW Engineering Carbon and Cost Library (ECCL) Level 5 Road Benchmarks Version 1.00
 Australia , Services and Equipment ,Traffic Control Signals – New Installation and Reconstruction,with 4.5m Outreach,1,each, -   ,0.8,0.01,0.32,TfNSW Engineering Carbon and Cost Library (ECCL) Level 5 Road Benchmarks Version 1.00
 Australia , Services and Equipment ,Traffic Control Signals – New Installation and Reconstruction,with 5.0m Outreach,1,each, -   ,0.82,0.01,0.32,TfNSW Engineering Carbon and Cost Library (ECCL) Level 5 Road Benchmarks Version 1.00
 Australia , Services and Equipment ,Traffic Control Signals – New Installation and Reconstruction,with 5.5m Outreach,1,each, -   ,0.84,0.01,0.32,TfNSW Engineering Carbon and Cost Library (ECCL) Level 5 Road Benchmarks Version 1.00
 Australia , Services and Equipment ,Traffic Control Signals – New Installation and Reconstruction,with 6.0m Outreach,1,each, -   ,0.86,0.01,0.36,TfNSW Engineering Carbon and Cost Library (ECCL) Level 5 Road Benchmarks Version 1.00
 Australia , Services and Equipment ,Traffic Control Signals – New Installation and Reconstruction,with 6.5m Outreach,1,each, -   ,0.88,0.01,0.36,TfNSW Engineering Carbon and Cost Library (ECCL) Level 5 Road Benchmarks Version 1.00
 Australia , Services and Equipment ,Traffic Control Signals – New Installation and Reconstruction,with 7.0m Outreach,1,each, -   ,0.9,0.01,0.36,TfNSW Engineering Carbon and Cost Library (ECCL) Level 5 Road Benchmarks Version 1.00
 Australia , Services and Equipment ,Traffic Control Signals – New Installation and Reconstruction,TCS - Post Type 10 Mast Arm,1,each, -   ,2.89,0.05,1.03,TfNSW Engineering Carbon and Cost Library (ECCL) Level 5 Road Benchmarks Version 1.00
 Australia , Services and Equipment ,Traffic Control Signals – New Installation and Reconstruction,TCS - Post Type 11 Mast Arm,1,each, -   ,2.89,0.05,1.03,TfNSW Engineering Carbon and Cost Library (ECCL) Level 5 Road Benchmarks Version 1.00
 Australia , Services and Equipment ,Traffic Control Signals – New Installation and Reconstruction,TCS - Post Type 13,1,each, -   ,0.2,0,0.08,TfNSW Engineering Carbon and Cost Library (ECCL) Level 5 Road Benchmarks Version 1.00
 Australia , Services and Equipment ,Traffic Control Signals – New Installation and Reconstruction,100mm HD uPVC Electrical Conduit in Earth,1,m, -   ,0.01,0,0.01,TfNSW Engineering Carbon and Cost Library (ECCL) Level 5 Road Benchmarks Version 1.00
 Australia , Services and Equipment ,Traffic Control Signals – New Installation and Reconstruction,100mm HD uPVC Electrical Conduit in Road,1,m, -   ,0.04,0,0.02,TfNSW Engineering Carbon and Cost Library (ECCL) Level 5 Road Benchmarks Version 1.00
 Australia , Services and Equipment ,Traffic Control Signals – New Installation and Reconstruction,"1.5mm2 36 Core, PVC Coated",1,m, -   ,0,0,0,TfNSW Engineering Carbon and Cost Library (ECCL) Level 5 Road Benchmarks Version 1.00
 Australia , Services and Equipment ,Traffic Control Signals – New Installation and Reconstruction,Traffic Signal Controller,1,each, -   , -   , -   , -   ,TfNSW Engineering Carbon and Cost Library (ECCL) Level 5 Road Benchmarks Version 1.00
 Australia , Services and Equipment ,Traffic Control Signals – New Installation and Reconstruction,Uninterruptable Power Supply,1,each, -   , -   , -   , -   ,TfNSW Engineering Carbon and Cost Library (ECCL) Level 5 Road Benchmarks Version 1.00
 Australia , Services and Equipment ,ITS Cantilever and Portal Gantries,750mm Diameter,1,m, -   ,0.89,0.01,0.01,TfNSW Engineering Carbon and Cost Library (ECCL) Level 5 Road Benchmarks Version 1.00
 Australia , Services and Equipment ,ITS Cantilever and Portal Gantries,900mm Diameter,1,m, -   ,1.08,0.02,0.02,TfNSW Engineering Carbon and Cost Library (ECCL) Level 5 Road Benchmarks Version 1.00
 Australia , Services and Equipment ,ITS Cantilever and Portal Gantries,1050mm Diameter,1,m, -   ,1.25,0.02,0.02,TfNSW Engineering Carbon and Cost Library (ECCL) Level 5 Road Benchmarks Version 1.00
 Australia , Services and Equipment ,ITS Cantilever and Portal Gantries,1200mm Diameter,1,m, -   ,1.43,0.02,0.02,TfNSW Engineering Carbon and Cost Library (ECCL) Level 5 Road Benchmarks Version 1.00
 Australia , Services and Equipment ,ITS Cantilever and Portal Gantries,1500mm Diameter,1,m, -   ,1.78,0.02,0.03,TfNSW Engineering Carbon and Cost Library (ECCL) Level 5 Road Benchmarks Version 1.00
 Australia , Services and Equipment ,ITS Cantilever and Portal Gantries,Drilling from Ground Level to Start of Rock Coring,1,m, -   , -   , -   , -   ,TfNSW Engineering Carbon and Cost Library (ECCL) Level 5 Road Benchmarks Version 1.00
 Australia , Services and Equipment ,ITS Cantilever and Portal Gantries,Rock Coring,1,m, -   , -   , -   , -   ,TfNSW Engineering Carbon and Cost Library (ECCL) Level 5 Road Benchmarks Version 1.00
 Australia , Services and Equipment ,ITS Cantilever and Portal Gantries,Attendance of Professional Geotechnical Engineer During Pile Hole Excavation Inside Casing,1,hour, -   , -   , -   ,0,TfNSW Engineering Carbon and Cost Library (ECCL) Level 5 Road Benchmarks Version 1.00
 Australia , Services and Equipment ,ITS Cantilever and Portal Gantries,750mm Diameter,1,m, -   , -   ,0,0.04,TfNSW Engineering Carbon and Cost Library (ECCL) Level 5 Road Benchmarks Version 1.00
 Australia , Services and Equipment ,ITS Cantilever and Portal Gantries,900mm Diameter,1,m, -   , -   ,0,0.05,TfNSW Engineering Carbon and Cost Library (ECCL) Level 5 Road Benchmarks Version 1.00
 Australia , Services and Equipment ,ITS Cantilever and Portal Gantries,1050mm Diameter,1,m, -   , -   ,0,0.05,TfNSW Engineering Carbon and Cost Library (ECCL) Level 5 Road Benchmarks Version 1.00
 Australia , Services and Equipment ,ITS Cantilever and Portal Gantries,1200mm Diameter,1,m, -   , -   ,0,0.06,TfNSW Engineering Carbon and Cost Library (ECCL) Level 5 Road Benchmarks Version 1.00
 Australia , Services and Equipment ,ITS Cantilever and Portal Gantries,1500mm Diameter,1,m, -   , -   ,0,0.08,TfNSW Engineering Carbon and Cost Library (ECCL) Level 5 Road Benchmarks Version 1.00
 Australia , Services and Equipment ,ITS Cantilever and Portal Gantries,750mm Diameter,1,m, -   , -   ,0,0.05,TfNSW Engineering Carbon and Cost Library (ECCL) Level 5 Road Benchmarks Version 1.00
 Australia , Services and Equipment ,ITS Cantilever and Portal Gantries,900mm Diameter,1,m, -   , -   ,0,0.06,TfNSW Engineering Carbon and Cost Library (ECCL) Level 5 Road Benchmarks Version 1.00
 Australia , Services and Equipment ,ITS Cantilever and Portal Gantries,1050mm Diameter,1,m, -   , -   ,0,0.07,TfNSW Engineering Carbon and Cost Library (ECCL) Level 5 Road Benchmarks Version 1.00
 Australia , Services and Equipment ,ITS Cantilever and Portal Gantries,1200mm Diameter,1,m, -   , -   ,0,0.08,TfNSW Engineering Carbon and Cost Library (ECCL) Level 5 Road Benchmarks Version 1.00
 Australia , Services and Equipment ,ITS Cantilever and Portal Gantries,1500mm Diameter,1,m, -   , -   ,0,0.11,TfNSW Engineering Carbon and Cost Library (ECCL) Level 5 Road Benchmarks Version 1.00
 Australia , Services and Equipment ,ITS Cantilever and Portal Gantries,750mm Diameter,1,m, -   ,0.09,0,0.04,TfNSW Engineering Carbon and Cost Library (ECCL) Level 5 Road Benchmarks Version 1.00
 Australia , Services and Equipment ,ITS Cantilever and Portal Gantries,900mm Diameter,1,m, -   ,0.1,0,0.04,TfNSW Engineering Carbon and Cost Library (ECCL) Level 5 Road Benchmarks Version 1.00
 Australia , Services and Equipment ,ITS Cantilever and Portal Gantries,1050mm Diameter,1,m, -   ,0.12,0,0.04,TfNSW Engineering Carbon and Cost Library (ECCL) Level 5 Road Benchmarks Version 1.00
 Australia , Services and Equipment ,ITS Cantilever and Portal Gantries,1200mm Diameter,1,m, -   ,0.14,0,0.05,TfNSW Engineering Carbon and Cost Library (ECCL) Level 5 Road Benchmarks Version 1.00
 Australia , Services and Equipment ,ITS Cantilever and Portal Gantries,1500mm Diameter,1,m, -   ,0.17,0,0.07,TfNSW Engineering Carbon and Cost Library (ECCL) Level 5 Road Benchmarks Version 1.00
 Australia , Services and Equipment ,ITS Cantilever and Portal Gantries,750mm Diameter,1,m, -   , -   ,0,0.03,TfNSW Engineering Carbon and Cost Library (ECCL) Level 5 Road Benchmarks Version 1.00
 Australia , Services and Equipment ,ITS Cantilever and Portal Gantries,900mm Diameter,1,m, -   , -   ,0,0.03,TfNSW Engineering Carbon and Cost Library (ECCL) Level 5 Road Benchmarks Version 1.00
 Australia , Services and Equipment ,ITS Cantilever and Portal Gantries,1050mm Diameter,1,m, -   , -   ,0,0.04,TfNSW Engineering Carbon and Cost Library (ECCL) Level 5 Road Benchmarks Version 1.00
 Australia , Services and Equipment ,ITS Cantilever and Portal Gantries,1200mm Diameter,1,m, -   , -   ,0,0.05,TfNSW Engineering Carbon and Cost Library (ECCL) Level 5 Road Benchmarks Version 1.00
 Australia , Services and Equipment ,ITS Cantilever and Portal Gantries,1500mm Diameter,1,m, -   , -   ,0,0.06,TfNSW Engineering Carbon and Cost Library (ECCL) Level 5 Road Benchmarks Version 1.00
 Australia , Services and Equipment ,ITS Cantilever and Portal Gantries,For Indirect Visual or Other Inspection Method,1,each, -   , -   , -   ,0,TfNSW Engineering Carbon and Cost Library (ECCL) Level 5 Road Benchmarks Version 1.00
 Australia , Services and Equipment ,ITS Cantilever and Portal Gantries,For CCTV Indirect Examination Method - Provisional Quantity,1,each, -   , -   , -   ,0,TfNSW Engineering Carbon and Cost Library (ECCL) Level 5 Road Benchmarks Version 1.00
 Australia , Services and Equipment ,ITS Cantilever and Portal Gantries,To Contract Level,1,t, -   ,1.74,0.11,0.11,TfNSW Engineering Carbon and Cost Library (ECCL) Level 5 Road Benchmarks Version 1.00
 Australia , Services and Equipment ,ITS Cantilever and Portal Gantries,Below Contract Level - Provisional Quantity.,1,t, -   ,1.69,0.11,0.11,TfNSW Engineering Carbon and Cost Library (ECCL) Level 5 Road Benchmarks Version 1.00
 Australia , Services and Equipment ,ITS Cantilever and Portal Gantries,Supply and Placement of N25 Concrete,1,m3,-29.31,0.24,0.01,0.02,TfNSW Engineering Carbon and Cost Library (ECCL) Level 5 Road Benchmarks Version 1.00
 Australia , Services and Equipment ,ITS Cantilever and Portal Gantries,Supply and Placement of N32 Concrete,1,m3,-29.31,0.28,0.01,0.02,TfNSW Engineering Carbon and Cost Library (ECCL) Level 5 Road Benchmarks Version 1.00
 Australia , Services and Equipment ,ITS Cantilever and Portal Gantries,Supply and Placement of N40 Concrete,1,m3,-29.31,0.34,0.01,0.02,TfNSW Engineering Carbon and Cost Library (ECCL) Level 5 Road Benchmarks Version 1.00
 Australia , Services and Equipment ,ITS Cantilever and Portal Gantries,Supply and Placement of N25 Concrete,1,m3,-29.31,0.24,0.01,0.02,TfNSW Engineering Carbon and Cost Library (ECCL) Level 5 Road Benchmarks Version 1.00
 Australia , Services and Equipment ,ITS Cantilever and Portal Gantries,Supply and Placement of N32 Concrete,1,m3,-29.31,0.28,0.01,0.02,TfNSW Engineering Carbon and Cost Library (ECCL) Level 5 Road Benchmarks Version 1.00
 Australia , Services and Equipment ,ITS Cantilever and Portal Gantries,Supply and Placement of N40 Concrete,1,m3,-29.31,0.34,0.01,0.02,TfNSW Engineering Carbon and Cost Library (ECCL) Level 5 Road Benchmarks Version 1.00
 Australia , Services and Equipment ,ITS Cantilever and Portal Gantries,Pile Integrity Testing,1,each, -   , -   , -   , -   ,TfNSW Engineering Carbon and Cost Library (ECCL) Level 5 Road Benchmarks Version 1.00
 Australia , Services and Equipment ,ITS Cantilever and Portal Gantries,Additional Pile Integrity Testing - Provisional Quantity,1,each, -   , -   , -   , -   ,TfNSW Engineering Carbon and Cost Library (ECCL) Level 5 Road Benchmarks Version 1.00
 Australia , Services and Equipment ,ITS Cantilever and Portal Gantries,Site Establishment,1,each, -   , -   , -   , -   ,TfNSW Engineering Carbon and Cost Library (ECCL) Level 5 Road Benchmarks Version 1.00
 Australia , Services and Equipment ,ITS Cantilever and Portal Gantries,Pile Testing,1,each, -   , -   , -   , -   ,TfNSW Engineering Carbon and Cost Library (ECCL) Level 5 Road Benchmarks Version 1.00
 Australia , Services and Equipment ,ITS Cantilever and Portal Gantries,Additional Pile Testing - Provisional Quantity,1,each, -   , -   , -   , -   ,TfNSW Engineering Carbon and Cost Library (ECCL) Level 5 Road Benchmarks Version 1.00
 Australia , Services and Equipment ,ITS Cantilever and Portal Gantries,Test Member - Provisional Quantity,1,each, -   , -   , -   , -   ,TfNSW Engineering Carbon and Cost Library (ECCL) Level 5 Road Benchmarks Version 1.00
 Australia , Services and Equipment ,ITS Cantilever and Portal Gantries,Excavation to Required Levels,1,m3, -   , -   ,0,0.02,TfNSW Engineering Carbon and Cost Library (ECCL) Level 5 Road Benchmarks Version 1.00
 Australia , Services and Equipment ,ITS Cantilever and Portal Gantries,Preparation of Foundation,1,m2, -   , -   ,0,0,TfNSW Engineering Carbon and Cost Library (ECCL) Level 5 Road Benchmarks Version 1.00
 Australia , Services and Equipment ,ITS Cantilever and Portal Gantries,Mass Concrete Blinding Layer,1,m3, -   ,0.29,0.01,0.03,TfNSW Engineering Carbon and Cost Library (ECCL) Level 5 Road Benchmarks Version 1.00
 Australia , Services and Equipment ,ITS Cantilever and Portal Gantries,Supply and Place Steel Bar Reinforcement,1,t, -   ,1.7,0.11,0.11,TfNSW Engineering Carbon and Cost Library (ECCL) Level 5 Road Benchmarks Version 1.00
 Australia , Services and Equipment ,ITS Cantilever and Portal Gantries,Supply and Placement of N25 Concrete,1,m3,-29.31,0.24,0.01,0.02,TfNSW Engineering Carbon and Cost Library (ECCL) Level 5 Road Benchmarks Version 1.00
 Australia , Services and Equipment ,ITS Cantilever and Portal Gantries,Supply and Placement of N32 Concrete,1,m3,-29.31,0.28,0.01,0.02,TfNSW Engineering Carbon and Cost Library (ECCL) Level 5 Road Benchmarks Version 1.00
 Australia , Services and Equipment ,ITS Cantilever and Portal Gantries,Supply and Placement of N40 Concrete,1,m3,-29.31,0.34,0.01,0.02,TfNSW Engineering Carbon and Cost Library (ECCL) Level 5 Road Benchmarks Version 1.00
 Australia , Services and Equipment ,ITS Cantilever and Portal Gantries,Finish and Cure Concrete,1,m2, -   ,0,0,0,TfNSW Engineering Carbon and Cost Library (ECCL) Level 5 Road Benchmarks Version 1.00
 Australia , Services and Equipment ,ITS Cantilever and Portal Gantries,Supply Structural Steel Cantilever Gantry Complete,1,t, -   ,2.61,0.05,0.04,TfNSW Engineering Carbon and Cost Library (ECCL) Level 5 Road Benchmarks Version 1.00
 Australia , Services and Equipment ,ITS Cantilever and Portal Gantries,Supply Structural Steel Portal Frame Complete,1,t, -   ,2.61,0.05,0.04,TfNSW Engineering Carbon and Cost Library (ECCL) Level 5 Road Benchmarks Version 1.00
 Australia , Services and Equipment ,ITS Cantilever and Portal Gantries,Install Structural Steel Cantilever Gantry Complete,1,t, -   , -   ,0,0.13,TfNSW Engineering Carbon and Cost Library (ECCL) Level 5 Road Benchmarks Version 1.00
 Australia , Services and Equipment ,ITS Cantilever and Portal Gantries,Install Structural Steel Portal Frame Complete,1,t, -   , -   ,0,0.13,TfNSW Engineering Carbon and Cost Library (ECCL) Level 5 Road Benchmarks Version 1.00
 New Zealand , State Highway Structures ,Road Bridge,Bridge Abutment,1,each,  ,"1,227.90",12.58,,New Zealand Transport Agency & KiwiRail Project Emissions Estimation Tool (PEET) Version 6.0
 New Zealand , State Highway Structures ,Road Bridge,Bridge Deck,1,m2,  ,1.28,0.02,,New Zealand Transport Agency & KiwiRail Project Emissions Estimation Tool (PEET) Version 6.0
 New Zealand , State Highway Structures ,Road Bridge,Bridge Pier,1,each,  ,"1,058.83",8.86,,New Zealand Transport Agency & KiwiRail Project Emissions Estimation Tool (PEET) Version 6.0
 New Zealand , State Highway Structures ,Pedestrian Bridge,Abutment,1,each,  ,434.97,3.4,,New Zealand Transport Agency & KiwiRail Project Emissions Estimation Tool (PEET) Version 6.0
 New Zealand , State Highway Structures ,Pedestrian Bridge,Deck,1,m2,  ,1.11,0.01,,New Zealand Transport Agency & KiwiRail Project Emissions Estimation Tool (PEET) Version 6.0
 New Zealand , State Highway Structures ,Pedestrian Bridge,Pier,1,each,  ,139.28,1.5,,New Zealand Transport Agency & KiwiRail Project Emissions Estimation Tool (PEET) Version 6.0
 New Zealand , State Highway Structures ,Station Building,Station Building,1,m2,  ,1.38,0.01,,New Zealand Transport Agency & KiwiRail Project Emissions Estimation Tool (PEET) Version 6.0
 New Zealand ,State Highway Structures,Underpass/Box Culvert,Underpass/Box Culvert,1,m2,  ,3.8,0.08,,New Zealand Transport Agency & KiwiRail Project Emissions Estimation Tool (PEET) Version 6.0
 New Zealand ,State Highway Structures,Basecourse,"Unbound Basecourse, Natural subgrade (1m2)",1,m2,  ,0.01,0.01,,New Zealand Transport Agency & KiwiRail Project Emissions Estimation Tool (PEET) Version 6.0
 New Zealand ,State Highway Structures,Basecourse,"Cement Modified Basecourse, Natural Subgrade (1m2)",1,m2,  ,0.02,0.01,,New Zealand Transport Agency & KiwiRail Project Emissions Estimation Tool (PEET) Version 6.0
 New Zealand ,State Highway Structures,Basecourse,"Foamed Bitumen Basecourse, Natural Subgrade (1m2)",1,m2,  ,0.02,0.01,,New Zealand Transport Agency & KiwiRail Project Emissions Estimation Tool (PEET) Version 6.0
 New Zealand ,State Highway Structures,Basecourse,"Unbound Basecourse, Stabilised subgrade (1m2)",1,m2,  ,0.02,0.01,,New Zealand Transport Agency & KiwiRail Project Emissions Estimation Tool (PEET) Version 6.0
 New Zealand ,State Highway Structures,Basecourse,"Cement Modified Basecourse, Stabilised Subgrade (1m2)",1,m2,  ,0.03,0.01,,New Zealand Transport Agency & KiwiRail Project Emissions Estimation Tool (PEET) Version 6.0
 New Zealand ,State Highway Structures,Basecourse,"Foamed Bitumen Basecourse, Stabilised Subgrade (1m2)",1,m2,  ,0.04,0.01,,New Zealand Transport Agency & KiwiRail Project Emissions Estimation Tool (PEET) Version 6.0
 New Zealand ,State Highway Structures,Surface,Structural Asphaltic Concrete (1m2),1,m2,  ,0.06,0.01,,New Zealand Transport Agency & KiwiRail Project Emissions Estimation Tool (PEET) Version 6.0
 New Zealand ,State Highway Structures,Basecourse,"Cement Modified Basecourse, Natural Subgrade (1m2)",1,m2,  ,0.03,0.02,,New Zealand Transport Agency & KiwiRail Project Emissions Estimation Tool (PEET) Version 6.0
 New Zealand ,State Highway Structures,Basecourse,"Foamed Bitumen Basecourse, Natural Subgrade (1m2)",1,m2,  ,0.03,0.02,,New Zealand Transport Agency & KiwiRail Project Emissions Estimation Tool (PEET) Version 6.0
 New Zealand ,State Highway Structures,Surface,Structural Asphalt Overlay with Limestone Stabilisation,1,m2,  ,0.07,0.01,,New Zealand Transport Agency & KiwiRail Project Emissions Estimation Tool (PEET) Version 6.0
 New Zealand ,State Highway Structures,Basecourse,"Cement Modified Basecourse, Stabilised Subgrade (1m2)",1,m2,  ,0.04,0.01,,New Zealand Transport Agency & KiwiRail Project Emissions Estimation Tool (PEET) Version 6.0
 New Zealand ,State Highway Structures,Basecourse,"Foamed Bitumen Basecourse, Natural Subgrade (1m2)",1,m2,  ,0.05,0.01,,New Zealand Transport Agency & KiwiRail Project Emissions Estimation Tool (PEET) Version 6.0
 New Zealand ,Local Roads Pavements and Surfacing,Urban (75%),Urban (75%),1,m2,  ,0.07,0.01,,New Zealand Transport Agency & KiwiRail Project Emissions Estimation Tool (PEET) Version 6.0
 New Zealand ,Local Roads Pavements and Surfacing,Urban (25%),Urban (25%),1,m2,  ,0.03,0.01,,New Zealand Transport Agency & KiwiRail Project Emissions Estimation Tool (PEET) Version 6.0
 New Zealand ,Local Roads Pavements and Surfacing,Rural (75%),Rural (75%),1,m2,  ,0.02,0.01,,New Zealand Transport Agency & KiwiRail Project Emissions Estimation Tool (PEET) Version 6.0
 New Zealand ,Local Roads Pavements and Surfacing,Rural Unsealed,Rural Unsealed,1,m2,  ,0,0.01,,New Zealand Transport Agency & KiwiRail Project Emissions Estimation Tool (PEET) Version 6.0
 New Zealand ,Local Roads Pavements and Surfacing,Rural (25%),Rural (25%),1,m2,  ,0.02,0.01,,New Zealand Transport Agency & KiwiRail Project Emissions Estimation Tool (PEET) Version 6.0
 New Zealand ,Drainage Assets,Drainage to Footpath and Road ,375mm Piping,1,m,  ,0.05,0.01,,New Zealand Transport Agency & KiwiRail Project Emissions Estimation Tool (PEET) Version 6.0
 New Zealand ,Drainage Assets,Drainage to Footpath and Road ,675mm Piping,1,m,  ,0.09,0.01,,New Zealand Transport Agency & KiwiRail Project Emissions Estimation Tool (PEET) Version 6.0
 New Zealand ,Drainage Assets,Stormwater System Connection,Catchpit connection to manhole every 50m,1,m,  ,0.05,0,,New Zealand Transport Agency & KiwiRail Project Emissions Estimation Tool (PEET) Version 6.0
 New Zealand ,Drainage Assets,Watercourse Drainage,"Open watercourse drainage (at every sump, 50m)",1,m,  ,0.01,0,,New Zealand Transport Agency & KiwiRail Project Emissions Estimation Tool (PEET) Version 6.0
 New Zealand ,Drainage Assets,Manholes,1050 mm,1,each,  ,1.48,0.32,,New Zealand Transport Agency & KiwiRail Project Emissions Estimation Tool (PEET) Version 6.0
 New Zealand ,Drainage Assets,Manholes,1200 mm,1,each,  ,1.75,0.38,,New Zealand Transport Agency & KiwiRail Project Emissions Estimation Tool (PEET) Version 6.0
 New Zealand ,Drainage Assets,Manholes,1500 mm,1,each,  ,2.47,0.56,,New Zealand Transport Agency & KiwiRail Project Emissions Estimation Tool (PEET) Version 6.0
 New Zealand ,Drainage Assets,Manholes,1800 mm,1,each,  ,2.96,0.68,,New Zealand Transport Agency & KiwiRail Project Emissions Estimation Tool (PEET) Version 6.0
 New Zealand ,Drainage Assets,Manholes,2050 mm,1,each,  ,4.21,0.97,,New Zealand Transport Agency & KiwiRail Project Emissions Estimation Tool (PEET) Version 6.0
 New Zealand ,Drainage Assets,Manholes,2300 mm,1,each,  ,7.19,1.64,,New Zealand Transport Agency & KiwiRail Project Emissions Estimation Tool (PEET) Version 6.0
 New Zealand ,Drainage Assets,Manholes,3000 mm,1,each,  ,10.95,2.52,,New Zealand Transport Agency & KiwiRail Project Emissions Estimation Tool (PEET) Version 6.0
 New Zealand ,Drainage Assets,Stormwater Treatment,T1 Tetra Trap,1,each,  ,0.02,0,,New Zealand Transport Agency & KiwiRail Project Emissions Estimation Tool (PEET) Version 6.0
 New Zealand ,Drainage Assets,Stormwater Treatment,T2 Tetra Trap,1,each,  ,0.02,0,,New Zealand Transport Agency & KiwiRail Project Emissions Estimation Tool (PEET) Version 6.0
 New Zealand ,Drainage Assets,Stormwater Treatment,T3 Tetra Trap,1,each,  ,0.02,0,,New Zealand Transport Agency & KiwiRail Project Emissions Estimation Tool (PEET) Version 6.0
 New Zealand ,Drainage Assets,Stormwater Treatment,T4 Tetra Trap,1,each,  ,0.02,0,,New Zealand Transport Agency & KiwiRail Project Emissions Estimation Tool (PEET) Version 6.0
 New Zealand ,Drainage Assets,Stormwater Treatment,T5 Tetra Trap,1,each,  ,0.02,0,,New Zealand Transport Agency & KiwiRail Project Emissions Estimation Tool (PEET) Version 6.0
 New Zealand ,Drainage Assets,Stormwater Treatment,"2 module ""Up-Flo"" filter kit",1,each,  ,0.9,0.31,,New Zealand Transport Agency & KiwiRail Project Emissions Estimation Tool (PEET) Version 6.0
 New Zealand ,Drainage Assets,Stormwater Treatment,"4 module ""Up-Flo"" filter kit",1,each,  ,0.94,0.31,,New Zealand Transport Agency & KiwiRail Project Emissions Estimation Tool (PEET) Version 6.0
 New Zealand ,Drainage Assets,Stormwater Treatment,"6 module ""Up-Flo"" filter kit",1,each,  ,0.98,0.31,,New Zealand Transport Agency & KiwiRail Project Emissions Estimation Tool (PEET) Version 6.0
 New Zealand ,Drainage Assets,Stormwater Treatment,"8 module ""Up-Flo"" filter kit",1,each,  ,2.37,0.91,,New Zealand Transport Agency & KiwiRail Project Emissions Estimation Tool (PEET) Version 6.0
 New Zealand ,Drainage Assets,Stormwater Treatment,"10 module ""Up-Flo"" filter kit",1,each,  ,2.37,0.91,,New Zealand Transport Agency & KiwiRail Project Emissions Estimation Tool (PEET) Version 6.0
 New Zealand ,Drainage Assets,Stormwater Treatment,First Defense High Capacity Ø1200x2400,1,each,  ,1.07,0.34,,New Zealand Transport Agency & KiwiRail Project Emissions Estimation Tool (PEET) Version 6.0
 New Zealand ,Drainage Assets,Stormwater Treatment,Downstream Defender Select 1200,1,each,  ,0.55,0.02,,New Zealand Transport Agency & KiwiRail Project Emissions Estimation Tool (PEET) Version 6.0
 New Zealand ,Drainage Assets,Catchpits,Street Catch Pit 800 x 500,1,each,  ,0.99,0.02,,New Zealand Transport Agency & KiwiRail Project Emissions Estimation Tool (PEET) Version 6.0
 New Zealand ,Drainage Assets,Catchpits,Super Pit,1,each,  ,0.96,0.02,,New Zealand Transport Agency & KiwiRail Project Emissions Estimation Tool (PEET) Version 6.0
 New Zealand ,Drainage Assets,Catchpits,Mega Pit,1,each,  ,4.78,0.1,,New Zealand Transport Agency & KiwiRail Project Emissions Estimation Tool (PEET) Version 6.0
 New Zealand ,Drainage Assets,Catchpits,2.4m Lintel Only ,1,each,  ,0.19,0,,New Zealand Transport Agency & KiwiRail Project Emissions Estimation Tool (PEET) Version 6.0
 New Zealand ,Drainage Assets,Wingwalls,300mm,1,each,  ,0.14,0,,New Zealand Transport Agency & KiwiRail Project Emissions Estimation Tool (PEET) Version 6.0
 New Zealand ,Drainage Assets,Wingwalls,600mm,1,each,  ,0.6,0.02,,New Zealand Transport Agency & KiwiRail Project Emissions Estimation Tool (PEET) Version 6.0
 New Zealand ,Drainage Assets,Wingwalls,900mm,1,each,  ,2.08,0.06,,New Zealand Transport Agency & KiwiRail Project Emissions Estimation Tool (PEET) Version 6.0
 New Zealand ,Drainage Assets,Wingwalls,1050mm ,1,each,  ,1.86,0.07,,New Zealand Transport Agency & KiwiRail Project Emissions Estimation Tool (PEET) Version 6.0
 New Zealand ,Drainage Assets,Wingwalls,1350mm,1,each,  ,2.98,0.08,,New Zealand Transport Agency & KiwiRail Project Emissions Estimation Tool (PEET) Version 6.0
 New Zealand ,Drainage Assets,Wingwalls,1800mm,1,each,  ,3.77,0.11,,New Zealand Transport Agency & KiwiRail Project Emissions Estimation Tool (PEET) Version 6.0
 New Zealand ,Drainage Assets,Raingarden,Conventional Raingarden,1,m2,  ,0.01,0,,New Zealand Transport Agency & KiwiRail Project Emissions Estimation Tool (PEET) Version 6.0
 New Zealand ,Drainage Assets,Raingarden,Concrete Raingarden,1,m2,  ,0.26,0,,New Zealand Transport Agency & KiwiRail Project Emissions Estimation Tool (PEET) Version 6.0
 New Zealand ,Drainage Assets,Raingarden,Tree Pit Surround,1,each,  ,0.21,0,,New Zealand Transport Agency & KiwiRail Project Emissions Estimation Tool (PEET) Version 6.0
 New Zealand ,Drainage Assets,Raingarden,Other Raingarden ,1,each,  ,2.83,0.02,,New Zealand Transport Agency & KiwiRail Project Emissions Estimation Tool (PEET) Version 6.0
 New Zealand ,Drainage Assets,Box Culvert,2.5m (wide) x 2m (high) (1.55 long),1,m,  ,2.38,0.05,,New Zealand Transport Agency & KiwiRail Project Emissions Estimation Tool (PEET) Version 6.0
 New Zealand ,Drainage Assets,Box Culvert,3m (wide) x 2.5m (high) (1.55 long),1,m,  ,2.84,0.06,,New Zealand Transport Agency & KiwiRail Project Emissions Estimation Tool (PEET) Version 6.0
 New Zealand ,Drainage Assets,Box Culvert,4m (wide) x 3m (high) (1.55 long),1,m,  ,3.8,0.08,,New Zealand Transport Agency & KiwiRail Project Emissions Estimation Tool (PEET) Version 6.0
 New Zealand ,Drainage Assets,Gross Pollutant Trap,300mm,1,each,  ,3.84,0.08,,New Zealand Transport Agency & KiwiRail Project Emissions Estimation Tool (PEET) Version 6.0
 New Zealand ,Drainage Assets,Gross Pollutant Trap,900mm,1,each,  ,11.47,0.25,,New Zealand Transport Agency & KiwiRail Project Emissions Estimation Tool (PEET) Version 6.0
 New Zealand ,Drainage Assets,Gross Pollutant Trap,1200mm,1,each,  ,16.29,0.35,,New Zealand Transport Agency & KiwiRail Project Emissions Estimation Tool (PEET) Version 6.0
 New Zealand ,Drainage Assets,Trenches,Subsoil Pipe (including trench),1,m,  ,0,0,,New Zealand Transport Agency & KiwiRail Project Emissions Estimation Tool (PEET) Version 6.0
 New Zealand ,Drainage Assets,Swale,Swale (including subsoil),1,m,  ,0.02,0.34,,New Zealand Transport Agency & KiwiRail Project Emissions Estimation Tool (PEET) Version 6.0
 New Zealand ,Drainage Assets,Swale,Rirap swale with geotextile,1,m,  ,0.02,0.26,,New Zealand Transport Agency & KiwiRail Project Emissions Estimation Tool (PEET) Version 6.0
 New Zealand ,Drainage Assets,Trenches,Counterfort Drain,1,m,  ,0.04,0.04,,New Zealand Transport Agency & KiwiRail Project Emissions Estimation Tool (PEET) Version 6.0
 New Zealand ,Drainage Assets,Kerbs,Standard Concrete Kerb (Type 1),1,m,  ,0.04,0.01,,New Zealand Transport Agency & KiwiRail Project Emissions Estimation Tool (PEET) Version 6.0
 New Zealand ,Drainage Assets,Kerbs,Brickwork,1,m,  ,0.03,0.02,,New Zealand Transport Agency & KiwiRail Project Emissions Estimation Tool (PEET) Version 6.0
 New Zealand ,Drainage Assets,Kerbs,Mountable Kerb and Channel (Type 2A),1,m,  ,0.04,0.01,,New Zealand Transport Agency & KiwiRail Project Emissions Estimation Tool (PEET) Version 6.0
 New Zealand ,Drainage Assets,Kerbs,Extruded Cycle Mountable Kerb (Type 15),1,m,  ,0.01,0,,New Zealand Transport Agency & KiwiRail Project Emissions Estimation Tool (PEET) Version 6.0
 New Zealand ,Drainage Assets,Kerbs,V-Dish Channel (Type 18),1,m,  ,0.06,0.01,,New Zealand Transport Agency & KiwiRail Project Emissions Estimation Tool (PEET) Version 6.0
 New Zealand ,"Paths, Cycleways and Crossings",Footpaths,Standard Concrete Footpath (1m width) Assumed can be used,1,m2,  ,0.03,0,,New Zealand Transport Agency & KiwiRail Project Emissions Estimation Tool (PEET) Version 6.0
 New Zealand ,"Paths, Cycleways and Crossings",Footpaths,150mm Concrete Footpath (1m width) Assumed can be used,1,m2,  ,0.05,0,,New Zealand Transport Agency & KiwiRail Project Emissions Estimation Tool (PEET) Version 6.0
 New Zealand ,"Paths, Cycleways and Crossings",Footpaths,Asphalt Concrete Footpath (1m width),1,m2,  ,0.01,0,,New Zealand Transport Agency & KiwiRail Project Emissions Estimation Tool (PEET) Version 6.0
 New Zealand ,"Paths, Cycleways and Crossings",Footpaths,Concrete Paver Footpath (1m width),1,m2,  ,0.04,0,,New Zealand Transport Agency & KiwiRail Project Emissions Estimation Tool (PEET) Version 6.0
 New Zealand ,"Paths, Cycleways and Crossings",Footpaths,Timber Boardwalk (based on 3m wide 1.6m long),1,m2,  ,0.02,0.01,,New Zealand Transport Agency & KiwiRail Project Emissions Estimation Tool (PEET) Version 6.0
 New Zealand ,"Paths, Cycleways and Crossings",Vehicle Crossings,Single Residential Vehicle Crossing,1,each,  ,0.7,0.02,,New Zealand Transport Agency & KiwiRail Project Emissions Estimation Tool (PEET) Version 6.0
 New Zealand ,"Paths, Cycleways and Crossings",Vehicle Crossings,Single Commercial Vehicle Crossing,1,each,  ,1.24,0.03,,New Zealand Transport Agency & KiwiRail Project Emissions Estimation Tool (PEET) Version 6.0
 New Zealand ,"Paths, Cycleways and Crossings",Reinforcement,Steel 663 Mesh Only,1,m2,  ,0.02,0,,New Zealand Transport Agency & KiwiRail Project Emissions Estimation Tool (PEET) Version 6.0
 New Zealand ,"Paths, Cycleways and Crossings",Vehicle Crossings,Flexible Traffic Separator,1,m,  ,0,0,,New Zealand Transport Agency & KiwiRail Project Emissions Estimation Tool (PEET) Version 6.0
 New Zealand ,"Paths, Cycleways and Crossings",Cycleways,Cycle Lane Separator,1,m,  ,0,0,,New Zealand Transport Agency & KiwiRail Project Emissions Estimation Tool (PEET) Version 6.0
 New Zealand ,"Paths, Cycleways and Crossings",Cycleways,Cycle Lane Speed Cushion,1,m,  ,0,0,,New Zealand Transport Agency & KiwiRail Project Emissions Estimation Tool (PEET) Version 6.0
 New Zealand ,"Paths, Cycleways and Crossings",Cycleways,Concrete Cycle Separator (Type 1),1,No,  ,0.2,0.01,,New Zealand Transport Agency & KiwiRail Project Emissions Estimation Tool (PEET) Version 6.0
 New Zealand ,"Paths, Cycleways and Crossings",Cycleways,Concrete Cycle Separator (Type 2),1,No,  ,0.31,0.01,,New Zealand Transport Agency & KiwiRail Project Emissions Estimation Tool (PEET) Version 6.0
 New Zealand ,"Paths, Cycleways and Crossings",Cycleways,Concrete Cycle Separator (Type 3),1,No,  ,0.42,0.01,,New Zealand Transport Agency & KiwiRail Project Emissions Estimation Tool (PEET) Version 6.0
 New Zealand ,"Paths, Cycleways and Crossings",Cycleways,Green Surfacing,1,m2,  ,0,0,,New Zealand Transport Agency & KiwiRail Project Emissions Estimation Tool (PEET) Version 6.0
 New Zealand ,Street Lighting,Poles and Foundations,Light Pole (8m),1,no,  ,0.5,0.05,,New Zealand Transport Agency & KiwiRail Project Emissions Estimation Tool (PEET) Version 6.0
 New Zealand ,Street Lighting,Poles and Foundations,Light Pole (12m),1,no,  ,0.75,0.09,,New Zealand Transport Agency & KiwiRail Project Emissions Estimation Tool (PEET) Version 6.0
 New Zealand ,Street Lighting,Lighting Components,Light Outreach,1,no,  ,0.03,0,,New Zealand Transport Agency & KiwiRail Project Emissions Estimation Tool (PEET) Version 6.0
 New Zealand ,Street Lighting,Lighting Components,Italo 2 Luminaire,1,no,  ,0.23,0,,New Zealand Transport Agency & KiwiRail Project Emissions Estimation Tool (PEET) Version 6.0
 New Zealand ,Street Lighting,Lighting Components,Road Lighting per km,1,km,  ,48.79,3.65,,New Zealand Transport Agency & KiwiRail Project Emissions Estimation Tool (PEET) Version 6.0
 New Zealand ,Traffic Islands and Raised Tables,Traffic Islands,Conventional Traffic Island insitu concrete,1,m,  ,0.18,0,,New Zealand Transport Agency & KiwiRail Project Emissions Estimation Tool (PEET) Version 6.0
 New Zealand ,Traffic Islands and Raised Tables,Traffic Islands,Conventional Traffic Island Precast concrete,1,m,  ,0.72,0.02,,New Zealand Transport Agency & KiwiRail Project Emissions Estimation Tool (PEET) Version 6.0
 New Zealand ,Traffic Islands and Raised Tables,Traffic Islands,Conventional Traffic Island Precast concrete (m2),1,m2,  ,0.4,0.01,,New Zealand Transport Agency & KiwiRail Project Emissions Estimation Tool (PEET) Version 6.0
 New Zealand ,Traffic Islands and Raised Tables,Traffic Islands,Central Median Pedestrian Refuge Island (8m x 1.8m ),1,no,  ,1.09,0.03,,New Zealand Transport Agency & KiwiRail Project Emissions Estimation Tool (PEET) Version 6.0
 New Zealand ,Traffic Islands and Raised Tables,Traffic Islands,Slip Lane Pedestrian Refuge Triangle approx 15m long x 5m wide,1,no,  ,2.33,0.07,,New Zealand Transport Agency & KiwiRail Project Emissions Estimation Tool (PEET) Version 6.0
 New Zealand ,Traffic Islands and Raised Tables,Traffic Islands,Planted Side Island,1,m2,  ,0.05,0,,New Zealand Transport Agency & KiwiRail Project Emissions Estimation Tool (PEET) Version 6.0
 New Zealand ,Traffic Islands and Raised Tables,Raised Tables,Median Planting bed,1,m2,  ,0.03,0,,New Zealand Transport Agency & KiwiRail Project Emissions Estimation Tool (PEET) Version 6.0
 New Zealand ,Traffic Islands and Raised Tables,Raised Tables,Concrete Raised Table,1,m2,  ,0.2,0,,New Zealand Transport Agency & KiwiRail Project Emissions Estimation Tool (PEET) Version 6.0
 New Zealand ,Traffic Islands and Raised Tables,Raised Tables,Asphalt Raised Table,1,m2,  ,0.04,0,,New Zealand Transport Agency & KiwiRail Project Emissions Estimation Tool (PEET) Version 6.0
 New Zealand ,Retaining Walls,Concrete Components,1m3 box,1,No,  ,0.01,0,,New Zealand Transport Agency & KiwiRail Project Emissions Estimation Tool (PEET) Version 6.0
 New Zealand ,Site Clearance and Earthworks,Concrete Components,Concrete Block Small,1,m2,  ,0.13,0.03,,New Zealand Transport Agency & KiwiRail Project Emissions Estimation Tool (PEET) Version 6.0
 New Zealand ,Site Clearance and Earthworks,Concrete Components,Concrete Block Medium ,1,m2,  ,0.14,0.04,,New Zealand Transport Agency & KiwiRail Project Emissions Estimation Tool (PEET) Version 6.0
 New Zealand ,Site Clearance and Earthworks,Concrete Components,Concrete Block Large,1,m2,  ,0.14,0.04,,New Zealand Transport Agency & KiwiRail Project Emissions Estimation Tool (PEET) Version 6.0
 New Zealand ,Site Clearance and Earthworks,Mechanically Stabilised Earth,MSE Small,1,m2,  ,0.17,0.04,,New Zealand Transport Agency & KiwiRail Project Emissions Estimation Tool (PEET) Version 6.0
 New Zealand ,Site Clearance and Earthworks,Mechanically Stabilised Earth,MSE Medium,1,m2,  ,0.23,0.08,,New Zealand Transport Agency & KiwiRail Project Emissions Estimation Tool (PEET) Version 6.0
 New Zealand ,Site Clearance and Earthworks,Mechanically Stabilised Earth,MSE Large,1,m2,  ,0.29,0.12,,New Zealand Transport Agency & KiwiRail Project Emissions Estimation Tool (PEET) Version 6.0
 New Zealand ,Site Clearance and Earthworks,Timber Poles,Timber Pole Small,1,m2,  ,0.21,0.4,,New Zealand Transport Agency & KiwiRail Project Emissions Estimation Tool (PEET) Version 6.0
 New Zealand ,Site Clearance and Earthworks,Timber Poles,Timber Pole Medium,1,m2,  ,0.18,0.53,,New Zealand Transport Agency & KiwiRail Project Emissions Estimation Tool (PEET) Version 6.0
 New Zealand ,Site Clearance and Earthworks,Timber Poles,Timber Pole Large,1,m2,  ,0.18,0.53,,New Zealand Transport Agency & KiwiRail Project Emissions Estimation Tool (PEET) Version 6.0
 New Zealand ,Site Clearance and Earthworks,Anchored Rockfall Netting ,Anchored Rockfall Netting Small ,1,m2,  ,0.08,0.01,,New Zealand Transport Agency & KiwiRail Project Emissions Estimation Tool (PEET) Version 6.0
 New Zealand ,Site Clearance and Earthworks,Anchored Rockfall Netting ,Anchored Rockfall Netting Medium,1,m2,  ,0.06,0.01,,New Zealand Transport Agency & KiwiRail Project Emissions Estimation Tool (PEET) Version 6.0
 New Zealand ,Site Clearance and Earthworks,Anchored Rockfall Netting ,Anchored Rockfall Netting Large,1,m2,  ,0.06,0.01,,New Zealand Transport Agency & KiwiRail Project Emissions Estimation Tool (PEET) Version 6.0
 New Zealand ,Site Clearance and Earthworks,Nail/Anchor Cut Face with Shotcrete Facing,Nail/Anchor Cut Face with Shotcrete Facing Small,1,m2,  ,0.29,0.07,,New Zealand Transport Agency & KiwiRail Project Emissions Estimation Tool (PEET) Version 6.0
 New Zealand ,Site Clearance and Earthworks,Nail/Anchor Cut Face with Shotcrete Facing,Nail/Anchor Cut Face with Shotcrete Facing Medium,1,m2,  ,0.28,0.06,,New Zealand Transport Agency & KiwiRail Project Emissions Estimation Tool (PEET) Version 6.0
 New Zealand ,Site Clearance and Earthworks,Nail/Anchor Cut Face with Shotcrete Facing,Nail/Anchor Cut Face with Shotcrete Facing Large,1,m2,  ,0.31,0.07,,New Zealand Transport Agency & KiwiRail Project Emissions Estimation Tool (PEET) Version 6.0
 New Zealand ,Site Clearance and Earthworks,Wooden Lagging Steel Pile,Steel Pile Small Wooden Lagging,1,m2,  ,0.97,0.32,,New Zealand Transport Agency & KiwiRail Project Emissions Estimation Tool (PEET) Version 6.0
 New Zealand ,Site Clearance and Earthworks,Wooden Lagging Steel Pile,Steel Pile Medium Wooden Lagging,1,m2,  ,0.99,0.41,,New Zealand Transport Agency & KiwiRail Project Emissions Estimation Tool (PEET) Version 6.0
 New Zealand ,Site Clearance and Earthworks,Wooden Lagging Steel Pile,Steel Pile Large Wooden Lagging,1,m2,  ,0.97,0.41,,New Zealand Transport Agency & KiwiRail Project Emissions Estimation Tool (PEET) Version 6.0
 New Zealand ,Site Clearance and Earthworks,Concrete Panel Steel Pile,Steel Pile Small Concrete Panel,1,m2,  ,1.11,0.34,,New Zealand Transport Agency & KiwiRail Project Emissions Estimation Tool (PEET) Version 6.0
 New Zealand ,Site Clearance and Earthworks,Concrete Panel Steel Pile,Steel Pile Medium Concrete Panel,1,m2,  ,1.14,0.44,,New Zealand Transport Agency & KiwiRail Project Emissions Estimation Tool (PEET) Version 6.0
 New Zealand ,Site Clearance and Earthworks,Concrete Panel Steel Pile,Steel Pile Large Concrete Panel,1,m2,  ,1.12,0.44,,New Zealand Transport Agency & KiwiRail Project Emissions Estimation Tool (PEET) Version 6.0
 New Zealand ,Site Clearance and Earthworks,Concrete Secant Pile,Concrete Secant Pile Small,1,m2,  ,1.45,0.01,,New Zealand Transport Agency & KiwiRail Project Emissions Estimation Tool (PEET) Version 6.0
 New Zealand ,Site Clearance and Earthworks,Concrete Secant Pile,Concrete Secant Pile Medium,1,m2,  ,1.45,0.01,,New Zealand Transport Agency & KiwiRail Project Emissions Estimation Tool (PEET) Version 6.0
 New Zealand ,Site Clearance and Earthworks,Concrete Secant Pile,Concrete Secant Pile Large,1,m2,  ,1.45,0.01,,New Zealand Transport Agency & KiwiRail Project Emissions Estimation Tool (PEET) Version 6.0
 New Zealand ,Site Clearance and Earthworks,L Shape Concrete,L Shape Concrete Small,1,m2,  ,0.43,0.06,,New Zealand Transport Agency & KiwiRail Project Emissions Estimation Tool (PEET) Version 6.0
 New Zealand ,Site Clearance and Earthworks,L Shape Concrete,L Shape Concrete Medium,1,m2,  ,0.36,0.05,,New Zealand Transport Agency & KiwiRail Project Emissions Estimation Tool (PEET) Version 6.0
 New Zealand ,Site Clearance and Earthworks,L Shape Concrete,L Shape Concrete Large,1,m2,  ,0.36,0.05,,New Zealand Transport Agency & KiwiRail Project Emissions Estimation Tool (PEET) Version 6.0
 New Zealand ,Pipe Network,PVC-U Pipes Pressured,100 mm,1,m,  ,0.01,0.02,,New Zealand Transport Agency & KiwiRail Project Emissions Estimation Tool (PEET) Version 6.0
 New Zealand ,Pipe Network,PVC-U Pipes Pressured,150 mm,1,m,  ,0.02,0.05,,New Zealand Transport Agency & KiwiRail Project Emissions Estimation Tool (PEET) Version 6.0
 New Zealand ,Pipe Network,PVC-U Pipes Pressured,200 mm,1,m,  ,0.03,0.05,,New Zealand Transport Agency & KiwiRail Project Emissions Estimation Tool (PEET) Version 6.0
 New Zealand ,Pipe Network,PVC-U Pipes Pressured,225 mm,1,m,  ,0.04,0.06,,New Zealand Transport Agency & KiwiRail Project Emissions Estimation Tool (PEET) Version 6.0
 New Zealand ,Pipe Network,PVC-U Pipes Pressured,250 mm,1,m,  ,0.05,0.06,,New Zealand Transport Agency & KiwiRail Project Emissions Estimation Tool (PEET) Version 6.0
 New Zealand ,Pipe Network,PVC-U Pipes Pressured,300 mm,1,m,  ,0.07,0.07,,New Zealand Transport Agency & KiwiRail Project Emissions Estimation Tool (PEET) Version 6.0
 New Zealand ,Pipe Network,PVC-U Pipes Pressured,375 mm,1,m,  ,0.1,0.1,,New Zealand Transport Agency & KiwiRail Project Emissions Estimation Tool (PEET) Version 6.0
 New Zealand ,Pipe Network,PVC-U Pipes Pressured,450 mm,1,m,  ,0.16,0.12,,New Zealand Transport Agency & KiwiRail Project Emissions Estimation Tool (PEET) Version 6.0
 New Zealand ,Pipe Network,PVC-U Pipes Gravity,150 mm,1,m,  ,0.01,0.02,,New Zealand Transport Agency & KiwiRail Project Emissions Estimation Tool (PEET) Version 6.0
 New Zealand ,Pipe Network,PVC-U Pipes Gravity,175 mm,1,m,  ,0.02,0.05,,New Zealand Transport Agency & KiwiRail Project Emissions Estimation Tool (PEET) Version 6.0
 New Zealand ,Pipe Network,PVC-U Pipes Gravity,225 mm,1,m,  ,0.02,0.05,,New Zealand Transport Agency & KiwiRail Project Emissions Estimation Tool (PEET) Version 6.0
 New Zealand ,Pipe Network,PVC-U Pipes Gravity,300 mm,1,m,  ,0.04,0.07,,New Zealand Transport Agency & KiwiRail Project Emissions Estimation Tool (PEET) Version 6.0
 New Zealand ,Pipe Network,PVC-U Pipes Gravity,375 mm,1,m,  ,0.06,0.1,,New Zealand Transport Agency & KiwiRail Project Emissions Estimation Tool (PEET) Version 6.0
 New Zealand ,Pipe Network,PVC-U Pipes Gravity,475 mm,1,m,  ,0.09,0.17,,New Zealand Transport Agency & KiwiRail Project Emissions Estimation Tool (PEET) Version 6.0
 New Zealand ,Pipe Network,PVC-U Pipes Gravity,500 mm,1,m,  ,0.11,0.18,,New Zealand Transport Agency & KiwiRail Project Emissions Estimation Tool (PEET) Version 6.0
 New Zealand ,Pipe Network,PVC-U Pipes Gravity,600 mm,1,m,  ,0.14,0.21,,New Zealand Transport Agency & KiwiRail Project Emissions Estimation Tool (PEET) Version 6.0
 New Zealand ,Pipe Network,PE Pipes,20 mm,1,m,  ,0,0.01,,New Zealand Transport Agency & KiwiRail Project Emissions Estimation Tool (PEET) Version 6.0
 New Zealand ,Pipe Network,PE Pipes,25 mm,1,m,  ,0,0.01,,New Zealand Transport Agency & KiwiRail Project Emissions Estimation Tool (PEET) Version 6.0
 New Zealand ,Pipe Network,PE Pipes,32 mm,1,m,  ,0,0.01,,New Zealand Transport Agency & KiwiRail Project Emissions Estimation Tool (PEET) Version 6.0
 New Zealand ,Pipe Network,PE Pipes,40 mm,1,m,  ,0,0.01,,New Zealand Transport Agency & KiwiRail Project Emissions Estimation Tool (PEET) Version 6.0
 New Zealand ,Pipe Network,PE Pipes,50 mm,1,m,  ,0,0.01,,New Zealand Transport Agency & KiwiRail Project Emissions Estimation Tool (PEET) Version 6.0
 New Zealand ,Pipe Network,PE Pipes,63 mm,1,m,  ,0,0.02,,New Zealand Transport Agency & KiwiRail Project Emissions Estimation Tool (PEET) Version 6.0
 New Zealand ,Pipe Network,PE Pipes,75 mm,1,m,  ,0,0.02,,New Zealand Transport Agency & KiwiRail Project Emissions Estimation Tool (PEET) Version 6.0
 New Zealand ,Pipe Network,PE Pipes,90 mm,1,m,  ,0.01,0.02,,New Zealand Transport Agency & KiwiRail Project Emissions Estimation Tool (PEET) Version 6.0
 New Zealand ,Pipe Network,PE Pipes,110 mm,1,m,  ,0.01,0.02,,New Zealand Transport Agency & KiwiRail Project Emissions Estimation Tool (PEET) Version 6.0
 New Zealand ,Pipe Network,PE Pipes,125 mm,1,m,  ,0.01,0.02,,New Zealand Transport Agency & KiwiRail Project Emissions Estimation Tool (PEET) Version 6.0
 New Zealand ,Pipe Network,PE Pipes,140 mm,1,m,  ,0.01,0.02,,New Zealand Transport Agency & KiwiRail Project Emissions Estimation Tool (PEET) Version 6.0
 New Zealand ,Pipe Network,PE Pipes,160 mm,1,m,  ,0.02,0.04,,New Zealand Transport Agency & KiwiRail Project Emissions Estimation Tool (PEET) Version 6.0
 New Zealand ,Pipe Network,PE Pipes,180 mm,1,m,  ,0.02,0.05,,New Zealand Transport Agency & KiwiRail Project Emissions Estimation Tool (PEET) Version 6.0
 New Zealand ,Pipe Network,PE Pipes,200 mm,1,m,  ,0.03,0.05,,New Zealand Transport Agency & KiwiRail Project Emissions Estimation Tool (PEET) Version 6.0
 New Zealand ,Pipe Network,PE Pipes,225 mm,1,m,  ,0.03,0.05,,New Zealand Transport Agency & KiwiRail Project Emissions Estimation Tool (PEET) Version 6.0
 New Zealand ,Pipe Network,PE Pipes,250 mm,1,m,  ,0.04,0.06,,New Zealand Transport Agency & KiwiRail Project Emissions Estimation Tool (PEET) Version 6.0
 New Zealand ,Pipe Network,PE Pipes,280 mm,1,m,  ,0.05,0.06,,New Zealand Transport Agency & KiwiRail Project Emissions Estimation Tool (PEET) Version 6.0
 New Zealand ,Pipe Network,PE Pipes,315 mm,1,m,  ,0.07,0.09,,New Zealand Transport Agency & KiwiRail Project Emissions Estimation Tool (PEET) Version 6.0
 New Zealand ,Pipe Network,PE Pipes,355 mm,1,m,  ,0.08,0.09,,New Zealand Transport Agency & KiwiRail Project Emissions Estimation Tool (PEET) Version 6.0
 New Zealand ,Pipe Network,PE Pipes,400 mm,1,m,  ,0.11,0.1,,New Zealand Transport Agency & KiwiRail Project Emissions Estimation Tool (PEET) Version 6.0
 New Zealand ,Pipe Network,PE Pipes,450 mm,1,m,  ,0.13,0.12,,New Zealand Transport Agency & KiwiRail Project Emissions Estimation Tool (PEET) Version 6.0
 New Zealand ,Pipe Network,PE Pipes,500 mm,1,m,  ,0.17,0.18,,New Zealand Transport Agency & KiwiRail Project Emissions Estimation Tool (PEET) Version 6.0
 New Zealand ,Pipe Network,PE Pipes,560 mm,1,m,  ,0.21,0.2,,New Zealand Transport Agency & KiwiRail Project Emissions Estimation Tool (PEET) Version 6.0
 New Zealand ,Pipe Network,PE Pipes,630 mm,1,m,  ,0.26,0.22,,New Zealand Transport Agency & KiwiRail Project Emissions Estimation Tool (PEET) Version 6.0
 New Zealand ,Pipe Network,PE Pipes,710 mm,1,m,  ,0.33,0.25,,New Zealand Transport Agency & KiwiRail Project Emissions Estimation Tool (PEET) Version 6.0
 New Zealand ,Pipe Network,RCRRJ Class 4,225 mm,1,m,  ,0.03,0.07,,New Zealand Transport Agency & KiwiRail Project Emissions Estimation Tool (PEET) Version 6.0
 New Zealand ,Pipe Network,RCRRJ Class 4,300 mm,1,m,  ,0.04,0.09,,New Zealand Transport Agency & KiwiRail Project Emissions Estimation Tool (PEET) Version 6.0
 New Zealand ,Pipe Network,RCRRJ Class 4,375 mm,1,m,  ,0.05,0.11,,New Zealand Transport Agency & KiwiRail Project Emissions Estimation Tool (PEET) Version 6.0
 New Zealand ,Pipe Network,RCRRJ Class 4,450 mm,1,m,  ,0.08,0.13,,New Zealand Transport Agency & KiwiRail Project Emissions Estimation Tool (PEET) Version 6.0
 New Zealand ,Pipe Network,RCRRJ Class 4,525 mm,1,m,  ,0.1,0.16,,New Zealand Transport Agency & KiwiRail Project Emissions Estimation Tool (PEET) Version 6.0
 New Zealand ,Pipe Network,RCRRJ Class 4,600 mm,1,m,  ,0.12,0.18,,New Zealand Transport Agency & KiwiRail Project Emissions Estimation Tool (PEET) Version 6.0
 New Zealand ,Pipe Network,RCRRJ Class 4,675 mm,1,m,  ,0.14,0.21,,New Zealand Transport Agency & KiwiRail Project Emissions Estimation Tool (PEET) Version 6.0
 New Zealand ,Pipe Network,RCRRJ Class 4,750 mm,1,m,  ,0.17,0.24,,New Zealand Transport Agency & KiwiRail Project Emissions Estimation Tool (PEET) Version 6.0
 New Zealand ,Pipe Network,RCRRJ Class 4,900 mm,1,m,  ,0.25,0.27,,New Zealand Transport Agency & KiwiRail Project Emissions Estimation Tool (PEET) Version 6.0
 New Zealand ,Pipe Network,RCRRJ Class 4,1050 mm,1,m,  ,0.35,0.37,,New Zealand Transport Agency & KiwiRail Project Emissions Estimation Tool (PEET) Version 6.0
 New Zealand ,Pipe Network,RCRRJ Class 4,1200 mm,1,m,  ,0.4,0.4,,New Zealand Transport Agency & KiwiRail Project Emissions Estimation Tool (PEET) Version 6.0
 New Zealand ,Pipe Network,RCRRJ Class 4,1350 mm,1,m,  ,0.44,0.45,,New Zealand Transport Agency & KiwiRail Project Emissions Estimation Tool (PEET) Version 6.0
 New Zealand ,Safety Barriers and Fencing,Barriers,Steel wire rope (4 no.) safety barrier,1,m,  ,0.08,0,,New Zealand Transport Agency & KiwiRail Project Emissions Estimation Tool (PEET) Version 6.0
 New Zealand ,Safety Barriers and Fencing,Barriers,W beam barrier,1,m,  ,0.17,0,,New Zealand Transport Agency & KiwiRail Project Emissions Estimation Tool (PEET) Version 6.0
 New Zealand ,Safety Barriers and Fencing,Barriers,F Shaped concrete barrier,1,m,  ,0.97,0.01,,New Zealand Transport Agency & KiwiRail Project Emissions Estimation Tool (PEET) Version 6.0
 New Zealand ,Safety Barriers and Fencing,Fences and Walls,Silt Fence,1,m,  ,0.01,0,,New Zealand Transport Agency & KiwiRail Project Emissions Estimation Tool (PEET) Version 6.0
 New Zealand ,Safety Barriers and Fencing,Fences and Walls,Noise Wall,1,m,  ,0.3,0.01,,New Zealand Transport Agency & KiwiRail Project Emissions Estimation Tool (PEET) Version 6.0
 New Zealand ,Safety Barriers and Fencing,Fences and Walls,Chain-Link Fence,1,m,  ,0.04,0.01,,New Zealand Transport Agency & KiwiRail Project Emissions Estimation Tool (PEET) Version 6.0
 New Zealand ,Safety Barriers and Fencing,Fences and Walls,Steel Wire Fence,1,m,  ,0.06,0,,New Zealand Transport Agency & KiwiRail Project Emissions Estimation Tool (PEET) Version 6.0
 New Zealand ,Safety Barriers and Fencing,Fences and Walls,Timber Post and Rail Fence,1,m,  ,0.03,0.01,,New Zealand Transport Agency & KiwiRail Project Emissions Estimation Tool (PEET) Version 6.0
 New Zealand ,Safety Barriers and Fencing,Fences and Walls,Post and Wire Fence,1,m,  ,0,0,,New Zealand Transport Agency & KiwiRail Project Emissions Estimation Tool (PEET) Version 6.0
 New Zealand ,Safety Barriers and Fencing,Fences and Walls,Wire and Batten Fence,1,m,  ,0,0,,New Zealand Transport Agency & KiwiRail Project Emissions Estimation Tool (PEET) Version 6.0
 New Zealand ,Signage,Posts ,Single Post (Aluminium),1,each,  ,0.19,0.02,,New Zealand Transport Agency & KiwiRail Project Emissions Estimation Tool (PEET) Version 6.0
 New Zealand ,Signage,Posts ,Single Post (Galvanised Steel),1,each,  ,0.14,0.01,,New Zealand Transport Agency & KiwiRail Project Emissions Estimation Tool (PEET) Version 6.0
 New Zealand ,Signage,Signs,Small Sign (1m2 Max),1,each,  ,0.05,0,,New Zealand Transport Agency & KiwiRail Project Emissions Estimation Tool (PEET) Version 6.0
 New Zealand ,Signage,Signs,Medium Type 1 Sign (6.25m2 Max),1,each,  ,1.54,0.12,,New Zealand Transport Agency & KiwiRail Project Emissions Estimation Tool (PEET) Version 6.0
 New Zealand ,Signage,Signs,LargeType 2 Sign (9.5m2 Max),1,each,  ,1.96,0.14,,New Zealand Transport Agency & KiwiRail Project Emissions Estimation Tool (PEET) Version 6.0
 New Zealand ,Signage,Gantries,Single Gantries,1,each,  ,14.14,1.12,,New Zealand Transport Agency & KiwiRail Project Emissions Estimation Tool (PEET) Version 6.0
 New Zealand ,Signage,Gantries,Double Gantries ,1,each,  ,27.35,2.23,,New Zealand Transport Agency & KiwiRail Project Emissions Estimation Tool (PEET) Version 6.0
 New Zealand ,Signage,Local Streets,Local Streets per km estimate,1,km,  ,7.55,0.48,,New Zealand Transport Agency & KiwiRail Project Emissions Estimation Tool (PEET) Version 6.0
 New Zealand ,Signage,Urban Infrastructure,Urban Connectors per km estimate,1,km,  ,8.68,0.55,,New Zealand Transport Agency & KiwiRail Project Emissions Estimation Tool (PEET) Version 6.0
 New Zealand ,Signage,Urban Infrastructure,Urban State Highway per km estimate,1,km,  ,29.17,2.24,,New Zealand Transport Agency & KiwiRail Project Emissions Estimation Tool (PEET) Version 6.0
 New Zealand ,Signage,Urban Infrastructure,Urban Motorway per km estimate,1,km,  ,92.62,7.37,,New Zealand Transport Agency & KiwiRail Project Emissions Estimation Tool (PEET) Version 6.0
 New Zealand ,Street Furniture,Shelters,Large 1500 Bus Shelter,1,each,  ,24.33,2.05,,New Zealand Transport Agency & KiwiRail Project Emissions Estimation Tool (PEET) Version 6.0
 New Zealand ,Street Furniture,Shelters,Intermediate 1500 Bus Shelter,1,each,  ,12.17,1.03,,New Zealand Transport Agency & KiwiRail Project Emissions Estimation Tool (PEET) Version 6.0
 New Zealand ,Street Furniture,Shelters,Minor 1500 Bus Shelter,1,each,  ,6.38,0.59,,New Zealand Transport Agency & KiwiRail Project Emissions Estimation Tool (PEET) Version 6.0
 New Zealand ,Street Furniture,Seating and Benches,Timber Seat,1,each,  ,0.13,0,,New Zealand Transport Agency & KiwiRail Project Emissions Estimation Tool (PEET) Version 6.0
 New Zealand ,Street Furniture,Cycle Stand,Cycle Stand,1,each,  ,0.02,0,,New Zealand Transport Agency & KiwiRail Project Emissions Estimation Tool (PEET) Version 6.0
 New Zealand ,Street Furniture,Bins,Steel Tilt Bin ,1,each,  ,0.14,0,,New Zealand Transport Agency & KiwiRail Project Emissions Estimation Tool (PEET) Version 6.0
 New Zealand ,Street Furniture,Seating and Benches,Concrete and Timber Bench,1,each,  ,0.44,0.09,,New Zealand Transport Agency & KiwiRail Project Emissions Estimation Tool (PEET) Version 6.0
 New Zealand ,Street Furniture,Bollards,Steel Bollard,1,each,  ,0.06,0,,New Zealand Transport Agency & KiwiRail Project Emissions Estimation Tool (PEET) Version 6.0
 New Zealand ,Utilities,Cables,Fibre Optic Cable,1,m,  ,0,0,,New Zealand Transport Agency & KiwiRail Project Emissions Estimation Tool (PEET) Version 6.0
 New Zealand ,Utilities,Cables,ITS Cable,1,m,  ,0,0,,New Zealand Transport Agency & KiwiRail Project Emissions Estimation Tool (PEET) Version 6.0
 New Zealand ,Utilities,Cables,400V Power Cable ,1,m,  ,0.02,0,,New Zealand Transport Agency & KiwiRail Project Emissions Estimation Tool (PEET) Version 6.0
 New Zealand ,Utilities,Cables,11kV Power Cable,1,m,  ,0.03,0,,New Zealand Transport Agency & KiwiRail Project Emissions Estimation Tool (PEET) Version 6.0
 New Zealand ,Utilities,Cables,22kV Power Cable,1,m,  ,0.03,0,,New Zealand Transport Agency & KiwiRail Project Emissions Estimation Tool (PEET) Version 6.0
 New Zealand ,Utilities,Cables,Low Voltage Cable,1,m,  ,0.01,0,,New Zealand Transport Agency & KiwiRail Project Emissions Estimation Tool (PEET) Version 6.0
 New Zealand ,Utilities,Cables,Vodafone Cable,1,m,  ,0,0,,New Zealand Transport Agency & KiwiRail Project Emissions Estimation Tool (PEET) Version 6.0
 New Zealand ,Utilities,Cables,Chorus Cable,1,m,  ,0,0,,New Zealand Transport Agency & KiwiRail Project Emissions Estimation Tool (PEET) Version 6.0
 New Zealand ,Utilities,Cables,Communications Cable,1,m,  ,0,0,,New Zealand Transport Agency & KiwiRail Project Emissions Estimation Tool (PEET) Version 6.0
 New Zealand ,Utilities,Ducts,"Assume 100mm PE, 7mm thickness",1,m,  ,0.01,0,,New Zealand Transport Agency & KiwiRail Project Emissions Estimation Tool (PEET) Version 6.0
 New Zealand ,Utilities,Ducts,"Assume 150mm PE, 7mm thickness",1,m,  ,0.01,0,,New Zealand Transport Agency & KiwiRail Project Emissions Estimation Tool (PEET) Version 6.0
 New Zealand ,Utilities,Ducts,"Assume 100mm PVC, 3mm thickness",1,m,  ,0,0,,New Zealand Transport Agency & KiwiRail Project Emissions Estimation Tool (PEET) Version 6.0
 New Zealand ,Utilities,Ducts,"Assume 150mm PVC, 3mm thickness",1,m,  ,0.01,0,,New Zealand Transport Agency & KiwiRail Project Emissions Estimation Tool (PEET) Version 6.0
 New Zealand ,Utilities,Ducts,"Assume 100mm PVC, 5mm thickness",1,m,  ,0.01,0,,New Zealand Transport Agency & KiwiRail Project Emissions Estimation Tool (PEET) Version 6.0
 New Zealand ,Utilities,Ducts,"Assume 150mm PVC, 5mm thickness",1,m,  ,0.01,0,,New Zealand Transport Agency & KiwiRail Project Emissions Estimation Tool (PEET) Version 6.0
 New Zealand ,Ground Improvements,Aggregate,Aggregate,1,m3,  ,0.01,0.01,,New Zealand Transport Agency & KiwiRail Project Emissions Estimation Tool (PEET) Version 6.0
 New Zealand ,Ground Improvements,RipRap,RipRap,1,m3,  ,0.01,0.01,,New Zealand Transport Agency & KiwiRail Project Emissions Estimation Tool (PEET) Version 6.0
 New Zealand ,Ground Improvements,Topsoil,Topsoil,1,m3,  ,0.01,0.01,,New Zealand Transport Agency & KiwiRail Project Emissions Estimation Tool (PEET) Version 6.0
 New Zealand ,Ground Improvements,Geotextile,Geotextile,1,m2, -   ,0,0,,New Zealand Transport Agency & KiwiRail Project Emissions Estimation Tool (PEET) Version 6.0
 New Zealand ,Ground Improvements,Geogrid,Geogrid,1,m2, -   ,0,0,,New Zealand Transport Agency & KiwiRail Project Emissions Estimation Tool (PEET) Version 6.0
 New Zealand ,Road Marking,Painting,General,1,m2,  ,0,0,,New Zealand Transport Agency & KiwiRail Project Emissions Estimation Tool (PEET) Version 6.0
 New Zealand ,Road Marking,Painting,100mm Line,1,m,  ,0,0,,New Zealand Transport Agency & KiwiRail Project Emissions Estimation Tool (PEET) Version 6.0
 New Zealand ,Road Marking,Painting,300mm Line,1,m,  ,0,0,,New Zealand Transport Agency & KiwiRail Project Emissions Estimation Tool (PEET) Version 6.0
 New Zealand ,Road Marking,Painting,Small Symbol e.g. cycle symbol,1,each,  ,0,0,,New Zealand Transport Agency & KiwiRail Project Emissions Estimation Tool (PEET) Version 6.0
 New Zealand ,Road Marking,Painting,Medium Symbol e.g. arrows,1,each,  ,0,0,,New Zealand Transport Agency & KiwiRail Project Emissions Estimation Tool (PEET) Version 6.0
 New Zealand ,Road Marking,Painting,Large Symbol e.g. give way or letters,1,each,  ,0,0,,New Zealand Transport Agency & KiwiRail Project Emissions Estimation Tool (PEET) Version 6.0
 New Zealand ,Traffic Signals,Signal frames,Traffic Signal (standard) ,1,each,  ,0.48,0.13,,New Zealand Transport Agency & KiwiRail Project Emissions Estimation Tool (PEET) Version 6.0
 New Zealand ,Traffic Signals,Signal frames,Traffic Signal (JUMA) ,1,each,  ,0.62,0.13,,New Zealand Transport Agency & KiwiRail Project Emissions Estimation Tool (PEET) Version 6.0
 New Zealand ,Traffic Signals,Signal frames,Traffic Signal (JUSP) (12m),1,each,  ,0.97,0.13,,New Zealand Transport Agency & KiwiRail Project Emissions Estimation Tool (PEET) Version 6.0
 New Zealand ,Traffic Signals,Lanterns,1 Aspect,1,each,  ,0.04,0,,New Zealand Transport Agency & KiwiRail Project Emissions Estimation Tool (PEET) Version 6.0
 New Zealand ,Traffic Signals,Lanterns,2 Aspect,1,each,  ,0.08,0,,New Zealand Transport Agency & KiwiRail Project Emissions Estimation Tool (PEET) Version 6.0
 New Zealand ,Traffic Signals,Lanterns,3 Aspect,1,each,  ,0.1,0,,New Zealand Transport Agency & KiwiRail Project Emissions Estimation Tool (PEET) Version 6.0
 New Zealand ,Traffic Signals,Lanterns,4 Aspect,1,each,  ,0.12,0,,New Zealand Transport Agency & KiwiRail Project Emissions Estimation Tool (PEET) Version 6.0
 New Zealand ,Traffic Signals,Lanterns,5 Aspect ,1,each,  ,0.14,0,,New Zealand Transport Agency & KiwiRail Project Emissions Estimation Tool (PEET) Version 6.0
 New Zealand ,Traffic Signals,Lanterns,6 Aspect,1,each,  ,0.16,0,,New Zealand Transport Agency & KiwiRail Project Emissions Estimation Tool (PEET) Version 6.0
 New Zealand ,Rails and Formation,Rails,Standard Rail,1,m,  ,0.43,0.77,,New Zealand Transport Agency & KiwiRail Project Emissions Estimation Tool (PEET) Version 6.0
 New Zealand ,Rails and Formation,Rails,Double Rail,1,m,  ,0.85,1.35,,New Zealand Transport Agency & KiwiRail Project Emissions Estimation Tool (PEET) Version 6.0
 New Zealand ,Rails and Formation,Sleepers,Concrete Sleepers,1,m,  ,0.1,0,,New Zealand Transport Agency & KiwiRail Project Emissions Estimation Tool (PEET) Version 6.0
 New Zealand ,Rails and Formation,Sleepers,Composite Sleepers - KLP Type 201,1,m,  ,0.06,0,,New Zealand Transport Agency & KiwiRail Project Emissions Estimation Tool (PEET) Version 6.0
 New Zealand ,Rails and Formation,Sleepers,Wooden Sleepers (2.1m),1,m,  ,0.13,0.02,,New Zealand Transport Agency & KiwiRail Project Emissions Estimation Tool (PEET) Version 6.0
 New Zealand ,Rails and Formation,Sleepers,Wooden Sleepers (2.4m),1,m,  ,0.15,0.02,,New Zealand Transport Agency & KiwiRail Project Emissions Estimation Tool (PEET) Version 6.0
 New Zealand ,Rail overhead lines,Concrete Components,Concrete Posts,1,No,  ,4.34,0.11,,New Zealand Transport Agency & KiwiRail Project Emissions Estimation Tool (PEET) Version 6.0
 New Zealand ,Rail overhead lines,Posts ,Steel Posts - 250 UC,1,each,  ,1.71,0.33,,New Zealand Transport Agency & KiwiRail Project Emissions Estimation Tool (PEET) Version 6.0
 New Zealand ,Rail overhead lines,Posts ,Steel Posts - 310 UC,1,each,  ,2.71,0.54,,New Zealand Transport Agency & KiwiRail Project Emissions Estimation Tool (PEET) Version 6.0
 New Zealand ,Rail overhead lines,Gantries,Steel Gantry Option,1,each,  ,7.37,1.77,,New Zealand Transport Agency & KiwiRail Project Emissions Estimation Tool (PEET) Version 6.0
 New Zealand ,Rail overhead lines,Overhead lines,Catenary Wires,1,m,  ,0,0,,New Zealand Transport Agency & KiwiRail Project Emissions Estimation Tool (PEET) Version 6.0
 New Zealand ,Rail Drainage,Drainage,Standard Cess Drain (assumed 2 sides),1,m,  ,0.02,0,,New Zealand Transport Agency & KiwiRail Project Emissions Estimation Tool (PEET) Version 6.0
 New Zealand ,Rail Drainage,Class 6 Culverts,600 mm,1,m,  ,0.14,0,,New Zealand Transport Agency & KiwiRail Project Emissions Estimation Tool (PEET) Version 6.0
 New Zealand ,Rail Drainage,Class 6 Culverts,675 mm,1,m,  ,0.16,0,,New Zealand Transport Agency & KiwiRail Project Emissions Estimation Tool (PEET) Version 6.0
 New Zealand ,Rail Drainage,Class 6 Culverts,750 mm,1,m,  ,0.18,0.01,,New Zealand Transport Agency & KiwiRail Project Emissions Estimation Tool (PEET) Version 6.0
 New Zealand ,Rail Drainage,Class 6 Culverts,825 mm,1,m,  ,0.21,0.01,,New Zealand Transport Agency & KiwiRail Project Emissions Estimation Tool (PEET) Version 6.0
 New Zealand ,Rail Drainage,Class 6 Culverts,900 mm,1,m,  ,0.24,0.01,,New Zealand Transport Agency & KiwiRail Project Emissions Estimation Tool (PEET) Version 6.0
 New Zealand ,Rail Drainage,Class 6 Culverts,1000 mm,1,m,  ,0.28,0.01,,New Zealand Transport Agency & KiwiRail Project Emissions Estimation Tool (PEET) Version 6.0
 New Zealand ,Rail Drainage,Class 6 Culverts,1050 mm,1,m,  ,0.31,0.01,,New Zealand Transport Agency & KiwiRail Project Emissions Estimation Tool (PEET) Version 6.0
 New Zealand ,Rail Drainage,Class 6 Culverts,1200 mm,1,m,  ,0.37,0.01,,New Zealand Transport Agency & KiwiRail Project Emissions Estimation Tool (PEET) Version 6.0
 New Zealand ,Rail Drainage,Class 6 Culverts,1350 mm,1,m,  ,0.42,0.01,,New Zealand Transport Agency & KiwiRail Project Emissions Estimation Tool (PEET) Version 6.0
 New Zealand ,Rail Drainage,Class 6 Culverts,1500 mm,1,m,  ,0.48,0.02,,New Zealand Transport Agency & KiwiRail Project Emissions Estimation Tool (PEET) Version 6.0
 New Zealand ,Rail Drainage,Class 6 Culverts,1600 mm,1,m,  ,0.55,0.02,,New Zealand Transport Agency & KiwiRail Project Emissions Estimation Tool (PEET) Version 6.0
 New Zealand ,Rail Drainage,Class 6 Culverts,1650 mm,1,m,  ,0.59,0.02,,New Zealand Transport Agency & KiwiRail Project Emissions Estimation Tool (PEET) Version 6.0
 New Zealand ,Rail Drainage,Class 6 Culverts,1800 mm,1,m,  ,0.79,0.03,,New Zealand Transport Agency & KiwiRail Project Emissions Estimation Tool (PEET) Version 6.0
 New Zealand ,Rail Drainage,Class 8 Culverts,600 mm,1,m,  ,0.14,0,,New Zealand Transport Agency & KiwiRail Project Emissions Estimation Tool (PEET) Version 6.0
 New Zealand ,Rail Drainage,Class 8 Culverts,675 mm,1,m,  ,0.16,0,,New Zealand Transport Agency & KiwiRail Project Emissions Estimation Tool (PEET) Version 6.0
 New Zealand ,Rail Drainage,Class 8 Culverts,750 mm,1,m,  ,0.18,0.01,,New Zealand Transport Agency & KiwiRail Project Emissions Estimation Tool (PEET) Version 6.0
 New Zealand ,Rail Drainage,Class 8 Culverts,825 mm,1,m,  ,0.21,0.01,,New Zealand Transport Agency & KiwiRail Project Emissions Estimation Tool (PEET) Version 6.0
 New Zealand ,Rail Drainage,Class 8 Culverts,900 mm,1,m,  ,0.26,0.01,,New Zealand Transport Agency & KiwiRail Project Emissions Estimation Tool (PEET) Version 6.0
 New Zealand ,Rail Drainage,Class 8 Culverts,1050 mm,1,m,  ,0.32,0.01,,New Zealand Transport Agency & KiwiRail Project Emissions Estimation Tool (PEET) Version 6.0
 New Zealand ,Rail Drainage,Class 8 Culverts,1200 mm,1,m,  ,0.42,0.01,,New Zealand Transport Agency & KiwiRail Project Emissions Estimation Tool (PEET) Version 6.0
 New Zealand ,Rail Drainage,Class 8 Culverts,1350 mm,1,m,  ,0.44,0.01,,New Zealand Transport Agency & KiwiRail Project Emissions Estimation Tool (PEET) Version 6.0
 New Zealand ,Rail Drainage,Class 8 Culverts,1600 mm,1,m,  ,0.6,0.02,,New Zealand Transport Agency & KiwiRail Project Emissions Estimation Tool (PEET) Version 6.0
 New Zealand ,Rail Drainage,Class 8 Culverts,1800 mm,1,m,  ,0.82,0.03,,New Zealand Transport Agency & KiwiRail Project Emissions Estimation Tool (PEET) Version 6.0
 New Zealand ,Rail Drainage,Drainage,Subsoil Drain (assumed both sides),1,m,  ,0.11,0.01,,New Zealand Transport Agency & KiwiRail Project Emissions Estimation Tool (PEET) Version 6.0
 New Zealand ,Rail Structures,Rail Bridge,Abutment,1,each,  ,592.09,6.19,,New Zealand Transport Agency & KiwiRail Project Emissions Estimation Tool (PEET) Version 6.0
 New Zealand ,Rail Structures,Rail Bridge,Bridge Deck,1,m,  ,12.16,0.08,,New Zealand Transport Agency & KiwiRail Project Emissions Estimation Tool (PEET) Version 6.0
 New Zealand ,Rail Structures,Rail Bridge,Bridge Pier,1,each,  ,263.76,2,,New Zealand Transport Agency & KiwiRail Project Emissions Estimation Tool (PEET) Version 6.0
 New Zealand ,Rail Structures,Concrete Components,Precast Concrete Culvert (3m x 3m),1,m,  ,6.38,0.13,,New Zealand Transport Agency & KiwiRail Project Emissions Estimation Tool (PEET) Version 6.0
 New Zealand ,Rail Structures,Concrete Components,Wingwall and Apron,1,each,  ,120.93,0.71,,New Zealand Transport Agency & KiwiRail Project Emissions Estimation Tool (PEET) Version 6.0
 New Zealand ,Intersections,Minor Intersection,Paved with Standard Kerb and Channel,1,m2,  , Not available , N/A ,,New Zealand Transport Agency & KiwiRail Project Emissions Estimation Tool (PEET) Version 6.0
 New Zealand ,Intersections,Medium Intersection,"Paved with Raised Median, Mountable Kerb, Standard Kerb and Channel",1,m2,  , Not available , N/A ,,New Zealand Transport Agency & KiwiRail Project Emissions Estimation Tool (PEET) Version 6.0
 New Zealand ,Intersections,Major Intersection,"Paved with Raised Median, Mountable Kerb, Standard Kerb and Channel",1,m2,  , Not available , N/A ,,New Zealand Transport Agency & KiwiRail Project Emissions Estimation Tool (PEET) Version 6.0
 New Zealand ,Intersections,Minor Roundabout (inc. Road areas),"One lane roundabout with raised bed, basecourse, concrete slab, mountable kerb and splitter islands",1,each,  ,65.77,5.57,,New Zealand Transport Agency & KiwiRail Project Emissions Estimation Tool (PEET) Version 6.0
 New Zealand ,Intersections,Medium Roundabout (inc. Road areas),"Two lane roundabout with raised bed, basecourse, concrete slab, mountable kerb and splitter islands",1,each,  ,226.69,16.24,,New Zealand Transport Agency & KiwiRail Project Emissions Estimation Tool (PEET) Version 6.0
 New Zealand ,Intersections,Major Roundabout (exc. Road areas),"Two lane roundabout with raised bed, basecourse, concrete slab, mountable kerb and splitter islands",1,each,  ,336.05,30.47,,New Zealand Transport Agency & KiwiRail Project Emissions Estimation Tool (PEET) Version 6.0
