Jurisdiction,Emissions Category,Emissions Sub-Category,Emissions Source,Quantity,UoM,Carbon Storage (tCO2e/UoM),Product Stage (A1-3) Emissions Factor (tCO2e/UoM),Transport Stage (A4) Emissions Factor (tCO2e/UoM),Construction Stage (A5) Emissions Factor (tCO2e/UoM),Source/Comments
Australia,Constructors’ Site Overheads,Principal's Project Accommodation,Establishment of Principals Project Site Buildings,1,m2,-   ,0.0293,0.0006,0.0160,TfNSW Engineering Carbon and Cost Library (ECCL) Level 5 Road Benchmarks Version 1.00
Australia,Constructors’ Site Overheads,Principal's Project Accommodation,Establishment of Principals Site Compound,1,m2,-0.0662,0.0067,0.0013,0.0021,TfNSW Engineering Carbon and Cost Library (ECCL) Level 5 Road Benchmarks Version 1.00
Australia,Constructors’ Site Overheads,Principal's Project Accommodation,Principals Project Site Buildings,1,m2/week,-   , -   , -   ,0.0001,TfNSW Engineering Carbon and Cost Library (ECCL) Level 5 Road Benchmarks Version 1.00
Australia,Constructors’ Site Overheads,Principal's Project Accommodation,Principals Site Compound,1,m2/week,-   ,0.0000,0.0000,0.0000,TfNSW Engineering Carbon and Cost Library (ECCL) Level 5 Road Benchmarks Version 1.00
Australia,Constructors’ Site Overheads,Principal's Project Accommodation,Principals Project Site Buildings,1,m2/week,-   , -   , -   ,0.0001,TfNSW Engineering Carbon and Cost Library (ECCL) Level 5 Road Benchmarks Version 1.00
Australia,Constructors’ Site Overheads,Principal's Project Accommodation,Principals Site Compound,1,m2/week,-   ,0.0000,0.0000,0.0000,TfNSW Engineering Carbon and Cost Library (ECCL) Level 5 Road Benchmarks Version 1.00
Australia,Constructors’ Site Overheads,Principal's Project Accommodation,Principals Project Site Buildings,1,m2,-   , -   ,0.0001,0.0206,TfNSW Engineering Carbon and Cost Library (ECCL) Level 5 Road Benchmarks Version 1.00
Australia,Constructors’ Site Overheads,Principal's Project Accommodation,Principals Site Compound,1,m2,-   ,0.0004,0.0015,0.0027,TfNSW Engineering Carbon and Cost Library (ECCL) Level 5 Road Benchmarks Version 1.00
Australia,Substructure and Pavements,Soil and Water Management,Kerb Inlet Protection,1,each,-   ,0.0366,0.0009,0.0509,TfNSW Engineering Carbon and Cost Library (ECCL) Level 5 Road Benchmarks Version 1.00
Australia,Substructure and Pavements,Soil and Water Management,Drop Inlet Protection,1,each,-   ,0.1368,0.0202,0.0482,TfNSW Engineering Carbon and Cost Library (ECCL) Level 5 Road Benchmarks Version 1.00
Australia,Substructure and Pavements,Soil and Water Management,Silt / Sediment Fence,1,m,-   ,0.0002,0.0000,0.0018,TfNSW Engineering Carbon and Cost Library (ECCL) Level 5 Road Benchmarks Version 1.00
Australia,Substructure and Pavements,Soil and Water Management,Clean water Diversion Drain,1,m,-   , -   ,0.0000,0.0039,TfNSW Engineering Carbon and Cost Library (ECCL) Level 5 Road Benchmarks Version 1.00
Australia,Substructure and Pavements,Soil and Water Management,Sediment -laden water diversion drain,1,m,-   , -   ,0.0000,0.0039,TfNSW Engineering Carbon and Cost Library (ECCL) Level 5 Road Benchmarks Version 1.00
Australia,Preliminaries,Soil and Water Management,Site Exit Point - Shaker ramp,1,each,-   ,3.6414,0.0580,0.9597,TfNSW Engineering Carbon and Cost Library (ECCL) Level 5 Road Benchmarks Version 1.00
Australia,Preliminaries,Soil and Water Management,Site Exit Point - Wheel Wash,1,each,-   , -   , -   , -   ,TfNSW Engineering Carbon and Cost Library (ECCL) Level 5 Road Benchmarks Version 1.00
Australia,Services and Equipment,Soil and Water Management,Maintenance of Soil and Water Management Control Measures,1,week,-   , -   ,0.0019,0.5361,TfNSW Engineering Carbon and Cost Library (ECCL) Level 5 Road Benchmarks Version 1.00
Australia,Services and Equipment,Soil and Water Management,Site Water Quality Monitoring,1,each/week,-   , -   , -   ,0.0016,TfNSW Engineering Carbon and Cost Library (ECCL) Level 5 Road Benchmarks Version 1.00
Australia,Substructure and Pavements,Soil and Water Management,Basin Volume <100 m3,1,each,-   ,3.1682,0.2286,4.7170,TfNSW Engineering Carbon and Cost Library (ECCL) Level 5 Road Benchmarks Version 1.00
Australia,Substructure and Pavements,Soil and Water Management,Basin Volume 100 - 200 m3,1,each,-   ,3.7055,0.2715,6.5529,TfNSW Engineering Carbon and Cost Library (ECCL) Level 5 Road Benchmarks Version 1.00
Australia,Substructure and Pavements,Soil and Water Management,Basin Volume 200 - 500 m3,1,each,-   ,4.2445,0.3269,11.7574,TfNSW Engineering Carbon and Cost Library (ECCL) Level 5 Road Benchmarks Version 1.00
Australia,Substructure and Pavements,Soil and Water Management,Basin Volume 500 - 1000 m3,1,each,-   ,4.7818,0.3958,20.6363,TfNSW Engineering Carbon and Cost Library (ECCL) Level 5 Road Benchmarks Version 1.00
Australia,Substructure and Pavements,Soil and Water Management,Basin Volume 1000 - 2000 m3,1,each,-   ,5.3208,0.4535,26.3617,TfNSW Engineering Carbon and Cost Library (ECCL) Level 5 Road Benchmarks Version 1.00
Australia,Substructure and Pavements,Soil and Water Management,Basin Volume 2000 - 5000 m3,1,each,-   ,5.8582,0.5721,48.4875,TfNSW Engineering Carbon and Cost Library (ECCL) Level 5 Road Benchmarks Version 1.00
Australia,Substructure and Pavements,Soil and Water Management,Basin Volume >5000 m3,1,each,-   ,1.6439,0.5163,59.5970,TfNSW Engineering Carbon and Cost Library (ECCL) Level 5 Road Benchmarks Version 1.00
Australia,Substructure and Pavements,Soil and Water Management,Basin Volume <100 m3,1,each,-   ,0.9436,0.1524,4.3697,TfNSW Engineering Carbon and Cost Library (ECCL) Level 5 Road Benchmarks Version 1.00
Australia,Substructure and Pavements,Soil and Water Management,Basin Volume 100 - 200 m3,1,each,-   ,1.0369,0.1828,6.8982,TfNSW Engineering Carbon and Cost Library (ECCL) Level 5 Road Benchmarks Version 1.00
Australia,Substructure and Pavements,Soil and Water Management,Basin Volume 200 - 500 m3,1,each,-   ,1.1304,0.2296,13.8255,TfNSW Engineering Carbon and Cost Library (ECCL) Level 5 Road Benchmarks Version 1.00
Australia,Substructure and Pavements,Soil and Water Management,Basin Volume 500 - 1000 m3,1,each,-   ,1.2237,0.2915,24.8240,TfNSW Engineering Carbon and Cost Library (ECCL) Level 5 Road Benchmarks Version 1.00
Australia,Substructure and Pavements,Soil and Water Management,Basin Volume 1000 - 2000 m3,1,each,-   ,1.3172,0.3418,32.5917,TfNSW Engineering Carbon and Cost Library (ECCL) Level 5 Road Benchmarks Version 1.00
Australia,Substructure and Pavements,Soil and Water Management,Basin Volume 2000 - 5000 m3,1,each,-   ,1.4104,0.4892,66.4828,TfNSW Engineering Carbon and Cost Library (ECCL) Level 5 Road Benchmarks Version 1.00
Australia,Substructure and Pavements,Soil and Water Management,Basin Volume >5000 m3,1,each,-   ,1.6439,0.6022,82.6917,TfNSW Engineering Carbon and Cost Library (ECCL) Level 5 Road Benchmarks Version 1.00
Australia,Surface and Underground Drainage,Clearing and Grubbing,Production and Stockpiling of Mulch,1,m3,-   , -   ,0.0000,0.0064,TfNSW Engineering Carbon and Cost Library (ECCL) Level 5 Road Benchmarks Version 1.00
Australia,Surface and Underground Drainage,Open Drains,Excavation for Open Drains,1,m3,-   , -   ,0.0000,0.0083,TfNSW Engineering Carbon and Cost Library (ECCL) Level 5 Road Benchmarks Version 1.00
Australia,Surface and Underground Drainage,Open Drains,Embankment for Open Drains,1,m3,-   , -   ,0.0000,0.0100,TfNSW Engineering Carbon and Cost Library (ECCL) Level 5 Road Benchmarks Version 1.00
Australia,Surface and Underground Drainage,Excavation,Excavation for Pipe Culverts,1,m3,-   , -   ,0.0000,0.0118,TfNSW Engineering Carbon and Cost Library (ECCL) Level 5 Road Benchmarks Version 1.00
Australia,Surface and Underground Drainage,Excavation,Excavation for Box Culverts,1,m3,-   , -   ,0.0000,0.0086,TfNSW Engineering Carbon and Cost Library (ECCL) Level 5 Road Benchmarks Version 1.00
Australia,Surface and Underground Drainage,Excavation,Excavation for Other Drainage Structures,1,m3,-   , -   ,0.0000,0.0111,TfNSW Engineering Carbon and Cost Library (ECCL) Level 5 Road Benchmarks Version 1.00
Australia,Surface and Underground Drainage,Excavation,Inadequate Foundation Material under Drainage Structures and Open Drains (Item with provisional quantity),1,m3,-   ,0.0126,0.0048,0.0206,TfNSW Engineering Carbon and Cost Library (ECCL) Level 5 Road Benchmarks Version 1.00
Australia,Surface and Underground Drainage,Lining of Catch Drains,Plain Concrete,1,m2,,0.0273,0.0007,0.0056,TfNSW Engineering Carbon and Cost Library (ECCL) Level 5 Road Benchmarks Version 1.00
Australia,Surface and Underground Drainage,Lining of Catch Drains,Reinforced Concrete,1,m2,,0.0370,0.0028,0.0060,TfNSW Engineering Carbon and Cost Library (ECCL) Level 5 Road Benchmarks Version 1.00
Australia,Surface and Underground Drainage,Lining of Catch Drains,Rock,1,m2,,0.0032,0.0022,0.0108,TfNSW Engineering Carbon and Cost Library (ECCL) Level 5 Road Benchmarks Version 1.00
Australia,Surface and Underground Drainage,Stormwater Drainage Pipe,100mm Diameter,1,m,-   ,0.0099,0.0037,0.0056,TfNSW Engineering Carbon and Cost Library (ECCL) Level 5 Road Benchmarks Version 1.00
Australia,Surface and Underground Drainage,Stormwater Drainage Pipe,150mm Diameter,1,m,-   ,0.0151,0.0046,0.0063,TfNSW Engineering Carbon and Cost Library (ECCL) Level 5 Road Benchmarks Version 1.00
Australia,Surface and Underground Drainage,Stormwater Drainage Pipe,200mm Diameter,1,m,-   ,0.0210,0.0055,0.0069,TfNSW Engineering Carbon and Cost Library (ECCL) Level 5 Road Benchmarks Version 1.00
Australia,Surface and Underground Drainage,Stormwater Drainage Pipe,225mm Diameter,1,m,-   ,0.0241,0.0058,0.0071,TfNSW Engineering Carbon and Cost Library (ECCL) Level 5 Road Benchmarks Version 1.00
Australia,Surface and Underground Drainage,Stormwater Drainage Pipe,300mm Diameter,1,m,-   ,0.0361,0.0073,0.0081,TfNSW Engineering Carbon and Cost Library (ECCL) Level 5 Road Benchmarks Version 1.00
Australia,Surface and Underground Drainage,Stormwater Drainage Pipe,375mm Class 3 RRJ,1,m,-   ,0.0472,0.0087,0.0091,TfNSW Engineering Carbon and Cost Library (ECCL) Level 5 Road Benchmarks Version 1.00
Australia,Surface and Underground Drainage,Stormwater Drainage Pipe,375mm Class 4 RRJ,1,m,-   ,0.0478,0.0088,0.0091,TfNSW Engineering Carbon and Cost Library (ECCL) Level 5 Road Benchmarks Version 1.00
Australia,Surface and Underground Drainage,Stormwater Drainage Pipe,450mm Class 3 RRJ,1,m,-   ,0.0641,0.0106,0.0264,TfNSW Engineering Carbon and Cost Library (ECCL) Level 5 Road Benchmarks Version 1.00
Australia,Surface and Underground Drainage,Stormwater Drainage Pipe,450mm Class 4 RRJ,1,m,-   ,0.0654,0.0106,0.0264,TfNSW Engineering Carbon and Cost Library (ECCL) Level 5 Road Benchmarks Version 1.00
Australia,Surface and Underground Drainage,Stormwater Drainage Pipe,525mm Class 3 RRJ,1,m,-   ,0.0837,0.0124,0.0244,TfNSW Engineering Carbon and Cost Library (ECCL) Level 5 Road Benchmarks Version 1.00
Australia,Surface and Underground Drainage,Stormwater Drainage Pipe,525mm Class 4 RRJ,1,m,-   ,0.0940,0.0130,0.0244,TfNSW Engineering Carbon and Cost Library (ECCL) Level 5 Road Benchmarks Version 1.00
Australia,Surface and Underground Drainage,Stormwater Drainage Pipe,600mm Class 3 RRJ,1,m,-   ,0.0955,0.0140,0.0264,TfNSW Engineering Carbon and Cost Library (ECCL) Level 5 Road Benchmarks Version 1.00
Australia,Surface and Underground Drainage,Stormwater Drainage Pipe,600mm Class 4 RRJ,1,m,-   ,0.1058,0.0145,0.0264,TfNSW Engineering Carbon and Cost Library (ECCL) Level 5 Road Benchmarks Version 1.00
Australia,Surface and Underground Drainage,Stormwater Drainage Pipe,675mm Class 3 RRJ,1,m,-   ,0.1113,0.0158,0.0287,TfNSW Engineering Carbon and Cost Library (ECCL) Level 5 Road Benchmarks Version 1.00
Australia,Surface and Underground Drainage,Stormwater Drainage Pipe,675mm Class 4 RRJ,1,m,-   ,0.1262,0.0165,0.0287,TfNSW Engineering Carbon and Cost Library (ECCL) Level 5 Road Benchmarks Version 1.00
Australia,Surface and Underground Drainage,Stormwater Drainage Pipe,750mm Class 3 RRJ,1,m,-   ,0.1297,0.0177,0.0302,TfNSW Engineering Carbon and Cost Library (ECCL) Level 5 Road Benchmarks Version 1.00
Australia,Surface and Underground Drainage,Stormwater Drainage Pipe,750mm Class 4 RRJ,1,m,-   ,0.1530,0.0189,0.0302,TfNSW Engineering Carbon and Cost Library (ECCL) Level 5 Road Benchmarks Version 1.00
Australia,Surface and Underground Drainage,Stormwater Drainage Pipe,825mm Class 3 RRJ,1,m,-   ,0.1486,0.0196,0.0321,TfNSW Engineering Carbon and Cost Library (ECCL) Level 5 Road Benchmarks Version 1.00
Australia,Surface and Underground Drainage,Stormwater Drainage Pipe,825mm Class 4 RRJ,1,m,-   ,0.1751,0.0209,0.0321,TfNSW Engineering Carbon and Cost Library (ECCL) Level 5 Road Benchmarks Version 1.00
Australia,Surface and Underground Drainage,Stormwater Drainage Pipe,900mm Class 3 RRJ,1,m,-   ,0.1763,0.0222,0.0335,TfNSW Engineering Carbon and Cost Library (ECCL) Level 5 Road Benchmarks Version 1.00
Australia,Surface and Underground Drainage,Stormwater Drainage Pipe,900mm Class 4 RRJ,1,m,-   ,0.1984,0.0233,0.0335,TfNSW Engineering Carbon and Cost Library (ECCL) Level 5 Road Benchmarks Version 1.00
Australia,Surface and Underground Drainage,Stormwater Drainage Pipe,900mm Class 6 RRJ,1,m,-   ,0.2009,0.0234,0.0335,TfNSW Engineering Carbon and Cost Library (ECCL) Level 5 Road Benchmarks Version 1.00
Australia,Surface and Underground Drainage,Stormwater Drainage Pipe,1050mm Class 4 RRJ,1,m,-   ,0.2609,0.0284,0.0356,TfNSW Engineering Carbon and Cost Library (ECCL) Level 5 Road Benchmarks Version 1.00
Australia,Surface and Underground Drainage,Stormwater Drainage Pipe,1050mm Class 6 RRJ,1,m,-   ,0.2642,0.0286,0.0356,TfNSW Engineering Carbon and Cost Library (ECCL) Level 5 Road Benchmarks Version 1.00
Australia,Surface and Underground Drainage,Stormwater Drainage Pipe,1200mm Class 4 RRJ,1,m,-   ,0.3183,0.0336,0.0518,TfNSW Engineering Carbon and Cost Library (ECCL) Level 5 Road Benchmarks Version 1.00
Australia,Surface and Underground Drainage,Stormwater Drainage Pipe,1200mm Class 6 RRJ,1,m,-   ,0.3325,0.0344,0.0518,TfNSW Engineering Carbon and Cost Library (ECCL) Level 5 Road Benchmarks Version 1.00
Australia,Surface and Underground Drainage,Stormwater Drainage Pipe,1200mm Class 8 RRJ,1,m,-   ,0.4219,0.0389,0.0518,TfNSW Engineering Carbon and Cost Library (ECCL) Level 5 Road Benchmarks Version 1.00
Australia,Surface and Underground Drainage,Stormwater Drainage Pipe,1200mm Class 10 RRJ,1,m,-   ,0.4912,0.0425,0.0518,TfNSW Engineering Carbon and Cost Library (ECCL) Level 5 Road Benchmarks Version 1.00
Australia,Surface and Underground Drainage,Stormwater Drainage Pipe,1350mm Class 3 RRJ,1,m,-   ,0.3343,0.0369,0.0726,TfNSW Engineering Carbon and Cost Library (ECCL) Level 5 Road Benchmarks Version 1.00
Australia,Surface and Underground Drainage,Stormwater Drainage Pipe,1350mm Class 4 RRJ,1,m,-   ,0.3809,0.0393,0.0726,TfNSW Engineering Carbon and Cost Library (ECCL) Level 5 Road Benchmarks Version 1.00
Australia,Surface and Underground Drainage,Stormwater Drainage Pipe,1350mm Class 6 RRJ,1,m,-   ,0.4496,0.0428,0.0726,TfNSW Engineering Carbon and Cost Library (ECCL) Level 5 Road Benchmarks Version 1.00
Australia,Surface and Underground Drainage,Stormwater Drainage Pipe,1500mm Class 4 RRJ,1,m,-   ,0.6314,0.0556,0.0599,TfNSW Engineering Carbon and Cost Library (ECCL) Level 5 Road Benchmarks Version 1.00
Australia,Surface and Underground Drainage,Stormwater Drainage Pipe,1500mm Class 6 RRJ,1,m,-   ,0.5368,0.0508,0.0599,TfNSW Engineering Carbon and Cost Library (ECCL) Level 5 Road Benchmarks Version 1.00
Australia,Surface and Underground Drainage,Stormwater Drainage Pipe,1500mm Class 8 RRJ,1,m,-   ,0.6314,0.0556,0.0599,TfNSW Engineering Carbon and Cost Library (ECCL) Level 5 Road Benchmarks Version 1.00
Australia,Surface and Underground Drainage,Stormwater Drainage Pipe,1650mm Class 10 RRJ,1,m,-   ,0.8298,0.0705,0.0838,TfNSW Engineering Carbon and Cost Library (ECCL) Level 5 Road Benchmarks Version 1.00
Australia,Surface and Underground Drainage,Stormwater Drainage Pipe,1800mm Class 4 RRJ,1,m,-   ,0.6213,0.0644,0.0949,TfNSW Engineering Carbon and Cost Library (ECCL) Level 5 Road Benchmarks Version 1.00
Australia,Surface and Underground Drainage,Stormwater Drainage Pipe,1800mm Class 6 RRJ,1,m,-   ,0.7372,0.0704,0.0949,TfNSW Engineering Carbon and Cost Library (ECCL) Level 5 Road Benchmarks Version 1.00
Australia,Surface and Underground Drainage,Class B1 - 1 Cell,300mm x 225mm Class B1 - 1 Cell,1,m,-7.3650,0.1980,0.0154,0.0219,TfNSW Engineering Carbon and Cost Library (ECCL) Level 5 Road Benchmarks Version 1.00
Australia,Surface and Underground Drainage,Class B1 - 1 Cell,375mm x 225mm Class B1 - 1 Cell,1,m,-7.3884,0.2158,0.0166,0.0225,TfNSW Engineering Carbon and Cost Library (ECCL) Level 5 Road Benchmarks Version 1.00
Australia,Surface and Underground Drainage,Class B1 - 1 Cell,375mm x 300mm Class B1 - 1 Cell,1,m,-7.3884,0.2267,0.0178,0.0232,TfNSW Engineering Carbon and Cost Library (ECCL) Level 5 Road Benchmarks Version 1.00
Australia,Surface and Underground Drainage,Class B1 - 1 Cell,450mm x 150mm Class B1 - 1 Cell,1,m,-7.4119,0.2225,0.0167,0.0225,TfNSW Engineering Carbon and Cost Library (ECCL) Level 5 Road Benchmarks Version 1.00
Australia,Surface and Underground Drainage,Class B1 - 1 Cell,450mm x 160mm Class B1 - 1 Cell,1,m,-7.4119,0.2240,0.0169,0.0226,TfNSW Engineering Carbon and Cost Library (ECCL) Level 5 Road Benchmarks Version 1.00
Australia,Surface and Underground Drainage,Class B1 - 1 Cell,450mm x 300mm Class B1 - 1 Cell,1,m,-7.4119,0.2444,0.0190,0.0239,TfNSW Engineering Carbon and Cost Library (ECCL) Level 5 Road Benchmarks Version 1.00
Australia,Surface and Underground Drainage,Class B1 - 1 Cell,450mm x 325mm Class B1 - 1 Cell,1,m,-7.4119,0.2481,0.0194,0.0241,TfNSW Engineering Carbon and Cost Library (ECCL) Level 5 Road Benchmarks Version 1.00
Australia,Surface and Underground Drainage,Class B1 - 1 Cell,450mm x 450mm Class B1 - 1 Cell,1,m,-7.4119,0.2663,0.0214,0.0252,TfNSW Engineering Carbon and Cost Library (ECCL) Level 5 Road Benchmarks Version 1.00
Australia,Surface and Underground Drainage,Class B1 - 1 Cell,600mm x 225mm Class B1 - 1 Cell,1,m,-7.4549,0.2693,0.0204,0.0245,TfNSW Engineering Carbon and Cost Library (ECCL) Level 5 Road Benchmarks Version 1.00
Australia,Surface and Underground Drainage,Class B1 - 1 Cell,600mm x 300mm Class B1 - 1 Cell,1,m,-7.4549,0.2802,0.0216,0.0252,TfNSW Engineering Carbon and Cost Library (ECCL) Level 5 Road Benchmarks Version 1.00
Australia,Surface and Underground Drainage,Class B1 - 1 Cell,600mm x 380mm Class B1 - 1 Cell,1,m,-7.4549,0.2919,0.0228,0.0259,TfNSW Engineering Carbon and Cost Library (ECCL) Level 5 Road Benchmarks Version 1.00
Australia,Surface and Underground Drainage,Class B1 - 1 Cell,600mm x 450mm Class B1 - 1 Cell,1,m,-7.4549,0.3021,0.0239,0.0265,TfNSW Engineering Carbon and Cost Library (ECCL) Level 5 Road Benchmarks Version 1.00
Australia,Surface and Underground Drainage,Class B1 - 1 Cell,600mm x 600mm Class B1 - 1 Cell,1,m,-7.4549,0.3240,0.0262,0.0279,TfNSW Engineering Carbon and Cost Library (ECCL) Level 5 Road Benchmarks Version 1.00
Australia,Surface and Underground Drainage,Class B1 - 1 Cell,750mm x 375mm Class B1 - 1 Cell,1,m,-11.6610,0.4099,0.0293,0.0336,TfNSW Engineering Carbon and Cost Library (ECCL) Level 5 Road Benchmarks Version 1.00
Australia,Surface and Underground Drainage,Class B1 - 1 Cell,750mm x 450mm Class B1 - 1 Cell,1,m,-11.6610,0.4208,0.0305,0.0342,TfNSW Engineering Carbon and Cost Library (ECCL) Level 5 Road Benchmarks Version 1.00
Australia,Surface and Underground Drainage,Class B1 - 1 Cell,750mm x 600mm Class B1 - 1 Cell,1,m,-11.6610,0.4427,0.0328,0.0356,TfNSW Engineering Carbon and Cost Library (ECCL) Level 5 Road Benchmarks Version 1.00
Australia,Surface and Underground Drainage,Class B1 - 2 Cell,750mm x 600mm Class B1 - 2 Cell,1,m,-12.7284,0.7940,0.0567,0.0532,TfNSW Engineering Carbon and Cost Library (ECCL) Level 5 Road Benchmarks Version 1.00
Australia,Surface and Underground Drainage,Class B1 - 1 Cell,900mm x 300mm Class B1 - 1 Cell,1,m,-11.7353,0.4432,0.0311,0.0348,TfNSW Engineering Carbon and Cost Library (ECCL) Level 5 Road Benchmarks Version 1.00
Australia,Surface and Underground Drainage,Class B1 - 2 Cell,900mm x 300mm Class B1 - 2 Cell,1,m,-12.8730,0.8001,0.0550,0.0547,TfNSW Engineering Carbon and Cost Library (ECCL) Level 5 Road Benchmarks Version 1.00
Australia,Surface and Underground Drainage,Class B1 - 1 Cell,900mm x 375mm Class B1 - 1 Cell,1,m,-11.7353,0.4542,0.0322,0.0354,TfNSW Engineering Carbon and Cost Library (ECCL) Level 5 Road Benchmarks Version 1.00
Australia,Surface and Underground Drainage,Class B1 - 1 Cell,900mm x 450mm Class B1 - 1 Cell,1,m,-11.7353,0.4651,0.0334,0.0361,TfNSW Engineering Carbon and Cost Library (ECCL) Level 5 Road Benchmarks Version 1.00
Australia,Surface and Underground Drainage,Class B1 - 2 Cell,900mm x 450mm Class B1 - 2 Cell,1,m,-12.8730,0.8415,0.0587,0.0560,TfNSW Engineering Carbon and Cost Library (ECCL) Level 5 Road Benchmarks Version 1.00
Australia,Surface and Underground Drainage,Class B1 - 1 Cell,900mm x 600mm Class B1 - 1 Cell,1,m,-11.7353,0.4870,0.0357,0.0374,TfNSW Engineering Carbon and Cost Library (ECCL) Level 5 Road Benchmarks Version 1.00
Australia,Surface and Underground Drainage,Class B1 - 2 Cell,900mm x 600mm Class B1 - 2 Cell,1,m,-12.8730,0.8830,0.0625,0.0574,TfNSW Engineering Carbon and Cost Library (ECCL) Level 5 Road Benchmarks Version 1.00
Australia,Surface and Underground Drainage,Class B1 - 5 Cell,900mm x 600mm Class B1 - 5 Cell,1,m,-16.2862,2.0720,0.1429,0.1151,TfNSW Engineering Carbon and Cost Library (ECCL) Level 5 Road Benchmarks Version 1.00
Australia,Surface and Underground Drainage,Class B1 - 2 Cell,1050mm x 225mm Class B1 - 2 Cell,1,m,-10.8090,1.0307,0.0732,0.0529,TfNSW Engineering Carbon and Cost Library (ECCL) Level 5 Road Benchmarks Version 1.00
Australia,Surface and Underground Drainage,Class B1 - 1 Cell,1050mm x 300mm Class B1 - 1 Cell,1,m,-9.7065,0.5614,0.0407,0.0332,TfNSW Engineering Carbon and Cost Library (ECCL) Level 5 Road Benchmarks Version 1.00
Australia,Surface and Underground Drainage,Class B1 - 1 Cell,1200mm x 225mm Class B1 - 1 Cell,1,m,-9.7651,0.5954,0.0426,0.0341,TfNSW Engineering Carbon and Cost Library (ECCL) Level 5 Road Benchmarks Version 1.00
Australia,Surface and Underground Drainage,Class B1 - 1 Cell,1200mm x 300mm Class B1 - 1 Cell,1,m,-9.7651,0.6112,0.0442,0.0348,TfNSW Engineering Carbon and Cost Library (ECCL) Level 5 Road Benchmarks Version 1.00
Australia,Surface and Underground Drainage,Class B1 - 2 Cell,1200mm x 300mm Class B1 - 2 Cell,1,m,-10.9263,1.1506,0.0820,0.0572,TfNSW Engineering Carbon and Cost Library (ECCL) Level 5 Road Benchmarks Version 1.00
Australia,Surface and Underground Drainage,Class B1 - 1 Cell,1200mm x 450mm Class B1 - 1 Cell,1,m,-9.7651,0.6429,0.0472,0.0361,TfNSW Engineering Carbon and Cost Library (ECCL) Level 5 Road Benchmarks Version 1.00
Australia,Surface and Underground Drainage,Class B1 - 2 Cell,1200mm x 450mm Class B1 - 2 Cell,1,m,-10.9263,1.2116,0.0872,0.0586,TfNSW Engineering Carbon and Cost Library (ECCL) Level 5 Road Benchmarks Version 1.00
Australia,Surface and Underground Drainage,Class B1 - 3 Cell,1200mm x 450mm Class B1 - 3 Cell,1,m,-12.0875,1.7810,0.1271,0.0786,TfNSW Engineering Carbon and Cost Library (ECCL) Level 5 Road Benchmarks Version 1.00
Australia,Surface and Underground Drainage,Class B1 - 4 Cell,1200mm x 450mm Class B1 - 4 Cell,1,m,-13.2486,2.3498,0.1671,0.1022,TfNSW Engineering Carbon and Cost Library (ECCL) Level 5 Road Benchmarks Version 1.00
Australia,Surface and Underground Drainage,Class B1 - 6 Cell,1200mm x 450mm Class B1 - 6 Cell,1,m,-15.5710,3.4878,0.2470,0.1429,TfNSW Engineering Carbon and Cost Library (ECCL) Level 5 Road Benchmarks Version 1.00
Australia,Surface and Underground Drainage,Class B1 - 1 Cell,1200mm x 600mm Class B1 - 1 Cell,1,m,-9.7651,0.6746,0.0502,0.0375,TfNSW Engineering Carbon and Cost Library (ECCL) Level 5 Road Benchmarks Version 1.00
Australia,Surface and Underground Drainage,Class B1 - 2 Cell,1200mm x 600mm Class B1 - 2 Cell,1,m,-10.9263,1.2726,0.0924,0.0599,TfNSW Engineering Carbon and Cost Library (ECCL) Level 5 Road Benchmarks Version 1.00
Australia,Surface and Underground Drainage,Class B1 - 3 Cell,1200mm x 600mm Class B1 - 3 Cell,1,m,-12.0875,1.8714,0.1345,0.0800,TfNSW Engineering Carbon and Cost Library (ECCL) Level 5 Road Benchmarks Version 1.00
Australia,Surface and Underground Drainage,Class B1 - 6 Cell,1200mm x 675mm Class B1 - 6 Cell,1,m,-15.5710,3.7555,0.2679,0.1449,TfNSW Engineering Carbon and Cost Library (ECCL) Level 5 Road Benchmarks Version 1.00
Australia,Surface and Underground Drainage,Class B1 - 1 Cell,1200mm x 750mm Class B1 - 1 Cell,1,m,-9.7651,0.7063,0.0533,0.0388,TfNSW Engineering Carbon and Cost Library (ECCL) Level 5 Road Benchmarks Version 1.00
Australia,Surface and Underground Drainage,Class B1 - 1 Cell,1200mm x 900mm Class B1 - 1 Cell,1,m,-9.7651,0.7379,0.0563,0.0401,TfNSW Engineering Carbon and Cost Library (ECCL) Level 5 Road Benchmarks Version 1.00
Australia,Surface and Underground Drainage,Class B1 - 2 Cell,1200mm x 900mm Class B1 - 2 Cell,1,m,-10.9263,1.3947,0.1028,0.0626,TfNSW Engineering Carbon and Cost Library (ECCL) Level 5 Road Benchmarks Version 1.00
Australia,Surface and Underground Drainage,Class B1 - 4 Cell,1200mm x 900mm Class B1 - 4 Cell,1,m,-13.2486,2.7090,0.1958,0.1063,TfNSW Engineering Carbon and Cost Library (ECCL) Level 5 Road Benchmarks Version 1.00
Australia,Surface and Underground Drainage,Class B1 - 6 Cell,1200mm x 900mm Class B1 - 6 Cell,1,m,-15.5710,4.0231,0.2888,0.1469,TfNSW Engineering Carbon and Cost Library (ECCL) Level 5 Road Benchmarks Version 1.00
Australia,Surface and Underground Drainage,Class B1 - 1 Cell,1200mm x 1200mm Class B1 - 1 Cell,1,m,-9.7651,0.8013,0.0624,0.0428,TfNSW Engineering Carbon and Cost Library (ECCL) Level 5 Road Benchmarks Version 1.00
Australia,Surface and Underground Drainage,Class B1 - 2 Cell,1200mm x 1200mm Class B1 - 2 Cell,1,m,-10.9263,1.5167,0.1132,0.0653,TfNSW Engineering Carbon and Cost Library (ECCL) Level 5 Road Benchmarks Version 1.00
Australia,Surface and Underground Drainage,Class B1 - 1 Cell,1500mm x 300mm Class B1 - 1 Cell,1,m,-14.2254,0.9320,0.0650,0.0482,TfNSW Engineering Carbon and Cost Library (ECCL) Level 5 Road Benchmarks Version 1.00
Australia,Surface and Underground Drainage,Class B1 - 2 Cell,1500mm x 300mm Class B1 - 2 Cell,1,m,-15.8556,1.7588,0.1205,0.0784,TfNSW Engineering Carbon and Cost Library (ECCL) Level 5 Road Benchmarks Version 1.00
Australia,Surface and Underground Drainage,Class B1 - 1 Cell,1500mm x 375mm Class B1 - 1 Cell,1,m,-14.2254,0.9507,0.0668,0.0491,TfNSW Engineering Carbon and Cost Library (ECCL) Level 5 Road Benchmarks Version 1.00
Australia,Surface and Underground Drainage,Class B1 - 1 Cell,1500mm x 450mm Class B1 - 1 Cell,1,m,-14.2254,0.9693,0.0686,0.0500,TfNSW Engineering Carbon and Cost Library (ECCL) Level 5 Road Benchmarks Version 1.00
Australia,Surface and Underground Drainage,Class B1 - 2 Cell,1500mm x 450mm Class B1 - 2 Cell,1,m,-15.8556,1.8303,0.1267,0.0801,TfNSW Engineering Carbon and Cost Library (ECCL) Level 5 Road Benchmarks Version 1.00
Australia,Surface and Underground Drainage,Class B1 - 1 Cell,1500mm x 600mm Class B1 - 1 Cell,1,m,-14.2254,1.0067,0.0723,0.0517,TfNSW Engineering Carbon and Cost Library (ECCL) Level 5 Road Benchmarks Version 1.00
Australia,Surface and Underground Drainage,Class B1 - 2 Cell,1500mm x 600mm Class B1 - 2 Cell,1,m,-15.8556,1.9019,0.1329,0.0818,TfNSW Engineering Carbon and Cost Library (ECCL) Level 5 Road Benchmarks Version 1.00
Australia,Surface and Underground Drainage,Class B1 - 5 Cell,1500mm x 600mm Class B1 - 5 Cell,1,m,-20.5079,4.5093,0.3108,0.1609,TfNSW Engineering Carbon and Cost Library (ECCL) Level 5 Road Benchmarks Version 1.00
Australia,Surface and Underground Drainage,Class B1 - 2 Cell,1500mm x 750mm Class B1 - 2 Cell,1,m,-15.8556,1.9735,0.1391,0.0835,TfNSW Engineering Carbon and Cost Library (ECCL) Level 5 Road Benchmarks Version 1.00
Australia,Surface and Underground Drainage,Class B1 - 1 Cell,1500mm x 900mm Class B1 - 1 Cell,1,m,-14.2254,1.0813,0.0797,0.0551,TfNSW Engineering Carbon and Cost Library (ECCL) Level 5 Road Benchmarks Version 1.00
Australia,Surface and Underground Drainage,Class B1 - 2 Cell,1500mm x 900mm Class B1 - 2 Cell,1,m,-15.8556,2.0451,0.1453,0.0852,TfNSW Engineering Carbon and Cost Library (ECCL) Level 5 Road Benchmarks Version 1.00
Australia,Surface and Underground Drainage,Class B1 - 6 Cell,1500mm x 900mm Class B1 - 6 Cell,1,m,-22.1382,5.8217,0.4041,0.1945,TfNSW Engineering Carbon and Cost Library (ECCL) Level 5 Road Benchmarks Version 1.00
Australia,Surface and Underground Drainage,Class B1 - 1 Cell,1500mm x 1200mm Class B1 - 1 Cell,1,m,-14.2254,1.1559,0.0871,0.0585,TfNSW Engineering Carbon and Cost Library (ECCL) Level 5 Road Benchmarks Version 1.00
Australia,Surface and Underground Drainage,Class B1 - 2 Cell,1500mm x 1200mm Class B1 - 2 Cell,1,m,-15.8556,2.1882,0.1578,0.0887,TfNSW Engineering Carbon and Cost Library (ECCL) Level 5 Road Benchmarks Version 1.00
Australia,Surface and Underground Drainage,Class B1 - 3 Cell,1500mm x 1200mm Class B1 - 3 Cell,1,m,-17.3647,3.1813,0.2266,0.1132,TfNSW Engineering Carbon and Cost Library (ECCL) Level 5 Road Benchmarks Version 1.00
Australia,Surface and Underground Drainage,Class B1 - 4 Cell,1500mm x 1500mm Class B1 - 4 Cell,1,m,-18.9988,4.4937,0.3199,0.1467,TfNSW Engineering Carbon and Cost Library (ECCL) Level 5 Road Benchmarks Version 1.00
Australia,Surface and Underground Drainage,Class B1 - 1 Cell,1800mm x 300mm Class B1 - 1 Cell,1,m,-14.4013,1.0553,0.0719,0.0501,TfNSW Engineering Carbon and Cost Library (ECCL) Level 5 Road Benchmarks Version 1.00
Australia,Surface and Underground Drainage,Class B1 - 1 Cell,1800mm x 450mm Class B1 - 1 Cell,1,m,-14.4013,1.0919,0.0753,0.0514,TfNSW Engineering Carbon and Cost Library (ECCL) Level 5 Road Benchmarks Version 1.00
Australia,Surface and Underground Drainage,Class B1 - 8 Cell,1800mm x 450mm Class B1 - 8 Cell,1,m,-26.6886,7.8915,0.5346,0.2736,TfNSW Engineering Carbon and Cost Library (ECCL) Level 5 Road Benchmarks Version 1.00
Australia,Surface and Underground Drainage,Class B1 - 12 Cell,1800mm x 450mm Class B1 - 12 Cell,1,m,-33.6748,11.7656,0.7964,0.4020,TfNSW Engineering Carbon and Cost Library (ECCL) Level 5 Road Benchmarks Version 1.00
Australia,Surface and Underground Drainage,Class B1 - 1 Cell,1800mm x 600mm Class B1 - 1 Cell,1,m,-14.4013,1.1285,0.0787,0.0527,TfNSW Engineering Carbon and Cost Library (ECCL) Level 5 Road Benchmarks Version 1.00
Australia,Surface and Underground Drainage,Class B1 - 5 Cell,1800mm x 600mm Class B1 - 5 Cell,1,m,-21.3874,5.1397,0.3507,0.1811,TfNSW Engineering Carbon and Cost Library (ECCL) Level 5 Road Benchmarks Version 1.00
Australia,Surface and Underground Drainage,Class B1 - 8 Cell,1800mm x 600mm Class B1 - 8 Cell,1,m,-26.6886,8.1678,0.5557,0.2749,TfNSW Engineering Carbon and Cost Library (ECCL) Level 5 Road Benchmarks Version 1.00
Australia,Surface and Underground Drainage,Class B1 - 1 Cell,1800mm x 750mm Class B1 - 1 Cell,1,m,-14.4013,1.1650,0.0821,0.0540,TfNSW Engineering Carbon and Cost Library (ECCL) Level 5 Road Benchmarks Version 1.00
Australia,Surface and Underground Drainage,Class B1 - 2 Cell,1800mm x 750mm Class B1 - 2 Cell,1,m,-16.2074,2.2217,0.1536,0.0882,TfNSW Engineering Carbon and Cost Library (ECCL) Level 5 Road Benchmarks Version 1.00
Australia,Surface and Underground Drainage,Class B1 - 3 Cell,1800mm x 750mm Class B1 - 3 Cell,1,m,-17.8924,3.2392,0.2232,0.1167,TfNSW Engineering Carbon and Cost Library (ECCL) Level 5 Road Benchmarks Version 1.00
Australia,Surface and Underground Drainage,Class B1 - 1 Cell,1800mm x 900mm Class B1 - 1 Cell,1,m,-14.4013,1.2016,0.0855,0.0553,TfNSW Engineering Carbon and Cost Library (ECCL) Level 5 Road Benchmarks Version 1.00
Australia,Surface and Underground Drainage,Class B1 - 2 Cell,1800mm x 900mm Class B1 - 2 Cell,1,m,-16.2074,2.2925,0.1595,0.0895,TfNSW Engineering Carbon and Cost Library (ECCL) Level 5 Road Benchmarks Version 1.00
Australia,Surface and Underground Drainage,Class B1 - 3 Cell,1800mm x 900mm Class B1 - 3 Cell,1,m,-17.8924,3.3442,0.2317,0.1180,TfNSW Engineering Carbon and Cost Library (ECCL) Level 5 Road Benchmarks Version 1.00
Australia,Surface and Underground Drainage,Class B1 - 4 Cell,1800mm x 900mm Class B1 - 4 Cell,1,m,-19.7025,4.4351,0.3057,0.1521,TfNSW Engineering Carbon and Cost Library (ECCL) Level 5 Road Benchmarks Version 1.00
Australia,Surface and Underground Drainage,Class B1 - 12 Cell,1800mm x 900mm Class B1 - 12 Cell,1,m,-33.6748,13.0055,0.8904,0.4058,TfNSW Engineering Carbon and Cost Library (ECCL) Level 5 Road Benchmarks Version 1.00
Australia,Surface and Underground Drainage,Class B1 - 1 Cell,1800mm x 1200mm Class B1 - 1 Cell,1,m,-14.4013,1.2747,0.0923,0.0579,TfNSW Engineering Carbon and Cost Library (ECCL) Level 5 Road Benchmarks Version 1.00
Australia,Surface and Underground Drainage,Class B1 - 2 Cell,1800mm x 1200mm Class B1 - 2 Cell,1,m,-16.2074,2.4341,0.1714,0.0920,TfNSW Engineering Carbon and Cost Library (ECCL) Level 5 Road Benchmarks Version 1.00
Australia,Surface and Underground Drainage,Class B1 - 4 Cell,1800mm x 1200mm Class B1 - 4 Cell,1,m,-19.7025,4.7138,0.3277,0.1547,TfNSW Engineering Carbon and Cost Library (ECCL) Level 5 Road Benchmarks Version 1.00
Australia,Surface and Underground Drainage,Class B1 - 1 Cell,1800mm x 1500mm Class B1 - 1 Cell,1,m,-14.4013,1.3478,0.0991,0.0605,TfNSW Engineering Carbon and Cost Library (ECCL) Level 5 Road Benchmarks Version 1.00
Australia,Surface and Underground Drainage,Class B1 - 2 Cell,1800mm x 1500mm Class B1 - 2 Cell,1,m,-16.2074,2.5757,0.1833,0.0946,TfNSW Engineering Carbon and Cost Library (ECCL) Level 5 Road Benchmarks Version 1.00
Australia,Surface and Underground Drainage,Class B1 - 5 Cell,1800mm x 1500mm Class B1 - 5 Cell,1,m,-21.3874,6.1810,0.4320,0.1888,TfNSW Engineering Carbon and Cost Library (ECCL) Level 5 Road Benchmarks Version 1.00
Australia,Surface and Underground Drainage,Class B1 - 1 Cell,1800mm x 1800mm Class B1 - 1 Cell,1,m,-14.4013,1.4324,0.1102,0.0694,TfNSW Engineering Carbon and Cost Library (ECCL) Level 5 Road Benchmarks Version 1.00
Australia,Surface and Underground Drainage,Class B1 - 3 Cell,1800mm x 1800mm Class B1 - 3 Cell,1,m,-17.8924,3.9860,0.2868,0.1321,TfNSW Engineering Carbon and Cost Library (ECCL) Level 5 Road Benchmarks Version 1.00
Australia,Surface and Underground Drainage,Class B1 - 1 Cell,1840mm x 625mm Class B1 - 1 Cell,1,m,-14.4208,1.1515,0.0804,0.0535,TfNSW Engineering Carbon and Cost Library (ECCL) Level 5 Road Benchmarks Version 1.00
Australia,Surface and Underground Drainage,Class B1 - 1 Cell,2100mm x 450mm Class B1 - 1 Cell,1,m,-14.5772,1.3313,0.0934,0.0580,TfNSW Engineering Carbon and Cost Library (ECCL) Level 5 Road Benchmarks Version 1.00
Australia,Surface and Underground Drainage,Class B1 - 2 Cell,2100mm x 450mm Class B1 - 2 Cell,1,m,-16.5592,2.5542,0.1762,0.0962,TfNSW Engineering Carbon and Cost Library (ECCL) Level 5 Road Benchmarks Version 1.00
Australia,Surface and Underground Drainage,Class B1 - 1 Cell,2100mm x 600mm Class B1 - 1 Cell,1,m,-14.5772,1.3735,0.0974,0.0597,TfNSW Engineering Carbon and Cost Library (ECCL) Level 5 Road Benchmarks Version 1.00
Australia,Surface and Underground Drainage,Class B1 - 2 Cell,2100mm x 600mm Class B1 - 2 Cell,1,m,-16.5592,2.6355,0.1831,0.0979,TfNSW Engineering Carbon and Cost Library (ECCL) Level 5 Road Benchmarks Version 1.00
Australia,Surface and Underground Drainage,Class B1 - 1 Cell,2100mm x 750mm Class B1 - 1 Cell,1,m,-14.5772,1.4157,0.1015,0.0614,TfNSW Engineering Carbon and Cost Library (ECCL) Level 5 Road Benchmarks Version 1.00
Australia,Surface and Underground Drainage,Class B1 - 1 Cell,2100mm x 900mm Class B1 - 1 Cell,1,m,-14.5772,1.4579,0.1055,0.0632,TfNSW Engineering Carbon and Cost Library (ECCL) Level 5 Road Benchmarks Version 1.00
Australia,Surface and Underground Drainage,Class B1 - 2 Cell,2100mm x 900mm Class B1 - 2 Cell,1,m,-16.5592,2.7982,0.1970,0.1013,TfNSW Engineering Carbon and Cost Library (ECCL) Level 5 Road Benchmarks Version 1.00
Australia,Surface and Underground Drainage,Class B1 - 3 Cell,2100mm x 900mm Class B1 - 3 Cell,1,m,-18.4201,4.0994,0.2866,0.1369,TfNSW Engineering Carbon and Cost Library (ECCL) Level 5 Road Benchmarks Version 1.00
Australia,Surface and Underground Drainage,Class B1 - 1 Cell,2100mm x 1200mm Class B1 - 1 Cell,1,m,-14.5772,1.5423,0.1136,0.0666,TfNSW Engineering Carbon and Cost Library (ECCL) Level 5 Road Benchmarks Version 1.00
Australia,Surface and Underground Drainage,Class B1 - 10 Cell,2100mm x 1200mm Class B1 - 10 Cell,1,m,-31.9389,14.1533,0.9815,0.3937,TfNSW Engineering Carbon and Cost Library (ECCL) Level 5 Road Benchmarks Version 1.00
Australia,Surface and Underground Drainage,Class B1 - 24 Cell,2100mm x 1200mm Class B1 - 24 Cell,1,m,-58.8552,33.7398,2.3301,0.8948,TfNSW Engineering Carbon and Cost Library (ECCL) Level 5 Road Benchmarks Version 1.00
Australia,Surface and Underground Drainage,Class B1 - 57 Cell,2100mm x 1200mm Class B1 - 57 Cell,1,m,-122.2345,79.8884,5.5079,2.0800,TfNSW Engineering Carbon and Cost Library (ECCL) Level 5 Road Benchmarks Version 1.00
Australia,Surface and Underground Drainage,Class B1 - 1 Cell,2100mm x 1500mm Class B1 - 1 Cell,1,m,-14.5772,1.6268,0.1217,0.0700,TfNSW Engineering Carbon and Cost Library (ECCL) Level 5 Road Benchmarks Version 1.00
Australia,Surface and Underground Drainage,Class B1 - 1 Cell,2100mm x 1800mm Class B1 - 1 Cell,1,m,-14.5772,1.7112,0.1298,0.0735,TfNSW Engineering Carbon and Cost Library (ECCL) Level 5 Road Benchmarks Version 1.00
Australia,Surface and Underground Drainage,Class B1 - 1 Cell,2100mm x 2100mm Class B1 - 1 Cell,1,m,-14.5772,1.7956,0.1379,0.0769,TfNSW Engineering Carbon and Cost Library (ECCL) Level 5 Road Benchmarks Version 1.00
Australia,Surface and Underground Drainage,Class B1 - 1 Cell,2400mm x 450mm Class B1 - 1 Cell,1,m,-14.7687,1.4742,0.1028,0.0624,TfNSW Engineering Carbon and Cost Library (ECCL) Level 5 Road Benchmarks Version 1.00
Australia,Surface and Underground Drainage,Class B1 - 2 Cell,2400mm x 450mm Class B1 - 2 Cell,1,m,-16.9462,2.8400,0.1951,0.1051,TfNSW Engineering Carbon and Cost Library (ECCL) Level 5 Road Benchmarks Version 1.00
Australia,Surface and Underground Drainage,Class B1 - 1 Cell,2400mm x 600mm Class B1 - 1 Cell,1,m,-14.7687,1.5164,0.1069,0.0642,TfNSW Engineering Carbon and Cost Library (ECCL) Level 5 Road Benchmarks Version 1.00
Australia,Surface and Underground Drainage,Class B1 - 2 Cell,2400mm x 600mm Class B1 - 2 Cell,1,m,-16.9462,2.9213,0.2020,0.1068,TfNSW Engineering Carbon and Cost Library (ECCL) Level 5 Road Benchmarks Version 1.00
Australia,Surface and Underground Drainage,Class B1 - 6 Cell,2400mm x 750mm Class B1 - 6 Cell,1,m,-25.3748,8.6888,0.5966,0.2699,TfNSW Engineering Carbon and Cost Library (ECCL) Level 5 Road Benchmarks Version 1.00
Australia,Surface and Underground Drainage,Class B1 - 1 Cell,2400mm x 900mm Class B1 - 1 Cell,1,m,-14.7687,1.6008,0.1150,0.0676,TfNSW Engineering Carbon and Cost Library (ECCL) Level 5 Road Benchmarks Version 1.00
Australia,Surface and Underground Drainage,Class B1 - 2 Cell,2400mm x 900mm Class B1 - 2 Cell,1,m,-16.9462,3.0840,0.2159,0.1102,TfNSW Engineering Carbon and Cost Library (ECCL) Level 5 Road Benchmarks Version 1.00
Australia,Surface and Underground Drainage,Class B1 - 3 Cell,2400mm x 900mm Class B1 - 3 Cell,1,m,-18.9830,4.5221,0.3146,0.1498,TfNSW Engineering Carbon and Cost Library (ECCL) Level 5 Road Benchmarks Version 1.00
Australia,Surface and Underground Drainage,Class B1 - 5 Cell,2400mm x 900mm Class B1 - 5 Cell,1,m,-23.1973,7.4435,0.5142,0.2320,TfNSW Engineering Carbon and Cost Library (ECCL) Level 5 Road Benchmarks Version 1.00
Australia,Surface and Underground Drainage,Class B1 - 1 Cell,2400mm x 1200mm Class B1 - 1 Cell,1,m,-14.7687,1.6852,0.1231,0.0710,TfNSW Engineering Carbon and Cost Library (ECCL) Level 5 Road Benchmarks Version 1.00
Australia,Surface and Underground Drainage,Class B1 - 2 Cell,2400mm x 1200mm Class B1 - 2 Cell,1,m,-16.9462,3.2467,0.2298,0.1137,TfNSW Engineering Carbon and Cost Library (ECCL) Level 5 Road Benchmarks Version 1.00
Australia,Surface and Underground Drainage,Class B1 - 3 Cell,2400mm x 1200mm Class B1 - 3 Cell,1,m,-18.9830,4.7631,0.3343,0.1532,TfNSW Engineering Carbon and Cost Library (ECCL) Level 5 Road Benchmarks Version 1.00
Australia,Surface and Underground Drainage,Class B1 - 7 Cell,2400mm x 1200mm Class B1 - 7 Cell,1,m,-27.4116,10.9191,0.7568,0.3146,TfNSW Engineering Carbon and Cost Library (ECCL) Level 5 Road Benchmarks Version 1.00
Australia,Surface and Underground Drainage,Class B1 - 1 Cell,2400mm x 1500mm Class B1 - 1 Cell,1,m,-14.7687,1.7697,0.1312,0.0745,TfNSW Engineering Carbon and Cost Library (ECCL) Level 5 Road Benchmarks Version 1.00
Australia,Surface and Underground Drainage,Class B1 - 2 Cell,2400mm x 1500mm Class B1 - 2 Cell,1,m,-16.9462,3.4095,0.2437,0.1171,TfNSW Engineering Carbon and Cost Library (ECCL) Level 5 Road Benchmarks Version 1.00
Australia,Surface and Underground Drainage,Class B1 - 3 Cell,2400mm x 1500mm Class B1 - 3 Cell,1,m,-18.9830,5.0041,0.3540,0.1567,TfNSW Engineering Carbon and Cost Library (ECCL) Level 5 Road Benchmarks Version 1.00
Australia,Surface and Underground Drainage,Class B1 - 5 Cell,2400mm x 1500mm Class B1 - 5 Cell,1,m,-23.1973,8.2386,0.5768,0.2389,TfNSW Engineering Carbon and Cost Library (ECCL) Level 5 Road Benchmarks Version 1.00
Australia,Surface and Underground Drainage,Class B1 - 8 Cell,2400mm x 1500mm Class B1 - 8 Cell,1,m,-29.5892,13.1130,0.9122,0.3607,TfNSW Engineering Carbon and Cost Library (ECCL) Level 5 Road Benchmarks Version 1.00
Australia,Surface and Underground Drainage,Class B1 - 1 Cell,2400mm x 1800mm Class B1 - 1 Cell,1,m,-14.7687,1.8541,0.1393,0.0779,TfNSW Engineering Carbon and Cost Library (ECCL) Level 5 Road Benchmarks Version 1.00
Australia,Surface and Underground Drainage,Class B1 - 1 Cell,2400mm  x 2100mm Class B1 - 1 Cell,1,m,-14.8039,1.9892,0.1625,0.0832,TfNSW Engineering Carbon and Cost Library (ECCL) Level 5 Road Benchmarks Version 1.00
Australia,Surface and Underground Drainage,Class B1 - 1 Cell,2400mm x 2400mm Class B1 - 1 Cell,1,m,-14.8039,2.0782,0.1723,0.0866,TfNSW Engineering Carbon and Cost Library (ECCL) Level 5 Road Benchmarks Version 1.00
Australia,Surface and Underground Drainage,Class B1 - 2 Cell,2400mm x 2400mm Class B1 - 2 Cell,1,m,-17.0166,3.9647,0.3029,0.1314,TfNSW Engineering Carbon and Cost Library (ECCL) Level 5 Road Benchmarks Version 1.00
Australia,Surface and Underground Drainage,Class B1 - 3 Cell,2400mm x 2400mm Class B1 - 3 Cell,1,m,-19.0534,5.7944,0.4307,0.1724,TfNSW Engineering Carbon and Cost Library (ECCL) Level 5 Road Benchmarks Version 1.00
Australia,Surface and Underground Drainage,Class B1 - 6 Cell,2400mm x 2400mm Class B1 - 6 Cell,1,m,-25.5156,11.3971,0.8196,0.2999,TfNSW Engineering Carbon and Cost Library (ECCL) Level 5 Road Benchmarks Version 1.00
Australia,Surface and Underground Drainage,Class B1 - 1 Cell,2450mm x 1200mm Class B1 - 1 Cell,1,m,-14.8000,1.7081,0.1246,0.0717,TfNSW Engineering Carbon and Cost Library (ECCL) Level 5 Road Benchmarks Version 1.00
Australia,Surface and Underground Drainage,Class B1 - 1 Cell,2700mm x 600mm Class B1 - 1 Cell,1,m,-14.9446,1.7940,0.1280,0.0634,TfNSW Engineering Carbon and Cost Library (ECCL) Level 5 Road Benchmarks Version 1.00
Australia,Surface and Underground Drainage,Class B1 - 2 Cell,2700mm x 600mm Class B1 - 2 Cell,1,m,-17.2980,3.4712,0.2423,0.1087,TfNSW Engineering Carbon and Cost Library (ECCL) Level 5 Road Benchmarks Version 1.00
Australia,Surface and Underground Drainage,Class B1 - 4 Cell,2700mm x 600mm Class B1 - 4 Cell,1,m,-21.8642,6.7806,0.4685,0.1965,TfNSW Engineering Carbon and Cost Library (ECCL) Level 5 Road Benchmarks Version 1.00
Australia,Surface and Underground Drainage,Class B1 - 2 Cell,2700mm x 750mm Class B1 - 2 Cell,1,m,-17.2980,3.5631,0.2502,0.1099,TfNSW Engineering Carbon and Cost Library (ECCL) Level 5 Road Benchmarks Version 1.00
Australia,Surface and Underground Drainage,Class B1 - 1 Cell,2700mm x 900mm Class B1 - 1 Cell,1,m,-14.9446,1.8897,0.1374,0.0658,TfNSW Engineering Carbon and Cost Library (ECCL) Level 5 Road Benchmarks Version 1.00
Australia,Surface and Underground Drainage,Class B1 - 2 Cell,2700mm x 900mm Class B1 - 2 Cell,1,m,-17.2980,3.6550,0.2582,0.1111,TfNSW Engineering Carbon and Cost Library (ECCL) Level 5 Road Benchmarks Version 1.00
Australia,Surface and Underground Drainage,Class B1 - 4 Cell,2700mm x 900mm Class B1 - 4 Cell,1,m,-21.8642,7.1405,0.4975,0.1989,TfNSW Engineering Carbon and Cost Library (ECCL) Level 5 Road Benchmarks Version 1.00
Australia,Surface and Underground Drainage,Class B1 - 8 Cell,2700mm x 900mm Class B1 - 8 Cell,1,m,-30.9964,14.1115,0.9762,0.3744,TfNSW Engineering Carbon and Cost Library (ECCL) Level 5 Road Benchmarks Version 1.00
Australia,Surface and Underground Drainage,Class B1 - 1 Cell,2700mm x 1200mm Class B1 - 1 Cell,1,m,-14.9446,1.9855,0.1467,0.0682,TfNSW Engineering Carbon and Cost Library (ECCL) Level 5 Road Benchmarks Version 1.00
Australia,Surface and Underground Drainage,Class B1 - 2 Cell,2700mm x 1200mm Class B1 - 2 Cell,1,m,-17.2980,3.8388,0.2741,0.1135,TfNSW Engineering Carbon and Cost Library (ECCL) Level 5 Road Benchmarks Version 1.00
Australia,Surface and Underground Drainage,Class B1 - 4 Cell,2700mm x 1200mm Class B1 - 4 Cell,1,m,-21.8642,7.5005,0.5265,0.2012,TfNSW Engineering Carbon and Cost Library (ECCL) Level 5 Road Benchmarks Version 1.00
Australia,Surface and Underground Drainage,Class B1 - 1 Cell,2700mm x 1500mm Class B1 - 1 Cell,1,m,-14.9446,2.0812,0.1561,0.0706,TfNSW Engineering Carbon and Cost Library (ECCL) Level 5 Road Benchmarks Version 1.00
Australia,Surface and Underground Drainage,Class B1 - 2 Cell,2700mm x 1500mm Class B1 - 2 Cell,1,m,-17.2980,4.0226,0.2900,0.1159,TfNSW Engineering Carbon and Cost Library (ECCL) Level 5 Road Benchmarks Version 1.00
Australia,Surface and Underground Drainage,Class B1 - 5 Cell,2700mm  x 1500mm Class B1 - 5 Cell,1,m,-24.0769,9.7567,0.6870,0.2460,TfNSW Engineering Carbon and Cost Library (ECCL) Level 5 Road Benchmarks Version 1.00
Australia,Surface and Underground Drainage,Class B1 - 1 Cell,2700mm x 1800mm Class B1 - 1 Cell,1,m,-14.9446,2.1769,0.1655,0.0749,TfNSW Engineering Carbon and Cost Library (ECCL) Level 5 Road Benchmarks Version 1.00
Australia,Surface and Underground Drainage,Class B1 - 1 Cell,2700mm x 2100mm Class B1 - 1 Cell,1,m,-14.9446,2.2727,0.1749,0.0773,TfNSW Engineering Carbon and Cost Library (ECCL) Level 5 Road Benchmarks Version 1.00
Australia,Surface and Underground Drainage,Class B1 - 2 Cell,2700mm x 2100mm Class B1 - 2 Cell,1,m,-17.2980,4.3902,0.3218,0.1239,TfNSW Engineering Carbon and Cost Library (ECCL) Level 5 Road Benchmarks Version 1.00
Australia,Surface and Underground Drainage,Class B1 - 1 Cell,2700mm x 2400mm Class B1 - 1 Cell,1,m,-14.9798,2.4092,0.1958,0.0936,TfNSW Engineering Carbon and Cost Library (ECCL) Level 5 Road Benchmarks Version 1.00
Australia,Surface and Underground Drainage,Class B1 - 2 Cell,2700mm x 2400mm Class B1 - 2 Cell,1,m,-17.3684,4.6267,0.3499,0.1394,TfNSW Engineering Carbon and Cost Library (ECCL) Level 5 Road Benchmarks Version 1.00
Australia,Surface and Underground Drainage,Class B1 - 3 Cell,2700mm x 2400mm Class B1 - 3 Cell,1,m,-19.5811,6.7874,0.5011,0.1844,TfNSW Engineering Carbon and Cost Library (ECCL) Level 5 Road Benchmarks Version 1.00
Australia,Surface and Underground Drainage,Class B1 - 4 Cell,2700mm x 2400mm Class B1 - 4 Cell,1,m,-21.9697,9.0049,0.6552,0.2333,TfNSW Engineering Carbon and Cost Library (ECCL) Level 5 Road Benchmarks Version 1.00
Australia,Surface and Underground Drainage,Class B1 - 5 Cell,2700mm x 2400mm Class B1 - 5 Cell,1,m,-24.1824,11.1655,0.8064,0.2783,TfNSW Engineering Carbon and Cost Library (ECCL) Level 5 Road Benchmarks Version 1.00
Australia,Surface and Underground Drainage,Class B1 - 2 Cell,2700mm x 2700mm Class B1 - 2 Cell,1,m,-17.3684,4.8135,0.3669,0.1462,TfNSW Engineering Carbon and Cost Library (ECCL) Level 5 Road Benchmarks Version 1.00
Australia,Surface and Underground Drainage,Class B1 - 3 Cell,2700mm x 2700mm Class B1 - 3 Cell,1,m,-19.5811,7.0623,0.5247,0.1927,TfNSW Engineering Carbon and Cost Library (ECCL) Level 5 Road Benchmarks Version 1.00
Australia,Surface and Underground Drainage,Class B1 - 1 Cell,2800mm x 900mm Class B1 - 1 Cell,1,m,-15.0384,1.9643,0.1465,0.0764,TfNSW Engineering Carbon and Cost Library (ECCL) Level 5 Road Benchmarks Version 1.00
Australia,Surface and Underground Drainage,Class B1 - 1 Cell,3000mm x 0450mm Class B1 - 1 Cell,1,m,-15.1557,1.9139,0.1373,0.0741,TfNSW Engineering Carbon and Cost Library (ECCL) Level 5 Road Benchmarks Version 1.00
Australia,Surface and Underground Drainage,Class B1 - 1 Cell,3000mm x 0600mm Class B1 - 1 Cell,1,m,-15.1557,1.9633,0.1425,0.0757,TfNSW Engineering Carbon and Cost Library (ECCL) Level 5 Road Benchmarks Version 1.00
Australia,Surface and Underground Drainage,Class B1 - 4 Cell,3000mm x 0600mm Class B1 - 4 Cell,1,m,-22.6733,7.4139,0.5140,0.2264,TfNSW Engineering Carbon and Cost Library (ECCL) Level 5 Road Benchmarks Version 1.00
Australia,Surface and Underground Drainage,Class B1 - 1 Cell,3000mm x 0750mm Class B1 - 1 Cell,1,m,-15.1557,2.0127,0.1478,0.0774,TfNSW Engineering Carbon and Cost Library (ECCL) Level 5 Road Benchmarks Version 1.00
Australia,Surface and Underground Drainage,Class B1 - 1 Cell,3000mm x 0900mm Class B1 - 1 Cell,1,m,-15.1557,2.0621,0.1530,0.0791,TfNSW Engineering Carbon and Cost Library (ECCL) Level 5 Road Benchmarks Version 1.00
Australia,Surface and Underground Drainage,Class B1 - 2 Cell,3000mm x 0900mm Class B1 - 2 Cell,1,m,-17.7202,3.9860,0.2844,0.1306,TfNSW Engineering Carbon and Cost Library (ECCL) Level 5 Road Benchmarks Version 1.00
Australia,Surface and Underground Drainage,Class B1 - 4 Cell,3000mm x 0900mm Class B1 - 4 Cell,1,m,-22.6733,7.7768,0.5441,0.2297,TfNSW Engineering Carbon and Cost Library (ECCL) Level 5 Road Benchmarks Version 1.00
Australia,Surface and Underground Drainage,Class B1 - 1 Cell,3000mm x 1200mm Class B1 - 1 Cell,1,m,-15.1557,2.1608,0.1636,0.0824,TfNSW Engineering Carbon and Cost Library (ECCL) Level 5 Road Benchmarks Version 1.00
Australia,Surface and Underground Drainage,Class B1 - 2 Cell,3000mm x 1200mm Class B1 - 2 Cell,1,m,-17.7202,4.1728,0.3014,0.1339,TfNSW Engineering Carbon and Cost Library (ECCL) Level 5 Road Benchmarks Version 1.00
Australia,Surface and Underground Drainage,Class B1 - 3 Cell,3000mm x 1200mm Class B1 - 3 Cell,1,m,-20.1088,6.1279,0.4363,0.1816,TfNSW Engineering Carbon and Cost Library (ECCL) Level 5 Road Benchmarks Version 1.00
Australia,Surface and Underground Drainage,Class B1 - 4 Cell,3000mm x 1200mm Class B1 - 4 Cell,1,m,-22.6733,8.1398,0.5742,0.2330,TfNSW Engineering Carbon and Cost Library (ECCL) Level 5 Road Benchmarks Version 1.00
Australia,Surface and Underground Drainage,Class B1 - 5 Cell,3000mm x 1200mm Class B1 - 5 Cell,1,m,-25.0619,10.0950,0.7091,0.2807,TfNSW Engineering Carbon and Cost Library (ECCL) Level 5 Road Benchmarks Version 1.00
Australia,Surface and Underground Drainage,Class B1 - 1 Cell,3000mm x 1500mm Class B1 - 1 Cell,1,m,-15.1557,2.2596,0.1741,0.0876,TfNSW Engineering Carbon and Cost Library (ECCL) Level 5 Road Benchmarks Version 1.00
Australia,Surface and Underground Drainage,Class B1 - 2 Cell,3000mm x 1500mm Class B1 - 2 Cell,1,m,-17.7202,4.3596,0.3185,0.1405,TfNSW Engineering Carbon and Cost Library (ECCL) Level 5 Road Benchmarks Version 1.00
Australia,Surface and Underground Drainage,Class B1 - 3 Cell,3000mm x 1500mm Class B1 - 3 Cell,1,m,-20.1088,6.4028,0.4599,0.1895,TfNSW Engineering Carbon and Cost Library (ECCL) Level 5 Road Benchmarks Version 1.00
Australia,Surface and Underground Drainage,Class B1 - 4 Cell,3000mm x 1500mm Class B1 - 4 Cell,1,m,-22.6733,8.5028,0.6043,0.2424,TfNSW Engineering Carbon and Cost Library (ECCL) Level 5 Road Benchmarks Version 1.00
Australia,Surface and Underground Drainage,Class B1 - 1 Cell,3000mm x 1800mm Class B1 - 1 Cell,1,m,-15.1557,2.3584,0.1846,0.0910,TfNSW Engineering Carbon and Cost Library (ECCL) Level 5 Road Benchmarks Version 1.00
Australia,Surface and Underground Drainage,Class B1 - 1 Cell,3000mm x 2400mm Class B1 - 1 Cell,1,m,-15.1557,2.5559,0.2056,0.0976,TfNSW Engineering Carbon and Cost Library (ECCL) Level 5 Road Benchmarks Version 1.00
Australia,Surface and Underground Drainage,Class B1 - 2 Cell,3000mm x 2400mm Class B1 - 2 Cell,1,m,-17.7202,4.9201,0.3696,0.1505,TfNSW Engineering Carbon and Cost Library (ECCL) Level 5 Road Benchmarks Version 1.00
Australia,Surface and Underground Drainage,Class B1 - 3 Cell,3000mm  x 2400mm Class B1 - 3 Cell,1,m,-20.1088,7.2275,0.5306,0.1995,TfNSW Engineering Carbon and Cost Library (ECCL) Level 5 Road Benchmarks Version 1.00
Australia,Surface and Underground Drainage,Class B1 - 4 Cell,3000mm x 2400mm Class B1 - 4 Cell,1,m,-22.6733,9.5917,0.6945,0.2524,TfNSW Engineering Carbon and Cost Library (ECCL) Level 5 Road Benchmarks Version 1.00
Australia,Surface and Underground Drainage,Class B1 - 5 Cell,3000mm x 2400mm Class B1 - 5 Cell,1,m,-25.0619,11.8991,0.8556,0.3014,TfNSW Engineering Carbon and Cost Library (ECCL) Level 5 Road Benchmarks Version 1.00
Australia,Surface and Underground Drainage,Class B1 - 1 Cell,3000mm x 2700mm Class B1 - 1 Cell,1,m,-15.1557,2.6547,0.2161,0.1030,TfNSW Engineering Carbon and Cost Library (ECCL) Level 5 Road Benchmarks Version 1.00
Australia,Surface and Underground Drainage,Class B1 - 2 Cell,3000mm x 2700mm Class B1 - 2 Cell,1,m,-17.7202,5.1070,0.3866,0.1573,TfNSW Engineering Carbon and Cost Library (ECCL) Level 5 Road Benchmarks Version 1.00
Australia,Surface and Underground Drainage,Class B1 - 1 Cell,3000mm x 3000mm Class B1 - 1 Cell,1,m,-15.1557,2.7534,0.2266,0.1063,TfNSW Engineering Carbon and Cost Library (ECCL) Level 5 Road Benchmarks Version 1.00
Australia,Surface and Underground Drainage,Class B1 - 2 Cell,3000mm x 3000mm Class B1 - 2 Cell,1,m,-17.7202,5.2938,0.4037,0.1607,TfNSW Engineering Carbon and Cost Library (ECCL) Level 5 Road Benchmarks Version 1.00
Australia,Surface and Underground Drainage,Class B1 - 3 Cell,3000mm x 3000mm Class B1 - 3 Cell,1,m,-20.1088,7.7773,0.5778,0.2111,TfNSW Engineering Carbon and Cost Library (ECCL) Level 5 Road Benchmarks Version 1.00
Australia,Surface and Underground Drainage,Class B1 - 4 Cell,3000mm x 3000mm Class B1 - 4 Cell,1,m,-22.6733,10.3176,0.7547,0.2654,TfNSW Engineering Carbon and Cost Library (ECCL) Level 5 Road Benchmarks Version 1.00
Australia,Surface and Underground Drainage,Class B1 - 1 Cell,3100mm x 1800mm Class B1 - 1 Cell,1,m,-15.2143,2.4073,0.1879,0.0923,TfNSW Engineering Carbon and Cost Library (ECCL) Level 5 Road Benchmarks Version 1.00
Australia,Surface and Underground Drainage,Class B1 - 1 Cell,3300mm x 0600mm Class B1 - 1 Cell,1,m,-15.3316,2.1100,0.1524,0.0798,TfNSW Engineering Carbon and Cost Library (ECCL) Level 5 Road Benchmarks Version 1.00
Australia,Surface and Underground Drainage,Class B1 - 3 Cell,3300mm x 0600mm Class B1 - 3 Cell,1,m,-20.6365,6.0182,0.4187,0.1869,TfNSW Engineering Carbon and Cost Library (ECCL) Level 5 Road Benchmarks Version 1.00
Australia,Surface and Underground Drainage,Class B1 - 1 Cell,3300mm x 1200mm Class B1 - 1 Cell,1,m,-15.3316,2.3075,0.1734,0.0883,TfNSW Engineering Carbon and Cost Library (ECCL) Level 5 Road Benchmarks Version 1.00
Australia,Surface and Underground Drainage,Class B1 - 4 Cell,3300mm x 1200mm Class B1 - 4 Cell,1,m,-23.3770,8.7266,0.6135,0.2552,TfNSW Engineering Carbon and Cost Library (ECCL) Level 5 Road Benchmarks Version 1.00
Australia,Surface and Underground Drainage,Class B1 - 6 Cell,3300mm x 1200mm Class B1 - 6 Cell,1,m,-28.6819,12.9872,0.9060,0.3651,TfNSW Engineering Carbon and Cost Library (ECCL) Level 5 Road Benchmarks Version 1.00
Australia,Surface and Underground Drainage,Class B1 - 1 Cell,3300mm x 3000mm Class B1 - 1 Cell,1,m,-15.3316,2.9001,0.2365,0.1103,TfNSW Engineering Carbon and Cost Library (ECCL) Level 5 Road Benchmarks Version 1.00
Australia,Surface and Underground Drainage,Class B1 - 3 Cell,3300mm x 1500mm Class B1 - 3 Cell,1,m,-20.6365,6.8430,0.4894,0.2016,TfNSW Engineering Carbon and Cost Library (ECCL) Level 5 Road Benchmarks Version 1.00
Australia,Surface and Underground Drainage,Class B1 - 1 Cell,3300mm x 1800mm Class B1 - 1 Cell,1,m,-15.3316,2.5051,0.1944,0.0950,TfNSW Engineering Carbon and Cost Library (ECCL) Level 5 Road Benchmarks Version 1.00
Australia,Surface and Underground Drainage,Class B1 - 1 Cell,3300mm x 2400mm Class B1 - 1 Cell,1,m,-15.3316,2.7026,0.2154,0.1037,TfNSW Engineering Carbon and Cost Library (ECCL) Level 5 Road Benchmarks Version 1.00
Australia,Surface and Underground Drainage,Class B1 - 3 Cell,3300mm x 2400mm Class B1 - 3 Cell,1,m,-20.6365,7.6677,0.5601,0.2165,TfNSW Engineering Carbon and Cost Library (ECCL) Level 5 Road Benchmarks Version 1.00
Australia,Surface and Underground Drainage,Class B1 - 1 Cell,3300mm x 3300mm Class B1 - 1 Cell,1,m,-15.3668,3.0109,0.2477,0.1145,TfNSW Engineering Carbon and Cost Library (ECCL) Level 5 Road Benchmarks Version 1.00
Australia,Surface and Underground Drainage,Class B1 - 1 Cell,3348mm x 3004mm Class B1 - 1 Cell,1,m,-15.3668,2.9122,0.2372,0.1112,TfNSW Engineering Carbon and Cost Library (ECCL) Level 5 Road Benchmarks Version 1.00
Australia,Surface and Underground Drainage,Class B1 - 3 Cell,3353mm x 1500mm Class B1 - 3 Cell,1,m,-20.8007,6.9447,0.4961,0.2054,TfNSW Engineering Carbon and Cost Library (ECCL) Level 5 Road Benchmarks Version 1.00
Australia,Surface and Underground Drainage,Class B1 - 2 Cell,3540mm x 3520mm Class B1 - 2 Cell,1,m,-18.4238,7.6387,0.5990,0.2395,TfNSW Engineering Carbon and Cost Library (ECCL) Level 5 Road Benchmarks Version 1.00
Australia,Surface and Underground Drainage,Class B1 - 3 Cell,3600mm x 600mm Class B1 - 3 Cell,1,m,-21.2346,6.9863,0.4870,0.2007,TfNSW Engineering Carbon and Cost Library (ECCL) Level 5 Road Benchmarks Version 1.00
Australia,Surface and Underground Drainage,Class B1 - 4 Cell,3600mm x 600mm Class B1 - 4 Cell,1,m,-24.1861,9.2954,0.6446,0.2610,TfNSW Engineering Carbon and Cost Library (ECCL) Level 5 Road Benchmarks Version 1.00
Australia,Surface and Underground Drainage,Class B1 - 1 Cell,3600mm x 900mm Class B1 - 1 Cell,1,m,-15.5427,2.5453,0.1866,0.0880,TfNSW Engineering Carbon and Cost Library (ECCL) Level 5 Road Benchmarks Version 1.00
Australia,Surface and Underground Drainage,Class B1 - 15 Cell,3600mm x 900mm Class B1 - 15 Cell,1,m,-55.3862,35.7623,2.4695,0.9066,TfNSW Engineering Carbon and Cost Library (ECCL) Level 5 Road Benchmarks Version 1.00
Australia,Surface and Underground Drainage,Class B1 - 1 Cell,3600mm x 1200mm Class B1 - 1 Cell,1,m,-15.5427,2.6539,0.1979,0.0932,TfNSW Engineering Carbon and Cost Library (ECCL) Level 5 Road Benchmarks Version 1.00
Australia,Surface and Underground Drainage,Class B1 - 2 Cell,3600mm x 1200mm Class B1 - 2 Cell,1,m,-18.4942,5.1586,0.3699,0.1549,TfNSW Engineering Carbon and Cost Library (ECCL) Level 5 Road Benchmarks Version 1.00
Australia,Surface and Underground Drainage,Class B1 - 3 Cell,3600mm x 1200mm Class B1 - 3 Cell,1,m,-21.2346,7.5948,0.5385,0.2120,TfNSW Engineering Carbon and Cost Library (ECCL) Level 5 Road Benchmarks Version 1.00
Australia,Surface and Underground Drainage,Class B1 - 6 Cell,3600mm x 1200mm Class B1 - 6 Cell,1,m,-29.8781,15.0405,1.0512,0.3956,TfNSW Engineering Carbon and Cost Library (ECCL) Level 5 Road Benchmarks Version 1.00
Australia,Surface and Underground Drainage,Class B1 - 1 Cell,3600mm x 1500mm Class B1 - 1 Cell,1,m,-15.5427,2.7624,0.2091,0.0965,TfNSW Engineering Carbon and Cost Library (ECCL) Level 5 Road Benchmarks Version 1.00
Australia,Surface and Underground Drainage,Class B1 - 2 Cell,3600mm x 1500mm Class B1 - 2 Cell,1,m,-18.4942,5.3650,0.3884,0.1582,TfNSW Engineering Carbon and Cost Library (ECCL) Level 5 Road Benchmarks Version 1.00
Australia,Surface and Underground Drainage,Class B1 - 3 Cell,3600mm x 1500mm Class B1 - 3 Cell,1,m,-21.2346,7.8990,0.5642,0.2153,TfNSW Engineering Carbon and Cost Library (ECCL) Level 5 Road Benchmarks Version 1.00
Australia,Surface and Underground Drainage,Class B1 - 9 Cell,3600mm x 1500mm Class B1 - 9 Cell,1,m,-38.3104,23.3092,1.6296,0.5749,TfNSW Engineering Carbon and Cost Library (ECCL) Level 5 Road Benchmarks Version 1.00
Australia,Surface and Underground Drainage,Class B1 - 15 Cell,3600mm x 1500mm Class B1 - 15 Cell,1,m,-55.3862,38.7193,2.6950,0.9344,TfNSW Engineering Carbon and Cost Library (ECCL) Level 5 Road Benchmarks Version 1.00
Australia,Surface and Underground Drainage,Class B1 - 2 Cell,3600mm x 1800mm Class B1 - 2 Cell,1,m,-18.4942,5.5714,0.4069,0.1650,TfNSW Engineering Carbon and Cost Library (ECCL) Level 5 Road Benchmarks Version 1.00
Australia,Surface and Underground Drainage,Class B1 - 6 Cell,3600mm x 1800mm Class B1 - 6 Cell,1,m,-29.8781,16.2361,1.1462,0.4115,TfNSW Engineering Carbon and Cost Library (ECCL) Level 5 Road Benchmarks Version 1.00
Australia,Surface and Underground Drainage,Class B1 - 9 Cell,3600mm x 1800mm Class B1 - 9 Cell,1,m,-38.3104,24.2005,1.6989,0.5918,TfNSW Engineering Carbon and Cost Library (ECCL) Level 5 Road Benchmarks Version 1.00
Australia,Surface and Underground Drainage,Class B1 - 1 Cell,3600mm x 2100mm Class B1 - 1 Cell,1,m,-15.5427,2.9795,0.2316,0.1052,TfNSW Engineering Carbon and Cost Library (ECCL) Level 5 Road Benchmarks Version 1.00
Australia,Surface and Underground Drainage,Class B1 - 2 Cell,3600mm x 2100mm Class B1 - 2 Cell,1,m,-18.4942,5.7778,0.4254,0.1684,TfNSW Engineering Carbon and Cost Library (ECCL) Level 5 Road Benchmarks Version 1.00
Australia,Surface and Underground Drainage,Class B1 - 1 Cell,3600mm x 2400mm Class B1 - 1 Cell,1,m,-15.5427,3.0881,0.2428,0.1086,TfNSW Engineering Carbon and Cost Library (ECCL) Level 5 Road Benchmarks Version 1.00
Australia,Surface and Underground Drainage,Class B1 - 7 Cell,3600mm x 2400mm Class B1 - 7 Cell,1,m,-32.6185,20.2595,1.4388,0.4767,TfNSW Engineering Carbon and Cost Library (ECCL) Level 5 Road Benchmarks Version 1.00
Australia,Surface and Underground Drainage,Class B1 - 1 Cell,3600mm x 2700mm Class B1 - 1 Cell,1,m,-15.5427,3.1966,0.2540,0.1119,TfNSW Engineering Carbon and Cost Library (ECCL) Level 5 Road Benchmarks Version 1.00
Australia,Surface and Underground Drainage,Class B1 - 4 Cell,3600mm x 2700mm Class B1 - 4 Cell,1,m,-24.1861,12.1101,0.8755,0.2968,TfNSW Engineering Carbon and Cost Library (ECCL) Level 5 Road Benchmarks Version 1.00
Australia,Surface and Underground Drainage,Class B1 - 1 Cell,3600mm x 3000mm Class B1 - 1 Cell,1,m,-15.5427,3.3052,0.2653,0.1152,TfNSW Engineering Carbon and Cost Library (ECCL) Level 5 Road Benchmarks Version 1.00
Australia,Surface and Underground Drainage,Class B1 - 1 Cell,3600mm x 3600mm Class B1 - 1 Cell,1,m,-15.5427,3.5223,0.2878,0.1219,TfNSW Engineering Carbon and Cost Library (ECCL) Level 5 Road Benchmarks Version 1.00
Australia,Surface and Underground Drainage,Class B1 - 1 Cell,4000mm  x 1500mm Class B1 - 1 Cell,1,m,-15.7772,2.9711,0.2232,0.1039,TfNSW Engineering Carbon and Cost Library (ECCL) Level 5 Road Benchmarks Version 1.00
Australia,Surface and Underground Drainage,Class B1 - 1 Cell,4000mm x 4000mm Class B1 - 1 Cell,1,m,-15.7772,3.8757,0.3168,0.1317,TfNSW Engineering Carbon and Cost Library (ECCL) Level 5 Road Benchmarks Version 1.00
Australia,Surface and Underground Drainage,Class B1 - 4 Cell,4200mm x 0900mm Class B1 - 4 Cell,1,m,-25.5934,10.9494,0.7620,0.3057,TfNSW Engineering Carbon and Cost Library (ECCL) Level 5 Road Benchmarks Version 1.00
Australia,Surface and Underground Drainage,Class B1 - 1 Cell,4200mm x 2700mm Class B1 - 1 Cell,1,m,-15.8945,3.5096,0.2752,0.1199,TfNSW Engineering Carbon and Cost Library (ECCL) Level 5 Road Benchmarks Version 1.00
Australia,Surface and Underground Drainage,Class B1 - 7 Cell,4200mm x 2750mm Class B1 - 7 Cell,1,m,-35.0812,23.2621,1.6504,0.5400,TfNSW Engineering Carbon and Cost Library (ECCL) Level 5 Road Benchmarks Version 1.00
Australia,Surface and Underground Drainage,Class B1 - 2 Cell,4200mm x 3600mm Class B1 - 2 Cell,1,m,-19.1978,7.4358,0.5601,0.2011,TfNSW Engineering Carbon and Cost Library (ECCL) Level 5 Road Benchmarks Version 1.00
Australia,Surface and Underground Drainage,Class B1 - 7 Cell,4200mm x 3650mm Class B1 - 7 Cell,1,m,-35.0812,25.3491,1.8146,0.5500,TfNSW Engineering Carbon and Cost Library (ECCL) Level 5 Road Benchmarks Version 1.00
Australia,Surface and Underground Drainage,Class B1 - 1 Cell,4600mm x 4600mm Class B1 - 1 Cell,1,m,-16.1291,4.4058,0.3604,0.1464,TfNSW Engineering Carbon and Cost Library (ECCL) Level 5 Road Benchmarks Version 1.00
Australia,Surface and Underground Drainage,Class B1 - 1 Cell,4800mm  x 3000mm Class B1 - 1 Cell,1,m,-16.2463,3.9312,0.3075,0.1313,TfNSW Engineering Carbon and Cost Library (ECCL) Level 5 Road Benchmarks Version 1.00
Australia,Surface and Underground Drainage,Pit,SA1 Pit,1,each,-124.5825,0.7403,0.0419,0.0805,TfNSW Engineering Carbon and Cost Library (ECCL) Level 5 Road Benchmarks Version 1.00
Australia,Surface and Underground Drainage,Pit,SA2 Pit,1,each,-137.0523,0.8206,0.0450,0.0856,TfNSW Engineering Carbon and Cost Library (ECCL) Level 5 Road Benchmarks Version 1.00
Australia,Surface and Underground Drainage,Pit,SA3 Pit,1,each,-147.8021,0.8910,0.0477,0.0900,TfNSW Engineering Carbon and Cost Library (ECCL) Level 5 Road Benchmarks Version 1.00
Australia,Surface and Underground Drainage,Pit,SAS Pit,1,each,-147.8021,0.8910,0.0477,0.0900,TfNSW Engineering Carbon and Cost Library (ECCL) Level 5 Road Benchmarks Version 1.00
Australia,Surface and Underground Drainage,Pit,SE Pit,1,each,-121.8968,1.0483,0.0433,0.0930,TfNSW Engineering Carbon and Cost Library (ECCL) Level 5 Road Benchmarks Version 1.00
Australia,Surface and Underground Drainage,Pit,SF1 Pit,1,each,-121.8968,1.0483,0.0433,0.0930,TfNSW Engineering Carbon and Cost Library (ECCL) Level 5 Road Benchmarks Version 1.00
Australia,Surface and Underground Drainage,Pit,SF2 Pit,1,each,-126.8251,1.2847,0.0493,0.1191,TfNSW Engineering Carbon and Cost Library (ECCL) Level 5 Road Benchmarks Version 1.00
Australia,Surface and Underground Drainage,Pit,SL1 Pit,1,each,-124.5825,0.7403,0.0419,0.0805,TfNSW Engineering Carbon and Cost Library (ECCL) Level 5 Road Benchmarks Version 1.00
Australia,Surface and Underground Drainage,Pit,SL2 Pit,1,each,-137.0523,0.8206,0.0450,0.0856,TfNSW Engineering Carbon and Cost Library (ECCL) Level 5 Road Benchmarks Version 1.00
Australia,Surface and Underground Drainage,Pit,SL3 Pit,1,each,-147.8021,0.8910,0.0477,0.0900,TfNSW Engineering Carbon and Cost Library (ECCL) Level 5 Road Benchmarks Version 1.00
Australia,Surface and Underground Drainage,Pit,SO1 Pit,1,each,-120.2540,0.8542,0.0318,0.0648,TfNSW Engineering Carbon and Cost Library (ECCL) Level 5 Road Benchmarks Version 1.00
Australia,Surface and Underground Drainage,Pit,SO2 Pit,1,each,-157.0932,1.3899,0.0434,0.0951,TfNSW Engineering Carbon and Cost Library (ECCL) Level 5 Road Benchmarks Version 1.00
Australia,Surface and Underground Drainage,Pit,FBTO Pit,1,each,-52.5923,0.1281,0.0411,0.0830,TfNSW Engineering Carbon and Cost Library (ECCL) Level 5 Road Benchmarks Version 1.00
Australia,Surface and Underground Drainage,Pit,FDG Pit,1,each,-71.4502,0.7958,0.0255,0.1001,TfNSW Engineering Carbon and Cost Library (ECCL) Level 5 Road Benchmarks Version 1.00
Australia,Surface and Underground Drainage,Pit,Gully Pit,1,each,-147.8021,0.8910,0.0477,0.0900,TfNSW Engineering Carbon and Cost Library (ECCL) Level 5 Road Benchmarks Version 1.00
Australia,Surface and Underground Drainage,Pit,MGDG Pit,1,each,-136.2024,0.9709,0.0361,0.0918,TfNSW Engineering Carbon and Cost Library (ECCL) Level 5 Road Benchmarks Version 1.00
Australia,Surface and Underground Drainage,Pit,MGSG Pit,1,each,-91.6680,0.6083,0.0241,0.0564,TfNSW Engineering Carbon and Cost Library (ECCL) Level 5 Road Benchmarks Version 1.00
Australia,Surface and Underground Drainage,Pit,MGTG Pit,1,each,-170.7903,1.2777,0.0469,0.1228,TfNSW Engineering Carbon and Cost Library (ECCL) Level 5 Road Benchmarks Version 1.00
Australia,Surface and Underground Drainage,Pit,SATO Pit,1,each,-52.5923,0.1281,0.0411,0.0830,TfNSW Engineering Carbon and Cost Library (ECCL) Level 5 Road Benchmarks Version 1.00
Australia,Surface and Underground Drainage,Pit,SOTO1 BC Pit,1,each,-52.5923,0.1281,0.0411,0.0830,TfNSW Engineering Carbon and Cost Library (ECCL) Level 5 Road Benchmarks Version 1.00
Australia,Surface and Underground Drainage,Pit,SOTO2 CTF Pit,1,each,-52.5923,0.1281,0.0411,0.0830,TfNSW Engineering Carbon and Cost Library (ECCL) Level 5 Road Benchmarks Version 1.00
Australia,Surface and Underground Drainage,Pit,SOTO Verge Pit,1,each,-52.5923,0.1281,0.0411,0.0830,TfNSW Engineering Carbon and Cost Library (ECCL) Level 5 Road Benchmarks Version 1.00
Australia,Surface and Underground Drainage,Pit,TD1 Pit,1,each,-91.6680,0.6738,0.0255,0.0575,TfNSW Engineering Carbon and Cost Library (ECCL) Level 5 Road Benchmarks Version 1.00
Australia,Surface and Underground Drainage,Pit,Inspection Pit,1,each,-139.0242,1.2825,0.0224,0.4577,TfNSW Engineering Carbon and Cost Library (ECCL) Level 5 Road Benchmarks Version 1.00
Australia,Surface and Underground Drainage,Drainage box,Junction Box,1,each,-114.9931,0.7362,0.0379,0.1169,TfNSW Engineering Carbon and Cost Library (ECCL) Level 5 Road Benchmarks Version 1.00
Australia,Surface and Underground Drainage,Drainage box,Inlet Sump,1,each,-100.1275,0.5164,0.0194,0.1305,TfNSW Engineering Carbon and Cost Library (ECCL) Level 5 Road Benchmarks Version 1.00
Australia,Surface and Underground Drainage,Drainage box,Blind,1,each,-124.5825,2.2918,0.1604,0.2504,TfNSW Engineering Carbon and Cost Library (ECCL) Level 5 Road Benchmarks Version 1.00
Australia,Surface and Underground Drainage,Drainage box,Raised Inlet (letterbox),1,each,-127.2932,0.7487,0.0265,0.1424,TfNSW Engineering Carbon and Cost Library (ECCL) Level 5 Road Benchmarks Version 1.00
Australia,Surface and Underground Drainage,Pit,Junction Pit,1,each,-114.9931,0.6954,0.0363,0.1143,TfNSW Engineering Carbon and Cost Library (ECCL) Level 5 Road Benchmarks Version 1.00
Australia,Surface and Underground Drainage,Pit,Dummy Pit,1,each,-114.9931,0.6954,0.0363,0.1143,TfNSW Engineering Carbon and Cost Library (ECCL) Level 5 Road Benchmarks Version 1.00
Australia,Surface and Underground Drainage,Pit,SB Pit,1,each,-125.1403,1.1743,0.0390,0.0741,TfNSW Engineering Carbon and Cost Library (ECCL) Level 5 Road Benchmarks Version 1.00
Australia,Surface and Underground Drainage,Pit,SM1 Pit,1,each,-121.8968,1.0483,0.0433,0.0930,TfNSW Engineering Carbon and Cost Library (ECCL) Level 5 Road Benchmarks Version 1.00
Australia,Surface and Underground Drainage,Pit,SM2 Pit,1,each,-121.8968,1.0483,0.0433,0.0930,TfNSW Engineering Carbon and Cost Library (ECCL) Level 5 Road Benchmarks Version 1.00
Australia,Surface and Underground Drainage,Pit,SM3 Pit,1,each,-121.8968,1.0483,0.0433,0.0930,TfNSW Engineering Carbon and Cost Library (ECCL) Level 5 Road Benchmarks Version 1.00
Australia,Surface and Underground Drainage,Grate,Type F Single Grate,1,each,-72.0181,0.6185,0.0233,0.1176,TfNSW Engineering Carbon and Cost Library (ECCL) Level 5 Road Benchmarks Version 1.00
Australia,Surface and Underground Drainage,Grate,Type F Double Grate,1,each,-72.0181,0.7965,0.0255,0.1023,TfNSW Engineering Carbon and Cost Library (ECCL) Level 5 Road Benchmarks Version 1.00
Australia,Surface and Underground Drainage,Pit,SA1 Bowe Pit,1,each,-124.5825,0.7403,0.0419,0.0805,TfNSW Engineering Carbon and Cost Library (ECCL) Level 5 Road Benchmarks Version 1.00
Australia,Surface and Underground Drainage,Pit,SA2 Bowe Pit,1,each,-137.0523,0.8206,0.0450,0.0856,TfNSW Engineering Carbon and Cost Library (ECCL) Level 5 Road Benchmarks Version 1.00
Australia,Surface and Underground Drainage,Pit,SA3 Bowe Pit,1,each,-147.8021,0.8910,0.0477,0.0900,TfNSW Engineering Carbon and Cost Library (ECCL) Level 5 Road Benchmarks Version 1.00
Australia,Surface and Underground Drainage,Pit,SAS Bowe Pit,1,each,-147.8021,0.8910,0.0477,0.0900,TfNSW Engineering Carbon and Cost Library (ECCL) Level 5 Road Benchmarks Version 1.00
Australia,Surface and Underground Drainage,Pit,FDG Bowe Pit,1,each,-71.4502,0.7958,0.0255,0.1001,TfNSW Engineering Carbon and Cost Library (ECCL) Level 5 Road Benchmarks Version 1.00
Australia,Surface and Underground Drainage,Pit,FSG Bowe Pit,1,each,-71.4502,0.6177,0.0233,0.1154,TfNSW Engineering Carbon and Cost Library (ECCL) Level 5 Road Benchmarks Version 1.00
Australia,Surface and Underground Drainage,Headwalls to Suit 1 Cell,HW to Suit 1 cell x 100mm,1,each,-9.5912,0.0245,0.0007,0.0053,TfNSW Engineering Carbon and Cost Library (ECCL) Level 5 Road Benchmarks Version 1.00
Australia,Surface and Underground Drainage,Headwalls to Suit 1 Cell,HW to Suit 1 cell x 150mm,1,each,-9.8404,0.0285,0.0009,0.0059,TfNSW Engineering Carbon and Cost Library (ECCL) Level 5 Road Benchmarks Version 1.00
Australia,Surface and Underground Drainage,Headwalls to Suit 1 Cell,HW to Suit 1 cell x 200mm,1,each,-10.1336,0.0358,0.0011,0.0071,TfNSW Engineering Carbon and Cost Library (ECCL) Level 5 Road Benchmarks Version 1.00
Australia,Surface and Underground Drainage,Headwalls to Suit 1 Cell,HW to Suit 1 cell x 225mm,1,each,-10.9154,0.0402,0.0013,0.0082,TfNSW Engineering Carbon and Cost Library (ECCL) Level 5 Road Benchmarks Version 1.00
Australia,Surface and Underground Drainage,Headwalls to Suit 1 Cell,HW to Suit 1 cell x 250mm,1,each,-11.8731,0.0465,0.0015,0.0097,TfNSW Engineering Carbon and Cost Library (ECCL) Level 5 Road Benchmarks Version 1.00
Australia,Surface and Underground Drainage,Headwalls to Suit 1 Cell,HW to Suit 1 cell x 300mm,1,each,-18.3666,0.0682,0.0021,0.0154,TfNSW Engineering Carbon and Cost Library (ECCL) Level 5 Road Benchmarks Version 1.00
Australia,Surface and Underground Drainage,Headwalls to Suit 1 Cell,HW to Suit 1 cell x 375mm,1,each,-28.9857,0.2125,0.0057,0.0388,TfNSW Engineering Carbon and Cost Library (ECCL) Level 5 Road Benchmarks Version 1.00
Australia,Surface and Underground Drainage,Headwalls to Suit 1 Cell,HW to Suit 1 cell x 450mm,1,each,-39.8716,0.2349,0.0062,0.0512,TfNSW Engineering Carbon and Cost Library (ECCL) Level 5 Road Benchmarks Version 1.00
Australia,Surface and Underground Drainage,Headwalls to Suit 1 Cell,HW to Suit 1 cell x 525mm,1,each,-48.3648,0.3281,0.0086,0.0710,TfNSW Engineering Carbon and Cost Library (ECCL) Level 5 Road Benchmarks Version 1.00
Australia,Surface and Underground Drainage,Headwalls to Suit 1 Cell,HW to Suit 1 cell x 600mm,1,each,-62.1825,0.3807,0.0100,0.0859,TfNSW Engineering Carbon and Cost Library (ECCL) Level 5 Road Benchmarks Version 1.00
Australia,Surface and Underground Drainage,Headwalls to Suit 1 Cell,HW to Suit 1 cell x 675mm,1,each,-73.6075,0.4616,0.0120,0.1012,TfNSW Engineering Carbon and Cost Library (ECCL) Level 5 Road Benchmarks Version 1.00
Australia,Surface and Underground Drainage,Headwalls to Suit 1 Cell,HW to Suit 1 cell x 750mm,1,each,-85.0324,0.5425,0.0140,0.1167,TfNSW Engineering Carbon and Cost Library (ECCL) Level 5 Road Benchmarks Version 1.00
Australia,Surface and Underground Drainage,Headwalls to Suit 1 Cell,HW to Suit 1 cell x 825mm,1,each,-98.8502,0.6440,0.0166,0.1422,TfNSW Engineering Carbon and Cost Library (ECCL) Level 5 Road Benchmarks Version 1.00
Australia,Surface and Underground Drainage,Headwalls to Suit 1 Cell,HW to Suit 1 cell x 900mm,1,each,-113.2069,0.6973,0.0179,0.1586,TfNSW Engineering Carbon and Cost Library (ECCL) Level 5 Road Benchmarks Version 1.00
Australia,Surface and Underground Drainage,Headwalls to Suit 1 Cell,HW to Suit 1 cell x 1050mm,1,each,-124.5012,1.5091,0.0409,0.2199,TfNSW Engineering Carbon and Cost Library (ECCL) Level 5 Road Benchmarks Version 1.00
Australia,Surface and Underground Drainage,Headwalls to Suit 1 Cell,HW to Suit 1 cell x 1200mm,1,each,-155.4060,1.8070,0.0489,0.2707,TfNSW Engineering Carbon and Cost Library (ECCL) Level 5 Road Benchmarks Version 1.00
Australia,Surface and Underground Drainage,Headwalls to Suit 1 Cell,HW to Suit 1 cell x 1350mm,1,each,-182.7039,2.1169,0.0571,0.3135,TfNSW Engineering Carbon and Cost Library (ECCL) Level 5 Road Benchmarks Version 1.00
Australia,Surface and Underground Drainage,Headwalls to Suit 1 Cell,HW to Suit 1 cell x 1500mm,1,each,-220.4495,2.8505,0.0792,0.4065,TfNSW Engineering Carbon and Cost Library (ECCL) Level 5 Road Benchmarks Version 1.00
Australia,Surface and Underground Drainage,Headwalls to Suit 1 Cell,HW to Suit 1 cell x 1650mm,1,each,-257.8576,3.2381,0.0898,0.4694,TfNSW Engineering Carbon and Cost Library (ECCL) Level 5 Road Benchmarks Version 1.00
Australia,Surface and Underground Drainage,Headwalls to Suit 1 Cell,HW to Suit 1 cell x 1800mm,1,each,-297.2201,3.6789,0.1016,0.5315,TfNSW Engineering Carbon and Cost Library (ECCL) Level 5 Road Benchmarks Version 1.00
Australia,Surface and Underground Drainage,Headwalls to Suit 2 Cell,HW to Suit 2 cells x 225mm,1,each,-20.1694,0.0799,0.0022,0.0185,TfNSW Engineering Carbon and Cost Library (ECCL) Level 5 Road Benchmarks Version 1.00
Australia,Surface and Underground Drainage,Headwalls to Suit 2 Cell,HW to Suit 2 cells x 250mm,1,each,-21.1466,0.0882,0.0025,0.0203,TfNSW Engineering Carbon and Cost Library (ECCL) Level 5 Road Benchmarks Version 1.00
Australia,Surface and Underground Drainage,Headwalls to Suit 2 Cell,HW to Suit 2 cells x 300mm,1,each,-23.3943,0.1036,0.0029,0.0240,TfNSW Engineering Carbon and Cost Library (ECCL) Level 5 Road Benchmarks Version 1.00
Australia,Surface and Underground Drainage,Headwalls to Suit 2 Cell,HW to Suit 2 cells x 375mm,1,each,-40.3099,0.2671,0.0070,0.0540,TfNSW Engineering Carbon and Cost Library (ECCL) Level 5 Road Benchmarks Version 1.00
Australia,Surface and Underground Drainage,Headwalls to Suit 2 Cell,HW to Suit 2 cells x 450mm,1,each,-53.5886,0.3672,0.0095,0.0779,TfNSW Engineering Carbon and Cost Library (ECCL) Level 5 Road Benchmarks Version 1.00
Australia,Surface and Underground Drainage,Headwalls to Suit 2 Cell,HW to Suit 2 cells x 525mm,1,each,-65.0136,0.4481,0.0115,0.0937,TfNSW Engineering Carbon and Cost Library (ECCL) Level 5 Road Benchmarks Version 1.00
Australia,Surface and Underground Drainage,Headwalls to Suit 2 Cell,HW to Suit 2 cells x 600mm,1,each,-81.2241,0.5042,0.0129,0.1112,TfNSW Engineering Carbon and Cost Library (ECCL) Level 5 Road Benchmarks Version 1.00
Australia,Surface and Underground Drainage,Headwalls to Suit 2 Cell,HW to Suit 2 cells x 675mm,1,each,-96.0191,0.6068,0.0155,0.1379,TfNSW Engineering Carbon and Cost Library (ECCL) Level 5 Road Benchmarks Version 1.00
Australia,Surface and Underground Drainage,Headwalls to Suit 2 Cell,HW to Suit 2 cells x 750mm,1,each,-110.8141,0.6926,0.0176,0.1573,TfNSW Engineering Carbon and Cost Library (ECCL) Level 5 Road Benchmarks Version 1.00
Australia,Surface and Underground Drainage,Headwalls to Suit 2 Cell,HW to Suit 2 cells x 825mm,1,each,-128.5409,0.8322,0.0211,0.1899,TfNSW Engineering Carbon and Cost Library (ECCL) Level 5 Road Benchmarks Version 1.00
Australia,Surface and Underground Drainage,Headwalls to Suit 2 Cell,HW to Suit 2 cells x 900mm,1,each,-146.7059,0.9398,0.0238,0.2206,TfNSW Engineering Carbon and Cost Library (ECCL) Level 5 Road Benchmarks Version 1.00
Australia,Surface and Underground Drainage,Headwalls to Suit 2 Cell,HW to Suit 2 cells x 1050mm,1,each,-155.8796,2.1078,0.0568,0.2916,TfNSW Engineering Carbon and Cost Library (ECCL) Level 5 Road Benchmarks Version 1.00
Australia,Surface and Underground Drainage,Headwalls to Suit 2 Cell,HW to Suit 2 cells x 1200 mm,1,each,-192.0083,2.3962,0.0644,0.3390,TfNSW Engineering Carbon and Cost Library (ECCL) Level 5 Road Benchmarks Version 1.00
Australia,Surface and Underground Drainage,Headwalls to Suit 2 Cell,HW to Suit 2 cells x 1350mm,1,each,-223.5528,2.8637,0.0768,0.4031,TfNSW Engineering Carbon and Cost Library (ECCL) Level 5 Road Benchmarks Version 1.00
Australia,Surface and Underground Drainage,Headwalls to Suit 2 Cell,HW to Suit 2 cells x 1500mm,1,each,-268.4767,3.8067,0.1052,0.5181,TfNSW Engineering Carbon and Cost Library (ECCL) Level 5 Road Benchmarks Version 1.00
Australia,Surface and Underground Drainage,Headwalls to Suit 2 Cell,HW to Suit 2 cells x 1650mm,1,each,-312.0859,4.3077,0.1188,0.5937,TfNSW Engineering Carbon and Cost Library (ECCL) Level 5 Road Benchmarks Version 1.00
Australia,Surface and Underground Drainage,Headwalls to Suit 2 Cell,HW to Suit 2 cells x 1800mm,1,each,-359.6041,4.7957,0.1319,0.6652,TfNSW Engineering Carbon and Cost Library (ECCL) Level 5 Road Benchmarks Version 1.00
Australia,Surface and Underground Drainage,Headwalls to Suit 3 Cell,HW to Suit 3 cells x 225mm,1,each,-25.0407,0.1030,0.0028,0.0220,TfNSW Engineering Carbon and Cost Library (ECCL) Level 5 Road Benchmarks Version 1.00
Australia,Surface and Underground Drainage,Headwalls to Suit 3 Cell,HW to Suit 3 cells x 250mm,1,each,-26.1157,0.1130,0.0031,0.0241,TfNSW Engineering Carbon and Cost Library (ECCL) Level 5 Road Benchmarks Version 1.00
Australia,Surface and Underground Drainage,Headwalls to Suit 3 Cell,HW to Suit 3 cells x 300mm,1,each,-32.6972,0.1350,0.0037,0.0293,TfNSW Engineering Carbon and Cost Library (ECCL) Level 5 Road Benchmarks Version 1.00
Australia,Surface and Underground Drainage,Headwalls to Suit 3 Cell,HW to Suit 3 cells x 375mm,1,each,-51.1959,0.3633,0.0093,0.0754,TfNSW Engineering Carbon and Cost Library (ECCL) Level 5 Road Benchmarks Version 1.00
Australia,Surface and Underground Drainage,Headwalls to Suit 3 Cell,HW to Suit 3 cells x 450mm,1,each,-66.8674,0.4180,0.0106,0.0926,TfNSW Engineering Carbon and Cost Library (ECCL) Level 5 Road Benchmarks Version 1.00
Australia,Surface and Underground Drainage,Headwalls to Suit 3 Cell,HW to Suit 3 cells x 525mm,1,each,-81.1234,0.5196,0.0132,0.1182,TfNSW Engineering Carbon and Cost Library (ECCL) Level 5 Road Benchmarks Version 1.00
Australia,Surface and Underground Drainage,Headwalls to Suit 3 Cell,HW to Suit 3 cells x 600mm,1,each,-100.2657,0.6444,0.0163,0.1444,TfNSW Engineering Carbon and Cost Library (ECCL) Level 5 Road Benchmarks Version 1.00
Australia,Surface and Underground Drainage,Headwalls to Suit 3 Cell,HW to Suit 3 cells x 750mm,1,each,-136.5958,0.8748,0.0220,0.2003,TfNSW Engineering Carbon and Cost Library (ECCL) Level 5 Road Benchmarks Version 1.00
Australia,Surface and Underground Drainage,Headwalls to Suit 3 Cell,HW to Suit 3 cells x 900mm,1,each,-180.7439,1.1666,0.0292,0.2760,TfNSW Engineering Carbon and Cost Library (ECCL) Level 5 Road Benchmarks Version 1.00
Australia,Surface and Underground Drainage,Headwalls to Suit 3 Cell,HW to Suit 3 cells x 1200mm,1,each,-261.8374,3.2216,0.0859,0.4567,TfNSW Engineering Carbon and Cost Library (ECCL) Level 5 Road Benchmarks Version 1.00
Australia,Surface and Underground Drainage,Headwalls to Suit 3 Cell,HW to Suit 3 cells x 1350mm,1,each,-307.4011,3.7942,0.1010,0.5324,TfNSW Engineering Carbon and Cost Library (ECCL) Level 5 Road Benchmarks Version 1.00
Australia,Surface and Underground Drainage,Headwalls to Suit 3 Cell,HW to Suit 3 cells x 1500mm,1,each,-368.2987,5.0105,0.1372,0.6869,TfNSW Engineering Carbon and Cost Library (ECCL) Level 5 Road Benchmarks Version 1.00
Australia,Surface and Underground Drainage,Headwalls to Suit 3 Cell,HW to Suit 3 cells x 1800mm,1,each,-496.2598,6.3126,0.1720,0.8912,TfNSW Engineering Carbon and Cost Library (ECCL) Level 5 Road Benchmarks Version 1.00
Australia,Surface and Underground Drainage,Headwalls to Suit 4 Cell,HW to Suit 4 cells x 600mm,1,each,-119.3073,0.7525,0.0189,0.1747,TfNSW Engineering Carbon and Cost Library (ECCL) Level 5 Road Benchmarks Version 1.00
Australia,Surface and Underground Drainage,Headwalls to Suit 4 Cell,HW to Suit 4 cells x 750mm,1,each,-162.9164,1.0581,0.0264,0.2441,TfNSW Engineering Carbon and Cost Library (ECCL) Level 5 Road Benchmarks Version 1.00
Australia,Surface and Underground Drainage,Headwalls to Suit 4 Cell,HW to Suit 4 cells x 1500mm,1,each,-433.9166,6.1284,0.1674,0.8235,TfNSW Engineering Carbon and Cost Library (ECCL) Level 5 Road Benchmarks Version 1.00
Australia,Surface and Underground Drainage,Headwalls to Suit 5 Cell,HW to Suit 5 cell x 675mm,1,each,-160.8612,1.0542,0.0262,0.2412,TfNSW Engineering Carbon and Cost Library (ECCL) Level 5 Road Benchmarks Version 1.00
Australia,Surface and Underground Drainage,Headwalls to Suit 5 Cell,HW to Suit 5 cells x 1500mm,1,each,-516.1479,6.9347,0.1888,0.9492,TfNSW Engineering Carbon and Cost Library (ECCL) Level 5 Road Benchmarks Version 1.00
Australia,Surface and Underground Drainage,Headwalls to Suit 7 Cell,HW to Suit 7 cells x 600mm,1,each,-175.0165,1.1223,0.0278,0.2626,TfNSW Engineering Carbon and Cost Library (ECCL) Level 5 Road Benchmarks Version 1.00
Australia,Surface and Underground Drainage,Class B1 - 1 Cell,HW to suit 300mm x 225mm Class B1 - 1 Cell,1,each,-17.9367,0.2433,0.0073,0.1227,TfNSW Engineering Carbon and Cost Library (ECCL) Level 5 Road Benchmarks Version 1.00
Australia,Surface and Underground Drainage,Class B1 - 1 Cell,HW to suit 375mm x 225mm Class B1 - 1 Cell,1,each,-25.4466,0.2765,0.0084,0.1290,TfNSW Engineering Carbon and Cost Library (ECCL) Level 5 Road Benchmarks Version 1.00
Australia,Surface and Underground Drainage,Class B1 - 1 Cell,HW to suit 375mm x 300mm Class B1 - 1 Cell,1,each,-26.1307,0.2795,0.0085,0.1298,TfNSW Engineering Carbon and Cost Library (ECCL) Level 5 Road Benchmarks Version 1.00
Australia,Surface and Underground Drainage,Class B1 - 1 Cell,HW to suit 450mm x 150mm Class B1 - 1 Cell,1,each,-28.6031,0.3131,0.0097,0.1354,TfNSW Engineering Carbon and Cost Library (ECCL) Level 5 Road Benchmarks Version 1.00
Australia,Surface and Underground Drainage,Class B1 - 1 Cell,HW to suit 450mm x 160mm Class B1 - 1 Cell,1,each,-28.7693,0.3134,0.0097,0.1355,TfNSW Engineering Carbon and Cost Library (ECCL) Level 5 Road Benchmarks Version 1.00
Australia,Surface and Underground Drainage,Class B1 - 1 Cell,HW to suit 450mm x 300mm Class B1 - 1 Cell,1,each,-72.8371,0.7385,0.0248,0.1931,TfNSW Engineering Carbon and Cost Library (ECCL) Level 5 Road Benchmarks Version 1.00
Australia,Surface and Underground Drainage,Class B1 - 1 Cell,HW to suit 450mm x 325mm Class B1 - 1 Cell,1,each,-85.2393,0.8037,0.0269,0.2064,TfNSW Engineering Carbon and Cost Library (ECCL) Level 5 Road Benchmarks Version 1.00
Australia,Surface and Underground Drainage,Class B1 - 1 Cell,HW to suit 450mm x 450mm Class B1 - 1 Cell,1,each,-102.4625,0.9689,0.0328,0.2301,TfNSW Engineering Carbon and Cost Library (ECCL) Level 5 Road Benchmarks Version 1.00
Australia,Surface and Underground Drainage,Class B1 - 1 Cell,HW to suit 600mm x 225mm Class B1 - 1 Cell,1,each,-67.5779,0.6855,0.0228,0.1872,TfNSW Engineering Carbon and Cost Library (ECCL) Level 5 Road Benchmarks Version 1.00
Australia,Surface and Underground Drainage,Class B1 - 1 Cell,HW to suit 600mm x 300mm Class B1 - 1 Cell,1,each,-83.0480,0.8014,0.0269,0.2055,TfNSW Engineering Carbon and Cost Library (ECCL) Level 5 Road Benchmarks Version 1.00
Australia,Surface and Underground Drainage,Class B1 - 1 Cell,HW to suit 600mm x 380mm Class B1 - 1 Cell,1,each,-89.1837,0.9028,0.0306,0.2161,TfNSW Engineering Carbon and Cost Library (ECCL) Level 5 Road Benchmarks Version 1.00
Australia,Surface and Underground Drainage,Class B1 - 1 Cell,HW to suit 600mm x 450mm Class B1 - 1 Cell,1,each,-103.3390,0.9699,0.0328,0.2307,TfNSW Engineering Carbon and Cost Library (ECCL) Level 5 Road Benchmarks Version 1.00
Australia,Surface and Underground Drainage,Class B1 - 1 Cell,HW to suit 600mm x 600mm Class B1 - 1 Cell,1,each,-124.9449,1.1872,0.0406,0.2605,TfNSW Engineering Carbon and Cost Library (ECCL) Level 5 Road Benchmarks Version 1.00
Australia,Surface and Underground Drainage,Class B1 - 1 Cell,HW to suit 750mm x 375mm Class B1 - 1 Cell,1,each,-89.6220,0.9033,0.0306,0.2167,TfNSW Engineering Carbon and Cost Library (ECCL) Level 5 Road Benchmarks Version 1.00
Australia,Surface and Underground Drainage,Class B1 - 1 Cell,HW to suit 750mm x 450mm Class B1 - 1 Cell,1,each,-103.7773,1.0178,0.0346,0.2346,TfNSW Engineering Carbon and Cost Library (ECCL) Level 5 Road Benchmarks Version 1.00
Australia,Surface and Underground Drainage,Class B1 - 1 Cell,HW to suit 750mm x 600mm Class B1 - 1 Cell,1,each,-135.1558,1.2501,0.0427,0.2733,TfNSW Engineering Carbon and Cost Library (ECCL) Level 5 Road Benchmarks Version 1.00
Australia,Surface and Underground Drainage,Class B1 - 2 Cell,HW to suit 750mm x 600mm Class B1 - 2 Cell,1,each,-149.7493,1.5073,0.0522,0.3047,TfNSW Engineering Carbon and Cost Library (ECCL) Level 5 Road Benchmarks Version 1.00
Australia,Surface and Underground Drainage,Class B1 - 1 Cell,HW to suit 900mm x 300mm Class B1 - 1 Cell,1,each,-84.3628,0.8502,0.0287,0.2100,TfNSW Engineering Carbon and Cost Library (ECCL) Level 5 Road Benchmarks Version 1.00
Australia,Surface and Underground Drainage,Class B1 - 2 Cell,HW to suit 900mm x 300mm Class B1 - 2 Cell,1,each,-99.3946,1.1079,0.0382,0.2394,TfNSW Engineering Carbon and Cost Library (ECCL) Level 5 Road Benchmarks Version 1.00
Australia,Surface and Underground Drainage,Class B1 - 1 Cell,HW to suit 900mm x 375mm Class B1 - 1 Cell,1,each,-100.2711,0.9666,0.0327,0.2291,TfNSW Engineering Carbon and Cost Library (ECCL) Level 5 Road Benchmarks Version 1.00
Australia,Surface and Underground Drainage,Class B1 - 1 Cell,HW to suit 900mm x 450mm Class B1 - 1 Cell,1,each,-104.6538,1.0661,0.0365,0.2390,TfNSW Engineering Carbon and Cost Library (ECCL) Level 5 Road Benchmarks Version 1.00
Australia,Surface and Underground Drainage,Class B1 - 2 Cell,HW to suit 900mm x 450mm Class B1 - 2 Cell,1,each,-129.4583,1.3388,0.0462,0.2786,TfNSW Engineering Carbon and Cost Library (ECCL) Level 5 Road Benchmarks Version 1.00
Australia,Surface and Underground Drainage,Class B1 - 1 Cell,HW to suit 900mm x 600mm Class B1 - 1 Cell,1,each,-136.0323,1.2984,0.0445,0.2773,TfNSW Engineering Carbon and Cost Library (ECCL) Level 5 Road Benchmarks Version 1.00
Australia,Surface and Underground Drainage,Class B1 - 2 Cell,HW to suit 900mm x 600mm Class B1 - 2 Cell,1,each,-151.0641,1.6035,0.0558,0.3134,TfNSW Engineering Carbon and Cost Library (ECCL) Level 5 Road Benchmarks Version 1.00
Australia,Surface and Underground Drainage,Class B1 - 5 Cell,HW to suit 900mm x 600mm Class B1 - 5 Cell,1,each,-215.7048,2.5013,0.0885,0.4348,TfNSW Engineering Carbon and Cost Library (ECCL) Level 5 Road Benchmarks Version 1.00
Australia,Surface and Underground Drainage,Class B1 - 2 Cell,HW to suit 1050mm x 225mm Class B1 - 2 Cell,1,each,-95.0119,1.0557,0.0363,0.2329,TfNSW Engineering Carbon and Cost Library (ECCL) Level 5 Road Benchmarks Version 1.00
Australia,Surface and Underground Drainage,Class B1 - 1 Cell,HW to suit 1050mm x 300mm Class B1 - 1 Cell,1,each,-85.2393,0.8986,0.0306,0.2139,TfNSW Engineering Carbon and Cost Library (ECCL) Level 5 Road Benchmarks Version 1.00
Australia,Surface and Underground Drainage,Class B1 - 1 Cell,HW to suit 1200mm x 225mm Class B1 - 1 Cell,1,each,-79.9801,0.7981,0.0268,0.2039,TfNSW Engineering Carbon and Cost Library (ECCL) Level 5 Road Benchmarks Version 1.00
Australia,Surface and Underground Drainage,Class B1 - 1 Cell,HW to suit 1200mm x 300mm Class B1 - 1 Cell,1,each,-85.6776,0.8990,0.0306,0.2145,TfNSW Engineering Carbon and Cost Library (ECCL) Level 5 Road Benchmarks Version 1.00
Australia,Surface and Underground Drainage,Class B1 - 2 Cell,HW to suit 1200mm x 300mm Class B1 - 2 Cell,1,each,-111.7968,1.2205,0.0422,0.2569,TfNSW Engineering Carbon and Cost Library (ECCL) Level 5 Road Benchmarks Version 1.00
Australia,Surface and Underground Drainage,Class B1 - 1 Cell,HW to suit 1200mm x 450mm Class B1 - 1 Cell,1,each,-105.9686,1.1150,0.0383,0.2439,TfNSW Engineering Carbon and Cost Library (ECCL) Level 5 Road Benchmarks Version 1.00
Australia,Surface and Underground Drainage,Class B1 - 2 Cell,HW to suit 1200mm x 450mm Class B1 - 2 Cell,1,each,-132.0879,1.4364,0.0499,0.2881,TfNSW Engineering Carbon and Cost Library (ECCL) Level 5 Road Benchmarks Version 1.00
Australia,Surface and Underground Drainage,Class B1 - 3 Cell,HW to suit 1200mm x 450mm Class B1 - 3 Cell,1,each,-158.2071,1.8053,0.0633,0.3360,TfNSW Engineering Carbon and Cost Library (ECCL) Level 5 Road Benchmarks Version 1.00
Australia,Surface and Underground Drainage,Class B1 - 4 Cell,HW to suit 1200mm x 450mm Class B1 - 4 Cell,1,each,-184.3263,2.1267,0.0749,0.3801,TfNSW Engineering Carbon and Cost Library (ECCL) Level 5 Road Benchmarks Version 1.00
Australia,Surface and Underground Drainage,Class B1 - 6 Cell,HW to suit 1200mm x 450mm Class B1 - 6 Cell,1,each,-226.7922,2.8021,0.0997,0.4637,TfNSW Engineering Carbon and Cost Library (ECCL) Level 5 Road Benchmarks Version 1.00
Australia,Surface and Underground Drainage,Class B1 - 1 Cell,HW to suit 1200mm x 600mm Class B1 - 1 Cell,1,each,-137.3471,1.3473,0.0464,0.2826,TfNSW Engineering Carbon and Cost Library (ECCL) Level 5 Road Benchmarks Version 1.00
Australia,Surface and Underground Drainage,Class B1 - 2 Cell,HW to suit 1200mm x 600mm Class B1 - 2 Cell,1,each,-163.4663,1.7161,0.0598,0.3322,TfNSW Engineering Carbon and Cost Library (ECCL) Level 5 Road Benchmarks Version 1.00
Australia,Surface and Underground Drainage,Class B1 - 3 Cell,HW to suit 1200mm x 600mm Class B1 - 3 Cell,1,each,-189.5855,2.1324,0.0751,0.3852,TfNSW Engineering Carbon and Cost Library (ECCL) Level 5 Road Benchmarks Version 1.00
Australia,Surface and Underground Drainage,Class B1 - 6 Cell,HW to suit 1200mm x 675mm Class B1 - 6 Cell,1,each,-273.6407,3.4348,0.1227,0.5563,TfNSW Engineering Carbon and Cost Library (ECCL) Level 5 Road Benchmarks Version 1.00
Australia,Surface and Underground Drainage,Class B1 - 1 Cell,HW to suit 1200mm x 750mm Class B1 - 1 Cell,1,each,-166.9725,1.6251,0.0562,0.3246,TfNSW Engineering Carbon and Cost Library (ECCL) Level 5 Road Benchmarks Version 1.00
Australia,Surface and Underground Drainage,Class B1 - 1 Cell,HW to suit 1200mm x 900mm Class B1 - 1 Cell,1,each,-198.3509,2.1419,0.0752,0.3855,TfNSW Engineering Carbon and Cost Library (ECCL) Level 5 Road Benchmarks Version 1.00
Australia,Surface and Underground Drainage,Class B1 - 2 Cell,HW to suit 1200mm x 900mm Class B1 - 2 Cell,1,each,-224.4702,2.6530,0.0941,0.4489,TfNSW Engineering Carbon and Cost Library (ECCL) Level 5 Road Benchmarks Version 1.00
Australia,Surface and Underground Drainage,Class B1 - 4 Cell,HW to suit 1200mm x 900mm Class B1 - 4 Cell,1,each,-266.9360,3.6602,0.1316,0.5674,TfNSW Engineering Carbon and Cost Library (ECCL) Level 5 Road Benchmarks Version 1.00
Australia,Surface and Underground Drainage,Class B1 - 6 Cell,HW to suit 1200mm x 900mm Class B1 - 6 Cell,1,each,-319.1745,4.8507,0.1740,0.7333,TfNSW Engineering Carbon and Cost Library (ECCL) Level 5 Road Benchmarks Version 1.00
Australia,Surface and Underground Drainage,Class B1 - 1 Cell,HW to suit 1200mm x 1200mm Class B1 - 1 Cell,1,each,-269.1274,3.0395,0.1089,0.5027,TfNSW Engineering Carbon and Cost Library (ECCL) Level 5 Road Benchmarks Version 1.00
Australia,Surface and Underground Drainage,Class B1 - 2 Cell,HW to suit 1200mm x 1200mm Class B1 - 2 Cell,1,each,-285.4740,3.6169,0.1310,0.5668,TfNSW Engineering Carbon and Cost Library (ECCL) Level 5 Road Benchmarks Version 1.00
Australia,Surface and Underground Drainage,Class B1 - 1 Cell,HW to suit 1500mm x 300mm Class B1 - 1 Cell,1,each,-96.7650,0.9628,0.0327,0.2275,TfNSW Engineering Carbon and Cost Library (ECCL) Level 5 Road Benchmarks Version 1.00
Australia,Surface and Underground Drainage,Class B1 - 2 Cell,HW to suit 1500mm x 300mm Class B1 - 2 Cell,1,each,-124.1990,1.3331,0.0461,0.2744,TfNSW Engineering Carbon and Cost Library (ECCL) Level 5 Road Benchmarks Version 1.00
Australia,Surface and Underground Drainage,Class B1 - 1 Cell,HW to suit 1500mm x 375mm Class B1 - 1 Cell,1,each,-102.9008,1.0642,0.0364,0.2382,TfNSW Engineering Carbon and Cost Library (ECCL) Level 5 Road Benchmarks Version 1.00
Australia,Surface and Underground Drainage,Class B1 - 1 Cell,HW to suit 1500mm x 450mm Class B1 - 1 Cell,1,each,-117.0560,1.1787,0.0404,0.2569,TfNSW Engineering Carbon and Cost Library (ECCL) Level 5 Road Benchmarks Version 1.00
Australia,Surface and Underground Drainage,Class B1 - 2 Cell,HW to suit 1500mm x 450mm Class B1 - 2 Cell,1,each,-144.4901,1.5964,0.0557,0.3093,TfNSW Engineering Carbon and Cost Library (ECCL) Level 5 Road Benchmarks Version 1.00
Australia,Surface and Underground Drainage,Class B1 - 1 Cell,HW to suit 1500mm x 600mm Class B1 - 1 Cell,1,each,-148.4345,1.4584,0.0503,0.2998,TfNSW Engineering Carbon and Cost Library (ECCL) Level 5 Road Benchmarks Version 1.00
Australia,Surface and Underground Drainage,Class B1 - 2 Cell,HW to suit 1500mm x 600mm Class B1 - 2 Cell,1,each,-175.8685,1.8761,0.0656,0.3543,TfNSW Engineering Carbon and Cost Library (ECCL) Level 5 Road Benchmarks Version 1.00
Australia,Surface and Underground Drainage,Class B1 - 5 Cell,HW to suit 1500mm x 600mm Class B1 - 5 Cell,1,each,-258.1706,3.2241,0.1151,0.5255,TfNSW Engineering Carbon and Cost Library (ECCL) Level 5 Road Benchmarks Version 1.00
Australia,Surface and Underground Drainage,Class B1 - 2 Cell,HW to suit 1500mm x 750mm Class B1 - 2 Cell,1,each,-195.7213,2.1864,0.0770,0.3942,TfNSW Engineering Carbon and Cost Library (ECCL) Level 5 Road Benchmarks Version 1.00
Australia,Surface and Underground Drainage,Class B1 - 1 Cell,HW to suit 1500mm x 900mm Class B1 - 1 Cell,1,each,-199.6657,2.2381,0.0789,0.3950,TfNSW Engineering Carbon and Cost Library (ECCL) Level 5 Road Benchmarks Version 1.00
Australia,Surface and Underground Drainage,Class B1 - 2 Cell,HW to suit 1500mm x 900mm Class B1 - 2 Cell,1,each,-227.0998,2.8454,0.1014,0.4676,TfNSW Engineering Carbon and Cost Library (ECCL) Level 5 Road Benchmarks Version 1.00
Australia,Surface and Underground Drainage,Class B1 - 6 Cell,HW to suit 1500mm x 900mm Class B1 - 6 Cell,1,each,-346.6085,5.4106,0.1947,0.8030,TfNSW Engineering Carbon and Cost Library (ECCL) Level 5 Road Benchmarks Version 1.00
Australia,Surface and Underground Drainage,Class B1 - 1 Cell,HW to suit 1500mm x 1200mm Class B1 - 1 Cell,1,each,-270.4422,3.1527,0.1134,0.5141,TfNSW Engineering Carbon and Cost Library (ECCL) Level 5 Road Benchmarks Version 1.00
Australia,Surface and Underground Drainage,Class B1 - 2 Cell,HW to suit 1500mm x 1200mm Class B1 - 2 Cell,1,each,-297.8762,4.0400,0.1450,0.6380,TfNSW Engineering Carbon and Cost Library (ECCL) Level 5 Road Benchmarks Version 1.00
Australia,Surface and Underground Drainage,Class B1 - 3 Cell,HW to suit 1500mm x 1200mm Class B1 - 3 Cell,1,each,-325.3102,4.7761,0.1728,0.7240,TfNSW Engineering Carbon and Cost Library (ECCL) Level 5 Road Benchmarks Version 1.00
Australia,Surface and Underground Drainage,Class B1 - 4 Cell,HW to suit 1500mm x 1500mm Class B1 - 4 Cell,1,each,-433.7315,7.8025,0.2846,1.0794,TfNSW Engineering Carbon and Cost Library (ECCL) Level 5 Road Benchmarks Version 1.00
Australia,Surface and Underground Drainage,Class B1 - 1 Cell,HW to suit 1800mm x 300mm Class B1 - 1 Cell,1,each,-98.0798,1.0590,0.0363,0.2353,TfNSW Engineering Carbon and Cost Library (ECCL) Level 5 Road Benchmarks Version 1.00
Australia,Surface and Underground Drainage,Class B1 - 1 Cell,HW to suit 1800mm x 450mm Class B1 - 1 Cell,1,each,-118.3709,1.2276,0.0423,0.2619,TfNSW Engineering Carbon and Cost Library (ECCL) Level 5 Road Benchmarks Version 1.00
Australia,Surface and Underground Drainage,Class B1 - 8 Cell,HW to suit 1800mm x 450mm Class B1 - 8 Cell,1,each,-358.7031,4.7687,0.1695,0.7392,TfNSW Engineering Carbon and Cost Library (ECCL) Level 5 Road Benchmarks Version 1.00
Australia,Surface and Underground Drainage,Class B1 - 12 Cell,HW to suit 1800mm x 450mm Class B1 - 12 Cell,1,each,-493.2436,6.7122,0.2404,0.9890,TfNSW Engineering Carbon and Cost Library (ECCL) Level 5 Road Benchmarks Version 1.00
Australia,Surface and Underground Drainage,Class B1 - 1 Cell,HW to suit 1800mm x 600mm Class B1 - 1 Cell,1,each,-149.7493,1.5073,0.0522,0.3047,TfNSW Engineering Carbon and Cost Library (ECCL) Level 5 Road Benchmarks Version 1.00
Australia,Surface and Underground Drainage,Class B1 - 5 Cell,HW to suit 1800mm x 600mm Class B1 - 5 Cell,1,each,-284.2898,3.5929,0.1285,0.5751,TfNSW Engineering Carbon and Cost Library (ECCL) Level 5 Road Benchmarks Version 1.00
Australia,Surface and Underground Drainage,Class B1 - 8 Cell,HW to suit 1800mm x 600mm Class B1 - 8 Cell,1,each,-390.0815,5.3803,0.1922,0.8246,TfNSW Engineering Carbon and Cost Library (ECCL) Level 5 Road Benchmarks Version 1.00
Australia,Surface and Underground Drainage,Class B1 - 1 Cell,HW to suit 1800mm x 750mm Class B1 - 1 Cell,1,each,-169.6021,1.7701,0.0618,0.3391,TfNSW Engineering Carbon and Cost Library (ECCL) Level 5 Road Benchmarks Version 1.00
Australia,Surface and Underground Drainage,Class B1 - 2 Cell,HW to suit 1800mm x 750mm Class B1 - 2 Cell,1,each,-208.1235,2.3465,0.0828,0.4172,TfNSW Engineering Carbon and Cost Library (ECCL) Level 5 Road Benchmarks Version 1.00
Australia,Surface and Underground Drainage,Class B1 - 3 Cell,HW to suit 1800mm x 750mm Class B1 - 3 Cell,1,each,-246.6450,2.9228,0.1038,0.4948,TfNSW Engineering Carbon and Cost Library (ECCL) Level 5 Road Benchmarks Version 1.00
Australia,Surface and Underground Drainage,Class B1 - 1 Cell,HW to suit 1800mm x 900mm Class B1 - 1 Cell,1,each,-210.7531,2.3493,0.0828,0.4126,TfNSW Engineering Carbon and Cost Library (ECCL) Level 5 Road Benchmarks Version 1.00
Australia,Surface and Underground Drainage,Class B1 - 2 Cell,HW to suit 1800mm x 900mm Class B1 - 2 Cell,1,each,-239.5020,3.0529,0.1091,0.4948,TfNSW Engineering Carbon and Cost Library (ECCL) Level 5 Road Benchmarks Version 1.00
Australia,Surface and Underground Drainage,Class B1 - 3 Cell,HW to suit 1800mm x 900mm Class B1 - 3 Cell,1,each,-278.0234,3.9397,0.1401,0.6245,TfNSW Engineering Carbon and Cost Library (ECCL) Level 5 Road Benchmarks Version 1.00
Australia,Surface and Underground Drainage,Class B1 - 4 Cell,HW to suit 1800mm x 900mm Class B1 - 4 Cell,1,each,-306.7722,4.6433,0.1664,0.7062,TfNSW Engineering Carbon and Cost Library (ECCL) Level 5 Road Benchmarks Version 1.00
Australia,Surface and Underground Drainage,Class B1 - 12 Cell,HW to suit 1800mm x 900mm Class B1 - 12 Cell,1,each,-575.8533,10.5735,0.3829,1.4683,TfNSW Engineering Carbon and Cost Library (ECCL) Level 5 Road Benchmarks Version 1.00
Australia,Surface and Underground Drainage,Class B1 - 1 Cell,HW to suit 1800mm x 1200mm Class B1 - 1 Cell,1,each,-271.7570,3.2489,0.1171,0.5240,TfNSW Engineering Carbon and Cost Library (ECCL) Level 5 Road Benchmarks Version 1.00
Australia,Surface and Underground Drainage,Class B1 - 2 Cell,HW to suit 1800mm x 1200mm Class B1 - 2 Cell,1,each,-310.2784,4.3118,0.1552,0.6708,TfNSW Engineering Carbon and Cost Library (ECCL) Level 5 Road Benchmarks Version 1.00
Australia,Surface and Underground Drainage,Class B1 - 4 Cell,HW to suit 1800mm x 1200mm Class B1 - 4 Cell,1,each,-377.5487,5.9914,0.2185,0.8715,TfNSW Engineering Carbon and Cost Library (ECCL) Level 5 Road Benchmarks Version 1.00
Australia,Surface and Underground Drainage,Class B1 - 1 Cell,HW to suit 1800mm x 1500mm Class B1 - 1 Cell,1,each,-352.7443,4.8754,0.1755,0.7335,TfNSW Engineering Carbon and Cost Library (ECCL) Level 5 Road Benchmarks Version 1.00
Australia,Surface and Underground Drainage,Class B1 - 2 Cell,HW to suit 1800mm x 1500mm Class B1 - 2 Cell,1,each,-381.4931,5.9922,0.2179,0.8550,TfNSW Engineering Carbon and Cost Library (ECCL) Level 5 Road Benchmarks Version 1.00
Australia,Surface and Underground Drainage,Class B1 - 5 Cell,HW to suit 1800mm x 1500mm Class B1 - 5 Cell,1,each,-487.2848,9.6051,0.3530,1.2798,TfNSW Engineering Carbon and Cost Library (ECCL) Level 5 Road Benchmarks Version 1.00
Australia,Surface and Underground Drainage,Class B1 - 1 Cell,HW to suit 1800mm x 1800mm Class B1 - 1 Cell,1,each,-372.2894,5.0476,0.1815,0.7605,TfNSW Engineering Carbon and Cost Library (ECCL) Level 5 Road Benchmarks Version 1.00
Australia,Surface and Underground Drainage,Class B1 - 3 Cell,HW to suit 1800mm x 1800mm Class B1 - 3 Cell,1,each,-439.5597,7.2961,0.2666,1.0120,TfNSW Engineering Carbon and Cost Library (ECCL) Level 5 Road Benchmarks Version 1.00
Australia,Surface and Underground Drainage,Class B1 - 1 Cell,HW to suit 1840mm x 625mm Class B1 - 1 Cell,1,each,-150.6258,1.5556,0.0540,0.3096,TfNSW Engineering Carbon and Cost Library (ECCL) Level 5 Road Benchmarks Version 1.00
Australia,Surface and Underground Drainage,Class B1 - 1 Cell,HW to suit 2100mm x 450mm Class B1 - 1 Cell,1,each,-129.4583,1.3388,0.0462,0.2786,TfNSW Engineering Carbon and Cost Library (ECCL) Level 5 Road Benchmarks Version 1.00
Australia,Surface and Underground Drainage,Class B1 - 2 Cell,HW to suit 2100mm x 450mm Class B1 - 2 Cell,1,each,-159.5219,1.8541,0.0652,0.3405,TfNSW Engineering Carbon and Cost Library (ECCL) Level 5 Road Benchmarks Version 1.00
Australia,Surface and Underground Drainage,Class B1 - 1 Cell,HW to suit 2100mm x 600mm Class B1 - 1 Cell,1,each,-151.0641,1.6035,0.0558,0.3134,TfNSW Engineering Carbon and Cost Library (ECCL) Level 5 Road Benchmarks Version 1.00
Australia,Surface and Underground Drainage,Class B1 - 2 Cell,HW to suit 2100mm x 600mm Class B1 - 2 Cell,1,each,-190.9004,2.1812,0.0769,0.3905,TfNSW Engineering Carbon and Cost Library (ECCL) Level 5 Road Benchmarks Version 1.00
Australia,Surface and Underground Drainage,Class B1 - 1 Cell,HW to suit 2100mm x 750mm Class B1 - 1 Cell,1,each,-180.6895,1.8339,0.0639,0.3534,TfNSW Engineering Carbon and Cost Library (ECCL) Level 5 Road Benchmarks Version 1.00
Australia,Surface and Underground Drainage,Class B1 - 1 Cell,HW to suit 2100mm x 900mm Class B1 - 1 Cell,1,each,-212.0680,2.4455,0.0865,0.4218,TfNSW Engineering Carbon and Cost Library (ECCL) Level 5 Road Benchmarks Version 1.00
Australia,Surface and Underground Drainage,Class B1 - 2 Cell,HW to suit 2100mm x 900mm Class B1 - 2 Cell,1,each,-251.9042,3.2603,0.1167,0.5219,TfNSW Engineering Carbon and Cost Library (ECCL) Level 5 Road Benchmarks Version 1.00
Australia,Surface and Underground Drainage,Class B1 - 3 Cell,HW to suit 2100mm x 900mm Class B1 - 3 Cell,1,each,-291.7404,4.2434,0.1514,0.6608,TfNSW Engineering Carbon and Cost Library (ECCL) Level 5 Road Benchmarks Version 1.00
Australia,Surface and Underground Drainage,Class B1 - 1 Cell,HW to suit 2100mm x 1200mm Class B1 - 1 Cell,1,each,-282.8444,3.4075,0.1228,0.5458,TfNSW Engineering Carbon and Cost Library (ECCL) Level 5 Road Benchmarks Version 1.00
Australia,Surface and Underground Drainage,Class B1 - 10 Cell,HW to suit 2100mm x 1200mm Class B1 - 10 Cell,1,each,-631.5979,12.9092,0.4740,1.7489,TfNSW Engineering Carbon and Cost Library (ECCL) Level 5 Road Benchmarks Version 1.00
Australia,Surface and Underground Drainage,Class B1 - 24 Cell,HW to suit 2100mm x 1200mm Class B1 - 24 Cell,1,each,-1169.7601,27.4882,1.0148,3.5704,TfNSW Engineering Carbon and Cost Library (ECCL) Level 5 Road Benchmarks Version 1.00
Australia,Surface and Underground Drainage,Class B1 - 57 Cell,HW to suit 2100mm x 1200mm Class B1 - 57 Cell,1,each,-2445.2655,61.7894,2.2888,7.8424,TfNSW Engineering Carbon and Cost Library (ECCL) Level 5 Road Benchmarks Version 1.00
Australia,Surface and Underground Drainage,Class B1 - 1 Cell,HW to suit 2100mm x 1500mm Class B1 - 1 Cell,1,each,-354.0591,5.0834,0.1836,0.7520,TfNSW Engineering Carbon and Cost Library (ECCL) Level 5 Road Benchmarks Version 1.00
Australia,Surface and Underground Drainage,Class B1 - 1 Cell,HW to suit 2100mm x 1800mm Class B1 - 1 Cell,1,each,-373.6042,5.2082,0.1878,0.7757,TfNSW Engineering Carbon and Cost Library (ECCL) Level 5 Road Benchmarks Version 1.00
Australia,Surface and Underground Drainage,Class B1 - 1 Cell,HW to suit 2100mm x 2100mm Class B1 - 1 Cell,1,each,-393.1494,5.3803,0.1938,0.8027,TfNSW Engineering Carbon and Cost Library (ECCL) Level 5 Road Benchmarks Version 1.00
Australia,Surface and Underground Drainage,Class B1 - 1 Cell,HW to suit 2400mm x 450mm Class B1 - 1 Cell,1,each,-130.7731,1.3876,0.0481,0.2831,TfNSW Engineering Carbon and Cost Library (ECCL) Level 5 Road Benchmarks Version 1.00
Australia,Surface and Underground Drainage,Class B1 - 2 Cell,HW to suit 2400mm x 450mm Class B1 - 2 Cell,1,each,-171.9241,2.0141,0.0710,0.3622,TfNSW Engineering Carbon and Cost Library (ECCL) Level 5 Road Benchmarks Version 1.00
Australia,Surface and Underground Drainage,Class B1 - 1 Cell,HW to suit 2400mm x 600mm Class B1 - 1 Cell,1,each,-162.1515,1.6673,0.0580,0.3269,TfNSW Engineering Carbon and Cost Library (ECCL) Level 5 Road Benchmarks Version 1.00
Australia,Surface and Underground Drainage,Class B1 - 2 Cell,HW to suit 2400mm x 600mm Class B1 - 2 Cell,1,each,-203.3026,2.3413,0.0827,0.4126,TfNSW Engineering Carbon and Cost Library (ECCL) Level 5 Road Benchmarks Version 1.00
Australia,Surface and Underground Drainage,Class B1 - 6 Cell,HW to suit 2400mm x 750mm Class B1 - 6 Cell,1,each,-397.5321,5.7677,0.2070,0.8748,TfNSW Engineering Carbon and Cost Library (ECCL) Level 5 Road Benchmarks Version 1.00
Australia,Surface and Underground Drainage,Class B1 - 1 Cell,HW to suit 2400mm x 900mm Class B1 - 1 Cell,1,each,-213.3828,2.5418,0.0902,0.4313,TfNSW Engineering Carbon and Cost Library (ECCL) Level 5 Road Benchmarks Version 1.00
Australia,Surface and Underground Drainage,Class B1 - 2 Cell,HW to suit 2400mm x 900mm Class B1 - 2 Cell,1,each,-264.3064,3.4677,0.1243,0.5487,TfNSW Engineering Carbon and Cost Library (ECCL) Level 5 Road Benchmarks Version 1.00
Australia,Surface and Underground Drainage,Class B1 - 3 Cell,HW to suit 2400mm x 900mm Class B1 - 3 Cell,1,each,-305.4574,4.5470,0.1627,0.6971,TfNSW Engineering Carbon and Cost Library (ECCL) Level 5 Road Benchmarks Version 1.00
Australia,Surface and Underground Drainage,Class B1 - 5 Cell,HW to suit 2400mm x 900mm Class B1 - 5 Cell,1,each,-387.7595,6.3217,0.2286,0.9119,TfNSW Engineering Carbon and Cost Library (ECCL) Level 5 Road Benchmarks Version 1.00
Australia,Surface and Underground Drainage,Class B1 - 1 Cell,HW to suit 2400mm x 1200mm Class B1 - 1 Cell,1,each,-284.1592,3.5038,0.1265,0.5558,TfNSW Engineering Carbon and Cost Library (ECCL) Level 5 Road Benchmarks Version 1.00
Australia,Surface and Underground Drainage,Class B1 - 2 Cell,HW to suit 2400mm x 1200mm Class B1 - 2 Cell,1,each,-325.3102,4.7761,0.1728,0.7240,TfNSW Engineering Carbon and Cost Library (ECCL) Level 5 Road Benchmarks Version 1.00
Australia,Surface and Underground Drainage,Class B1 - 3 Cell,HW to suit 2400mm x 1200mm Class B1 - 3 Cell,1,each,-366.4613,5.8802,0.2146,0.8531,TfNSW Engineering Carbon and Cost Library (ECCL) Level 5 Road Benchmarks Version 1.00
Australia,Surface and Underground Drainage,Class B1 - 7 Cell,HW to suit 2400mm x 1200mm Class B1 - 7 Cell,1,each,-540.8380,10.6310,0.3902,1.4546,TfNSW Engineering Carbon and Cost Library (ECCL) Level 5 Road Benchmarks Version 1.00
Australia,Surface and Underground Drainage,Class B1 - 1 Cell,HW to suit 2400mm x 1500mm Class B1 - 1 Cell,1,each,-355.3739,5.2271,0.1891,0.7662,TfNSW Engineering Carbon and Cost Library (ECCL) Level 5 Road Benchmarks Version 1.00
Australia,Surface and Underground Drainage,Class B1 - 2 Cell,HW to suit 2400mm x 1500mm Class B1 - 2 Cell,1,each,-406.2975,6.6780,0.2439,0.9340,TfNSW Engineering Carbon and Cost Library (ECCL) Level 5 Road Benchmarks Version 1.00
Australia,Surface and Underground Drainage,Class B1 - 3 Cell,HW to suit 2400mm x 1500mm Class B1 - 3 Cell,1,each,-447.4486,8.2653,0.3022,1.1314,TfNSW Engineering Carbon and Cost Library (ECCL) Level 5 Road Benchmarks Version 1.00
Australia,Surface and Underground Drainage,Class B1 - 5 Cell,HW to suit 2400mm x 1500mm Class B1 - 5 Cell,1,each,-529.7506,11.3529,0.4176,1.4924,TfNSW Engineering Carbon and Cost Library (ECCL) Level 5 Road Benchmarks Version 1.00
Australia,Surface and Underground Drainage,Class B1 - 8 Cell,HW to suit 2400mm x 1500mm Class B1 - 8 Cell,1,each,-662.9764,15.8745,0.5869,2.0202,TfNSW Engineering Carbon and Cost Library (ECCL) Level 5 Road Benchmarks Version 1.00
Australia,Surface and Underground Drainage,Class B1 - 1 Cell,HW to suit 2400mm x 1800mm Class B1 - 1 Cell,1,each,-384.6916,5.3668,0.1936,0.7983,TfNSW Engineering Carbon and Cost Library (ECCL) Level 5 Road Benchmarks Version 1.00
Australia,Surface and Underground Drainage,Class B1 - 1 Cell,HW to suit 2400mm  x 2100mm Class B1 - 1 Cell,1,each,-404.2368,5.5389,0.1995,0.8254,TfNSW Engineering Carbon and Cost Library (ECCL) Level 5 Road Benchmarks Version 1.00
Australia,Surface and Underground Drainage,Class B1 - 1 Cell,HW to suit 2400mm x 2400mm Class B1 - 1 Cell,1,each,-423.7820,6.3748,0.2310,0.8993,TfNSW Engineering Carbon and Cost Library (ECCL) Level 5 Road Benchmarks Version 1.00
Australia,Surface and Underground Drainage,Class B1 - 2 Cell,HW to suit 2400mm x 2400mm Class B1 - 2 Cell,1,each,-464.9330,8.0479,0.2946,1.0754,TfNSW Engineering Carbon and Cost Library (ECCL) Level 5 Road Benchmarks Version 1.00
Australia,Surface and Underground Drainage,Class B1 - 3 Cell,HW to suit 2400mm x 2400mm Class B1 - 3 Cell,1,each,-506.0841,9.8248,0.3602,1.2862,TfNSW Engineering Carbon and Cost Library (ECCL) Level 5 Road Benchmarks Version 1.00
Australia,Surface and Underground Drainage,Class B1 - 6 Cell,HW to suit 2400mm x 2400mm Class B1 - 6 Cell,1,each,-639.3098,14.9154,0.5514,1.8542,TfNSW Engineering Carbon and Cost Library (ECCL) Level 5 Road Benchmarks Version 1.00
Australia,Surface and Underground Drainage,Class B1 - 1 Cell,HW to suit 2450mm x 1200mm Class B1 - 1 Cell,1,each,-284.5975,3.5212,0.1273,0.5573,TfNSW Engineering Carbon and Cost Library (ECCL) Level 5 Road Benchmarks Version 1.00
Australia,Surface and Underground Drainage,Class B1 - 1 Cell,HW to suit 2700mm x 600mm Class B1 - 1 Cell,1,each,-163.4663,1.7161,0.0598,0.3322,TfNSW Engineering Carbon and Cost Library (ECCL) Level 5 Road Benchmarks Version 1.00
Australia,Surface and Underground Drainage,Class B1 - 2 Cell,HW to suit 2700mm x 600mm Class B1 - 2 Cell,1,each,-215.7048,2.5013,0.0885,0.4348,TfNSW Engineering Carbon and Cost Library (ECCL) Level 5 Road Benchmarks Version 1.00
Australia,Surface and Underground Drainage,Class B1 - 4 Cell,HW to suit 2700mm x 600mm Class B1 - 4 Cell,1,each,-310.4091,4.1775,0.1483,0.6671,TfNSW Engineering Carbon and Cost Library (ECCL) Level 5 Road Benchmarks Version 1.00
Australia,Surface and Underground Drainage,Class B1 - 2 Cell,HW to suit 2700mm x 750mm Class B1 - 2 Cell,1,each,-235.5576,2.8116,0.0999,0.4776,TfNSW Engineering Carbon and Cost Library (ECCL) Level 5 Road Benchmarks Version 1.00
Australia,Surface and Underground Drainage,Class B1 - 1 Cell,HW to suit 2700mm x 900mm Class B1 - 1 Cell,1,each,-224.4702,2.6530,0.0941,0.4489,TfNSW Engineering Carbon and Cost Library (ECCL) Level 5 Road Benchmarks Version 1.00
Australia,Surface and Underground Drainage,Class B1 - 2 Cell,HW to suit 2700mm x 900mm Class B1 - 2 Cell,1,each,-266.9360,3.6602,0.1316,0.5674,TfNSW Engineering Carbon and Cost Library (ECCL) Level 5 Road Benchmarks Version 1.00
Australia,Surface and Underground Drainage,Class B1 - 4 Cell,HW to suit 2700mm x 900mm Class B1 - 4 Cell,1,each,-371.4129,5.8255,0.2100,0.8569,TfNSW Engineering Carbon and Cost Library (ECCL) Level 5 Road Benchmarks Version 1.00
Australia,Surface and Underground Drainage,Class B1 - 8 Cell,HW to suit 2700mm x 900mm Class B1 - 8 Cell,1,each,-560.8215,10.2210,0.3697,1.4258,TfNSW Engineering Carbon and Cost Library (ECCL) Level 5 Road Benchmarks Version 1.00
Australia,Surface and Underground Drainage,Class B1 - 1 Cell,HW to suit 2700mm x 1200mm Class B1 - 1 Cell,1,each,-285.4740,3.6169,0.1310,0.5668,TfNSW Engineering Carbon and Cost Library (ECCL) Level 5 Road Benchmarks Version 1.00
Australia,Surface and Underground Drainage,Class B1 - 2 Cell,HW to suit 2700mm x 1200mm Class B1 - 2 Cell,1,each,-337.7124,5.0479,0.1831,0.7567,TfNSW Engineering Carbon and Cost Library (ECCL) Level 5 Road Benchmarks Version 1.00
Australia,Surface and Underground Drainage,Class B1 - 4 Cell,HW to suit 2700mm x 1200mm Class B1 - 4 Cell,1,each,-432.4167,7.6317,0.2788,1.0824,TfNSW Engineering Carbon and Cost Library (ECCL) Level 5 Road Benchmarks Version 1.00
Australia,Surface and Underground Drainage,Class B1 - 1 Cell,HW to suit 2700mm x 1500mm Class B1 - 1 Cell,1,each,-366.4613,5.3857,0.1949,0.7888,TfNSW Engineering Carbon and Cost Library (ECCL) Level 5 Road Benchmarks Version 1.00
Australia,Surface and Underground Drainage,Class B1 - 2 Cell,HW to suit 2700mm x 1500mm Class B1 - 2 Cell,1,each,-408.9271,6.9653,0.2549,0.9623,TfNSW Engineering Carbon and Cost Library (ECCL) Level 5 Road Benchmarks Version 1.00
Australia,Surface and Underground Drainage,Class B1 - 5 Cell,HW to suit 2700mm  x 1500mm Class B1 - 5 Cell,1,each,-555.8699,12.1655,0.4482,1.5846,TfNSW Engineering Carbon and Cost Library (ECCL) Level 5 Road Benchmarks Version 1.00
Australia,Surface and Underground Drainage,Class B1 - 1 Cell,HW to suit 2700mm x 1800mm Class B1 - 1 Cell,1,each,-386.0065,5.5578,0.2009,0.8159,TfNSW Engineering Carbon and Cost Library (ECCL) Level 5 Road Benchmarks Version 1.00
Australia,Surface and Underground Drainage,Class B1 - 1 Cell,HW to suit 2700mm x 2100mm Class B1 - 1 Cell,1,each,-405.5516,5.6826,0.2050,0.8395,TfNSW Engineering Carbon and Cost Library (ECCL) Level 5 Road Benchmarks Version 1.00
Australia,Surface and Underground Drainage,Class B1 - 2 Cell,HW to suit 2700mm x 2100mm Class B1 - 2 Cell,1,each,-457.7901,7.3246,0.2671,1.0249,TfNSW Engineering Carbon and Cost Library (ECCL) Level 5 Road Benchmarks Version 1.00
Australia,Surface and Underground Drainage,Class B1 - 1 Cell,HW to suit 2700mm x 2400mm Class B1 - 1 Cell,1,each,-425.0968,6.5659,0.2383,0.9168,TfNSW Engineering Carbon and Cost Library (ECCL) Level 5 Road Benchmarks Version 1.00
Australia,Surface and Underground Drainage,Class B1 - 2 Cell,HW to suit 2700mm x 2400mm Class B1 - 2 Cell,1,each,-477.3353,8.3975,0.3077,1.1156,TfNSW Engineering Carbon and Cost Library (ECCL) Level 5 Road Benchmarks Version 1.00
Australia,Surface and Underground Drainage,Class B1 - 3 Cell,HW to suit 2700mm x 2400mm Class B1 - 3 Cell,1,each,-519.8011,10.3825,0.3814,1.3449,TfNSW Engineering Carbon and Cost Library (ECCL) Level 5 Road Benchmarks Version 1.00
Australia,Surface and Underground Drainage,Class B1 - 4 Cell,HW to suit 2700mm x 2400mm Class B1 - 4 Cell,1,each,-572.0396,12.2141,0.4507,1.5436,TfNSW Engineering Carbon and Cost Library (ECCL) Level 5 Road Benchmarks Version 1.00
Australia,Surface and Underground Drainage,Class B1 - 5 Cell,HW to suit 2700mm x 2400mm Class B1 - 5 Cell,1,each,-624.2780,14.2140,0.5247,1.7814,TfNSW Engineering Carbon and Cost Library (ECCL) Level 5 Road Benchmarks Version 1.00
Australia,Surface and Underground Drainage,Class B1 - 2 Cell,HW to suit 2700mm x 2700mm Class B1 - 2 Cell,1,each,-496.8804,8.5697,0.3137,1.1426,TfNSW Engineering Carbon and Cost Library (ECCL) Level 5 Road Benchmarks Version 1.00
Australia,Surface and Underground Drainage,Class B1 - 3 Cell,HW to suit 2700mm x 2700mm Class B1 - 3 Cell,1,each,-539.3463,10.5546,0.3874,1.3719,TfNSW Engineering Carbon and Cost Library (ECCL) Level 5 Road Benchmarks Version 1.00
Australia,Surface and Underground Drainage,Class B1 - 1 Cell,HW to suit 2800mm x 900mm Class B1 - 1 Cell,1,each,-224.9084,2.7008,0.0959,0.4532,TfNSW Engineering Carbon and Cost Library (ECCL) Level 5 Road Benchmarks Version 1.00
Australia,Surface and Underground Drainage,Class B1 - 1 Cell,HW to suit 3000mm x 0450mm Class B1 - 1 Cell,1,each,-143.1753,1.5476,0.0539,0.3048,TfNSW Engineering Carbon and Cost Library (ECCL) Level 5 Road Benchmarks Version 1.00
Australia,Surface and Underground Drainage,Class B1 - 1 Cell,HW to suit 3000mm x 0600mm Class B1 - 1 Cell,1,each,-164.7811,1.8124,0.0635,0.3409,TfNSW Engineering Carbon and Cost Library (ECCL) Level 5 Road Benchmarks Version 1.00
Australia,Surface and Underground Drainage,Class B1 - 4 Cell,HW to suit 3000mm x 0600mm Class B1 - 4 Cell,1,each,-325.4409,4.4352,0.1578,0.6995,TfNSW Engineering Carbon and Cost Library (ECCL) Level 5 Road Benchmarks Version 1.00
Australia,Surface and Underground Drainage,Class B1 - 1 Cell,HW to suit 3000mm x 0750mm Class B1 - 1 Cell,1,each,-194.4065,2.0902,0.0733,0.3851,TfNSW Engineering Carbon and Cost Library (ECCL) Level 5 Road Benchmarks Version 1.00
Australia,Surface and Underground Drainage,Class B1 - 1 Cell,HW to suit 3000mm x 0900mm Class B1 - 1 Cell,1,each,-225.7850,2.7492,0.0978,0.4585,TfNSW Engineering Carbon and Cost Library (ECCL) Level 5 Road Benchmarks Version 1.00
Australia,Surface and Underground Drainage,Class B1 - 2 Cell,HW to suit 3000mm x 0900mm Class B1 - 2 Cell,1,each,-279.3382,4.0359,0.1438,0.6336,TfNSW Engineering Carbon and Cost Library (ECCL) Level 5 Road Benchmarks Version 1.00
Australia,Surface and Underground Drainage,Class B1 - 4 Cell,HW to suit 3000mm x 0900mm Class B1 - 4 Cell,1,each,-386.4447,6.2254,0.2249,0.9028,TfNSW Engineering Carbon and Cost Library (ECCL) Level 5 Road Benchmarks Version 1.00
Australia,Surface and Underground Drainage,Class B1 - 1 Cell,HW to suit 3000mm x 1200mm Class B1 - 1 Cell,1,each,-296.5614,3.7755,0.1368,0.5890,TfNSW Engineering Carbon and Cost Library (ECCL) Level 5 Road Benchmarks Version 1.00
Australia,Surface and Underground Drainage,Class B1 - 2 Cell,HW to suit 3000mm x 1200mm Class B1 - 2 Cell,1,each,-350.1146,5.2553,0.1907,0.7856,TfNSW Engineering Carbon and Cost Library (ECCL) Level 5 Road Benchmarks Version 1.00
Australia,Surface and Underground Drainage,Class B1 - 3 Cell,HW to suit 3000mm x 1200mm Class B1 - 3 Cell,1,each,-403.6679,6.6312,0.2427,0.9475,TfNSW Engineering Carbon and Cost Library (ECCL) Level 5 Road Benchmarks Version 1.00
Australia,Surface and Underground Drainage,Class B1 - 4 Cell,HW to suit 3000mm x 1200mm Class B1 - 4 Cell,1,each,-457.2211,8.1584,0.2984,1.1474,TfNSW Engineering Carbon and Cost Library (ECCL) Level 5 Road Benchmarks Version 1.00
Australia,Surface and Underground Drainage,Class B1 - 5 Cell,HW to suit 3000mm x 1200mm Class B1 - 5 Cell,1,each,-510.7744,9.5173,0.3496,1.3083,TfNSW Engineering Carbon and Cost Library (ECCL) Level 5 Road Benchmarks Version 1.00
Australia,Surface and Underground Drainage,Class B1 - 1 Cell,HW to suit 3000mm x 1500mm Class B1 - 1 Cell,1,each,-367.7761,5.5294,0.2004,0.8030,TfNSW Engineering Carbon and Cost Library (ECCL) Level 5 Road Benchmarks Version 1.00
Australia,Surface and Underground Drainage,Class B1 - 2 Cell,HW to suit 3000mm x 1500mm Class B1 - 2 Cell,1,each,-421.3293,7.3320,0.2688,1.0035,TfNSW Engineering Carbon and Cost Library (ECCL) Level 5 Road Benchmarks Version 1.00
Australia,Surface and Underground Drainage,Class B1 - 3 Cell,HW to suit 3000mm x 1500mm Class B1 - 3 Cell,1,each,-474.8826,9.2384,0.3391,1.2387,TfNSW Engineering Carbon and Cost Library (ECCL) Level 5 Road Benchmarks Version 1.00
Australia,Surface and Underground Drainage,Class B1 - 4 Cell,HW to suit 3000mm x 1500mm Class B1 - 4 Cell,1,each,-528.4358,11.1923,0.4113,1.4772,TfNSW Engineering Carbon and Cost Library (ECCL) Level 5 Road Benchmarks Version 1.00
Australia,Surface and Underground Drainage,Class B1 - 1 Cell,HW to suit 3000mm x 1800mm Class B1 - 1 Cell,1,each,-387.3213,5.7015,0.2064,0.8300,TfNSW Engineering Carbon and Cost Library (ECCL) Level 5 Road Benchmarks Version 1.00
Australia,Surface and Underground Drainage,Class B1 - 1 Cell,HW to suit 3000mm x 2400mm Class B1 - 1 Cell,1,each,-426.4116,6.7096,0.2438,0.9310,TfNSW Engineering Carbon and Cost Library (ECCL) Level 5 Road Benchmarks Version 1.00
Australia,Surface and Underground Drainage,Class B1 - 2 Cell,HW to suit 3000mm x 2400mm Class B1 - 2 Cell,1,each,-479.9649,8.7492,0.3213,1.1482,TfNSW Engineering Carbon and Cost Library (ECCL) Level 5 Road Benchmarks Version 1.00
Australia,Surface and Underground Drainage,Class B1 - 3 Cell,HW to suit 3000mm  x 2400mm Class B1 - 3 Cell,1,each,-533.5181,10.9402,0.4026,1.4035,TfNSW Engineering Carbon and Cost Library (ECCL) Level 5 Road Benchmarks Version 1.00
Australia,Surface and Underground Drainage,Class B1 - 4 Cell,HW to suit 3000mm x 2400mm Class B1 - 4 Cell,1,each,-587.0714,13.0837,0.4820,1.6555,TfNSW Engineering Carbon and Cost Library (ECCL) Level 5 Road Benchmarks Version 1.00
Australia,Surface and Underground Drainage,Class B1 - 5 Cell,HW to suit 3000mm x 2400mm Class B1 - 5 Cell,1,each,-640.6246,15.1234,0.5595,1.8727,TfNSW Engineering Carbon and Cost Library (ECCL) Level 5 Road Benchmarks Version 1.00
Australia,Surface and Underground Drainage,Class B1 - 1 Cell,HW to suit 3000mm x 2700mm Class B1 - 1 Cell,1,each,-455.7294,6.9440,0.2519,0.9699,TfNSW Engineering Carbon and Cost Library (ECCL) Level 5 Road Benchmarks Version 1.00
Australia,Surface and Underground Drainage,Class B1 - 2 Cell,HW to suit 3000mm x 2700mm Class B1 - 2 Cell,1,each,-509.2826,8.9363,0.3276,1.1838,TfNSW Engineering Carbon and Cost Library (ECCL) Level 5 Road Benchmarks Version 1.00
Australia,Surface and Underground Drainage,Class B1 - 1 Cell,HW to suit 3000mm x 3000mm Class B1 - 1 Cell,1,each,-475.2746,7.1162,0.2579,0.9969,TfNSW Engineering Carbon and Cost Library (ECCL) Level 5 Road Benchmarks Version 1.00
Australia,Surface and Underground Drainage,Class B1 - 2 Cell,HW to suit 3000mm x 3000mm Class B1 - 2 Cell,1,each,-528.8278,9.1084,0.3336,1.2108,TfNSW Engineering Carbon and Cost Library (ECCL) Level 5 Road Benchmarks Version 1.00
Australia,Surface and Underground Drainage,Class B1 - 3 Cell,HW to suit 3000mm x 3000mm Class B1 - 3 Cell,1,each,-582.3811,11.2994,0.4148,1.4661,TfNSW Engineering Carbon and Cost Library (ECCL) Level 5 Road Benchmarks Version 1.00
Australia,Surface and Underground Drainage,Class B1 - 4 Cell,HW to suit 3000mm x 3000mm Class B1 - 4 Cell,1,each,-635.9343,13.4429,0.4942,1.7180,TfNSW Engineering Carbon and Cost Library (ECCL) Level 5 Road Benchmarks Version 1.00
Australia,Surface and Underground Drainage,Class B1 - 1 Cell,HW to suit 3100mm x 1800mm Class B1 - 1 Cell,1,each,-387.7595,5.7663,0.2090,0.8357,TfNSW Engineering Carbon and Cost Library (ECCL) Level 5 Road Benchmarks Version 1.00
Australia,Surface and Underground Drainage,Class B1 - 1 Cell,HW to suit 3300mm x 0600mm Class B1 - 1 Cell,1,each,-175.8685,1.8761,0.0656,0.3543,TfNSW Engineering Carbon and Cost Library (ECCL) Level 5 Road Benchmarks Version 1.00
Australia,Surface and Underground Drainage,Class B1 - 3 Cell,HW to suit 3300mm x 0600mm Class B1 - 3 Cell,1,each,-285.6047,3.6892,0.1321,0.5838,TfNSW Engineering Carbon and Cost Library (ECCL) Level 5 Road Benchmarks Version 1.00
Australia,Surface and Underground Drainage,Class B1 - 1 Cell,HW to suit 3300mm x 1200mm Class B1 - 1 Cell,1,each,-297.8762,4.0400,0.1450,0.6380,TfNSW Engineering Carbon and Cost Library (ECCL) Level 5 Road Benchmarks Version 1.00
Australia,Surface and Underground Drainage,Class B1 - 4 Cell,HW to suit 3300mm x 1200mm Class B1 - 4 Cell,1,each,-472.2530,8.6226,0.3160,1.2005,TfNSW Engineering Carbon and Cost Library (ECCL) Level 5 Road Benchmarks Version 1.00
Australia,Surface and Underground Drainage,Class B1 - 1 Cell,HW to suit 3100mm x 1800mm Class B1 - 1 Cell,1,each,-387.7595,5.7663,0.2090,0.8357,TfNSW Engineering Carbon and Cost Library (ECCL) Level 5 Road Benchmarks Version 1.00
Australia,Surface and Underground Drainage,Class B1 - 1 Cell,HW to suit 3300mm x 3000mm Class B1 - 1 Cell,1,each,-476.5894,7.2768,0.2642,1.0121,TfNSW Engineering Carbon and Cost Library (ECCL) Level 5 Road Benchmarks Version 1.00
Australia,Surface and Underground Drainage,Class B1 - 3 Cell,HW to suit 3300mm x 1500mm Class B1 - 3 Cell,1,each,-488.5996,9.7487,0.3585,1.2940,TfNSW Engineering Carbon and Cost Library (ECCL) Level 5 Road Benchmarks Version 1.00
Australia,Surface and Underground Drainage,Class B1 - 1 Cell,HW to suit 3300mm x 1800mm Class B1 - 1 Cell,1,each,-398.4087,5.8770,0.2129,0.8537,TfNSW Engineering Carbon and Cost Library (ECCL) Level 5 Road Benchmarks Version 1.00
Australia,Surface and Underground Drainage,Class B1 - 1 Cell,HW to suit 3300mm x 2400mm Class B1 - 1 Cell,1,each,-437.4990,6.9325,0.2522,0.9580,TfNSW Engineering Carbon and Cost Library (ECCL) Level 5 Road Benchmarks Version 1.00
Australia,Surface and Underground Drainage,Class B1 - 3 Cell,HW to suit 3300mm x 2400mm Class B1 - 3 Cell,1,each,-547.2351,11.4504,0.4219,1.4589,TfNSW Engineering Carbon and Cost Library (ECCL) Level 5 Road Benchmarks Version 1.00
Australia,Surface and Underground Drainage,Class B1 - 1 Cell,HW to suit 3300mm x 3300mm Class B1 - 1 Cell,1,each,-496.1346,7.4489,0.2702,1.0391,TfNSW Engineering Carbon and Cost Library (ECCL) Level 5 Road Benchmarks Version 1.00
Australia,Surface and Underground Drainage,Class B1 - 1 Cell,HW to suit 3348mm x 3004mm Class B1 - 1 Cell,1,each,-476.5894,7.3242,0.2660,1.0158,TfNSW Engineering Carbon and Cost Library (ECCL) Level 5 Road Benchmarks Version 1.00
Australia,Surface and Underground Drainage,Class B1 - 3 Cell,HW to suit 3353mm x 1500mm Class B1 - 3 Cell,1,each,-489.0379,9.7966,0.3603,1.2992,TfNSW Engineering Carbon and Cost Library (ECCL) Level 5 Road Benchmarks Version 1.00
Australia,Surface and Underground Drainage,Class B1 - 2 Cell,HW to suit 3540mm x 3520mm Class B1 - 2 Cell,1,each,-582.5117,10.2744,0.3750,1.3716,TfNSW Engineering Carbon and Cost Library (ECCL) Level 5 Road Benchmarks Version 1.00
Australia,Surface and Underground Drainage,Class B1 - 3 Cell,HW to suit 3600mm x 600mm Class B1 - 3 Cell,1,each,-299.3217,4.0663,0.1444,0.6499,TfNSW Engineering Carbon and Cost Library (ECCL) Level 5 Road Benchmarks Version 1.00
Australia,Surface and Underground Drainage,Class B1 - 4 Cell,HW to suit 3600mm x 600mm Class B1 - 4 Cell,1,each,-365.2771,5.0603,0.1807,0.7799,TfNSW Engineering Carbon and Cost Library (ECCL) Level 5 Road Benchmarks Version 1.00
Australia,Surface and Underground Drainage,Class B1 - 1 Cell,HW to suit 3600mm x 900mm Class B1 - 1 Cell,1,each,-238.1872,2.9566,0.1054,0.4852,TfNSW Engineering Carbon and Cost Library (ECCL) Level 5 Road Benchmarks Version 1.00
Australia,Surface and Underground Drainage,Class B1 - 15 Cell,HW to suit 3600mm x 900mm Class B1 - 15 Cell,1,each,-1112.7006,22.2643,0.8113,2.9501,TfNSW Engineering Carbon and Cost Library (ECCL) Level 5 Road Benchmarks Version 1.00
Australia,Surface and Underground Drainage,Class B1 - 1 Cell,HW to suit 3600mm x 1200mm Class B1 - 1 Cell,1,each,-299.1910,4.1532,0.1495,0.6490,TfNSW Engineering Carbon and Cost Library (ECCL) Level 5 Road Benchmarks Version 1.00
Australia,Surface and Underground Drainage,Class B1 - 2 Cell,HW to suit 3600mm x 1200mm Class B1 - 2 Cell,1,each,-365.1465,5.7839,0.2109,0.8431,TfNSW Engineering Carbon and Cost Library (ECCL) Level 5 Road Benchmarks Version 1.00
Australia,Surface and Underground Drainage,Class B1 - 3 Cell,HW to suit 3600mm x 1200mm Class B1 - 3 Cell,1,each,-431.1019,7.5186,0.2743,1.0714,TfNSW Engineering Carbon and Cost Library (ECCL) Level 5 Road Benchmarks Version 1.00
Australia,Surface and Underground Drainage,Class B1 - 6 Cell,HW to suit 3600mm x 1200mm Class B1 - 6 Cell,1,each,-619.1957,12.4692,0.4592,1.6771,TfNSW Engineering Carbon and Cost Library (ECCL) Level 5 Road Benchmarks Version 1.00
Australia,Surface and Underground Drainage,Class B1 - 1 Cell,HW to suit 3600mm x 1500mm Class B1 - 1 Cell,1,each,-380.1783,5.8486,0.2124,0.8408,TfNSW Engineering Carbon and Cost Library (ECCL) Level 5 Road Benchmarks Version 1.00
Australia,Surface and Underground Drainage,Class B1 - 2 Cell,HW to suit 3600mm x 1500mm Class B1 - 2 Cell,1,each,-446.1337,8.1217,0.2967,1.1172,TfNSW Engineering Carbon and Cost Library (ECCL) Level 5 Road Benchmarks Version 1.00
Australia,Surface and Underground Drainage,Class B1 - 3 Cell,HW to suit 3600mm x 1500mm Class B1 - 3 Cell,1,each,-502.3166,10.2116,0.3760,1.3460,TfNSW Engineering Carbon and Cost Library (ECCL) Level 5 Road Benchmarks Version 1.00
Australia,Surface and Underground Drainage,Class B1 - 9 Cell,HW to suit 3600mm x 1500mm Class B1 - 9 Cell,1,each,-878.5042,23.6351,0.8755,2.9472,TfNSW Engineering Carbon and Cost Library (ECCL) Level 5 Road Benchmarks Version 1.00
Australia,Surface and Underground Drainage,Class B1 - 15 Cell,HW to suit 3600mm x 1500mm Class B1 - 15 Cell,1,each,-1254.6918,36.9073,1.3712,4.5103,TfNSW Engineering Carbon and Cost Library (ECCL) Level 5 Road Benchmarks Version 1.00
Australia,Surface and Underground Drainage,Class B1 - 2 Cell,HW to suit 3600mm x 1800mm Class B1 - 2 Cell,1,each,-465.6789,8.2938,0.3027,1.1442,TfNSW Engineering Carbon and Cost Library (ECCL) Level 5 Road Benchmarks Version 1.00
Australia,Surface and Underground Drainage,Class B1 - 6 Cell,HW to suit 3600mm x 1800mm Class B1 - 6 Cell,1,each,-709.9556,17.1880,0.6344,2.1936,TfNSW Engineering Carbon and Cost Library (ECCL) Level 5 Road Benchmarks Version 1.00
Australia,Surface and Underground Drainage,Class B1 - 9 Cell,HW to suit 3600mm x 1800mm Class B1 - 9 Cell,1,each,-898.0494,23.8072,0.8815,2.9742,TfNSW Engineering Carbon and Cost Library (ECCL) Level 5 Road Benchmarks Version 1.00
Australia,Surface and Underground Drainage,Class B1 - 1 Cell,HW to suit 3600mm x 2100mm Class B1 - 1 Cell,1,each,-419.2686,6.1928,0.2244,0.8949,TfNSW Engineering Carbon and Cost Library (ECCL) Level 5 Road Benchmarks Version 1.00
Australia,Surface and Underground Drainage,Class B1 - 2 Cell,HW to suit 3600mm x 2100mm Class B1 - 2 Cell,1,each,-485.2241,8.4659,0.3086,1.1712,TfNSW Engineering Carbon and Cost Library (ECCL) Level 5 Road Benchmarks Version 1.00
Australia,Surface and Underground Drainage,Class B1 - 1 Cell,HW to suit 3600mm x 2400mm Class B1 - 1 Cell,1,each,-438.8138,7.1236,0.2595,0.9755,TfNSW Engineering Carbon and Cost Library (ECCL) Level 5 Road Benchmarks Version 1.00
Australia,Surface and Underground Drainage,Class B1 - 7 Cell,HW to suit 3600mm x 2400mm Class B1 - 7 Cell,1,each,-815.0014,21.9909,0.8162,2.6516,TfNSW Engineering Carbon and Cost Library (ECCL) Level 5 Road Benchmarks Version 1.00
Australia,Surface and Underground Drainage,Class B1 - 1 Cell,HW to suit 3600mm x 2700mm Class B1 - 1 Cell,1,each,-458.3590,7.2957,0.2655,1.0026,TfNSW Engineering Carbon and Cost Library (ECCL) Level 5 Road Benchmarks Version 1.00
Australia,Surface and Underground Drainage,Class B1 - 4 Cell,HW to suit 3600mm x 2700mm Class B1 - 4 Cell,1,each,-646.4528,14.7378,0.5443,1.8411,TfNSW Engineering Carbon and Cost Library (ECCL) Level 5 Road Benchmarks Version 1.00
Australia,Surface and Underground Drainage,Class B1 - 1 Cell,HW to suit 3600mm x 3000mm Class B1 - 1 Cell,1,each,-477.9042,7.4678,0.2715,1.0296,TfNSW Engineering Carbon and Cost Library (ECCL) Level 5 Road Benchmarks Version 1.00
Australia,Surface and Underground Drainage,Class B1 - 1 Cell,HW to suit 3600mm x 3600mm Class B1 - 1 Cell,1,each,-526.7671,7.8271,0.2838,1.0921,TfNSW Engineering Carbon and Cost Library (ECCL) Level 5 Road Benchmarks Version 1.00
Australia,Surface and Underground Drainage,Class B1 - 1 Cell,HW to suit 4000mm  x 1500mm Class B1 - 1 Cell,1,each,-381.9314,6.0875,0.2216,0.8631,TfNSW Engineering Carbon and Cost Library (ECCL) Level 5 Road Benchmarks Version 1.00
Australia,Surface and Underground Drainage,Class B1 - 1 Cell,HW to suit 4000mm x 4000mm Class B1 - 1 Cell,1,each,-557.8380,8.3005,0.3010,1.1532,TfNSW Engineering Carbon and Cost Library (ECCL) Level 5 Road Benchmarks Version 1.00
Australia,Surface and Underground Drainage,Class B1 - 4 Cell,HW to suit 4200mm x 0900mm Class B1 - 4 Cell,1,each,-466.1172,8.0233,0.2899,1.1413,TfNSW Engineering Carbon and Cost Library (ECCL) Level 5 Road Benchmarks Version 1.00
Australia,Surface and Underground Drainage,Class B1 - 1 Cell,HW to suit 4200mm x 2700mm Class B1 - 1 Cell,1,each,-470.7612,7.6623,0.2794,1.0437,TfNSW Engineering Carbon and Cost Library (ECCL) Level 5 Road Benchmarks Version 1.00
Australia,Surface and Underground Drainage,Class B1 - 7 Cell,HW to suit 4200mm x 2750mm Class B1 - 7 Cell,1,each,-911.5894,24.9435,0.9258,3.0021,TfNSW Engineering Carbon and Cost Library (ECCL) Level 5 Road Benchmarks Version 1.00
Australia,Surface and Underground Drainage,Class B1 - 2 Cell,HW to suit 4200mm x 3600mm Class B1 - 2 Cell,1,each,-607.7544,11.0860,0.4056,1.4615,TfNSW Engineering Carbon and Cost Library (ECCL) Level 5 Road Benchmarks Version 1.00
Australia,Surface and Underground Drainage,Class B1 - 7 Cell,HW to suit 4200mm x 3650mm Class B1 - 7 Cell,1,each,-970.2250,25.5074,0.9456,3.0865,TfNSW Engineering Carbon and Cost Library (ECCL) Level 5 Road Benchmarks Version 1.00
Australia,Surface and Underground Drainage,Class B1 - 1 Cell,HW to suit 4600mm x 4600mm Class B1 - 1 Cell,1,each,-609.3305,9.0588,0.3287,1.2518,TfNSW Engineering Carbon and Cost Library (ECCL) Level 5 Road Benchmarks Version 1.00
Australia,Surface and Underground Drainage,Class B1 - 1 Cell,HW to suit 4800mm  x 3000mm Class B1 - 1 Cell,1,each,-502.7086,8.1841,0.2985,1.1109,TfNSW Engineering Carbon and Cost Library (ECCL) Level 5 Road Benchmarks Version 1.00
Australia,Surface and Underground Drainage,Pits,Gross Pollutant Trap,1,each,-   ,3.3317,0.2589,0.9074,TfNSW Engineering Carbon and Cost Library (ECCL) Level 5 Road Benchmarks Version 1.00
Australia,Surface and Underground Drainage,Pits,Drainage Pit Inserts,1,each,-   ,0.1557,0.0019,0.0030,TfNSW Engineering Carbon and Cost Library (ECCL) Level 5 Road Benchmarks Version 1.00
Australia,Surface and Underground Drainage,Pits,Trash Rack,1,m2,-   ,0.1816,0.0030,0.0726,TfNSW Engineering Carbon and Cost Library (ECCL) Level 5 Road Benchmarks Version 1.00
Australia,Surface and Underground Drainage,Filter,Filter / Bio Retention - Subsurface Filters,1,m3,-   ,0.0113,0.0077,0.0048,TfNSW Engineering Carbon and Cost Library (ECCL) Level 5 Road Benchmarks Version 1.00
Australia,Surface and Underground Drainage,Aggregate,Coarse Aggregate Type 1,1,m3,-   ,0.0247,0.0085,0.0227,TfNSW Engineering Carbon and Cost Library (ECCL) Level 5 Road Benchmarks Version 1.00
Australia,Surface and Underground Drainage,Aggregate,Coarse Aggregate Type 2,1,m3,-   ,0.0241,0.0084,0.0212,TfNSW Engineering Carbon and Cost Library (ECCL) Level 5 Road Benchmarks Version 1.00
Australia,Surface and Underground Drainage,Aggregate,Coarse Aggregate Type 3,1,m3,-   ,0.0239,0.0084,0.0212,TfNSW Engineering Carbon and Cost Library (ECCL) Level 5 Road Benchmarks Version 1.00
Australia,Surface and Underground Drainage,Kerbs,Type SA Kerb,1,m,-0.2818,0.0375,0.0010,0.0021,TfNSW Engineering Carbon and Cost Library (ECCL) Level 5 Road Benchmarks Version 1.00
Australia,Surface and Underground Drainage,Kerbs,Type SB Kerb,1,m,-0.2818,0.0410,0.0010,0.0022,TfNSW Engineering Carbon and Cost Library (ECCL) Level 5 Road Benchmarks Version 1.00
Australia,Surface and Underground Drainage,Kerbs,Type SE Kerb,1,m,-0.2818,0.0254,0.0007,0.0019,TfNSW Engineering Carbon and Cost Library (ECCL) Level 5 Road Benchmarks Version 1.00
Australia,Surface and Underground Drainage,Kerbs,Type SF Kerb,1,m,-0.2818,0.0134,0.0004,0.0016,TfNSW Engineering Carbon and Cost Library (ECCL) Level 5 Road Benchmarks Version 1.00
Australia,Surface and Underground Drainage,Kerbs,Type SFM Kerb,1,m,-0.2818,0.0236,0.0007,0.0018,TfNSW Engineering Carbon and Cost Library (ECCL) Level 5 Road Benchmarks Version 1.00
Australia,Surface and Underground Drainage,Kerbs,Type SK Kerb,1,m,-0.2818,0.0641,0.0015,0.0028,TfNSW Engineering Carbon and Cost Library (ECCL) Level 5 Road Benchmarks Version 1.00
Australia,Surface and Underground Drainage,Kerbs,Type SL Kerb,1,m,-0.2818,0.0262,0.0007,0.0019,TfNSW Engineering Carbon and Cost Library (ECCL) Level 5 Road Benchmarks Version 1.00
Australia,Surface and Underground Drainage,Kerbs,Type SM Kerb,1,m,-0.2818,0.0134,0.0004,0.0016,TfNSW Engineering Carbon and Cost Library (ECCL) Level 5 Road Benchmarks Version 1.00
Australia,Surface and Underground Drainage,Kerbs,Type SO Kerb,1,m,-0.2818,0.0561,0.0012,0.0025,TfNSW Engineering Carbon and Cost Library (ECCL) Level 5 Road Benchmarks Version 1.00
Australia,Surface and Underground Drainage,Kerbs,Type SA to Type SF,1,m,-1.4089,0.0223,0.0005,0.0023,TfNSW Engineering Carbon and Cost Library (ECCL) Level 5 Road Benchmarks Version 1.00
Australia,Surface and Underground Drainage,Kerbs,Type SA to Type SK,1,m,-1.4089,0.0575,0.0010,0.0032,TfNSW Engineering Carbon and Cost Library (ECCL) Level 5 Road Benchmarks Version 1.00
Australia,Surface and Underground Drainage,Kerbs,Type SA to Type SM,1,m,-1.4089,0.0263,0.0005,0.0023,TfNSW Engineering Carbon and Cost Library (ECCL) Level 5 Road Benchmarks Version 1.00
Australia,Surface and Underground Drainage,Kerbs,Type SA to Type SO,1,m,-1.4089,0.0471,0.0009,0.0029,TfNSW Engineering Carbon and Cost Library (ECCL) Level 5 Road Benchmarks Version 1.00
Australia,Surface and Underground Drainage,Kerbs,Type SE to Type SK,1,m,-1.4089,0.0510,0.0009,0.0030,TfNSW Engineering Carbon and Cost Library (ECCL) Level 5 Road Benchmarks Version 1.00
Australia,Surface and Underground Drainage,Kerbs,Type SE to Concrete Pavement,1,m,-1.4089,0.0263,0.0005,0.0023,TfNSW Engineering Carbon and Cost Library (ECCL) Level 5 Road Benchmarks Version 1.00
Australia,Surface and Underground Drainage,Kerbs,Type SF to Type SM,1,m,-1.4089,0.0120,0.0002,0.0020,TfNSW Engineering Carbon and Cost Library (ECCL) Level 5 Road Benchmarks Version 1.00
Australia,Surface and Underground Drainage,Kerbs,Residential Vehicular Crossing,1,each,-7.0447,0.3498,0.0063,0.0137,TfNSW Engineering Carbon and Cost Library (ECCL) Level 5 Road Benchmarks Version 1.00
Australia,Surface and Underground Drainage,Kerbs,Commercial Vehicular Crossing,1,each,-14.0894,0.6972,0.0126,0.0273,TfNSW Engineering Carbon and Cost Library (ECCL) Level 5 Road Benchmarks Version 1.00
Australia,Surface and Underground Drainage,Ramps,Kerb Ramps at Traffic Signal / Pedestrian Crossing - nominal 3.6m width (excluding wings),1,each,-12.0666,0.4387,0.0080,0.0209,TfNSW Engineering Carbon and Cost Library (ECCL) Level 5 Road Benchmarks Version 1.00
Australia,Surface and Underground Drainage,Ramps,Kerb Ramps - nominal 1.2m (excluding wings),1,each,-5.6750,0.2435,0.0044,0.0097,TfNSW Engineering Carbon and Cost Library (ECCL) Level 5 Road Benchmarks Version 1.00
Australia,Surface and Underground Drainage,Ramps,Kerb Ramps - nominal 2.4m width  (excluding wings),1,each,-8.7919,0.3151,0.0057,0.0137,TfNSW Engineering Carbon and Cost Library (ECCL) Level 5 Road Benchmarks Version 1.00
Australia,Surface and Underground Drainage,Ramps,Kerb Ramps - nominal 3.0m width (excluding wings),1,each,-10.4195,0.3824,0.0070,0.0175,TfNSW Engineering Carbon and Cost Library (ECCL) Level 5 Road Benchmarks Version 1.00
Australia,Surface and Underground Drainage,Gutters,QK100,1,m,-   ,0.0332,0.0046,0.0026,TfNSW Engineering Carbon and Cost Library (ECCL) Level 5 Road Benchmarks Version 1.00
Australia,Surface and Underground Drainage,Gutters,QK200SF,1,m,-7.8181,0.0606,0.0016,0.0172,TfNSW Engineering Carbon and Cost Library (ECCL) Level 5 Road Benchmarks Version 1.00
Australia,Surface and Underground Drainage,Gutters,QK200SM,1,m,-7.8181,0.1169,0.0192,0.0217,TfNSW Engineering Carbon and Cost Library (ECCL) Level 5 Road Benchmarks Version 1.00
Australia,Surface and Underground Drainage,Gutters,QK200B,1,m,-7.8181,0.1086,0.0166,0.0211,TfNSW Engineering Carbon and Cost Library (ECCL) Level 5 Road Benchmarks Version 1.00
Australia,Surface and Underground Drainage,Gutters,Qmax 150,1,m,-   ,0.0315,0.0013,0.0005,TfNSW Engineering Carbon and Cost Library (ECCL) Level 5 Road Benchmarks Version 1.00
Australia,Surface and Underground Drainage,Gutters,Qmax 225,1,m,-   ,0.0353,0.0016,0.0006,TfNSW Engineering Carbon and Cost Library (ECCL) Level 5 Road Benchmarks Version 1.00
Australia,Surface and Underground Drainage,Gutters,Qmax 350,1,m,-   ,0.0444,0.0022,0.0030,TfNSW Engineering Carbon and Cost Library (ECCL) Level 5 Road Benchmarks Version 1.00
Australia,Surface and Underground Drainage,Gutters,Qmax 550,1,m,-   ,0.0595,0.0034,0.0040,TfNSW Engineering Carbon and Cost Library (ECCL) Level 5 Road Benchmarks Version 1.00
Australia,Surface and Underground Drainage,Gutters,Qmax 700,1,m,-   ,0.0717,0.0046,0.0050,TfNSW Engineering Carbon and Cost Library (ECCL) Level 5 Road Benchmarks Version 1.00
Australia,Surface and Underground Drainage,Gutters,Qmax 900,1,m,-   ,0.0914,0.0062,0.0063,TfNSW Engineering Carbon and Cost Library (ECCL) Level 5 Road Benchmarks Version 1.00
Australia,Surface and Underground Drainage,Gutters,TD200,1,m,-   ,0.0536,0.0018,0.0002,TfNSW Engineering Carbon and Cost Library (ECCL) Level 5 Road Benchmarks Version 1.00
Australia,Surface and Underground Drainage,Gutters,TD300,1,m,-   ,0.0898,0.0030,0.0002,TfNSW Engineering Carbon and Cost Library (ECCL) Level 5 Road Benchmarks Version 1.00
Australia,Surface and Underground Drainage,Gutters,S100K,1,m,-12.5089,0.1110,0.0026,0.0146,TfNSW Engineering Carbon and Cost Library (ECCL) Level 5 Road Benchmarks Version 1.00
Australia,Surface and Underground Drainage,Gutters,S200K,1,m,-12.5089,0.1626,0.0058,0.0148,TfNSW Engineering Carbon and Cost Library (ECCL) Level 5 Road Benchmarks Version 1.00
Australia,Surface and Underground Drainage,Gutters,S300K,1,m,-12.5089,0.2001,0.0082,0.0150,TfNSW Engineering Carbon and Cost Library (ECCL) Level 5 Road Benchmarks Version 1.00
Australia,Surface and Underground Drainage,Kerbs and Gutters,No Fines Concrete,1,m3,-   ,0.2742,0.0049,0.0062,TfNSW Engineering Carbon and Cost Library (ECCL) Level 5 Road Benchmarks Version 1.00
Australia,Surface and Underground Drainage,Kerbs and Gutters,Geotextile,1,m2,-   ,0.0008,0.0001,0.0002,TfNSW Engineering Carbon and Cost Library (ECCL) Level 5 Road Benchmarks Version 1.00
Australia,Surface and Underground Drainage,Kerb removal,Remove Type SA Kerb,1,m,-   , -   ,0.0000,0.0068,TfNSW Engineering Carbon and Cost Library (ECCL) Level 5 Road Benchmarks Version 1.00
Australia,Surface and Underground Drainage,Kerb removal,Remove Type SB Kerb,1,m,-   , -   ,0.0000,0.0075,TfNSW Engineering Carbon and Cost Library (ECCL) Level 5 Road Benchmarks Version 1.00
Australia,Surface and Underground Drainage,Kerb removal,Remove Type SE Kerb,1,m,-   , -   ,0.0000,0.0057,TfNSW Engineering Carbon and Cost Library (ECCL) Level 5 Road Benchmarks Version 1.00
Australia,Surface and Underground Drainage,Kerb removal,Remove Type SF Kerb,1,m,-   , -   ,0.0000,0.0028,TfNSW Engineering Carbon and Cost Library (ECCL) Level 5 Road Benchmarks Version 1.00
Australia,Surface and Underground Drainage,Kerb removal,Remove Type SFM Kerb,1,m,-   , -   ,0.0000,0.0054,TfNSW Engineering Carbon and Cost Library (ECCL) Level 5 Road Benchmarks Version 1.00
Australia,Surface and Underground Drainage,Kerb removal,Remove Type SK Kerb,1,m,-   , -   ,0.0000,0.0103,TfNSW Engineering Carbon and Cost Library (ECCL) Level 5 Road Benchmarks Version 1.00
Australia,Surface and Underground Drainage,Kerb removal,Remove Type SL Kerb,1,m,-   , -   ,0.0000,0.0057,TfNSW Engineering Carbon and Cost Library (ECCL) Level 5 Road Benchmarks Version 1.00
Australia,Surface and Underground Drainage,Kerb removal,Remove Type SM Kerb,1,m,-   , -   ,0.0000,0.0028,TfNSW Engineering Carbon and Cost Library (ECCL) Level 5 Road Benchmarks Version 1.00
Australia,Surface and Underground Drainage,Kerb removal,Remove Type SO Kerb,1,m,-   , -   ,0.0000,0.0082,TfNSW Engineering Carbon and Cost Library (ECCL) Level 5 Road Benchmarks Version 1.00
Australia,Surface and Underground Drainage,Kerb removal,Remove Type SA to Type SF,1,m,-   , -   ,0.0000,0.0071,TfNSW Engineering Carbon and Cost Library (ECCL) Level 5 Road Benchmarks Version 1.00
Australia,Surface and Underground Drainage,Kerb removal,Remove Type SA to Type SK,1,m,-   , -   ,0.0000,0.0071,TfNSW Engineering Carbon and Cost Library (ECCL) Level 5 Road Benchmarks Version 1.00
Australia,Surface and Underground Drainage,Kerb removal,Remove Type SA to Type SM,1,m,-   , -   ,0.0000,0.0071,TfNSW Engineering Carbon and Cost Library (ECCL) Level 5 Road Benchmarks Version 1.00
Australia,Surface and Underground Drainage,Kerb removal,Remove Type SA to Type SO,1,m,-   , -   ,0.0000,0.0071,TfNSW Engineering Carbon and Cost Library (ECCL) Level 5 Road Benchmarks Version 1.00
Australia,Surface and Underground Drainage,Kerb removal,Remove Type SE to Type SK,1,m,-   , -   ,0.0000,0.0071,TfNSW Engineering Carbon and Cost Library (ECCL) Level 5 Road Benchmarks Version 1.00
Australia,Surface and Underground Drainage,Kerb removal,Remove Type SE to Concrete Pavement,1,m,-   , -   ,0.0000,0.0071,TfNSW Engineering Carbon and Cost Library (ECCL) Level 5 Road Benchmarks Version 1.00
Australia,Surface and Underground Drainage,Kerb removal,Remove Type SF to Type SM,1,m,-   , -   ,0.0000,0.0060,TfNSW Engineering Carbon and Cost Library (ECCL) Level 5 Road Benchmarks Version 1.00
Australia,Surface and Underground Drainage,Crossing removal,Residential Vehicular Crossing,1,each,-7.0447, -   ,0.0002,0.0496,TfNSW Engineering Carbon and Cost Library (ECCL) Level 5 Road Benchmarks Version 1.00
Australia,Surface and Underground Drainage,Ramp Removal,Commercial Vehicular Crossing,1,each,-14.0894, -   ,0.0002,0.0642,TfNSW Engineering Carbon and Cost Library (ECCL) Level 5 Road Benchmarks Version 1.00
Australia,Surface and Underground Drainage,Ramp Removal,Kerb Ramps at Traffic Signal / Pedestrian Crossing - nominal 3.6m width (excluding wings),1,each,-12.0666, -   ,0.0002,0.0665,TfNSW Engineering Carbon and Cost Library (ECCL) Level 5 Road Benchmarks Version 1.00
Australia,Surface and Underground Drainage,Ramp Removal,Kerb Ramps - nominal 1.2m (excluding wings),1,each,-5.6750, -   ,0.0002,0.0455,TfNSW Engineering Carbon and Cost Library (ECCL) Level 5 Road Benchmarks Version 1.00
Australia,Surface and Underground Drainage,Ramp Removal,Kerb Ramps - nominal 2.4m width  (excluding wings),1,each,-8.7919, -   ,0.0002,0.0560,TfNSW Engineering Carbon and Cost Library (ECCL) Level 5 Road Benchmarks Version 1.00
Australia,Surface and Underground Drainage,Ramp Removal,Kerb Ramps - nominal 3.0m width (excluding wings),1,each,-10.4195, -   ,0.0002,0.0613,TfNSW Engineering Carbon and Cost Library (ECCL) Level 5 Road Benchmarks Version 1.00
Australia,Substructure and Pavements,Plastic Flexible Pipes,Excavation for Plastic Flexible Pipes,1,m3,-   , -   ,0.0001,0.0167,TfNSW Engineering Carbon and Cost Library (ECCL) Level 5 Road Benchmarks Version 1.00
Australia,Substructure and Pavements,Plastic Flexible Pipes,Unsuitable Material (Item with provisional quantity),1,m3,-   , -   ,0.0052,0.0214,TfNSW Engineering Carbon and Cost Library (ECCL) Level 5 Road Benchmarks Version 1.00
Australia,Substructure and Pavements,Plastic Flexible Pipes,100mm diameter,1,m,-   ,0.0140,0.0039,0.0042,TfNSW Engineering Carbon and Cost Library (ECCL) Level 5 Road Benchmarks Version 1.00
Australia,Substructure and Pavements,Plastic Flexible Pipes,150mm diameter,1,m,-   ,0.0246,0.0049,0.0054,TfNSW Engineering Carbon and Cost Library (ECCL) Level 5 Road Benchmarks Version 1.00
Australia,Substructure and Pavements,Plastic Flexible Pipes,200mm diameter,1,m,-   ,0.0359,0.0062,0.0068,TfNSW Engineering Carbon and Cost Library (ECCL) Level 5 Road Benchmarks Version 1.00
Australia,Substructure and Pavements,Plastic Flexible Pipes,225mm diameter,1,m,-   ,0.0455,0.0070,0.0077,TfNSW Engineering Carbon and Cost Library (ECCL) Level 5 Road Benchmarks Version 1.00
Australia,Substructure and Pavements,Plastic Flexible Pipes,300mm diameter,1,m,-   ,0.0714,0.0092,0.0103,TfNSW Engineering Carbon and Cost Library (ECCL) Level 5 Road Benchmarks Version 1.00
Australia,Substructure and Pavements,Plastic Flexible Pipes,100mm diameter,1,m,-   ,0.0110,0.0038,0.0041,TfNSW Engineering Carbon and Cost Library (ECCL) Level 5 Road Benchmarks Version 1.00
Australia,Substructure and Pavements,Plastic Flexible Pipes,150mm diameter,1,m,-   ,0.0189,0.0048,0.0051,TfNSW Engineering Carbon and Cost Library (ECCL) Level 5 Road Benchmarks Version 1.00
Australia,Substructure and Pavements,Plastic Flexible Pipes,200mm diameter,1,m,-   ,0.0292,0.0059,0.0064,TfNSW Engineering Carbon and Cost Library (ECCL) Level 5 Road Benchmarks Version 1.00
Australia,Substructure and Pavements,Plastic Flexible Pipes,225mm diameter,1,m,-   ,0.0350,0.0065,0.0071,TfNSW Engineering Carbon and Cost Library (ECCL) Level 5 Road Benchmarks Version 1.00
Australia,Substructure and Pavements,Plastic Flexible Pipes,300mm diameter,1,m,-   ,0.0584,0.0087,0.0097,TfNSW Engineering Carbon and Cost Library (ECCL) Level 5 Road Benchmarks Version 1.00
Australia,Substructure and Pavements,Plastic Flexible Pipes,100mm diameter,1,m,-   ,0.0173,0.0040,0.0045,TfNSW Engineering Carbon and Cost Library (ECCL) Level 5 Road Benchmarks Version 1.00
Australia,Substructure and Pavements,Plastic Flexible Pipes,150mm diameter,1,m,-   ,0.0282,0.0049,0.0056,TfNSW Engineering Carbon and Cost Library (ECCL) Level 5 Road Benchmarks Version 1.00
Australia,Substructure and Pavements,Plastic Flexible Pipes,200mm diameter,1,m,-   ,0.0411,0.0061,0.0071,TfNSW Engineering Carbon and Cost Library (ECCL) Level 5 Road Benchmarks Version 1.00
Australia,Substructure and Pavements,Plastic Flexible Pipes,225mm diameter,1,m,-   ,0.0482,0.0067,0.0078,TfNSW Engineering Carbon and Cost Library (ECCL) Level 5 Road Benchmarks Version 1.00
Australia,Substructure and Pavements,Plastic Flexible Pipes,300mm diameter,1,m,-   ,0.0714,0.0084,0.0102,TfNSW Engineering Carbon and Cost Library (ECCL) Level 5 Road Benchmarks Version 1.00
Australia,Substructure and Pavements,Plastic Flexible Pipes,100mm diameter,1,m,-   ,0.0204,0.0037,0.0045,TfNSW Engineering Carbon and Cost Library (ECCL) Level 5 Road Benchmarks Version 1.00
Australia,Substructure and Pavements,Plastic Flexible Pipes,150mm diameter,1,m,-   ,0.0385,0.0046,0.0062,TfNSW Engineering Carbon and Cost Library (ECCL) Level 5 Road Benchmarks Version 1.00
Australia,Substructure and Pavements,Plastic Flexible Pipes,200mm diameter,1,m,-   ,0.0687,0.0058,0.0087,TfNSW Engineering Carbon and Cost Library (ECCL) Level 5 Road Benchmarks Version 1.00
Australia,Substructure and Pavements,Plastic Flexible Pipes,300mm diameter,1,m,-   ,0.1378,0.0084,0.0142,TfNSW Engineering Carbon and Cost Library (ECCL) Level 5 Road Benchmarks Version 1.00
Australia,Substructure and Pavements,Plastic Flexible Pipes,100mm diameter,1,m,-   ,0.0138,0.0040,0.0041,TfNSW Engineering Carbon and Cost Library (ECCL) Level 5 Road Benchmarks Version 1.00
Australia,Substructure and Pavements,Plastic Flexible Pipes,150mm diameter,1,m,-   ,0.0055,0.0038,0.0041,TfNSW Engineering Carbon and Cost Library (ECCL) Level 5 Road Benchmarks Version 1.00
Australia,Substructure and Pavements,Plastic Flexible Pipes,200mm diameter,1,m,-   ,0.0370,0.0064,0.0066,TfNSW Engineering Carbon and Cost Library (ECCL) Level 5 Road Benchmarks Version 1.00
Australia,Substructure and Pavements,Plastic Flexible Pipes,225mm diameter,1,m,-   ,0.0525,0.0078,0.0079,TfNSW Engineering Carbon and Cost Library (ECCL) Level 5 Road Benchmarks Version 1.00
Australia,Substructure and Pavements,Plastic Flexible Pipes,300mm diameter,1,m,-   ,0.0744,0.0101,0.0104,TfNSW Engineering Carbon and Cost Library (ECCL) Level 5 Road Benchmarks Version 1.00
Australia,Substructure and Pavements,Plastic Flexible Pipes,375mm diameter,1,m,-   ,0.1095,0.0134,0.0243,TfNSW Engineering Carbon and Cost Library (ECCL) Level 5 Road Benchmarks Version 1.00
Australia,Substructure and Pavements,Plastic Flexible Pipes,450mm diameter,1,m,-   ,0.1592,0.0177,0.0301,TfNSW Engineering Carbon and Cost Library (ECCL) Level 5 Road Benchmarks Version 1.00
Australia,Substructure and Pavements,Plastic Flexible Pipes,500mm diameter,1,m,-   ,0.1949,0.0208,0.0342,TfNSW Engineering Carbon and Cost Library (ECCL) Level 5 Road Benchmarks Version 1.00
Australia,Substructure and Pavements,Plastic Flexible Pipes,560mm diameter,1,m,-   ,0.2424,0.0249,0.0395,TfNSW Engineering Carbon and Cost Library (ECCL) Level 5 Road Benchmarks Version 1.00
Australia,Substructure and Pavements,Plastic Flexible Pipes,630mm diameter,1,m,-   ,0.3052,0.0302,0.0463,TfNSW Engineering Carbon and Cost Library (ECCL) Level 5 Road Benchmarks Version 1.00
Australia,Substructure and Pavements,Plastic Flexible Pipes,710mm diameter,1,m,-   ,0.3856,0.0368,0.0547,TfNSW Engineering Carbon and Cost Library (ECCL) Level 5 Road Benchmarks Version 1.00
Australia,Substructure and Pavements,Plastic Flexible Pipes,800mm diameter,1,m,-   ,0.4868,0.0452,0.0652,TfNSW Engineering Carbon and Cost Library (ECCL) Level 5 Road Benchmarks Version 1.00
Australia,Substructure and Pavements,Plastic Flexible Pipes,900mm diameter,1,m,-   ,0.6138,0.0555,0.0784,TfNSW Engineering Carbon and Cost Library (ECCL) Level 5 Road Benchmarks Version 1.00
Australia,Surface and Underground Drainage,Vertical Wick Drains,Vertical Wick Drains,1,m,-   ,0.0009,0.0001,0.0002,TfNSW Engineering Carbon and Cost Library (ECCL) Level 5 Road Benchmarks Version 1.00
Australia,Surface and Underground Drainage,Vertical Wick Drains,Drainage Blanket for Wick Drains Working Platform,1,m3,-   ,0.0253,0.0094,0.0004,TfNSW Engineering Carbon and Cost Library (ECCL) Level 5 Road Benchmarks Version 1.00
Australia,Surface and Underground Drainage,Trench Drains,Excavation,1,m3,-   , -   ,0.0001,0.0167,TfNSW Engineering Carbon and Cost Library (ECCL) Level 5 Road Benchmarks Version 1.00
Australia,Surface and Underground Drainage,Trench Drains,100 mm dia Corrugated Perforated Plastic Drainage Pipe,1,m,-   ,0.0021,0.0001,0.0010,TfNSW Engineering Carbon and Cost Library (ECCL) Level 5 Road Benchmarks Version 1.00
Australia,Surface and Underground Drainage,Trench Drains,100 mm dia Corrugated Non-perforated Plastic Drainage Pipe,1,m,-   ,0.0021,0.0001,0.0010,TfNSW Engineering Carbon and Cost Library (ECCL) Level 5 Road Benchmarks Version 1.00
Australia,Surface and Underground Drainage,Trench Drains,20mm thick - 100mm height,1,m,-   ,0.0003,0.0000,0.0009,TfNSW Engineering Carbon and Cost Library (ECCL) Level 5 Road Benchmarks Version 1.00
Australia,Surface and Underground Drainage,Trench Drains,20mm thick - 150mm height,1,m,-   ,0.0006,0.0000,0.0009,TfNSW Engineering Carbon and Cost Library (ECCL) Level 5 Road Benchmarks Version 1.00
Australia,Surface and Underground Drainage,Trench Drains,20mm thick - 200mm height,1,m,-   ,0.0008,0.0001,0.0009,TfNSW Engineering Carbon and Cost Library (ECCL) Level 5 Road Benchmarks Version 1.00
Australia,Surface and Underground Drainage,Trench Drains,20mm thick - 300mm height,1,m,-   ,0.0012,0.0001,0.0009,TfNSW Engineering Carbon and Cost Library (ECCL) Level 5 Road Benchmarks Version 1.00
Australia,Surface and Underground Drainage,Trench Drains,40mm thick - 100mm height,1,m,-   ,0.0008,0.0001,0.0009,TfNSW Engineering Carbon and Cost Library (ECCL) Level 5 Road Benchmarks Version 1.00
Australia,Surface and Underground Drainage,Trench Drains,40mm thick - 150mm height,1,m,-   ,0.0012,0.0001,0.0009,TfNSW Engineering Carbon and Cost Library (ECCL) Level 5 Road Benchmarks Version 1.00
Australia,Surface and Underground Drainage,Trench Drains,40mm thick - 200mm height,1,m,-   ,0.0015,0.0001,0.0010,TfNSW Engineering Carbon and Cost Library (ECCL) Level 5 Road Benchmarks Version 1.00
Australia,Surface and Underground Drainage,Trench Drains,40mm thick - 300mm height,1,m,-   ,0.0019,0.0001,0.0010,TfNSW Engineering Carbon and Cost Library (ECCL) Level 5 Road Benchmarks Version 1.00
Australia,Surface and Underground Drainage,Trench Drains,40mm thick - 450mm height,1,m,-   ,0.0019,0.0001,0.0010,TfNSW Engineering Carbon and Cost Library (ECCL) Level 5 Road Benchmarks Version 1.00
Australia,Surface and Underground Drainage,Trench Drains,40mm thick - 500mm height,1,m,-   ,0.0018,0.0001,0.0010,TfNSW Engineering Carbon and Cost Library (ECCL) Level 5 Road Benchmarks Version 1.00
Australia,Surface and Underground Drainage,Trench Drains,20mm thick - 100mm height,1,m,-   ,0.0003,0.0000,0.0009,TfNSW Engineering Carbon and Cost Library (ECCL) Level 5 Road Benchmarks Version 1.00
Australia,Surface and Underground Drainage,Trench Drains,20mm thick - 150mm height,1,m,-   ,0.0006,0.0000,0.0009,TfNSW Engineering Carbon and Cost Library (ECCL) Level 5 Road Benchmarks Version 1.00
Australia,Surface and Underground Drainage,Trench Drains,20mm thick - 200mm height,1,m,-   ,0.0008,0.0001,0.0009,TfNSW Engineering Carbon and Cost Library (ECCL) Level 5 Road Benchmarks Version 1.00
Australia,Surface and Underground Drainage,Trench Drains,20mm thick - 300mm height,1,m,-   ,0.0012,0.0001,0.0009,TfNSW Engineering Carbon and Cost Library (ECCL) Level 5 Road Benchmarks Version 1.00
Australia,Surface and Underground Drainage,Trench Drains,40mm thick - 100mm height,1,m,-   ,0.0008,0.0001,0.0009,TfNSW Engineering Carbon and Cost Library (ECCL) Level 5 Road Benchmarks Version 1.00
Australia,Surface and Underground Drainage,Trench Drains,40mm thick - 150mm height,1,m,-   ,0.0012,0.0001,0.0009,TfNSW Engineering Carbon and Cost Library (ECCL) Level 5 Road Benchmarks Version 1.00
Australia,Surface and Underground Drainage,Trench Drains,40mm thick - 200mm height,1,m,-   ,0.0015,0.0001,0.0010,TfNSW Engineering Carbon and Cost Library (ECCL) Level 5 Road Benchmarks Version 1.00
Australia,Surface and Underground Drainage,Trench Drains,40mm thick - 300mm height,1,m,-   ,0.0019,0.0001,0.0012,TfNSW Engineering Carbon and Cost Library (ECCL) Level 5 Road Benchmarks Version 1.00
Australia,Surface and Underground Drainage,Trench Drains,40mm thick - 450mm height,1,m,-   ,0.0019,0.0001,0.0010,TfNSW Engineering Carbon and Cost Library (ECCL) Level 5 Road Benchmarks Version 1.00
Australia,Surface and Underground Drainage,Trench Drains,40mm thick - 500mm height,1,m,-   ,0.0018,0.0001,0.0010,TfNSW Engineering Carbon and Cost Library (ECCL) Level 5 Road Benchmarks Version 1.00
Australia,Surface and Underground Drainage,Trench Drains,Aggregate Filter Material,1,m3,-   ,0.0460,0.0172,0.0095,TfNSW Engineering Carbon and Cost Library (ECCL) Level 5 Road Benchmarks Version 1.00
Australia,Surface and Underground Drainage,Trench Drains,No Fines Concrete,1,m3,-   ,0.2742,0.0049,0.0062,TfNSW Engineering Carbon and Cost Library (ECCL) Level 5 Road Benchmarks Version 1.00
Australia,Surface and Underground Drainage,Trench Drains,Supply and Installation of Geotextile,1,m2,-   ,0.0006,0.0001,0.0003,TfNSW Engineering Carbon and Cost Library (ECCL) Level 5 Road Benchmarks Version 1.00
Australia,Surface and Underground Drainage,Trench Drains,Selected Fill Material for Plug,1,m3,-   ,0.0253,0.0095,0.0095,TfNSW Engineering Carbon and Cost Library (ECCL) Level 5 Road Benchmarks Version 1.00
Australia,Surface and Underground Drainage,Trench Drains,Selected Material at Batter Outlets,1,m3,-   ,0.0253,0.0095,0.0121,TfNSW Engineering Carbon and Cost Library (ECCL) Level 5 Road Benchmarks Version 1.00
Australia,Surface and Underground Drainage,Trench Drains,Steep Batter Outlet,1,each,-   ,0.0187,0.0015,0.0217,TfNSW Engineering Carbon and Cost Library (ECCL) Level 5 Road Benchmarks Version 1.00
Australia,Surface and Underground Drainage,Trench Drains,Flat Batter Outlet,1,each,-   ,0.0187,0.0015,0.0217,TfNSW Engineering Carbon and Cost Library (ECCL) Level 5 Road Benchmarks Version 1.00
Australia,Surface and Underground Drainage,Intra-Pavement Drains,Excavation,1,m3,-   , -   ,0.0001,0.0167,TfNSW Engineering Carbon and Cost Library (ECCL) Level 5 Road Benchmarks Version 1.00
Australia,Surface and Underground Drainage,Intra-Pavement Drains,100 mm Slotted Fibre-reinforced Concrete Pipe,1,m,-   ,0.0021,0.0001,0.0002,TfNSW Engineering Carbon and Cost Library (ECCL) Level 5 Road Benchmarks Version 1.00
Australia,Surface and Underground Drainage,Intra-Pavement Drains,100 mm Unslotted Fibre-reinforced Concrete Pipe,1,m,-   ,0.0021,0.0001,0.0002,TfNSW Engineering Carbon and Cost Library (ECCL) Level 5 Road Benchmarks Version 1.00
Australia,Surface and Underground Drainage,Intra-Pavement Drains,Filter Material - No Fines Concrete,1,m3,-   ,0.2742,0.0049,0.0062,TfNSW Engineering Carbon and Cost Library (ECCL) Level 5 Road Benchmarks Version 1.00
Australia,Surface and Underground Drainage,Intra-Pavement Drains,Supply and Installation of Geotextile,1,m2,-   ,0.0006,0.0001,0.0003,TfNSW Engineering Carbon and Cost Library (ECCL) Level 5 Road Benchmarks Version 1.00
Australia,Surface and Underground Drainage,Intra-Pavement Drains,Selected Material Backfill at Batter Outlets,1,m3,-   ,0.2742,0.0049,0.0060,TfNSW Engineering Carbon and Cost Library (ECCL) Level 5 Road Benchmarks Version 1.00
Australia,Surface and Underground Drainage,Intra-Pavement Drains,Steep Batter Outlet,1,each,-   ,0.0187,0.0015,0.0217,TfNSW Engineering Carbon and Cost Library (ECCL) Level 5 Road Benchmarks Version 1.00
Australia,Surface and Underground Drainage,Intra-Pavement Drains,Flat Batter Outlet,1,each,-   ,0.0187,0.0015,0.0217,TfNSW Engineering Carbon and Cost Library (ECCL) Level 5 Road Benchmarks Version 1.00
Australia,Surface and Underground Drainage,Edge Drains,Excavation,1,m3,-   , -   ,0.0001,0.0167,TfNSW Engineering Carbon and Cost Library (ECCL) Level 5 Road Benchmarks Version 1.00
Australia,Surface and Underground Drainage,Edge Drains,65 mm dia Corrugated Perforated Plastic Drainage Pipe,1,m,-   ,0.0006,0.0000,0.0009,TfNSW Engineering Carbon and Cost Library (ECCL) Level 5 Road Benchmarks Version 1.00
Australia,Surface and Underground Drainage,Edge Drains,65 mm dia Corrugated Non-perforated Plastic Drainage Pipe,1,m,-   ,0.0006,0.0001,0.0015,TfNSW Engineering Carbon and Cost Library (ECCL) Level 5 Road Benchmarks Version 1.00
Australia,Surface and Underground Drainage,Edge Drains,Perforated Rigid Strip Filter Drains,1,m,-   ,0.0037,0.0003,0.0011,TfNSW Engineering Carbon and Cost Library (ECCL) Level 5 Road Benchmarks Version 1.00
Australia,Surface and Underground Drainage,Edge Drains,Non-perforated Rigid Strip Filter Drains,1,m,-   ,0.0037,0.0003,0.0024,TfNSW Engineering Carbon and Cost Library (ECCL) Level 5 Road Benchmarks Version 1.00
Australia,Surface and Underground Drainage,Edge Drains,Filter Material - No Fines Concrete,1,m3,-   ,0.2742,0.0049,0.0062,TfNSW Engineering Carbon and Cost Library (ECCL) Level 5 Road Benchmarks Version 1.00
Australia,Surface and Underground Drainage,Edge Drains,Supply and Installation of Geotextile,1,m2,-   ,0.0006,0.0001,0.0003,TfNSW Engineering Carbon and Cost Library (ECCL) Level 5 Road Benchmarks Version 1.00
Australia,Surface and Underground Drainage,Edge Drains,Selected Material Backfill at Outlets,1,m3,-   ,0.0253,0.0095,0.0121,TfNSW Engineering Carbon and Cost Library (ECCL) Level 5 Road Benchmarks Version 1.00
Australia,Surface and Underground Drainage,Edge Drains,Steep Batter Outlet,1,each,-   ,0.0187,0.0015,0.0217,TfNSW Engineering Carbon and Cost Library (ECCL) Level 5 Road Benchmarks Version 1.00
Australia,Surface and Underground Drainage,Edge Drains,Flat Batter Outlet,1,each,-   ,0.0187,0.0015,0.0217,TfNSW Engineering Carbon and Cost Library (ECCL) Level 5 Road Benchmarks Version 1.00
Australia,Substructure and Pavements,Earthworks,Removal and Stockpiling of Non-contaminated Topsoil (Stockpile Volumes),1,m3,-   , -   ,0.0007,0.0057,TfNSW Engineering Carbon and Cost Library (ECCL) Level 5 Road Benchmarks Version 1.00
Australia,Substructure and Pavements,Earthworks,Removal and Disposal Off Site of Topsoil (Bank Volume),1,m3,-   , -   ,0.0000,0.0101,TfNSW Engineering Carbon and Cost Library (ECCL) Level 5 Road Benchmarks Version 1.00
Australia,Substructure and Pavements,Earthworks,"Cut, load and haul to fill area",1,m3,-   , -   ,0.0002,0.0073,TfNSW Engineering Carbon and Cost Library (ECCL) Level 5 Road Benchmarks Version 1.00
Australia,Substructure and Pavements,Earthworks,"Cut, load and haul to stockpile area",1,m3,-   , -   ,0.0002,0.0079,TfNSW Engineering Carbon and Cost Library (ECCL) Level 5 Road Benchmarks Version 1.00
Australia,Substructure and Pavements,Earthworks,Cut and load only (disposal directly offsite),1,m3,-   , -   ,0.0000,0.0039,TfNSW Engineering Carbon and Cost Library (ECCL) Level 5 Road Benchmarks Version 1.00
Australia,Substructure and Pavements,Earthworks,Spread and compact,1,m3,-   , -   ,0.0020,0.0030,TfNSW Engineering Carbon and Cost Library (ECCL) Level 5 Road Benchmarks Version 1.00
Australia,Substructure and Pavements,Earthworks,"Load and Haul from stockpile, spread and compact",1,m3,-   , -   ,0.0022,0.0082,TfNSW Engineering Carbon and Cost Library (ECCL) Level 5 Road Benchmarks Version 1.00
Australia,Substructure and Pavements,Earthworks,Imported material from offsite,1,m3,-   , -   ,0.0022,0.0047,TfNSW Engineering Carbon and Cost Library (ECCL) Level 5 Road Benchmarks Version 1.00
Australia,Substructure and Pavements,Earthworks,Borrowed material from site,1,m3,-   , -   ,0.0022,0.0082,TfNSW Engineering Carbon and Cost Library (ECCL) Level 5 Road Benchmarks Version 1.00
Australia,Substructure and Pavements,Earthworks,Unsuitable Material (Item with provisional quantity),1,m3,-   , -   ,0.0002,0.0124,TfNSW Engineering Carbon and Cost Library (ECCL) Level 5 Road Benchmarks Version 1.00
Australia,Substructure and Pavements,Earthworks,Selected Material Zone – Site Won Material,1,m3,-   , -   ,0.0000,0.0103,TfNSW Engineering Carbon and Cost Library (ECCL) Level 5 Road Benchmarks Version 1.00
Australia,Substructure and Pavements,Earthworks,Selected Material Zone – Imported Material,1,m3,-   , -   ,0.0022,0.0054,TfNSW Engineering Carbon and Cost Library (ECCL) Level 5 Road Benchmarks Version 1.00
Australia,Substructure and Pavements,Earthworks,Verge – Site Won Material,1,m3,-   , -   ,0.0026,0.0153,TfNSW Engineering Carbon and Cost Library (ECCL) Level 5 Road Benchmarks Version 1.00
Australia,Substructure and Pavements,Earthworks,Verge – Imported Material,1,m3,-   , -   ,0.0022,0.0063,TfNSW Engineering Carbon and Cost Library (ECCL) Level 5 Road Benchmarks Version 1.00
Australia,Substructure and Pavements,Earthworks,Disposal Off Site of Non-contaminated Spoil (other than Topsoil),1,m3,-   , -   ,0.0001,0.0165,TfNSW Engineering Carbon and Cost Library (ECCL) Level 5 Road Benchmarks Version 1.00
Australia,Substructure and Pavements,Earthworks,Treatment Type E1 – Loosen and Recompact,1,m2,-   , -   ,0.0005,0.0010,TfNSW Engineering Carbon and Cost Library (ECCL) Level 5 Road Benchmarks Version 1.00
Australia,Substructure and Pavements,Earthworks,Treatment Type C1 – Loosen and Recompact,1,m2,-   , -   ,0.0005,0.0010,TfNSW Engineering Carbon and Cost Library (ECCL) Level 5 Road Benchmarks Version 1.00
Australia,Substructure and Pavements,Earthworks,Treatment Type E2 – Bridging Layer – Site Won Material,1,m3,-   , -   ,0.0008,0.0119,TfNSW Engineering Carbon and Cost Library (ECCL) Level 5 Road Benchmarks Version 1.00
Australia,Substructure and Pavements,Earthworks,Treatment Type E2 – Bridging Layer – Imported Material,1,m3,-   , -   ,0.0001,0.0019,TfNSW Engineering Carbon and Cost Library (ECCL) Level 5 Road Benchmarks Version 1.00
Australia,Substructure and Pavements,Earthworks,Treatment Type C2 – Backfill – Site Won Material,1,m3,-   , -   ,0.0008,0.0120,TfNSW Engineering Carbon and Cost Library (ECCL) Level 5 Road Benchmarks Version 1.00
Australia,Substructure and Pavements,Earthworks,Treatment Type C2 – Backfill – Imported Material,1,m3,-   , -   ,0.0026,0.0076,TfNSW Engineering Carbon and Cost Library (ECCL) Level 5 Road Benchmarks Version 1.00
Australia,Substructure and Pavements,Earthworks,Geotextile,1,m2,-   ,0.0008,0.0001,0.0002,TfNSW Engineering Carbon and Cost Library (ECCL) Level 5 Road Benchmarks Version 1.00
Australia,Substructure and Pavements,Earthworks,Geogrid,1,m2,-   ,0.0018,0.0001,0.0002,TfNSW Engineering Carbon and Cost Library (ECCL) Level 5 Road Benchmarks Version 1.00
Australia,Substructure and Pavements,Earthworks,Treatment Type E5 – Drainage Layer – Site Won Material,1,m3,-   , -   ,0.0008,0.0126,TfNSW Engineering Carbon and Cost Library (ECCL) Level 5 Road Benchmarks Version 1.00
Australia,Substructure and Pavements,Earthworks,Treatment Type E5 – Drainage Layer – Imported Material,1,m3,-   , -   ,0.0001,0.0010,TfNSW Engineering Carbon and Cost Library (ECCL) Level 5 Road Benchmarks Version 1.00
Australia,Substructure and Pavements,Earthworks,Treatment Type C5 – Drainage Layer – Site Won Material,1,m3,-   , -   ,0.0008,0.0119,TfNSW Engineering Carbon and Cost Library (ECCL) Level 5 Road Benchmarks Version 1.00
Australia,Substructure and Pavements,Earthworks,Asphalt Open Graded AC14,1,t,-   ,0.0708,0.0059,0.0184,TfNSW Engineering Carbon and Cost Library (ECCL) Level 5 Road Benchmarks Version 1.00
Australia,Substructure and Pavements,Earthworks,Granular Material,1,m3,-   ,0.0207,0.0077,0.0012,TfNSW Engineering Carbon and Cost Library (ECCL) Level 5 Road Benchmarks Version 1.00
Australia,Substructure and Pavements,Earthworks,Treatment Type E6 – Earth Fill Foundation Treatment Layer,1,m3,-   , -   ,0.0004,0.0156,TfNSW Engineering Carbon and Cost Library (ECCL) Level 5 Road Benchmarks Version 1.00
Australia,Substructure and Pavements,Earthworks,Material Classified as Special Waste,1,t,-   , -   ,0.0000,0.0104,TfNSW Engineering Carbon and Cost Library (ECCL) Level 5 Road Benchmarks Version 1.00
Australia,Substructure and Pavements,Earthworks,Material Classified as Hazardous Waste,1,t,-   , -   ,0.0000,0.0104,TfNSW Engineering Carbon and Cost Library (ECCL) Level 5 Road Benchmarks Version 1.00
Australia,Substructure and Pavements,Earthworks,Material Classified as Restricted Solid Waste,1,t,-   , -   ,0.0000,0.0104,TfNSW Engineering Carbon and Cost Library (ECCL) Level 5 Road Benchmarks Version 1.00
Australia,External and Ancillary Works,Construction of Verges,Haul and Place Verge Material from Stockpiles,1,m3,-   , -   ,0.0020,0.0204,TfNSW Engineering Carbon and Cost Library (ECCL) Level 5 Road Benchmarks Version 1.00
Australia,Substructure and Pavements,Stabilisation of Earthworks,Quicklime,1,t,-   ,0.7681,0.1185,0.0332,TfNSW Engineering Carbon and Cost Library (ECCL) Level 5 Road Benchmarks Version 1.00
Australia,Substructure and Pavements,Stabilisation of Earthworks,Hydrated Lime,1,t,-   ,0.7681,0.1185,0.0332,TfNSW Engineering Carbon and Cost Library (ECCL) Level 5 Road Benchmarks Version 1.00
Australia,Substructure and Pavements,Stabilisation of Earthworks,Slag/Lime blend,1,t,-   ,0.4799,0.1185,0.0224,TfNSW Engineering Carbon and Cost Library (ECCL) Level 5 Road Benchmarks Version 1.00
Australia,Substructure and Pavements,Stabilisation of Earthworks,Cement,1,t,-   ,0.9262,0.0449,0.0364,TfNSW Engineering Carbon and Cost Library (ECCL) Level 5 Road Benchmarks Version 1.00
Australia,Substructure and Pavements,Stabilisation of Earthworks,Quicklime,1,m3,-   , -   ,0.0021,0.0075,TfNSW Engineering Carbon and Cost Library (ECCL) Level 5 Road Benchmarks Version 1.00
Australia,Substructure and Pavements,Stabilisation of Earthworks,Hydrated Lime,1,m3,-   , -   ,0.0021,0.0075,TfNSW Engineering Carbon and Cost Library (ECCL) Level 5 Road Benchmarks Version 1.00
Australia,Substructure and Pavements,Stabilisation of Earthworks,Slag/Lime Blend,1,m3,-   , -   ,0.0021,0.0075,TfNSW Engineering Carbon and Cost Library (ECCL) Level 5 Road Benchmarks Version 1.00
Australia,Substructure and Pavements,Stabilisation of Earthworks,Cement,1,m3,-   , -   ,0.0021,0.0075,TfNSW Engineering Carbon and Cost Library (ECCL) Level 5 Road Benchmarks Version 1.00
Australia,Substructure and Pavements,Stabilisation of Earthworks,Quicklime,1,m3,-   , -   ,0.0001,0.0092,TfNSW Engineering Carbon and Cost Library (ECCL) Level 5 Road Benchmarks Version 1.00
Australia,Substructure and Pavements,Stabilisation of Earthworks,Hydrated Lime,1,m3,-   , -   ,0.0001,0.0092,TfNSW Engineering Carbon and Cost Library (ECCL) Level 5 Road Benchmarks Version 1.00
Australia,Substructure and Pavements,Stabilisation of Earthworks,Slag/Lime Blend,1,m3,-   , -   ,0.0001,0.0092,TfNSW Engineering Carbon and Cost Library (ECCL) Level 5 Road Benchmarks Version 1.00
Australia,Substructure and Pavements,Stabilisation of Earthworks,Cement,1,m3,-   , -   ,0.0001,0.0092,TfNSW Engineering Carbon and Cost Library (ECCL) Level 5 Road Benchmarks Version 1.00
Australia,Substructure and Pavements,General Concrete Paving,N25 Concrete 100mm thick reinforced with SL72,1,m2,-0.7581,0.0340,0.0026,0.0014,TfNSW Engineering Carbon and Cost Library (ECCL) Level 5 Road Benchmarks Version 1.00
Australia,Substructure and Pavements,General Concrete Paving,N25 Concrete 125mm thick reinforced with SL72,1,m2,-0.7581,0.0400,0.0027,0.0016,TfNSW Engineering Carbon and Cost Library (ECCL) Level 5 Road Benchmarks Version 1.00
Australia,Substructure and Pavements,General Concrete Paving,N25 Concrete 150mm thick reinforced with SL72,1,m2,-0.7581,0.0460,0.0029,0.0017,TfNSW Engineering Carbon and Cost Library (ECCL) Level 5 Road Benchmarks Version 1.00
Australia,Substructure and Pavements,General Concrete Paving,N25 Concrete 100mm thick reinforced with SL82,1,m2,-0.7581,0.0358,0.0027,0.0015,TfNSW Engineering Carbon and Cost Library (ECCL) Level 5 Road Benchmarks Version 1.00
Australia,Substructure and Pavements,General Concrete Paving,N25 Concrete 125mm thick reinforced with SL82,1,m2,-0.7581,0.0418,0.0028,0.0017,TfNSW Engineering Carbon and Cost Library (ECCL) Level 5 Road Benchmarks Version 1.00
Australia,Substructure and Pavements,General Concrete Paving,N25 Concrete 150mm thick reinforced with SL82,1,m2,-0.7581,0.0478,0.0030,0.0018,TfNSW Engineering Carbon and Cost Library (ECCL) Level 5 Road Benchmarks Version 1.00
Australia,Substructure and Pavements,General Concrete Paving,N32 Concrete 100mm thick reinforced with SL72,1,m2,-0.7581,0.0387,0.0026,0.0015,TfNSW Engineering Carbon and Cost Library (ECCL) Level 5 Road Benchmarks Version 1.00
Australia,Substructure and Pavements,General Concrete Paving,N32 Concrete 125mm thick reinforced with SL72,1,m2,-0.7581,0.0459,0.0027,0.0017,TfNSW Engineering Carbon and Cost Library (ECCL) Level 5 Road Benchmarks Version 1.00
Australia,Substructure and Pavements,General Concrete Paving,N32 Concrete 150mm thick reinforced with SL72,1,m2,-0.7581,0.0531,0.0028,0.0019,TfNSW Engineering Carbon and Cost Library (ECCL) Level 5 Road Benchmarks Version 1.00
Australia,Substructure and Pavements,General Concrete Paving,N32 Concrete 100mm thick reinforced with SL82,1,m2,-0.7581,0.0405,0.0027,0.0016,TfNSW Engineering Carbon and Cost Library (ECCL) Level 5 Road Benchmarks Version 1.00
Australia,Substructure and Pavements,General Concrete Paving,N32 Concrete 125mm thick reinforced with SL82,1,m2,-0.7581,0.0477,0.0028,0.0018,TfNSW Engineering Carbon and Cost Library (ECCL) Level 5 Road Benchmarks Version 1.00
Australia,Substructure and Pavements,General Concrete Paving,N32 Concrete 150mm thick reinforced with SL82,1,m2,-0.7581,0.0549,0.0029,0.0020,TfNSW Engineering Carbon and Cost Library (ECCL) Level 5 Road Benchmarks Version 1.00
Australia,Substructure and Pavements,General Concrete Paving,N25 Concrete 100mm thick reinforced with SL72,1,m2,-0.7581,0.0340,0.0026,0.0014,TfNSW Engineering Carbon and Cost Library (ECCL) Level 5 Road Benchmarks Version 1.00
Australia,Substructure and Pavements,General Concrete Paving,N25 Concrete 125mm thick reinforced with SL72,1,m2,-0.7581,0.0400,0.0027,0.0016,TfNSW Engineering Carbon and Cost Library (ECCL) Level 5 Road Benchmarks Version 1.00
Australia,Substructure and Pavements,General Concrete Paving,N25 Concrete 150mm thick reinforced with SL72,1,m2,-0.7581,0.0460,0.0029,0.0017,TfNSW Engineering Carbon and Cost Library (ECCL) Level 5 Road Benchmarks Version 1.00
Australia,Substructure and Pavements,General Concrete Paving,N25 Concrete 100mm thick reinforced with SL82,1,m2,-0.7581,0.0358,0.0027,0.0015,TfNSW Engineering Carbon and Cost Library (ECCL) Level 5 Road Benchmarks Version 1.00
Australia,Substructure and Pavements,General Concrete Paving,N25 Concrete 125mm thick reinforced with SL82,1,m2,-0.7581,0.0418,0.0028,0.0017,TfNSW Engineering Carbon and Cost Library (ECCL) Level 5 Road Benchmarks Version 1.00
Australia,Substructure and Pavements,General Concrete Paving,N25 Concrete 150mm thick reinforced with SL82,1,m2,-0.7581,0.0478,0.0030,0.0018,TfNSW Engineering Carbon and Cost Library (ECCL) Level 5 Road Benchmarks Version 1.00
Australia,Substructure and Pavements,General Concrete Paving,N32 Concrete 100mm thick reinforced with SL72,1,m2,-0.7581,0.0387,0.0026,0.0015,TfNSW Engineering Carbon and Cost Library (ECCL) Level 5 Road Benchmarks Version 1.00
Australia,Substructure and Pavements,General Concrete Paving,N32 Concrete 125mm thick reinforced with SL72,1,m2,-0.7581,0.0459,0.0027,0.0017,TfNSW Engineering Carbon and Cost Library (ECCL) Level 5 Road Benchmarks Version 1.00
Australia,Substructure and Pavements,General Concrete Paving,N32 Concrete 150mm thick reinforced with SL72,1,m2,-0.7581,0.0531,0.0028,0.0019,TfNSW Engineering Carbon and Cost Library (ECCL) Level 5 Road Benchmarks Version 1.00
Australia,Substructure and Pavements,General Concrete Paving,N32 Concrete 100mm thick reinforced with SL82,1,m2,-0.7581,0.0405,0.0027,0.0016,TfNSW Engineering Carbon and Cost Library (ECCL) Level 5 Road Benchmarks Version 1.00
Australia,Substructure and Pavements,General Concrete Paving,N32 Concrete 125mm thick reinforced with SL82,1,m2,-0.7581,0.0477,0.0028,0.0018,TfNSW Engineering Carbon and Cost Library (ECCL) Level 5 Road Benchmarks Version 1.00
Australia,Substructure and Pavements,General Concrete Paving,N32 Concrete 150mm thick reinforced with SL82,1,m2,-0.7581,0.0549,0.0029,0.0020,TfNSW Engineering Carbon and Cost Library (ECCL) Level 5 Road Benchmarks Version 1.00
Australia,Substructure and Pavements,General Concrete Paving,N25 Concrete 100mm thick reinforced with SL72,1,m2,-0.7581,0.0340,0.0026,0.0014,TfNSW Engineering Carbon and Cost Library (ECCL) Level 5 Road Benchmarks Version 1.00
Australia,Substructure and Pavements,General Concrete Paving,N25 Concrete 125mm thick reinforced with SL72,1,m2,-0.7581,0.0400,0.0027,0.0016,TfNSW Engineering Carbon and Cost Library (ECCL) Level 5 Road Benchmarks Version 1.00
Australia,Substructure and Pavements,General Concrete Paving,N25 Concrete 150mm thick reinforced with SL72,1,m2,-0.7581,0.0460,0.0029,0.0017,TfNSW Engineering Carbon and Cost Library (ECCL) Level 5 Road Benchmarks Version 1.00
Australia,Substructure and Pavements,General Concrete Paving,N25 Concrete 100mm thick reinforced with SL82,1,m2,-0.7581,0.0358,0.0027,0.0015,TfNSW Engineering Carbon and Cost Library (ECCL) Level 5 Road Benchmarks Version 1.00
Australia,Substructure and Pavements,General Concrete Paving,N25 Concrete 125mm thick reinforced with SL82,1,m2,-0.7581,0.0418,0.0028,0.0017,TfNSW Engineering Carbon and Cost Library (ECCL) Level 5 Road Benchmarks Version 1.00
Australia,Substructure and Pavements,General Concrete Paving,N25 Concrete 150mm thick reinforced with SL82,1,m2,-0.7581,0.0478,0.0030,0.0018,TfNSW Engineering Carbon and Cost Library (ECCL) Level 5 Road Benchmarks Version 1.00
Australia,Substructure and Pavements,General Concrete Paving,N32 Concrete 100mm thick reinforced with SL72,1,m2,-0.7581,0.0387,0.0026,0.0015,TfNSW Engineering Carbon and Cost Library (ECCL) Level 5 Road Benchmarks Version 1.00
Australia,Substructure and Pavements,General Concrete Paving,N32 Concrete 125mm thick reinforced with SL72,1,m2,-0.7581,0.0459,0.0027,0.0017,TfNSW Engineering Carbon and Cost Library (ECCL) Level 5 Road Benchmarks Version 1.00
Australia,Substructure and Pavements,General Concrete Paving,N32 Concrete 150mm thick reinforced with SL72,1,m2,-0.7581,0.0531,0.0028,0.0019,TfNSW Engineering Carbon and Cost Library (ECCL) Level 5 Road Benchmarks Version 1.00
Australia,Substructure and Pavements,General Concrete Paving,N32 Concrete 100mm thick reinforced with SL82,1,m2,-0.7581,0.0405,0.0027,0.0016,TfNSW Engineering Carbon and Cost Library (ECCL) Level 5 Road Benchmarks Version 1.00
Australia,Substructure and Pavements,General Concrete Paving,N32 Concrete 125mm thick reinforced with SL82,1,m2,-0.7581,0.0477,0.0028,0.0018,TfNSW Engineering Carbon and Cost Library (ECCL) Level 5 Road Benchmarks Version 1.00
Australia,Substructure and Pavements,General Concrete Paving,N32 Concrete 150mm thick reinforced with SL82,1,m2,-0.7581,0.0549,0.0029,0.0020,TfNSW Engineering Carbon and Cost Library (ECCL) Level 5 Road Benchmarks Version 1.00
Australia,Substructure and Pavements,General Concrete Paving,N25 Concrete 100mm thick reinforced with SL72,1,m2,-0.7581,0.0339,0.0026,0.0014,TfNSW Engineering Carbon and Cost Library (ECCL) Level 5 Road Benchmarks Version 1.00
Australia,Substructure and Pavements,General Concrete Paving,N25 Concrete 125mm thick reinforced with SL72,1,m2,-0.7581,0.0399,0.0027,0.0015,TfNSW Engineering Carbon and Cost Library (ECCL) Level 5 Road Benchmarks Version 1.00
Australia,Substructure and Pavements,General Concrete Paving,N25 Concrete 150mm thick reinforced with SL72,1,m2,-0.7581,0.0459,0.0029,0.0017,TfNSW Engineering Carbon and Cost Library (ECCL) Level 5 Road Benchmarks Version 1.00
Australia,Substructure and Pavements,General Concrete Paving,N25 Concrete 100mm thick reinforced with SL82,1,m2,-0.7581,0.0357,0.0027,0.0015,TfNSW Engineering Carbon and Cost Library (ECCL) Level 5 Road Benchmarks Version 1.00
Australia,Substructure and Pavements,General Concrete Paving,N25 Concrete 125mm thick reinforced with SL82,1,m2,-0.7581,0.0417,0.0028,0.0016,TfNSW Engineering Carbon and Cost Library (ECCL) Level 5 Road Benchmarks Version 1.00
Australia,Substructure and Pavements,General Concrete Paving,N25 Concrete 150mm thick reinforced with SL82,1,m2,-0.7581,0.0477,0.0029,0.0018,TfNSW Engineering Carbon and Cost Library (ECCL) Level 5 Road Benchmarks Version 1.00
Australia,Substructure and Pavements,General Concrete Paving,N32 Concrete 100mm thick reinforced with SL72,1,m2,-0.7581,0.0386,0.0026,0.0015,TfNSW Engineering Carbon and Cost Library (ECCL) Level 5 Road Benchmarks Version 1.00
Australia,Substructure and Pavements,General Concrete Paving,N32 Concrete 125mm thick reinforced with SL72,1,m2,-0.7581,0.0458,0.0027,0.0017,TfNSW Engineering Carbon and Cost Library (ECCL) Level 5 Road Benchmarks Version 1.00
Australia,Substructure and Pavements,General Concrete Paving,N32 Concrete 150mm thick reinforced with SL72,1,m2,-0.7581,0.0530,0.0028,0.0018,TfNSW Engineering Carbon and Cost Library (ECCL) Level 5 Road Benchmarks Version 1.00
Australia,Substructure and Pavements,General Concrete Paving,N32 Concrete 100mm thick reinforced with SL82,1,m2,-0.7581,0.0404,0.0027,0.0016,TfNSW Engineering Carbon and Cost Library (ECCL) Level 5 Road Benchmarks Version 1.00
Australia,Substructure and Pavements,General Concrete Paving,N32 Concrete 125mm thick reinforced with SL82,1,m2,-0.7581,0.0476,0.0028,0.0018,TfNSW Engineering Carbon and Cost Library (ECCL) Level 5 Road Benchmarks Version 1.00
Australia,Substructure and Pavements,General Concrete Paving,N32 Concrete 150mm thick reinforced with SL82,1,m2,-0.7581,0.0548,0.0029,0.0019,TfNSW Engineering Carbon and Cost Library (ECCL) Level 5 Road Benchmarks Version 1.00
Australia,Substructure and Pavements,General Concrete Paving,N25 Concrete 100mm thick reinforced with SL72,1,m2,-0.7581,0.0339,0.0026,0.0014,TfNSW Engineering Carbon and Cost Library (ECCL) Level 5 Road Benchmarks Version 1.00
Australia,Substructure and Pavements,General Concrete Paving,N25 Concrete 125mm thick reinforced with SL72,1,m2,-0.7581,0.0399,0.0027,0.0015,TfNSW Engineering Carbon and Cost Library (ECCL) Level 5 Road Benchmarks Version 1.00
Australia,Substructure and Pavements,General Concrete Paving,N25 Concrete 150mm thick reinforced with SL72,1,m2,-0.7581,0.0459,0.0029,0.0017,TfNSW Engineering Carbon and Cost Library (ECCL) Level 5 Road Benchmarks Version 1.00
Australia,Substructure and Pavements,General Concrete Paving,N25 Concrete 100mm thick reinforced with SL82,1,m2,-0.7581,0.0357,0.0027,0.0015,TfNSW Engineering Carbon and Cost Library (ECCL) Level 5 Road Benchmarks Version 1.00
Australia,Substructure and Pavements,General Concrete Paving,N25 Concrete 125mm thick reinforced with SL82,1,m2,-0.7581,0.0417,0.0028,0.0016,TfNSW Engineering Carbon and Cost Library (ECCL) Level 5 Road Benchmarks Version 1.00
Australia,Substructure and Pavements,General Concrete Paving,N25 Concrete 150mm thick reinforced with SL82,1,m2,-0.7581,0.0477,0.0029,0.0018,TfNSW Engineering Carbon and Cost Library (ECCL) Level 5 Road Benchmarks Version 1.00
Australia,Substructure and Pavements,General Concrete Paving,N32 Concrete 100mm thick reinforced with SL72,1,m2,-0.7581,0.0386,0.0026,0.0015,TfNSW Engineering Carbon and Cost Library (ECCL) Level 5 Road Benchmarks Version 1.00
Australia,Substructure and Pavements,General Concrete Paving,N32 Concrete 125mm thick reinforced with SL72,1,m2,-0.7581,0.0458,0.0027,0.0017,TfNSW Engineering Carbon and Cost Library (ECCL) Level 5 Road Benchmarks Version 1.00
Australia,Substructure and Pavements,General Concrete Paving,N32 Concrete 150mm thick reinforced with SL72,1,m2,-0.7581,0.0530,0.0028,0.0018,TfNSW Engineering Carbon and Cost Library (ECCL) Level 5 Road Benchmarks Version 1.00
Australia,Substructure and Pavements,General Concrete Paving,N32 Concrete 100mm thick reinforced with SL82,1,m2,-0.7581,0.0404,0.0027,0.0016,TfNSW Engineering Carbon and Cost Library (ECCL) Level 5 Road Benchmarks Version 1.00
Australia,Substructure and Pavements,General Concrete Paving,N32 Concrete 125mm thick reinforced with SL82,1,m2,-0.7581,0.0476,0.0028,0.0018,TfNSW Engineering Carbon and Cost Library (ECCL) Level 5 Road Benchmarks Version 1.00
Australia,Substructure and Pavements,General Concrete Paving,N32 Concrete 150mm thick reinforced with SL82,1,m2,-0.7581,0.0548,0.0029,0.0019,TfNSW Engineering Carbon and Cost Library (ECCL) Level 5 Road Benchmarks Version 1.00
Australia,Substructure and Pavements,General Concrete Paving,N25 Concrete 100mm thick reinforced with SL72,1,m2,-0.7581,0.0339,0.0026,0.0014,TfNSW Engineering Carbon and Cost Library (ECCL) Level 5 Road Benchmarks Version 1.00
Australia,Substructure and Pavements,General Concrete Paving,N25 Concrete 125mm thick reinforced with SL72,1,m2,-0.7581,0.0399,0.0027,0.0015,TfNSW Engineering Carbon and Cost Library (ECCL) Level 5 Road Benchmarks Version 1.00
Australia,Substructure and Pavements,General Concrete Paving,N25 Concrete 150mm thick reinforced with SL72,1,m2,-0.7581,0.0459,0.0029,0.0017,TfNSW Engineering Carbon and Cost Library (ECCL) Level 5 Road Benchmarks Version 1.00
Australia,Substructure and Pavements,General Concrete Paving,N25 Concrete 100mm thick reinforced with SL82,1,m2,-0.7581,0.0357,0.0027,0.0015,TfNSW Engineering Carbon and Cost Library (ECCL) Level 5 Road Benchmarks Version 1.00
Australia,Substructure and Pavements,General Concrete Paving,N25 Concrete 125mm thick reinforced with SL82,1,m2,-0.7581,0.0417,0.0028,0.0016,TfNSW Engineering Carbon and Cost Library (ECCL) Level 5 Road Benchmarks Version 1.00
Australia,Substructure and Pavements,General Concrete Paving,N25 Concrete 150mm thick reinforced with SL82,1,m2,-0.7581,0.0477,0.0029,0.0018,TfNSW Engineering Carbon and Cost Library (ECCL) Level 5 Road Benchmarks Version 1.00
Australia,Substructure and Pavements,General Concrete Paving,N32 Concrete 100mm thick reinforced with SL72,1,m2,-0.7581,0.0386,0.0026,0.0015,TfNSW Engineering Carbon and Cost Library (ECCL) Level 5 Road Benchmarks Version 1.00
Australia,Substructure and Pavements,General Concrete Paving,N32 Concrete 125mm thick reinforced with SL72,1,m2,-0.7581,0.0458,0.0027,0.0017,TfNSW Engineering Carbon and Cost Library (ECCL) Level 5 Road Benchmarks Version 1.00
Australia,Substructure and Pavements,General Concrete Paving,N32 Concrete 150mm thick reinforced with SL72,1,m2,-0.7581,0.0530,0.0028,0.0018,TfNSW Engineering Carbon and Cost Library (ECCL) Level 5 Road Benchmarks Version 1.00
Australia,Substructure and Pavements,General Concrete Paving,N32 Concrete 100mm thick reinforced with SL82,1,m2,-0.7581,0.0404,0.0027,0.0016,TfNSW Engineering Carbon and Cost Library (ECCL) Level 5 Road Benchmarks Version 1.00
Australia,Substructure and Pavements,General Concrete Paving,N32 Concrete 125mm thick reinforced with SL82,1,m2,-0.7581,0.0476,0.0028,0.0018,TfNSW Engineering Carbon and Cost Library (ECCL) Level 5 Road Benchmarks Version 1.00
Australia,Substructure and Pavements,General Concrete Paving,N32 Concrete 150mm thick reinforced with SL82,1,m2,-0.7581,0.0548,0.0029,0.0019,TfNSW Engineering Carbon and Cost Library (ECCL) Level 5 Road Benchmarks Version 1.00
Australia,Substructure and Pavements,General Concrete Paving,Subbase Layer,1,m3,-   ,0.0117,0.0095,0.0093,TfNSW Engineering Carbon and Cost Library (ECCL) Level 5 Road Benchmarks Version 1.00
Australia,Substructure and Pavements,General Concrete Paving,Tactile Indicators,1,m2,-   ,0.0310,0.0009,0.0041,TfNSW Engineering Carbon and Cost Library (ECCL) Level 5 Road Benchmarks Version 1.00
Australia,Substructure and Pavements,Rock Filled Gabions and Mattresses,Galvanised wire mesh gabions,1,m3,-   ,0.0530,0.0086,0.0138,TfNSW Engineering Carbon and Cost Library (ECCL) Level 5 Road Benchmarks Version 1.00
Australia,Substructure and Pavements,Rock Filled Gabions and Mattresses,PVC Coated Galvanised wire mesh gabions,1,m3,-   ,0.0262,0.0091,0.0135,TfNSW Engineering Carbon and Cost Library (ECCL) Level 5 Road Benchmarks Version 1.00
Australia,Substructure and Pavements,Rock Filled Gabions and Mattresses,170mm thickness,1,m2,-   ,0.0035,0.0013,0.0024,TfNSW Engineering Carbon and Cost Library (ECCL) Level 5 Road Benchmarks Version 1.00
Australia,Substructure and Pavements,Rock Filled Gabions and Mattresses,230mm thickness,1,m2,-   ,0.0042,0.0017,0.0033,TfNSW Engineering Carbon and Cost Library (ECCL) Level 5 Road Benchmarks Version 1.00
Australia,Substructure and Pavements,Rock Filled Gabions and Mattresses,300mm thickness,1,m2,-   ,0.0119,0.0024,0.0043,TfNSW Engineering Carbon and Cost Library (ECCL) Level 5 Road Benchmarks Version 1.00
Australia,Substructure and Pavements,Rock Filled Gabions and Mattresses,170mm thickness,1,m2,-   ,0.0028,0.0013,0.0024,TfNSW Engineering Carbon and Cost Library (ECCL) Level 5 Road Benchmarks Version 1.00
Australia,Substructure and Pavements,Rock Filled Gabions and Mattresses,230mm thickness,1,m2,-   ,0.0034,0.0017,0.0033,TfNSW Engineering Carbon and Cost Library (ECCL) Level 5 Road Benchmarks Version 1.00
Australia,Substructure and Pavements,Rock Filled Gabions and Mattresses,300mm thickness,1,m2,-   ,0.0063,0.0025,0.0043,TfNSW Engineering Carbon and Cost Library (ECCL) Level 5 Road Benchmarks Version 1.00
Australia,Substructure and Pavements,Rock Filled Gabions and Mattresses,Galvanised Wire Terramesh,1,m2,-   ,0.0210,0.0076,0.0119,TfNSW Engineering Carbon and Cost Library (ECCL) Level 5 Road Benchmarks Version 1.00
Australia,Substructure and Pavements,Rock Filled Gabions and Mattresses,PVC Coated Galvanised wire Terramesh,1,m2,-   ,0.0280,0.0099,0.0115,TfNSW Engineering Carbon and Cost Library (ECCL) Level 5 Road Benchmarks Version 1.00
Australia,Substructure and Pavements,Rock Filled Gabions and Mattresses,Select Backfill for Terramesh Panels,1,m3,-   ,0.0246,0.0092,0.0121,TfNSW Engineering Carbon and Cost Library (ECCL) Level 5 Road Benchmarks Version 1.00
Australia,Substructure and Pavements,Rock Filled Gabions and Mattresses,Excavation for Gabions,1,m3,-   , -   ,0.0000,0.0089,TfNSW Engineering Carbon and Cost Library (ECCL) Level 5 Road Benchmarks Version 1.00
Australia,Substructure and Pavements,Rock Filled Gabions and Mattresses,Excavation for Mattresses,1,m3,-   , -   ,0.0000,0.0127,TfNSW Engineering Carbon and Cost Library (ECCL) Level 5 Road Benchmarks Version 1.00
Australia,Structure,Construction of Reinforced Soil Walls (contractor’s design),Supply of Components,1,m2,-   ,0.0921,0.0073,0.0008,TfNSW Engineering Carbon and Cost Library (ECCL) Level 5 Road Benchmarks Version 1.00
Australia,Structure,Construction of Reinforced Soil Walls (contractor’s design),Preparation of Foundation,1,m2,-   , -   ,0.0000,0.0039,TfNSW Engineering Carbon and Cost Library (ECCL) Level 5 Road Benchmarks Version 1.00
Australia,Structure,Construction of Reinforced Soil Walls (contractor’s design),Base/Concrete Strip Footings,1,m,-1.7327,0.0432,0.0010,0.0016,TfNSW Engineering Carbon and Cost Library (ECCL) Level 5 Road Benchmarks Version 1.00
Australia,Structure,Construction of Reinforced Soil Walls (contractor’s design),Erection of RSW Panels,1,m2,-   , -   ,0.0000,0.0089,TfNSW Engineering Carbon and Cost Library (ECCL) Level 5 Road Benchmarks Version 1.00
Australia,Structure,Construction of Reinforced Soil Walls (contractor’s design),Drainage Layer,1,m3,-   ,0.0258,0.0081,0.0105,TfNSW Engineering Carbon and Cost Library (ECCL) Level 5 Road Benchmarks Version 1.00
Australia,Surface and Underground Drainage,Construction of Reinforced Soil Walls (contractor’s design),Capping,1,m,-0.8664,0.1004,0.0069,0.0059,TfNSW Engineering Carbon and Cost Library (ECCL) Level 5 Road Benchmarks Version 1.00
Australia,Substructure and Pavements,Construction of Reinforced Soil Walls (contractor’s design),Extra Over for Supply and Placing Reinforced Fill Material,1,m3,-   ,0.0253,0.0116,0.0100,TfNSW Engineering Carbon and Cost Library (ECCL) Level 5 Road Benchmarks Version 1.00
Australia,Structure,Construction of Reinforced Soil Walls (contractor’s design),Extra Over for Supply and Placing Imported or Borrowed Material for Fill Above and Behind Reinforced Soil Block,1,m3,-   , -   ,0.0116,0.0100,TfNSW Engineering Carbon and Cost Library (ECCL) Level 5 Road Benchmarks Version 1.00
Australia,Substructure and Pavements,Construction of Reinforced Soil Walls (principal’s design),Supply of Components,1,m2,-   ,0.0921,0.0073,0.0008,TfNSW Engineering Carbon and Cost Library (ECCL) Level 5 Road Benchmarks Version 1.00
Australia,Substructure and Pavements,Construction of Reinforced Soil Walls (principal’s design),Preparation of Foundation,1,m2,-   , -   ,0.0000,0.0039,TfNSW Engineering Carbon and Cost Library (ECCL) Level 5 Road Benchmarks Version 1.00
Australia,Substructure and Pavements,Construction of Reinforced Soil Walls (principal’s design),Base/Concrete Strip Footings,1,m,-1.7327,0.0432,0.0010,0.0016,TfNSW Engineering Carbon and Cost Library (ECCL) Level 5 Road Benchmarks Version 1.00
Australia,Structure,Construction of Reinforced Soil Walls (principal’s design),Erection of RSW Panels,1,m2,-   , -   ,0.0000,0.0089,TfNSW Engineering Carbon and Cost Library (ECCL) Level 5 Road Benchmarks Version 1.00
Australia,Surface and Underground Drainage,Construction of Reinforced Soil Walls (principal’s design),Drainage Layer,1,m3,-   ,0.0258,0.0081,0.0105,TfNSW Engineering Carbon and Cost Library (ECCL) Level 5 Road Benchmarks Version 1.00
Australia,Substructure and Pavements,Construction of Reinforced Soil Walls (principal’s design),Capping,1,m,-0.8664,0.1004,0.0069,0.0059,TfNSW Engineering Carbon and Cost Library (ECCL) Level 5 Road Benchmarks Version 1.00
Australia,Structure,Construction of Reinforced Soil Walls (principal’s design),Extra Over for Supply and Placing Reinforced Fill Material,1,m3,-   ,0.0253,0.0116,0.0100,TfNSW Engineering Carbon and Cost Library (ECCL) Level 5 Road Benchmarks Version 1.00
Australia,Structure,Construction of Reinforced Soil Walls (principal’s design),Extra Over for Supply and Placing Imported or Borrowed Material for Fill Above and Behind Reinforced Soil Block,1,m3,-   , -   ,0.0116,0.0100,TfNSW Engineering Carbon and Cost Library (ECCL) Level 5 Road Benchmarks Version 1.00
Australia,Structure,Construction of Reinforced Concrete Walls,Excavation to Required Levels,1,m3,-   , -   ,0.0000,0.0078,TfNSW Engineering Carbon and Cost Library (ECCL) Level 5 Road Benchmarks Version 1.00
Australia,Structure,Construction of Reinforced Concrete Walls,Preparation of Foundation,1,m2,-   , -   ,0.0000,0.0049,TfNSW Engineering Carbon and Cost Library (ECCL) Level 5 Road Benchmarks Version 1.00
Australia,Structure,Construction of Reinforced Concrete Walls,Mass Concrete Blinding Layer,1,m3,-   ,0.2782,0.0060,0.0079,TfNSW Engineering Carbon and Cost Library (ECCL) Level 5 Road Benchmarks Version 1.00
Australia,Structure,Construction of Reinforced Concrete Walls,Supply and Place Steel Bar Reinforcement,1,t,-   ,1.6981,0.1120,0.1104,TfNSW Engineering Carbon and Cost Library (ECCL) Level 5 Road Benchmarks Version 1.00
Australia,Structure,Construction of Reinforced Concrete Walls,Supply and Place Wire Reinforcing Fabric,1,m2,-   ,0.0114,0.0022,0.0005,TfNSW Engineering Carbon and Cost Library (ECCL) Level 5 Road Benchmarks Version 1.00
Australia,Structure,Construction of Reinforced Concrete Walls,Supply and Placement of N25 Concrete to base slab,1,m3,-5.0215,0.2253,0.0048,0.0197,TfNSW Engineering Carbon and Cost Library (ECCL) Level 5 Road Benchmarks Version 1.00
Australia,Structure,Construction of Reinforced Concrete Walls,Supply and Placement of N32 Concrete to base slab,1,m3,-5.0215,0.2681,0.0048,0.0205,TfNSW Engineering Carbon and Cost Library (ECCL) Level 5 Road Benchmarks Version 1.00
Australia,Structure,Construction of Reinforced Concrete Walls,Supply and Placement of N40 Concrete to base slab,1,m3,-5.0215,0.3200,0.0051,0.0216,TfNSW Engineering Carbon and Cost Library (ECCL) Level 5 Road Benchmarks Version 1.00
Australia,Structure,Construction of Reinforced Concrete Walls,Supply and Placement of N25 Concrete to wall,1,m3,-47.0511,0.2835,0.0061,0.0464,TfNSW Engineering Carbon and Cost Library (ECCL) Level 5 Road Benchmarks Version 1.00
Australia,Structure,Construction of Reinforced Concrete Walls,Supply and Placement of N32 Concrete to wall,1,m3,-47.0511,0.3268,0.0060,0.0473,TfNSW Engineering Carbon and Cost Library (ECCL) Level 5 Road Benchmarks Version 1.00
Australia,Structure,Construction of Reinforced Concrete Walls,Supply and Placement of N40 Concrete to wall,1,m3,-47.0511,0.3793,0.0063,0.0483,TfNSW Engineering Carbon and Cost Library (ECCL) Level 5 Road Benchmarks Version 1.00
Australia,Structure,Construction of Reinforced Concrete Walls,Finish and Cure Concrete,1,m2,-   ,0.0002,0.0001,0.0002,TfNSW Engineering Carbon and Cost Library (ECCL) Level 5 Road Benchmarks Version 1.00
Australia,Structure,Construction of Reinforced Concrete Walls,100 mm dia Corrugated Perforated Plastic Drainage Pipe,1,m,-   ,0.0021,0.0001,0.0010,TfNSW Engineering Carbon and Cost Library (ECCL) Level 5 Road Benchmarks Version 1.00
Australia,Structure,Construction of Reinforced Concrete Walls,Geofabric,1,m2,-   ,0.0008,0.0001,0.0002,TfNSW Engineering Carbon and Cost Library (ECCL) Level 5 Road Benchmarks Version 1.00
Australia,Structure,Construction of Reinforced Concrete Walls,Drainage Aggregate,1,m3,-   ,0.0230,0.0086,0.0048,TfNSW Engineering Carbon and Cost Library (ECCL) Level 5 Road Benchmarks Version 1.00
Australia,Structure,Construction of Reinforced Concrete Walls,Expansion Joints,1,m,-   ,0.0010,0.0000,0.0002,TfNSW Engineering Carbon and Cost Library (ECCL) Level 5 Road Benchmarks Version 1.00
Australia,Structure,Construction of Reinforced Concrete Walls,Isolation Joints,1,m,-   ,0.0010,0.0000,0.0002,TfNSW Engineering Carbon and Cost Library (ECCL) Level 5 Road Benchmarks Version 1.00
Australia,Structure,Construction of Reinforced Concrete Walls,Contraction Joints,1,m,-0.1801,0.0002,0.0000,0.0001,TfNSW Engineering Carbon and Cost Library (ECCL) Level 5 Road Benchmarks Version 1.00
Australia,Structure,Construction of Reinforced Concrete Walls,Select Fill,1,m3,-   ,0.0264,0.0099,0.0121,TfNSW Engineering Carbon and Cost Library (ECCL) Level 5 Road Benchmarks Version 1.00
Australia,Structure,Construction of Reinforced Concrete Walls,Earth Fill,1,m3,-   , -   ,0.0000,0.0121,TfNSW Engineering Carbon and Cost Library (ECCL) Level 5 Road Benchmarks Version 1.00
Australia,Structure,Construction of Reinforced Concrete Walls with Piled Foundations,750mm Diameter,1,m,-   ,0.8850,0.0124,0.0137,TfNSW Engineering Carbon and Cost Library (ECCL) Level 5 Road Benchmarks Version 1.00
Australia,Structure,Construction of Reinforced Concrete Walls with Piled Foundations,900mm Diameter,1,m,-   ,1.0752,0.0151,0.0157,TfNSW Engineering Carbon and Cost Library (ECCL) Level 5 Road Benchmarks Version 1.00
Australia,Structure,Construction of Reinforced Concrete Walls with Piled Foundations,1050mm Diameter,1,m,-   ,1.2513,0.0175,0.0190,TfNSW Engineering Carbon and Cost Library (ECCL) Level 5 Road Benchmarks Version 1.00
Australia,Structure,Construction of Reinforced Concrete Walls with Piled Foundations,1200mm Diameter,1,m,-   ,1.4273,0.0200,0.0216,TfNSW Engineering Carbon and Cost Library (ECCL) Level 5 Road Benchmarks Version 1.00
Australia,Structure,Construction of Reinforced Concrete Walls with Piled Foundations,1500mm Diameter,1,m,-   ,1.7795,0.0249,0.0268,TfNSW Engineering Carbon and Cost Library (ECCL) Level 5 Road Benchmarks Version 1.00
Australia,Structure,Construction of Reinforced Concrete Walls with Piled Foundations,Drilling from Ground Level to Start of Rock Coring,1,m,-   , -   , -   , -   ,TfNSW Engineering Carbon and Cost Library (ECCL) Level 5 Road Benchmarks Version 1.00
Australia,Structure,Construction of Reinforced Concrete Walls with Piled Foundations,Rock Coring,1,m,-   , -   , -   , -   ,TfNSW Engineering Carbon and Cost Library (ECCL) Level 5 Road Benchmarks Version 1.00
Australia,Structure,Construction of Reinforced Concrete Walls with Piled Foundations,Attendance of Professional Geotechnical Engineer During Pile Hole Excavation Inside Casing,1,hour,-   , -   , -   ,0.0010,TfNSW Engineering Carbon and Cost Library (ECCL) Level 5 Road Benchmarks Version 1.00
Australia,Structure,Construction of Reinforced Concrete Walls with Piled Foundations,750mm Diameter,1,m,-   , -   ,0.0002,0.0425,TfNSW Engineering Carbon and Cost Library (ECCL) Level 5 Road Benchmarks Version 1.00
Australia,Structure,Construction of Reinforced Concrete Walls with Piled Foundations,900mm Diameter,1,m,-   , -   ,0.0002,0.0480,TfNSW Engineering Carbon and Cost Library (ECCL) Level 5 Road Benchmarks Version 1.00
Australia,Structure,Construction of Reinforced Concrete Walls with Piled Foundations,1050mm Diameter,1,m,-   , -   ,0.0002,0.0524,TfNSW Engineering Carbon and Cost Library (ECCL) Level 5 Road Benchmarks Version 1.00
Australia,Structure,Construction of Reinforced Concrete Walls with Piled Foundations,1200mm Diameter,1,m,-   , -   ,0.0002,0.0655,TfNSW Engineering Carbon and Cost Library (ECCL) Level 5 Road Benchmarks Version 1.00
Australia,Structure,Construction of Reinforced Concrete Walls with Piled Foundations,1500mm Diameter,1,m,-   , -   ,0.0003,0.0830,TfNSW Engineering Carbon and Cost Library (ECCL) Level 5 Road Benchmarks Version 1.00
Australia,Structure,Construction of Reinforced Concrete Walls with Piled Foundations,750mm Diameter,1,m,-   , -   ,0.0002,0.0548,TfNSW Engineering Carbon and Cost Library (ECCL) Level 5 Road Benchmarks Version 1.00
Australia,Structure,Construction of Reinforced Concrete Walls with Piled Foundations,900mm Diameter,1,m,-   , -   ,0.0002,0.0596,TfNSW Engineering Carbon and Cost Library (ECCL) Level 5 Road Benchmarks Version 1.00
Australia,Structure,Construction of Reinforced Concrete Walls with Piled Foundations,1050mm Diameter,1,m,-   , -   ,0.0002,0.0672,TfNSW Engineering Carbon and Cost Library (ECCL) Level 5 Road Benchmarks Version 1.00
Australia,Structure,Construction of Reinforced Concrete Walls with Piled Foundations,1200mm Diameter,1,m,-   , -   ,0.0003,0.0819,TfNSW Engineering Carbon and Cost Library (ECCL) Level 5 Road Benchmarks Version 1.00
Australia,Structure,Construction of Reinforced Concrete Walls with Piled Foundations,1500mm Diameter,1,m,-   , -   ,0.0004,0.1069,TfNSW Engineering Carbon and Cost Library (ECCL) Level 5 Road Benchmarks Version 1.00
Australia,Structure,Construction of Reinforced Concrete Walls with Piled Foundations,750mm Diameter,1,m,-   ,0.0876,0.0014,0.0359,TfNSW Engineering Carbon and Cost Library (ECCL) Level 5 Road Benchmarks Version 1.00
Australia,Structure,Construction of Reinforced Concrete Walls with Piled Foundations,900mm Diameter,1,m,-   ,0.1036,0.0016,0.0400,TfNSW Engineering Carbon and Cost Library (ECCL) Level 5 Road Benchmarks Version 1.00
Australia,Structure,Construction of Reinforced Concrete Walls with Piled Foundations,1050mm Diameter,1,m,-   ,0.1221,0.0019,0.0446,TfNSW Engineering Carbon and Cost Library (ECCL) Level 5 Road Benchmarks Version 1.00
Australia,Structure,Construction of Reinforced Concrete Walls with Piled Foundations,1200mm Diameter,1,m,-   ,0.1381,0.0021,0.0545,TfNSW Engineering Carbon and Cost Library (ECCL) Level 5 Road Benchmarks Version 1.00
Australia,Structure,Construction of Reinforced Concrete Walls with Piled Foundations,1500mm Diameter,1,m,-   ,0.1726,0.0027,0.0724,TfNSW Engineering Carbon and Cost Library (ECCL) Level 5 Road Benchmarks Version 1.00
Australia,Structure,Construction of Reinforced Concrete Walls with Piled Foundations,750mm Diameter,1,m,-   , -   ,0.0001,0.0290,TfNSW Engineering Carbon and Cost Library (ECCL) Level 5 Road Benchmarks Version 1.00
Australia,Structure,Construction of Reinforced Concrete Walls with Piled Foundations,900mm Diameter,1,m,-   , -   ,0.0001,0.0345,TfNSW Engineering Carbon and Cost Library (ECCL) Level 5 Road Benchmarks Version 1.00
Australia,Structure,Construction of Reinforced Concrete Walls with Piled Foundations,1050mm Diameter,1,m,-   , -   ,0.0001,0.0390,TfNSW Engineering Carbon and Cost Library (ECCL) Level 5 Road Benchmarks Version 1.00
Australia,Structure,Construction of Reinforced Concrete Walls with Piled Foundations,1200mm Diameter,1,m,-   , -   ,0.0002,0.0508,TfNSW Engineering Carbon and Cost Library (ECCL) Level 5 Road Benchmarks Version 1.00
Australia,Structure,Construction of Reinforced Concrete Walls with Piled Foundations,1500mm Diameter,1,m,-   , -   ,0.0002,0.0639,TfNSW Engineering Carbon and Cost Library (ECCL) Level 5 Road Benchmarks Version 1.00
Australia,Structure,Construction of Reinforced Concrete Walls with Piled Foundations,For Indirect Visual or Other Inspection Method,1,each,-   , -   , -   ,0.0010,TfNSW Engineering Carbon and Cost Library (ECCL) Level 5 Road Benchmarks Version 1.00
Australia,Structure,Construction of Reinforced Concrete Walls with Piled Foundations,For CCTV Indirect Examination Method - Provisional Quantity,1,each,-   , -   , -   ,0.0007,TfNSW Engineering Carbon and Cost Library (ECCL) Level 5 Road Benchmarks Version 1.00
Australia,Structure,Construction of Reinforced Concrete Walls with Piled Foundations,To Contract Level,1,t,-   ,1.7353,0.1145,0.1140,TfNSW Engineering Carbon and Cost Library (ECCL) Level 5 Road Benchmarks Version 1.00
Australia,Structure,Construction of Reinforced Concrete Walls with Piled Foundations,Below Contract Level - Provisional Quantity.,1,t,-   ,1.6858,0.1112,0.1069,TfNSW Engineering Carbon and Cost Library (ECCL) Level 5 Road Benchmarks Version 1.00
Australia,Structure,Construction of Reinforced Concrete Walls with Piled Foundations,To Contract Level,1,m3,-   ,0.2381,0.0052,0.0213,TfNSW Engineering Carbon and Cost Library (ECCL) Level 5 Road Benchmarks Version 1.00
Australia,Structure,Construction of Reinforced Concrete Walls with Piled Foundations,Below Contract Level - Provisional Quantity.,1,m3,-   ,0.2381,0.0052,0.0209,TfNSW Engineering Carbon and Cost Library (ECCL) Level 5 Road Benchmarks Version 1.00
Australia,Structure,Construction of Reinforced Concrete Walls with Piled Foundations,Pile Integrity Testing,1,each,-   , -   , -   , -   ,TfNSW Engineering Carbon and Cost Library (ECCL) Level 5 Road Benchmarks Version 1.00
Australia,Structure,Construction of Reinforced Concrete Walls with Piled Foundations,Additional Pile Integrity Testing - Provisional Quantity,1,each,-   , -   , -   , -   ,TfNSW Engineering Carbon and Cost Library (ECCL) Level 5 Road Benchmarks Version 1.00
Australia,Structure,Construction of Reinforced Concrete Walls with Piled Foundations,Site Establishment,1,each,-   , -   , -   , -   ,TfNSW Engineering Carbon and Cost Library (ECCL) Level 5 Road Benchmarks Version 1.00
Australia,Structure,Construction of Reinforced Concrete Walls with Piled Foundations,Pile Testing,1,each,-   , -   , -   , -   ,TfNSW Engineering Carbon and Cost Library (ECCL) Level 5 Road Benchmarks Version 1.00
Australia,Structure,Construction of Reinforced Concrete Walls with Piled Foundations,Additional Pile Testing - Provisional Quantity,1,each,-   , -   , -   , -   ,TfNSW Engineering Carbon and Cost Library (ECCL) Level 5 Road Benchmarks Version 1.00
Australia,Structure,Construction of Reinforced Concrete Walls with Piled Foundations,Test Member - Provisional Quantity,1,each,-   , -   , -   , -   ,TfNSW Engineering Carbon and Cost Library (ECCL) Level 5 Road Benchmarks Version 1.00
Australia,Structure,Construction of Reinforced Concrete Walls with Piled Foundations,Excavation to Required Levels,1,m3,-   , -   ,0.0000,0.0078,TfNSW Engineering Carbon and Cost Library (ECCL) Level 5 Road Benchmarks Version 1.00
Australia,Structure,Construction of Reinforced Concrete Walls with Piled Foundations,Preparation of Foundation,1,m2,-   , -   ,0.0000,0.0039,TfNSW Engineering Carbon and Cost Library (ECCL) Level 5 Road Benchmarks Version 1.00
Australia,Structure,Construction of Reinforced Concrete Walls with Piled Foundations,Mass Concrete Blinding Layer,1,m3,-   ,0.2782,0.0060,0.0079,TfNSW Engineering Carbon and Cost Library (ECCL) Level 5 Road Benchmarks Version 1.00
Australia,Structure,Construction of Reinforced Concrete Walls with Piled Foundations,Supply and Place Steel Bar Reinforcement,1,t,-   ,1.6981,0.1121,0.1362,TfNSW Engineering Carbon and Cost Library (ECCL) Level 5 Road Benchmarks Version 1.00
Australia,Structure,Construction of Reinforced Concrete Walls with Piled Foundations,Supply and Placement of N25 Concrete,1,m3,-29.3097,0.2684,0.0060,0.0475,TfNSW Engineering Carbon and Cost Library (ECCL) Level 5 Road Benchmarks Version 1.00
Australia,Structure,Construction of Reinforced Concrete Walls with Piled Foundations,Supply and Placement of N32 Concrete,1,m3,-29.3097,0.3129,0.0059,0.0482,TfNSW Engineering Carbon and Cost Library (ECCL) Level 5 Road Benchmarks Version 1.00
Australia,Structure,Construction of Reinforced Concrete Walls with Piled Foundations,Supply and Placement of N40 Concrete,1,m3,-29.3097,0.3674,0.0062,0.0494,TfNSW Engineering Carbon and Cost Library (ECCL) Level 5 Road Benchmarks Version 1.00
Australia,Structure,Construction of Reinforced Concrete Walls with Piled Foundations,Finish and Cure Concrete,1,m2,-   ,0.0002,0.0001,0.0002,TfNSW Engineering Carbon and Cost Library (ECCL) Level 5 Road Benchmarks Version 1.00
Australia,Structure,Construction of Reinforced Concrete Walls with Piled Foundations,Supply and Place Steel Bar Reinforcement,1,t,-   ,1.6981,0.1121,0.1339,TfNSW Engineering Carbon and Cost Library (ECCL) Level 5 Road Benchmarks Version 1.00
Australia,Structure,Construction of Reinforced Concrete Walls with Piled Foundations,Supply and Placement of N25 Concrete to wall,1,m3,-47.0511,0.2835,0.0060,0.0318,TfNSW Engineering Carbon and Cost Library (ECCL) Level 5 Road Benchmarks Version 1.00
Australia,Structure,Construction of Reinforced Concrete Walls with Piled Foundations,Supply and Placement of N32 Concrete to wall,1,m3,-47.0511,0.3268,0.0060,0.0326,TfNSW Engineering Carbon and Cost Library (ECCL) Level 5 Road Benchmarks Version 1.00
Australia,Structure,Construction of Reinforced Concrete Walls with Piled Foundations,Supply and Placement of N40 Concrete to wall,1,m3,-47.0511,0.3793,0.0062,0.0337,TfNSW Engineering Carbon and Cost Library (ECCL) Level 5 Road Benchmarks Version 1.00
Australia,Structure,Construction of Reinforced Concrete Walls with Piled Foundations,Finish and Cure Concrete,1,m2,-   ,0.0002,0.0001,0.0002,TfNSW Engineering Carbon and Cost Library (ECCL) Level 5 Road Benchmarks Version 1.00
Australia,Structure,Construction of Reinforced Concrete Walls with Piled Foundations,100 mm dia Corrugated Perforated Plastic Drainage Pipe,1,m,-   ,0.0021,0.0001,0.0010,TfNSW Engineering Carbon and Cost Library (ECCL) Level 5 Road Benchmarks Version 1.00
Australia,Structure,Construction of Reinforced Concrete Walls with Piled Foundations,Geofabric,1,m2,-   ,0.0008,0.0001,0.0002,TfNSW Engineering Carbon and Cost Library (ECCL) Level 5 Road Benchmarks Version 1.00
Australia,Structure,Construction of Reinforced Concrete Walls with Piled Foundations,Drainage Aggregate,1,m3,-   ,0.0230,0.0086,0.0048,TfNSW Engineering Carbon and Cost Library (ECCL) Level 5 Road Benchmarks Version 1.00
Australia,Structure,Construction of Reinforced Concrete Walls with Piled Foundations,Expansion Joints,1,m,-   ,0.0010,0.0000,0.0002,TfNSW Engineering Carbon and Cost Library (ECCL) Level 5 Road Benchmarks Version 1.00
Australia,Structure,Construction of Reinforced Concrete Walls with Piled Foundations,Isolation Joints,1,m,-   ,0.0010,0.0000,0.0002,TfNSW Engineering Carbon and Cost Library (ECCL) Level 5 Road Benchmarks Version 1.00
Australia,Structure,Construction of Reinforced Concrete Walls with Piled Foundations,Contraction Joints,1,m,-0.1801,0.0002,0.0000,0.0001,TfNSW Engineering Carbon and Cost Library (ECCL) Level 5 Road Benchmarks Version 1.00
Australia,Structure,Construction of Reinforced Concrete Walls with Piled Foundations,Select Fill,1,m3,-   ,0.0264,0.0099,0.0037,TfNSW Engineering Carbon and Cost Library (ECCL) Level 5 Road Benchmarks Version 1.00
Australia,Structure,Construction of Reinforced Concrete Walls with Piled Foundations,Earth Fill,1,m3,-   , -   ,0.0000,0.0037,TfNSW Engineering Carbon and Cost Library (ECCL) Level 5 Road Benchmarks Version 1.00
Australia,Services and Equipment,Soil Nailing,up to 6 m length,1,each,-   , -   , -   , -   ,TfNSW Engineering Carbon and Cost Library (ECCL) Level 5 Road Benchmarks Version 1.00
Australia,Services and Equipment,Soil Nailing,>6 to 9 m length,1,each,-   , -   , -   , -   ,TfNSW Engineering Carbon and Cost Library (ECCL) Level 5 Road Benchmarks Version 1.00
Australia,Services and Equipment,Soil Nailing,>9 to 12 m length,1,each,-   , -   , -   , -   ,TfNSW Engineering Carbon and Cost Library (ECCL) Level 5 Road Benchmarks Version 1.00
Australia,Services and Equipment,Soil Nailing,>12 to 15 m length,1,each,-   , -   , -   , -   ,TfNSW Engineering Carbon and Cost Library (ECCL) Level 5 Road Benchmarks Version 1.00
Australia,Services and Equipment,Soil Nailing,>15 m length,1,each,-   , -   , -   , -   ,TfNSW Engineering Carbon and Cost Library (ECCL) Level 5 Road Benchmarks Version 1.00
Australia,Services and Equipment,Soil Nailing,up to 6 m length,1,each,-   ,0.1203,0.0015,0.0012,TfNSW Engineering Carbon and Cost Library (ECCL) Level 5 Road Benchmarks Version 1.00
Australia,Services and Equipment,Soil Nailing,>6 to 9 m length,1,each,-   ,0.1804,0.0022,0.0018,TfNSW Engineering Carbon and Cost Library (ECCL) Level 5 Road Benchmarks Version 1.00
Australia,Services and Equipment,Soil Nailing,>9 to 12 m length,1,each,-   ,0.2406,0.0030,0.0024,TfNSW Engineering Carbon and Cost Library (ECCL) Level 5 Road Benchmarks Version 1.00
Australia,Services and Equipment,Soil Nailing,>12 to 15 m length,1,each,-   ,0.3007,0.0037,0.0030,TfNSW Engineering Carbon and Cost Library (ECCL) Level 5 Road Benchmarks Version 1.00
Australia,Services and Equipment,Soil Nailing,>15 m length,1,each,-   ,0.3609,0.0044,0.0037,TfNSW Engineering Carbon and Cost Library (ECCL) Level 5 Road Benchmarks Version 1.00
Australia,Services and Equipment,Soil Nailing,Up to 50mm thick,1,m2,-   ,0.0392,0.0028,0.0113,TfNSW Engineering Carbon and Cost Library (ECCL) Level 5 Road Benchmarks Version 1.00
Australia,Services and Equipment,Soil Nailing,50mm to 100mm thick,1,m2,-   ,0.0488,0.0030,0.0150,TfNSW Engineering Carbon and Cost Library (ECCL) Level 5 Road Benchmarks Version 1.00
Australia,Services and Equipment,Soil Nailing,100mm to 150mm thick,1,m2,-   ,0.0681,0.0033,0.0196,TfNSW Engineering Carbon and Cost Library (ECCL) Level 5 Road Benchmarks Version 1.00
Australia,Services and Equipment,Soil Nailing,>150mm thick,1,m2,-   ,0.0778,0.0035,0.0219,TfNSW Engineering Carbon and Cost Library (ECCL) Level 5 Road Benchmarks Version 1.00
Australia,Services and Equipment,Soil Nailing,Strip Drains,1,m,-   ,0.0035,0.0003,0.0003,TfNSW Engineering Carbon and Cost Library (ECCL) Level 5 Road Benchmarks Version 1.00
Australia,Structure,Shotcrete Work without Steel Fibres,up to 100mm thick,1,m2,-   ,0.0375,0.0006,0.0162,TfNSW Engineering Carbon and Cost Library (ECCL) Level 5 Road Benchmarks Version 1.00
Australia,Structure,Shotcrete Work without Steel Fibres,100mm to 150mm thick,1,m2,-   ,0.0468,0.0008,0.0185,TfNSW Engineering Carbon and Cost Library (ECCL) Level 5 Road Benchmarks Version 1.00
Australia,Structure,Shotcrete Work without Steel Fibres,> 150mm thick,1,m2,-   ,0.0656,0.0011,0.0244,TfNSW Engineering Carbon and Cost Library (ECCL) Level 5 Road Benchmarks Version 1.00
Australia,Structure,Shotcrete Work without Steel Fibres,up to 100mm thick,1,m2,-   ,0.0386,0.0006,0.0164,TfNSW Engineering Carbon and Cost Library (ECCL) Level 5 Road Benchmarks Version 1.00
Australia,Structure,Shotcrete Work without Steel Fibres,100mm to 150mm thick,1,m2,-   ,0.0483,0.0008,0.0187,TfNSW Engineering Carbon and Cost Library (ECCL) Level 5 Road Benchmarks Version 1.00
Australia,Structure,Shotcrete Work without Steel Fibres,> 150mm thick,1,m2,-   ,0.0676,0.0011,0.0248,TfNSW Engineering Carbon and Cost Library (ECCL) Level 5 Road Benchmarks Version 1.00
Australia,Structure,Shotcrete Work without Steel Fibres,up to 100mm thick,1,m2,-   ,0.0386,0.0006,0.0164,TfNSW Engineering Carbon and Cost Library (ECCL) Level 5 Road Benchmarks Version 1.00
Australia,Structure,Shotcrete Work without Steel Fibres,100mm to 150mm thick,1,m2,-   ,0.0483,0.0008,0.0187,TfNSW Engineering Carbon and Cost Library (ECCL) Level 5 Road Benchmarks Version 1.00
Australia,Structure,Shotcrete Work without Steel Fibres,> 150mm thick,1,m2,-   ,0.0676,0.0011,0.0248,TfNSW Engineering Carbon and Cost Library (ECCL) Level 5 Road Benchmarks Version 1.00
Australia,Structure,Shotcrete Work without Steel Fibres,up to 100mm thick,1,m2,-   ,0.0386,0.0006,0.0164,TfNSW Engineering Carbon and Cost Library (ECCL) Level 5 Road Benchmarks Version 1.00
Australia,Structure,Shotcrete Work without Steel Fibres,100mm to 150mm thick,1,m2,-   ,0.0483,0.0008,0.0187,TfNSW Engineering Carbon and Cost Library (ECCL) Level 5 Road Benchmarks Version 1.00
Australia,Structure,Shotcrete Work without Steel Fibres,> 150mm thick,1,m2,-   ,0.0676,0.0011,0.0248,TfNSW Engineering Carbon and Cost Library (ECCL) Level 5 Road Benchmarks Version 1.00
Australia,Substructure and Pavements,Unbound and Modified Pavement Course,Supply and Place Subbase,1,m3,-   ,0.0117,0.0130,0.0082,TfNSW Engineering Carbon and Cost Library (ECCL) Level 5 Road Benchmarks Version 1.00
Australia,Substructure and Pavements,Unbound and Modified Pavement Course,Supply and Place Base,1,m3,-   ,0.0117,0.0130,0.0102,TfNSW Engineering Carbon and Cost Library (ECCL) Level 5 Road Benchmarks Version 1.00
Australia,Substructure and Pavements,Construction of Plant Mixed Heavily Bound Pavement Course,up to 100mm thick,1,m2,-   ,0.0138,0.0057,0.0022,TfNSW Engineering Carbon and Cost Library (ECCL) Level 5 Road Benchmarks Version 1.00
Australia,Substructure and Pavements,Construction of Plant Mixed Heavily Bound Pavement Course,101 to 150mm thick,1,m2,-   ,0.0172,0.0071,0.0023,TfNSW Engineering Carbon and Cost Library (ECCL) Level 5 Road Benchmarks Version 1.00
Australia,Substructure and Pavements,Construction of Plant Mixed Heavily Bound Pavement Course,151 to 200mm thick,1,m2,-   ,0.0241,0.0100,0.0026,TfNSW Engineering Carbon and Cost Library (ECCL) Level 5 Road Benchmarks Version 1.00
Australia,Substructure and Pavements,Construction of Plant Mixed Heavily Bound Pavement Course,201 to 250mm thick,1,m2,-   ,0.0310,0.0128,0.0029,TfNSW Engineering Carbon and Cost Library (ECCL) Level 5 Road Benchmarks Version 1.00
Australia,Substructure and Pavements,Construction of Plant Mixed Heavily Bound Pavement Course,251 to 300mm thick,1,m2,-   ,0.0379,0.0156,0.0032,TfNSW Engineering Carbon and Cost Library (ECCL) Level 5 Road Benchmarks Version 1.00
Australia,Substructure and Pavements,Construction of Plant Mixed Heavily Bound Pavement Course,301 to 350mm thick,1,m2,-   ,0.0448,0.0184,0.0035,TfNSW Engineering Carbon and Cost Library (ECCL) Level 5 Road Benchmarks Version 1.00
Australia,Substructure and Pavements,Construction of Plant Mixed Heavily Bound Pavement Course,351 to 400mm thick,1,m2,-   ,0.0517,0.0213,0.0038,TfNSW Engineering Carbon and Cost Library (ECCL) Level 5 Road Benchmarks Version 1.00
Australia,Substructure and Pavements,Construction of Plant Mixed Heavily Bound Pavement Course,401 to 450mm thick,1,m2,-   ,0.0586,0.0241,0.0041,TfNSW Engineering Carbon and Cost Library (ECCL) Level 5 Road Benchmarks Version 1.00
Australia,Substructure and Pavements,Construction of Plant Mixed Heavily Bound Pavement Course,451 to 500mm thick,1,m2,-   ,0.0655,0.0269,0.0044,TfNSW Engineering Carbon and Cost Library (ECCL) Level 5 Road Benchmarks Version 1.00
Australia,Substructure and Pavements,Construction of Plant Mixed Heavily Bound Pavement Course,>500mm thick,1,m2,-   ,0.0724,0.0297,0.0047,TfNSW Engineering Carbon and Cost Library (ECCL) Level 5 Road Benchmarks Version 1.00
Australia,Substructure and Pavements,Insitu Pavement Stabilisation Using Slow Setting Binders,up to 100mm thick,1,m2,-   ,0.0107,0.0010,0.0023,TfNSW Engineering Carbon and Cost Library (ECCL) Level 5 Road Benchmarks Version 1.00
Australia,Substructure and Pavements,Insitu Pavement Stabilisation Using Slow Setting Binders,101 to 150mm thick,1,m2,-   ,0.0133,0.0011,0.0024,TfNSW Engineering Carbon and Cost Library (ECCL) Level 5 Road Benchmarks Version 1.00
Australia,Substructure and Pavements,Insitu Pavement Stabilisation Using Slow Setting Binders,151 to 200mm thick,1,m2,-   ,0.0186,0.0014,0.0027,TfNSW Engineering Carbon and Cost Library (ECCL) Level 5 Road Benchmarks Version 1.00
Australia,Substructure and Pavements,Insitu Pavement Stabilisation Using Slow Setting Binders,201 to 250mm thick,1,m2,-   ,0.0240,0.0017,0.0029,TfNSW Engineering Carbon and Cost Library (ECCL) Level 5 Road Benchmarks Version 1.00
Australia,Substructure and Pavements,Insitu Pavement Stabilisation Using Slow Setting Binders,251 to 300mm thick,1,m2,-   ,0.0293,0.0019,0.0031,TfNSW Engineering Carbon and Cost Library (ECCL) Level 5 Road Benchmarks Version 1.00
Australia,Substructure and Pavements,Insitu Pavement Stabilisation Using Slow Setting Binders,301 to 350mm thick,1,m2,-   ,0.0346,0.0022,0.0034,TfNSW Engineering Carbon and Cost Library (ECCL) Level 5 Road Benchmarks Version 1.00
Australia,Substructure and Pavements,Insitu Pavement Stabilisation Using Slow Setting Binders,351 to 400mm thick,1,m2,-   ,0.0399,0.0024,0.0036,TfNSW Engineering Carbon and Cost Library (ECCL) Level 5 Road Benchmarks Version 1.00
Australia,Substructure and Pavements,Insitu Pavement Stabilisation Using Slow Setting Binders,401 to 450mm thick,1,m2,-   ,0.0453,0.0027,0.0038,TfNSW Engineering Carbon and Cost Library (ECCL) Level 5 Road Benchmarks Version 1.00
Australia,Substructure and Pavements,Insitu Pavement Stabilisation Using Slow Setting Binders,451 to 500mm thick,1,m2,-   ,0.0506,0.0029,0.0041,TfNSW Engineering Carbon and Cost Library (ECCL) Level 5 Road Benchmarks Version 1.00
Australia,Substructure and Pavements,Insitu Pavement Stabilisation Using Slow Setting Binders,>500mm thick,1,m2,-   ,0.0559,0.0032,0.0043,TfNSW Engineering Carbon and Cost Library (ECCL) Level 5 Road Benchmarks Version 1.00
Australia,Substructure and Pavements,Insitu Pavement Stabilisation Using Slow Setting Binders,Supply and Spreading of Imported Material To Be Bound,1,t,-   ,0.0051,0.0041,0.0025,TfNSW Engineering Carbon and Cost Library (ECCL) Level 5 Road Benchmarks Version 1.00
Australia,Substructure and Pavements,No Fines Concrete Subbase,Supply and Place No Fines Concrete in Subbase,1,m3,-1.8009,0.2637,0.0047,0.0124,TfNSW Engineering Carbon and Cost Library (ECCL) Level 5 Road Benchmarks Version 1.00
Australia,Substructure and Pavements,No Fines Concrete Subbase,Supply and Place Dental Concrete,1,m3,-   ,0.2898,0.0062,0.0074,TfNSW Engineering Carbon and Cost Library (ECCL) Level 5 Road Benchmarks Version 1.00
Australia,Substructure and Pavements,No Fines Concrete Subbase,Supply and Place Asphalt Interlayer,1,t,-   ,0.0746,0.0059,0.0301,TfNSW Engineering Carbon and Cost Library (ECCL) Level 5 Road Benchmarks Version 1.00
Australia,Substructure and Pavements,Lean-Mix Concrete Subbase,Supply and Place Concrete in Subbase,1,m3,-0.0866,0.0001,0.0000,0.0030,TfNSW Engineering Carbon and Cost Library (ECCL) Level 5 Road Benchmarks Version 1.00
Australia,Substructure and Pavements,Lean-Mix Concrete Subbase,Finish and Cure Subbase,1,m2,-   ,0.0002,0.0000,0.0001,TfNSW Engineering Carbon and Cost Library (ECCL) Level 5 Road Benchmarks Version 1.00
Australia,Substructure and Pavements,Lean-Mix Concrete Subbase,Surface Debonding Treatment,1,m2,-   ,0.0006,0.0001,0.0006,TfNSW Engineering Carbon and Cost Library (ECCL) Level 5 Road Benchmarks Version 1.00
Australia,Substructure and Pavements,Lean-Mix Concrete Subbase,Subgrade Beams,1,m3,-   ,0.3306,0.0157,0.0291,TfNSW Engineering Carbon and Cost Library (ECCL) Level 5 Road Benchmarks Version 1.00
Australia,Substructure and Pavements,Jointed Concrete Base,Supply and Place Concrete in Base (other than steel fibre reinforced concrete),1,m3,-0.1801,0.3490,0.0046,0.0107,TfNSW Engineering Carbon and Cost Library (ECCL) Level 5 Road Benchmarks Version 1.00
Australia,Substructure and Pavements,Jointed Concrete Base,Supply and Place Steel Fibre Reinforced Concrete in Base,1,m3,-0.1801,0.4138,0.0089,0.0142,TfNSW Engineering Carbon and Cost Library (ECCL) Level 5 Road Benchmarks Version 1.00
Australia,Substructure and Pavements,Jointed Concrete Base,"Finish, Cure and Texture Base",1,m2,-   ,0.0002,0.0000,0.0001,TfNSW Engineering Carbon and Cost Library (ECCL) Level 5 Road Benchmarks Version 1.00
Australia,Substructure and Pavements,Jointed Concrete Base,SL72,1,m2,-   ,0.0096,0.0021,0.0004,TfNSW Engineering Carbon and Cost Library (ECCL) Level 5 Road Benchmarks Version 1.00
Australia,Substructure and Pavements,Jointed Concrete Base,SL82,1,m2,-   ,0.0114,0.0022,0.0005,TfNSW Engineering Carbon and Cost Library (ECCL) Level 5 Road Benchmarks Version 1.00
Australia,Substructure and Pavements,Jointed Concrete Base,SL92,1,m2,-   ,0.0137,0.0023,0.0007,TfNSW Engineering Carbon and Cost Library (ECCL) Level 5 Road Benchmarks Version 1.00
Australia,Substructure and Pavements,Jointed Concrete Base,Supply and Place Steel Bar Reinforcement,1,t,-   ,1.6981,0.1120,0.1012,TfNSW Engineering Carbon and Cost Library (ECCL) Level 5 Road Benchmarks Version 1.00
Australia,Substructure and Pavements,Jointed Concrete Base,Longitudinal Joints,1,m,-0.1441,0.0025,0.0002,0.0002,TfNSW Engineering Carbon and Cost Library (ECCL) Level 5 Road Benchmarks Version 1.00
Australia,Substructure and Pavements,Jointed Concrete Base,Expansion Joints and Isolation Joints,1,m,-   ,0.0022,0.0001,0.0002,TfNSW Engineering Carbon and Cost Library (ECCL) Level 5 Road Benchmarks Version 1.00
Australia,Substructure and Pavements,Jointed Concrete Base,Transverse Contraction Joints,1,m,-0.1801,0.0005,0.0000,0.0001,TfNSW Engineering Carbon and Cost Library (ECCL) Level 5 Road Benchmarks Version 1.00
Australia,Substructure and Pavements,Jointed Concrete Base,Terminal and Slab Anchors,1,m3,-   ,0.2653,0.0049,0.0342,TfNSW Engineering Carbon and Cost Library (ECCL) Level 5 Road Benchmarks Version 1.00
Australia,Substructure and Pavements,Roller Compacted Concrete Subbase,"Supply and Delivery, Spread Compact and Finish Roller Compacted Concrete",1,m3,-   , -   ,0.0001,0.0167,TfNSW Engineering Carbon and Cost Library (ECCL) Level 5 Road Benchmarks Version 1.00
Australia,Substructure and Pavements,Roller Compacted Concrete Subbase,Emulsion Curing,1,m2,-   ,0.0005,0.0001,0.0000,TfNSW Engineering Carbon and Cost Library (ECCL) Level 5 Road Benchmarks Version 1.00
Australia,Substructure and Pavements,Roller Compacted Concrete Subbase,Prime or Primer Seal,1,m2,-   ,0.0006,0.0001,0.0015,TfNSW Engineering Carbon and Cost Library (ECCL) Level 5 Road Benchmarks Version 1.00
Australia,Structure,Cold Milling of Road Pavement Materials,<30mm,1,m2,-   , -   ,0.0000,0.0006,TfNSW Engineering Carbon and Cost Library (ECCL) Level 5 Road Benchmarks Version 1.00
Australia,Structure,Cold Milling of Road Pavement Materials,30mm,1,m2,-   , -   ,0.0000,0.0006,TfNSW Engineering Carbon and Cost Library (ECCL) Level 5 Road Benchmarks Version 1.00
Australia,Structure,Cold Milling of Road Pavement Materials,40mm,1,m2,-   , -   ,0.0000,0.0007,TfNSW Engineering Carbon and Cost Library (ECCL) Level 5 Road Benchmarks Version 1.00
Australia,Structure,Cold Milling of Road Pavement Materials,50mm,1,m2,-   , -   ,0.0000,0.0008,TfNSW Engineering Carbon and Cost Library (ECCL) Level 5 Road Benchmarks Version 1.00
Australia,Structure,Cold Milling of Road Pavement Materials,60mm,1,m2,-   , -   ,0.0000,0.0009,TfNSW Engineering Carbon and Cost Library (ECCL) Level 5 Road Benchmarks Version 1.00
Australia,Structure,Cold Milling of Road Pavement Materials,70mm,1,m2,-   , -   ,0.0000,0.0011,TfNSW Engineering Carbon and Cost Library (ECCL) Level 5 Road Benchmarks Version 1.00
Australia,Structure,Cold Milling of Road Pavement Materials,80mm,1,m2,-   , -   ,0.0000,0.0012,TfNSW Engineering Carbon and Cost Library (ECCL) Level 5 Road Benchmarks Version 1.00
Australia,Structure,Cold Milling of Road Pavement Materials,90mm,1,m2,-   , -   ,0.0000,0.0013,TfNSW Engineering Carbon and Cost Library (ECCL) Level 5 Road Benchmarks Version 1.00
Australia,Structure,Cold Milling of Road Pavement Materials,100mm,1,m2,-   , -   ,0.0000,0.0014,TfNSW Engineering Carbon and Cost Library (ECCL) Level 5 Road Benchmarks Version 1.00
Australia,Structure,Cold Milling of Road Pavement Materials,>100mm,1,m2,-   , -   ,0.0000,0.0017,TfNSW Engineering Carbon and Cost Library (ECCL) Level 5 Road Benchmarks Version 1.00
Australia,Structure,Cold Milling of Road Pavement Materials,<30mm (average depth),1,m2,-   , -   ,0.0000,0.0006,TfNSW Engineering Carbon and Cost Library (ECCL) Level 5 Road Benchmarks Version 1.00
Australia,Structure,Cold Milling of Road Pavement Materials,30mm (average depth),1,m2,-   , -   ,0.0000,0.0006,TfNSW Engineering Carbon and Cost Library (ECCL) Level 5 Road Benchmarks Version 1.00
Australia,Structure,Cold Milling of Road Pavement Materials,40mm (average depth),1,m2,-   , -   ,0.0000,0.0007,TfNSW Engineering Carbon and Cost Library (ECCL) Level 5 Road Benchmarks Version 1.00
Australia,Structure,Cold Milling of Road Pavement Materials,50mm (average depth),1,m2,-   , -   ,0.0000,0.0008,TfNSW Engineering Carbon and Cost Library (ECCL) Level 5 Road Benchmarks Version 1.00
Australia,Structure,Cold Milling of Road Pavement Materials,60mm (average depth),1,m2,-   , -   ,0.0000,0.0009,TfNSW Engineering Carbon and Cost Library (ECCL) Level 5 Road Benchmarks Version 1.00
Australia,Structure,Cold Milling of Road Pavement Materials,70mm (average depth),1,m2,-   , -   ,0.0000,0.0011,TfNSW Engineering Carbon and Cost Library (ECCL) Level 5 Road Benchmarks Version 1.00
Australia,Structure,Cold Milling of Road Pavement Materials,80mm (average depth),1,m2,-   , -   ,0.0000,0.0012,TfNSW Engineering Carbon and Cost Library (ECCL) Level 5 Road Benchmarks Version 1.00
Australia,Structure,Cold Milling of Road Pavement Materials,90mm (average depth),1,m2,-   , -   ,0.0000,0.0013,TfNSW Engineering Carbon and Cost Library (ECCL) Level 5 Road Benchmarks Version 1.00
Australia,Structure,Cold Milling of Road Pavement Materials,100mm (average depth),1,m2,-   , -   ,0.0000,0.0014,TfNSW Engineering Carbon and Cost Library (ECCL) Level 5 Road Benchmarks Version 1.00
Australia,Structure,Cold Milling of Road Pavement Materials,>100mm (average depth),1,m2,-   , -   ,0.0000,0.0017,TfNSW Engineering Carbon and Cost Library (ECCL) Level 5 Road Benchmarks Version 1.00
Australia,Structure,Cold Milling of Road Pavement Materials,Milling to Retexture a Surface,1,m2,-   , -   ,0.0000,0.0002,TfNSW Engineering Carbon and Cost Library (ECCL) Level 5 Road Benchmarks Version 1.00
Australia,Structure,Cold Milling of Road Pavement Materials,Milling to Optimise Final Ride Quality,1,m2,-   , -   ,0.0000,0.0007,TfNSW Engineering Carbon and Cost Library (ECCL) Level 5 Road Benchmarks Version 1.00
Australia,Structure,Cold Milling of Road Pavement Materials,<30mm (average depth),1,m2,-   , -   ,0.0000,0.0006,TfNSW Engineering Carbon and Cost Library (ECCL) Level 5 Road Benchmarks Version 1.00
Australia,Structure,Cold Milling of Road Pavement Materials,30mm (average depth),1,m2,-   , -   ,0.0000,0.0006,TfNSW Engineering Carbon and Cost Library (ECCL) Level 5 Road Benchmarks Version 1.00
Australia,Structure,Cold Milling of Road Pavement Materials,40mm (average depth),1,m2,-   , -   ,0.0000,0.0007,TfNSW Engineering Carbon and Cost Library (ECCL) Level 5 Road Benchmarks Version 1.00
Australia,Structure,Cold Milling of Road Pavement Materials,50mm (average depth),1,m2,-   , -   ,0.0000,0.0008,TfNSW Engineering Carbon and Cost Library (ECCL) Level 5 Road Benchmarks Version 1.00
Australia,Structure,Cold Milling of Road Pavement Materials,60mm (average depth),1,m2,-   , -   ,0.0000,0.0009,TfNSW Engineering Carbon and Cost Library (ECCL) Level 5 Road Benchmarks Version 1.00
Australia,Structure,Cold Milling of Road Pavement Materials,70mm (average depth),1,m2,-   , -   ,0.0000,0.0011,TfNSW Engineering Carbon and Cost Library (ECCL) Level 5 Road Benchmarks Version 1.00
Australia,Structure,Cold Milling of Road Pavement Materials,80mm (average depth),1,m2,-   , -   ,0.0000,0.0012,TfNSW Engineering Carbon and Cost Library (ECCL) Level 5 Road Benchmarks Version 1.00
Australia,Structure,Cold Milling of Road Pavement Materials,90mm (average depth),1,m2,-   , -   ,0.0000,0.0013,TfNSW Engineering Carbon and Cost Library (ECCL) Level 5 Road Benchmarks Version 1.00
Australia,Structure,Cold Milling of Road Pavement Materials,100mm (average depth),1,m2,-   , -   ,0.0000,0.0014,TfNSW Engineering Carbon and Cost Library (ECCL) Level 5 Road Benchmarks Version 1.00
Australia,Structure,Cold Milling of Road Pavement Materials,>100mm (average depth),1,m2,-   , -   ,0.0000,0.0017,TfNSW Engineering Carbon and Cost Library (ECCL) Level 5 Road Benchmarks Version 1.00
Australia,Structure,Cold Milling of Road Pavement Materials,Affected Area Up to 10 Square Metres,1,m2,-   , -   ,0.0000,0.0071,TfNSW Engineering Carbon and Cost Library (ECCL) Level 5 Road Benchmarks Version 1.00
Australia,Structure,Cold Milling of Road Pavement Materials,Affected Area Over 10 and Up to 25 Square Metres,1,m2,-   , -   ,0.0000,0.0071,TfNSW Engineering Carbon and Cost Library (ECCL) Level 5 Road Benchmarks Version 1.00
Australia,Structure,Cold Milling of Road Pavement Materials,Affected Area Over 25 and Up to 50 Square Metres,1,m2,-   , -   ,0.0000,0.0071,TfNSW Engineering Carbon and Cost Library (ECCL) Level 5 Road Benchmarks Version 1.00
Australia,Structure,Cold Milling of Road Pavement Materials,Affected Area Over 50 Square Metres,1,m2,-   , -   ,0.0000,0.0071,TfNSW Engineering Carbon and Cost Library (ECCL) Level 5 Road Benchmarks Version 1.00
Australia,Structure,Cold Milling of Road Pavement Materials,Surcharge for Milling Base Concrete,1,m2,-   , -   ,0.0000,0.0014,TfNSW Engineering Carbon and Cost Library (ECCL) Level 5 Road Benchmarks Version 1.00
Australia,Structure,Cold Milling of Road Pavement Materials,Investigation Visit Undertaken,1,each,-   , -   , -   , -   ,TfNSW Engineering Carbon and Cost Library (ECCL) Level 5 Road Benchmarks Version 1.00
Australia,Structure,Cold Milling of Road Pavement Materials,Cores Taken,1,each,-   , -   , -   , -   ,TfNSW Engineering Carbon and Cost Library (ECCL) Level 5 Road Benchmarks Version 1.00
Australia,Substructure and Pavements,Sprayed Bituminous Surfacing (with cutback bitumen),AMC00,1,L,-   ,0.0007,0.0001,0.0005,TfNSW Engineering Carbon and Cost Library (ECCL) Level 5 Road Benchmarks Version 1.00
Australia,Substructure and Pavements,Sprayed Bituminous Surfacing (with cutback bitumen),AMC0,1,L,-   ,0.0007,0.0001,0.0005,TfNSW Engineering Carbon and Cost Library (ECCL) Level 5 Road Benchmarks Version 1.00
Australia,Substructure and Pavements,Sprayed Bituminous Surfacing (with cutback bitumen),AMC1,1,L,-   ,0.0007,0.0001,0.0005,TfNSW Engineering Carbon and Cost Library (ECCL) Level 5 Road Benchmarks Version 1.00
Australia,Substructure and Pavements,Sprayed Bituminous Surfacing (with cutback bitumen),AMC2,1,L,-   ,0.0007,0.0001,0.0005,TfNSW Engineering Carbon and Cost Library (ECCL) Level 5 Road Benchmarks Version 1.00
Australia,Substructure and Pavements,Sprayed Bituminous Surfacing (with cutback bitumen),AMC3,1,L,-   ,0.0007,0.0001,0.0005,TfNSW Engineering Carbon and Cost Library (ECCL) Level 5 Road Benchmarks Version 1.00
Australia,Substructure and Pavements,Sprayed Bituminous Surfacing (with cutback bitumen),AMC4,1,L,-   ,0.0007,0.0001,0.0005,TfNSW Engineering Carbon and Cost Library (ECCL) Level 5 Road Benchmarks Version 1.00
Australia,Substructure and Pavements,Sprayed Bituminous Surfacing (with cutback bitumen),Field Cutback Primer/Primerbinder,1,L,-   ,0.0007,0.0001,0.0005,TfNSW Engineering Carbon and Cost Library (ECCL) Level 5 Road Benchmarks Version 1.00
Australia,Substructure and Pavements,Sprayed Bituminous Surfacing (with cutback bitumen),Supply and Spray Binder - Class 170 Bitumen (including Adhesion Agent where required and Preparation of Surface),1,L,-   ,0.0007,0.0001,0.0005,TfNSW Engineering Carbon and Cost Library (ECCL) Level 5 Road Benchmarks Version 1.00
Australia,Substructure and Pavements,Sprayed Bituminous Surfacing (with cutback bitumen),Supply and Spray Binder - Class 320 Bitumen (including Adhesion Agent where required and Preparation of Surface),1,L,-   ,0.0007,0.0001,0.0005,TfNSW Engineering Carbon and Cost Library (ECCL) Level 5 Road Benchmarks Version 1.00
Australia,Substructure and Pavements,Sprayed Bituminous Surfacing (with cutback bitumen),Supply and Spray Binder – Multigrade 600/170 Bitumen (including Adhesion Agent where required and Preparation of Surface),1,L,-   ,0.0007,0.0001,0.0005,TfNSW Engineering Carbon and Cost Library (ECCL) Level 5 Road Benchmarks Version 1.00
Australia,Substructure and Pavements,Sprayed Bituminous Surfacing (with cutback bitumen),"Supply, Incorporate and Spray Cutter Oil in Binder",1,L,-   ,0.0007,0.0001,0.0002,TfNSW Engineering Carbon and Cost Library (ECCL) Level 5 Road Benchmarks Version 1.00
Australia,Substructure and Pavements,Sprayed Bituminous Surfacing (with cutback bitumen),"Supply, Incorporate and Spray Flux Oil in Binder",1,L,-   ,0.0007,0.0001,0.0002,TfNSW Engineering Carbon and Cost Library (ECCL) Level 5 Road Benchmarks Version 1.00
Australia,Substructure and Pavements,Sprayed Bituminous Surfacing (with cutback bitumen),5 mm Aggregate (Precoated),1,m3,-   ,0.0222,0.0086,0.0273,TfNSW Engineering Carbon and Cost Library (ECCL) Level 5 Road Benchmarks Version 1.00
Australia,Substructure and Pavements,Sprayed Bituminous Surfacing (with cutback bitumen),7 mm Aggregate (Precoated),1,m3,-   ,0.0222,0.0086,0.0267,TfNSW Engineering Carbon and Cost Library (ECCL) Level 5 Road Benchmarks Version 1.00
Australia,Substructure and Pavements,Sprayed Bituminous Surfacing (with cutback bitumen),10 mm Aggregate (Precoated),1,m3,-   ,0.0222,0.0086,0.0257,TfNSW Engineering Carbon and Cost Library (ECCL) Level 5 Road Benchmarks Version 1.00
Australia,Substructure and Pavements,Sprayed Bituminous Surfacing (with cutback bitumen),14 mm Aggregate (Precoated),1,m3,-   ,0.0222,0.0086,0.0263,TfNSW Engineering Carbon and Cost Library (ECCL) Level 5 Road Benchmarks Version 1.00
Australia,Substructure and Pavements,Sprayed Bituminous Surfacing (with cutback bitumen),Geotextile,1,m2,-   ,0.0006,0.0001,0.0003,TfNSW Engineering Carbon and Cost Library (ECCL) Level 5 Road Benchmarks Version 1.00
Australia,Substructure and Pavements,Sprayed Bituminous Surfacing (with polymer modified bitumen),Supply and Spray Polymer Modified Bitumen (including Adhesion Agent where required and Preparation of Surface),1,L,-   ,0.0007,0.0001,0.0003,TfNSW Engineering Carbon and Cost Library (ECCL) Level 5 Road Benchmarks Version 1.00
Australia,Substructure and Pavements,Sprayed Bituminous Surfacing (with polymer modified bitumen),"Supply, Incorporate and Spray Cutter Oil in Binder",1,L,-   ,0.0007,0.0001,0.0002,TfNSW Engineering Carbon and Cost Library (ECCL) Level 5 Road Benchmarks Version 1.00
Australia,Substructure and Pavements,Sprayed Bituminous Surfacing (with polymer modified bitumen),Supply and Spray Binder - Class 170 Bitumen (including Adhesion Agent where required and Preparation of Surface),1,L,-   ,0.0007,0.0001,0.0005,TfNSW Engineering Carbon and Cost Library (ECCL) Level 5 Road Benchmarks Version 1.00
Australia,Substructure and Pavements,Sprayed Bituminous Surfacing (with polymer modified bitumen),5 mm Aggregate (Precoated),1,m3,-   ,0.0222,0.0086,0.0273,TfNSW Engineering Carbon and Cost Library (ECCL) Level 5 Road Benchmarks Version 1.00
Australia,Substructure and Pavements,Sprayed Bituminous Surfacing (with polymer modified bitumen),7 mm Aggregate (Precoated),1,m3,-   ,0.0222,0.0086,0.0267,TfNSW Engineering Carbon and Cost Library (ECCL) Level 5 Road Benchmarks Version 1.00
Australia,Substructure and Pavements,Sprayed Bituminous Surfacing (with polymer modified bitumen),10 mm Aggregate (Precoated),1,m3,-   ,0.0222,0.0086,0.0252,TfNSW Engineering Carbon and Cost Library (ECCL) Level 5 Road Benchmarks Version 1.00
Australia,Substructure and Pavements,Sprayed Bituminous Surfacing (with polymer modified bitumen),14 mm Aggregate (Precoated),1,m3,-   ,0.0222,0.0086,0.0246,TfNSW Engineering Carbon and Cost Library (ECCL) Level 5 Road Benchmarks Version 1.00
Australia,Substructure and Pavements,Sprayed Bituminous Surfacing (with polymer modified bitumen),Supply and Incorporate Geotextile,1,m2,-   ,0.0006,0.0001,0.0003,TfNSW Engineering Carbon and Cost Library (ECCL) Level 5 Road Benchmarks Version 1.00
Australia,Substructure and Pavements,Bituminous Slurry Surfacing,Surface Preparation,1,m2,-   , -   ,0.0000,0.0001,TfNSW Engineering Carbon and Cost Library (ECCL) Level 5 Road Benchmarks Version 1.00
Australia,Substructure and Pavements,Bituminous Slurry Surfacing,3 mm Nominal Size,1,m3,-   ,0.0535,0.0360,0.0049,TfNSW Engineering Carbon and Cost Library (ECCL) Level 5 Road Benchmarks Version 1.00
Australia,Substructure and Pavements,Bituminous Slurry Surfacing,4 mm Nominal Size,1,m3,-   ,0.0535,0.0360,0.0049,TfNSW Engineering Carbon and Cost Library (ECCL) Level 5 Road Benchmarks Version 1.00
Australia,Substructure and Pavements,Bituminous Slurry Surfacing,5 mm Nominal Size,1,m3,-   ,0.0535,0.0360,0.0049,TfNSW Engineering Carbon and Cost Library (ECCL) Level 5 Road Benchmarks Version 1.00
Australia,Substructure and Pavements,Bituminous Slurry Surfacing,7 mm Nominal Size,1,m3,-   ,0.0535,0.0360,0.0049,TfNSW Engineering Carbon and Cost Library (ECCL) Level 5 Road Benchmarks Version 1.00
Australia,Substructure and Pavements,Bituminous Slurry Surfacing,10 mm Nominal Size,1,m3,-   ,0.0535,0.0360,0.0049,TfNSW Engineering Carbon and Cost Library (ECCL) Level 5 Road Benchmarks Version 1.00
Australia,Substructure and Pavements,Bituminous Slurry Surfacing,3 mm Nominal Size,1,m2,-   , -   ,0.0000,0.0001,TfNSW Engineering Carbon and Cost Library (ECCL) Level 5 Road Benchmarks Version 1.00
Australia,Substructure and Pavements,Bituminous Slurry Surfacing,4 mm Nominal Size,1,m2,-   , -   ,0.0000,0.0001,TfNSW Engineering Carbon and Cost Library (ECCL) Level 5 Road Benchmarks Version 1.00
Australia,Substructure and Pavements,Bituminous Slurry Surfacing,5 mm Nominal Size,1,m2,-   , -   ,0.0000,0.0001,TfNSW Engineering Carbon and Cost Library (ECCL) Level 5 Road Benchmarks Version 1.00
Australia,Substructure and Pavements,Bituminous Slurry Surfacing,7 mm Nominal Size,1,m2,-   , -   ,0.0000,0.0001,TfNSW Engineering Carbon and Cost Library (ECCL) Level 5 Road Benchmarks Version 1.00
Australia,Substructure and Pavements,Bituminous Slurry Surfacing,10 mm Nominal Size,1,m2,-   , -   ,0.0000,0.0002,TfNSW Engineering Carbon and Cost Library (ECCL) Level 5 Road Benchmarks Version 1.00
Australia,Substructure and Pavements,Coloured Surface Coatings for Bus Lanes and Cycleways,Preparation of Surface,1,m2,-   , -   ,0.0000,0.0001,TfNSW Engineering Carbon and Cost Library (ECCL) Level 5 Road Benchmarks Version 1.00
Australia,Substructure and Pavements,Coloured Surface Coatings for Bus Lanes and Cycleways,Red,1,m2,-   ,0.0084,0.0002,0.0016,TfNSW Engineering Carbon and Cost Library (ECCL) Level 5 Road Benchmarks Version 1.00
Australia,Substructure and Pavements,Coloured Surface Coatings for Bus Lanes and Cycleways,Green,1,m2,-   ,0.0084,0.0002,0.0016,TfNSW Engineering Carbon and Cost Library (ECCL) Level 5 Road Benchmarks Version 1.00
Australia,Substructure and Pavements,Sprayed Bituminous Surfacing (with bitumen emulsion),Seal or Reseal (1.2 litres per m2),1,L,-   ,0.0003,0.0001,0.0000,TfNSW Engineering Carbon and Cost Library (ECCL) Level 5 Road Benchmarks Version 1.00
Australia,Substructure and Pavements,Sprayed Bituminous Surfacing (with bitumen emulsion),Curing Membrane,1,L,-   ,0.0003,0.0001,0.0000,TfNSW Engineering Carbon and Cost Library (ECCL) Level 5 Road Benchmarks Version 1.00
Australia,Substructure and Pavements,Sprayed Bituminous Surfacing (with bitumen emulsion),5 mm Aggregate (Precoated),1,m3,-   ,0.0244,0.0093,0.0167,TfNSW Engineering Carbon and Cost Library (ECCL) Level 5 Road Benchmarks Version 1.00
Australia,Substructure and Pavements,Sprayed Bituminous Surfacing (with bitumen emulsion),7 mm Aggregate (Precoated),1,m3,-   ,0.0244,0.0093,0.0161,TfNSW Engineering Carbon and Cost Library (ECCL) Level 5 Road Benchmarks Version 1.00
Australia,Substructure and Pavements,Sprayed Bituminous Surfacing (with bitumen emulsion),10 mm Aggregate (Precoated),1,m3,-   ,0.0244,0.0093,0.0151,TfNSW Engineering Carbon and Cost Library (ECCL) Level 5 Road Benchmarks Version 1.00
Australia,Substructure and Pavements,Sprayed Bituminous Surfacing (with bitumen emulsion),14 mm Aggregate (Precoated),1,m3,-   ,0.0244,0.0093,0.0156,TfNSW Engineering Carbon and Cost Library (ECCL) Level 5 Road Benchmarks Version 1.00
Australia,Substructure and Pavements,Sprayed Bituminous Surfacing (for enrichment & rejuvenation),AMC00,1,L,-   ,0.0007,0.0001,0.0004,TfNSW Engineering Carbon and Cost Library (ECCL) Level 5 Road Benchmarks Version 1.00
Australia,Substructure and Pavements,Sprayed Bituminous Surfacing (for enrichment & rejuvenation),AMC0,1,L,-   ,0.0007,0.0001,0.0004,TfNSW Engineering Carbon and Cost Library (ECCL) Level 5 Road Benchmarks Version 1.00
Australia,Substructure and Pavements,Sprayed Bituminous Surfacing (for enrichment & rejuvenation),AMC1,1,L,-   ,0.0007,0.0001,0.0004,TfNSW Engineering Carbon and Cost Library (ECCL) Level 5 Road Benchmarks Version 1.00
Australia,Substructure and Pavements,Sprayed Bituminous Surfacing (for enrichment & rejuvenation),AMC2,1,L,-   ,0.0007,0.0001,0.0004,TfNSW Engineering Carbon and Cost Library (ECCL) Level 5 Road Benchmarks Version 1.00
Australia,Substructure and Pavements,Sprayed Bituminous Surfacing (for enrichment & rejuvenation),AMC3,1,L,-   ,0.0007,0.0001,0.0004,TfNSW Engineering Carbon and Cost Library (ECCL) Level 5 Road Benchmarks Version 1.00
Australia,Substructure and Pavements,Sprayed Bituminous Surfacing (for enrichment & rejuvenation),Supply and Spray Binder - Class 170 Bitumen (Including Preparation of Surface),1,L,-   ,0.0007,0.0001,0.0004,TfNSW Engineering Carbon and Cost Library (ECCL) Level 5 Road Benchmarks Version 1.00
Australia,Substructure and Pavements,Sprayed Bituminous Surfacing (for enrichment & rejuvenation),Supply and Spray Bitumen Emulsion (Including Preparation of Surface),1,L,-   ,0.0003,0.0002,0.0004,TfNSW Engineering Carbon and Cost Library (ECCL) Level 5 Road Benchmarks Version 1.00
Australia,Substructure and Pavements,Sprayed Bituminous Surfacing (for enrichment & rejuvenation),"Supply, Incorporate and Spray Cutter Oil in Binder",1,L,-   ,0.0007,0.0001,0.0001,TfNSW Engineering Carbon and Cost Library (ECCL) Level 5 Road Benchmarks Version 1.00
Australia,Substructure and Pavements,Sprayed Bituminous Surfacing (for enrichment & rejuvenation),Supply and Spray Rejuvenating Agent (Including Preparation of Surface),1,L,-   ,0.0000,0.0000,0.0004,TfNSW Engineering Carbon and Cost Library (ECCL) Level 5 Road Benchmarks Version 1.00
Australia,Substructure and Pavements,Sprayed Bituminous Surfacing (for enrichment & rejuvenation),"Supply, Apply and Incorporate Sand",1,m3,-   ,0.0068,0.0098,0.0221,TfNSW Engineering Carbon and Cost Library (ECCL) Level 5 Road Benchmarks Version 1.00
Australia,Substructure and Pavements,Sprayed Bituminous Surfacing (with fibre reinforcement),Supply and Spray Emulsion Binder (Including Preparation of Surface and Incorporation of Fibre Reinforcement),1,L,-   ,0.0000,0.0000,0.0004,TfNSW Engineering Carbon and Cost Library (ECCL) Level 5 Road Benchmarks Version 1.00
Australia,Substructure and Pavements,Sprayed Bituminous Surfacing (with fibre reinforcement),5 mm Aggregate,1,m3,-   ,0.0244,0.0094,0.0223,TfNSW Engineering Carbon and Cost Library (ECCL) Level 5 Road Benchmarks Version 1.00
Australia,Substructure and Pavements,Sprayed Bituminous Surfacing (with fibre reinforcement),7 mm Aggregate,1,m3,-   ,0.0244,0.0094,0.0214,TfNSW Engineering Carbon and Cost Library (ECCL) Level 5 Road Benchmarks Version 1.00
Australia,Substructure and Pavements,Sprayed Bituminous Surfacing (with fibre reinforcement),10 mm Aggregate,1,m3,-   ,0.0244,0.0094,0.0205,TfNSW Engineering Carbon and Cost Library (ECCL) Level 5 Road Benchmarks Version 1.00
Australia,Substructure and Pavements,Sprayed Bituminous Surfacing (with fibre reinforcement),14 mm Aggregate,1,m3,-   ,0.0244,0.0094,0.0214,TfNSW Engineering Carbon and Cost Library (ECCL) Level 5 Road Benchmarks Version 1.00
Australia,Substructure and Pavements,Heavy Duty Dense Graded Asphalt,Tackcoat,1,L,-   ,0.0002,0.0002,0.0006,TfNSW Engineering Carbon and Cost Library (ECCL) Level 5 Road Benchmarks Version 1.00
Australia,Substructure and Pavements,Heavy Duty Dense Graded Asphalt,5 mm Nominal Size,1,t,-   ,0.0765,0.0059,0.0287,TfNSW Engineering Carbon and Cost Library (ECCL) Level 5 Road Benchmarks Version 1.00
Australia,Substructure and Pavements,Heavy Duty Dense Graded Asphalt,7 mm Nominal size,1,t,-   ,0.0765,0.0059,0.0287,TfNSW Engineering Carbon and Cost Library (ECCL) Level 5 Road Benchmarks Version 1.00
Australia,Substructure and Pavements,Heavy Duty Dense Graded Asphalt,10 mm Nominal Size,1,t,-   ,0.0746,0.0059,0.0287,TfNSW Engineering Carbon and Cost Library (ECCL) Level 5 Road Benchmarks Version 1.00
Australia,Substructure and Pavements,Heavy Duty Dense Graded Asphalt,14 mm Nominal Size,1,t,-   ,0.0735,0.0059,0.0286,TfNSW Engineering Carbon and Cost Library (ECCL) Level 5 Road Benchmarks Version 1.00
Australia,Substructure and Pavements,Heavy Duty Dense Graded Asphalt,20 mm Nominal Size,1,t,-   ,0.0714,0.0059,0.0285,TfNSW Engineering Carbon and Cost Library (ECCL) Level 5 Road Benchmarks Version 1.00
Australia,Substructure and Pavements,Heavy Duty Dense Graded Asphalt,"10 mm Nominal Size, … mm thick",1,t,-   ,0.0746,0.0059,0.0203,TfNSW Engineering Carbon and Cost Library (ECCL) Level 5 Road Benchmarks Version 1.00
Australia,Substructure and Pavements,Heavy Duty Dense Graded Asphalt,"14 mm Nominal Size, … mm thick",1,t,-   ,0.0735,0.0059,0.0202,TfNSW Engineering Carbon and Cost Library (ECCL) Level 5 Road Benchmarks Version 1.00
Australia,Substructure and Pavements,Heavy Duty Dense Graded Asphalt,"20 mm Nominal Size, … mm thick",1,t,-   ,0.0714,0.0059,0.0201,TfNSW Engineering Carbon and Cost Library (ECCL) Level 5 Road Benchmarks Version 1.00
Australia,Substructure and Pavements,Heavy Duty Dense Graded Asphalt,"28 mm Nominal Size, … mm thick",1,t,-   ,0.0682,0.0059,0.0199,TfNSW Engineering Carbon and Cost Library (ECCL) Level 5 Road Benchmarks Version 1.00
Australia,Substructure and Pavements,Heavy Duty Dense Graded Asphalt,Cold Mix,1,t,-   , -   ,0.0001,0.0160,TfNSW Engineering Carbon and Cost Library (ECCL) Level 5 Road Benchmarks Version 1.00
Australia,Substructure and Pavements,Heavy Duty Dense Graded Asphalt,Fine Gap Graded,1,t,-   , -   ,0.0001,0.0160,TfNSW Engineering Carbon and Cost Library (ECCL) Level 5 Road Benchmarks Version 1.00
Australia,Substructure and Pavements,Heavy Duty Dense Graded Asphalt,Proprietary Mix,1,t,-   , -   ,0.0001,0.0160,TfNSW Engineering Carbon and Cost Library (ECCL) Level 5 Road Benchmarks Version 1.00
Australia,Substructure and Pavements,Heavy Duty Dense Graded Asphalt,"5 mm Nominal Size, … mm thick",1,t,-   ,0.0765,0.0059,0.0228,TfNSW Engineering Carbon and Cost Library (ECCL) Level 5 Road Benchmarks Version 1.00
Australia,Substructure and Pavements,Heavy Duty Dense Graded Asphalt,"7 mm Nominal Size, … mm thick",1,t,-   ,0.0765,0.0059,0.0228,TfNSW Engineering Carbon and Cost Library (ECCL) Level 5 Road Benchmarks Version 1.00
Australia,Substructure and Pavements,Heavy Duty Dense Graded Asphalt,"10 mm Nominal Size, … mm thick",1,t,-   ,0.0746,0.0059,0.0227,TfNSW Engineering Carbon and Cost Library (ECCL) Level 5 Road Benchmarks Version 1.00
Australia,Substructure and Pavements,Heavy Duty Dense Graded Asphalt,"14 mm Nominal Size, … mm thick",1,t,-   ,0.0735,0.0059,0.0226,TfNSW Engineering Carbon and Cost Library (ECCL) Level 5 Road Benchmarks Version 1.00
Australia,Substructure and Pavements,Heavy Duty Dense Graded Asphalt,Cold Mix,1,t,-   , -   ,0.0001,0.0160,TfNSW Engineering Carbon and Cost Library (ECCL) Level 5 Road Benchmarks Version 1.00
Australia,Substructure and Pavements,Heavy Duty Dense Graded Asphalt,Fine Gap Graded,1,t,-   , -   ,0.0001,0.0160,TfNSW Engineering Carbon and Cost Library (ECCL) Level 5 Road Benchmarks Version 1.00
Australia,Substructure and Pavements,Heavy Duty Dense Graded Asphalt,Proprietary Mix,1,t,-   , -   ,0.0001,0.0160,TfNSW Engineering Carbon and Cost Library (ECCL) Level 5 Road Benchmarks Version 1.00
Australia,Substructure and Pavements,Heavy Duty Dense Graded Asphalt,5 mm Nominal Size,1,t,-   ,0.0765,0.0059,0.0243,TfNSW Engineering Carbon and Cost Library (ECCL) Level 5 Road Benchmarks Version 1.00
Australia,Substructure and Pavements,Heavy Duty Dense Graded Asphalt,7 mm Nominal Size,1,t,-   ,0.0765,0.0059,0.0243,TfNSW Engineering Carbon and Cost Library (ECCL) Level 5 Road Benchmarks Version 1.00
Australia,Substructure and Pavements,Heavy Duty Dense Graded Asphalt,10 mm Nominal Size,1,t,-   ,0.0746,0.0059,0.0242,TfNSW Engineering Carbon and Cost Library (ECCL) Level 5 Road Benchmarks Version 1.00
Australia,Substructure and Pavements,Heavy Duty Dense Graded Asphalt,14 mm Nominal Size,1,t,-   ,0.0735,0.0059,0.0241,TfNSW Engineering Carbon and Cost Library (ECCL) Level 5 Road Benchmarks Version 1.00
Australia,Substructure and Pavements,Heavy Duty Dense Graded Asphalt,5 mm Nominal Size,1,t,-   ,0.0765,0.0059,0.0243,TfNSW Engineering Carbon and Cost Library (ECCL) Level 5 Road Benchmarks Version 1.00
Australia,Substructure and Pavements,Heavy Duty Dense Graded Asphalt,7 mm Nominal Size,1,t,-   ,0.0765,0.0059,0.0243,TfNSW Engineering Carbon and Cost Library (ECCL) Level 5 Road Benchmarks Version 1.00
Australia,Substructure and Pavements,Heavy Duty Dense Graded Asphalt,10 mm Nominal Size,1,t,-   ,0.0746,0.0059,0.0242,TfNSW Engineering Carbon and Cost Library (ECCL) Level 5 Road Benchmarks Version 1.00
Australia,Substructure and Pavements,Heavy Duty Dense Graded Asphalt,14 mm Nominal Size,1,t,-   ,0.0735,0.0059,0.0241,TfNSW Engineering Carbon and Cost Library (ECCL) Level 5 Road Benchmarks Version 1.00
Australia,Substructure and Pavements,Heavy Duty Dense Graded Asphalt,Resilient Modulus Test,1,each mix,-   , -   , -   , -   ,TfNSW Engineering Carbon and Cost Library (ECCL) Level 5 Road Benchmarks Version 1.00
Australia,Substructure and Pavements,Heavy Duty Dense Graded Asphalt,Wheel Tracking Test,1,each mix,-   , -   , -   , -   ,TfNSW Engineering Carbon and Cost Library (ECCL) Level 5 Road Benchmarks Version 1.00
Australia,Substructure and Pavements,Light Duty Dense Graded Asphalt,Supply and Application of Tackcoat (Including Preparation of Surface),1,L,-   ,0.0002,0.0002,0.0006,TfNSW Engineering Carbon and Cost Library (ECCL) Level 5 Road Benchmarks Version 1.00
Australia,Substructure and Pavements,Light Duty Dense Graded Asphalt,5 mm Nominal Size,1,t,-   ,0.0765,0.0059,0.0292,TfNSW Engineering Carbon and Cost Library (ECCL) Level 5 Road Benchmarks Version 1.00
Australia,Substructure and Pavements,Light Duty Dense Graded Asphalt,7 mm Nominal Size,1,t,-   ,0.0765,0.0059,0.0292,TfNSW Engineering Carbon and Cost Library (ECCL) Level 5 Road Benchmarks Version 1.00
Australia,Substructure and Pavements,Light Duty Dense Graded Asphalt,10 mm Nominal Size,1,t,-   ,0.0746,0.0059,0.0291,TfNSW Engineering Carbon and Cost Library (ECCL) Level 5 Road Benchmarks Version 1.00
Australia,Substructure and Pavements,Light Duty Dense Graded Asphalt,14 mm Nominal Size,1,t,-   ,0.0735,0.0059,0.0290,TfNSW Engineering Carbon and Cost Library (ECCL) Level 5 Road Benchmarks Version 1.00
Australia,Substructure and Pavements,Light Duty Dense Graded Asphalt,20 mm Nominal Size,1,t,-   ,0.0714,0.0059,0.0289,TfNSW Engineering Carbon and Cost Library (ECCL) Level 5 Road Benchmarks Version 1.00
Australia,Substructure and Pavements,Light Duty Dense Graded Asphalt,10 mm Nominal Size,1,t,-   ,0.0746,0.0059,0.0203,TfNSW Engineering Carbon and Cost Library (ECCL) Level 5 Road Benchmarks Version 1.00
Australia,Substructure and Pavements,Light Duty Dense Graded Asphalt,14 mm Nominal Size,1,t,-   ,0.0735,0.0059,0.0202,TfNSW Engineering Carbon and Cost Library (ECCL) Level 5 Road Benchmarks Version 1.00
Australia,Substructure and Pavements,Light Duty Dense Graded Asphalt,20 mm Nominal Size,1,t,-   ,0.0714,0.0059,0.0201,TfNSW Engineering Carbon and Cost Library (ECCL) Level 5 Road Benchmarks Version 1.00
Australia,Substructure and Pavements,Light Duty Dense Graded Asphalt,5 mm Nominal Size,1,t,-   ,0.0765,0.0059,0.0228,TfNSW Engineering Carbon and Cost Library (ECCL) Level 5 Road Benchmarks Version 1.00
Australia,Substructure and Pavements,Light Duty Dense Graded Asphalt,7 mm Nominal Size,1,t,-   ,0.0765,0.0059,0.0228,TfNSW Engineering Carbon and Cost Library (ECCL) Level 5 Road Benchmarks Version 1.00
Australia,Substructure and Pavements,Light Duty Dense Graded Asphalt,10 mm Nominal Size,1,t,-   ,0.0746,0.0059,0.0227,TfNSW Engineering Carbon and Cost Library (ECCL) Level 5 Road Benchmarks Version 1.00
Australia,Substructure and Pavements,Light Duty Dense Graded Asphalt,14 mm Nominal Size,1,t,-   ,0.0735,0.0059,0.0226,TfNSW Engineering Carbon and Cost Library (ECCL) Level 5 Road Benchmarks Version 1.00
Australia,Substructure and Pavements,Light Duty Dense Graded Asphalt,Footpath mix,1,t,-   ,0.0746,0.0059,0.0227,TfNSW Engineering Carbon and Cost Library (ECCL) Level 5 Road Benchmarks Version 1.00
Australia,Substructure and Pavements,Light Duty Dense Graded Asphalt,5 mm Nominal Size,1,t,-   ,0.0765,0.0059,0.0264,TfNSW Engineering Carbon and Cost Library (ECCL) Level 5 Road Benchmarks Version 1.00
Australia,Substructure and Pavements,Light Duty Dense Graded Asphalt,7 mm Nominal Size,1,t,-   ,0.0765,0.0059,0.0264,TfNSW Engineering Carbon and Cost Library (ECCL) Level 5 Road Benchmarks Version 1.00
Australia,Substructure and Pavements,Light Duty Dense Graded Asphalt,10 mm Nominal Size,1,t,-   ,0.0746,0.0059,0.0263,TfNSW Engineering Carbon and Cost Library (ECCL) Level 5 Road Benchmarks Version 1.00
Australia,Substructure and Pavements,Light Duty Dense Graded Asphalt,14 mm Nominal Size,1,t,-   ,0.0735,0.0059,0.0262,TfNSW Engineering Carbon and Cost Library (ECCL) Level 5 Road Benchmarks Version 1.00
Australia,Substructure and Pavements,Light Duty Dense Graded Asphalt,Footpath mix,1,t,-   ,0.0746,0.0059,0.0263,TfNSW Engineering Carbon and Cost Library (ECCL) Level 5 Road Benchmarks Version 1.00
Australia,Substructure and Pavements,Light Duty Dense Graded Asphalt,5 mm Nominal Size,1,t,-   ,0.0765,0.0059,0.0264,TfNSW Engineering Carbon and Cost Library (ECCL) Level 5 Road Benchmarks Version 1.00
Australia,Substructure and Pavements,Light Duty Dense Graded Asphalt,7 mm Nominal Size,1,t,-   ,0.0765,0.0059,0.0264,TfNSW Engineering Carbon and Cost Library (ECCL) Level 5 Road Benchmarks Version 1.00
Australia,Substructure and Pavements,Light Duty Dense Graded Asphalt,10 mm Nominal Size,1,t,-   ,0.0746,0.0059,0.0263,TfNSW Engineering Carbon and Cost Library (ECCL) Level 5 Road Benchmarks Version 1.00
Australia,Substructure and Pavements,Light Duty Dense Graded Asphalt,14 mm Nominal Size,1,t,-   ,0.0735,0.0059,0.0262,TfNSW Engineering Carbon and Cost Library (ECCL) Level 5 Road Benchmarks Version 1.00
Australia,Substructure and Pavements,Light Duty Dense Graded Asphalt,Footpath mix,1,t,-   ,0.0746,0.0059,0.0263,TfNSW Engineering Carbon and Cost Library (ECCL) Level 5 Road Benchmarks Version 1.00
Australia,Substructure and Pavements,Crumb Rubber Asphalt,Supply and Application of Tackcoat (Including Preparation of Surface),1,L,-   ,0.0002,0.0002,0.0006,TfNSW Engineering Carbon and Cost Library (ECCL) Level 5 Road Benchmarks Version 1.00
Australia,Substructure and Pavements,Crumb Rubber Asphalt,10 mm Nominal Size,1,t,-   ,0.1538,0.0228,0.0260,TfNSW Engineering Carbon and Cost Library (ECCL) Level 5 Road Benchmarks Version 1.00
Australia,Substructure and Pavements,Crumb Rubber Asphalt,14 mm Nominal Size,1,t,-   ,0.1529,0.0228,0.0260,TfNSW Engineering Carbon and Cost Library (ECCL) Level 5 Road Benchmarks Version 1.00
Australia,Substructure and Pavements,Crumb Rubber Asphalt,10 mm Nominal Size,1,t,-   ,0.1538,0.0228,0.0284,TfNSW Engineering Carbon and Cost Library (ECCL) Level 5 Road Benchmarks Version 1.00
Australia,Substructure and Pavements,Crumb Rubber Asphalt,14 mm Nominal Size,1,t,-   ,0.1529,0.0228,0.0284,TfNSW Engineering Carbon and Cost Library (ECCL) Level 5 Road Benchmarks Version 1.00
Australia,Substructure and Pavements,Crumb Rubber Asphalt,10 mm Nominal Size,1,t,-   ,0.1538,0.0228,0.0299,TfNSW Engineering Carbon and Cost Library (ECCL) Level 5 Road Benchmarks Version 1.00
Australia,Substructure and Pavements,Crumb Rubber Asphalt,14 mm Nominal Size,1,t,-   ,0.1529,0.0228,0.0299,TfNSW Engineering Carbon and Cost Library (ECCL) Level 5 Road Benchmarks Version 1.00
Australia,Substructure and Pavements,Crumb Rubber Asphalt,10 mm Nominal Size,1,t,-   ,0.1538,0.0228,0.0299,TfNSW Engineering Carbon and Cost Library (ECCL) Level 5 Road Benchmarks Version 1.00
Australia,Substructure and Pavements,Crumb Rubber Asphalt,14 mm Nominal Size,1,t,-   ,0.1529,0.0228,0.0299,TfNSW Engineering Carbon and Cost Library (ECCL) Level 5 Road Benchmarks Version 1.00
Australia,Substructure and Pavements,Crumb Rubber Asphalt,Wheel Tracking Test,1,each mix,-   , -   , -   , -   ,TfNSW Engineering Carbon and Cost Library (ECCL) Level 5 Road Benchmarks Version 1.00
Australia,Substructure and Pavements,Open Graded Asphalt,Supply and Application of Tack Coat (Including Preparation of Surface),1,L,-   ,0.0002,0.0002,0.0006,TfNSW Engineering Carbon and Cost Library (ECCL) Level 5 Road Benchmarks Version 1.00
Australia,Substructure and Pavements,Open Graded Asphalt,10 mm Nominal Size,1,t,-   ,0.0735,0.0059,0.0226,TfNSW Engineering Carbon and Cost Library (ECCL) Level 5 Road Benchmarks Version 1.00
Australia,Substructure and Pavements,Open Graded Asphalt,14 mm Nominal Size,1,t,-   ,0.0708,0.0059,0.0225,TfNSW Engineering Carbon and Cost Library (ECCL) Level 5 Road Benchmarks Version 1.00
Australia,Substructure and Pavements,Open Graded Asphalt,10 mm Nominal Size,1,t,-   ,0.0735,0.0059,0.0202,TfNSW Engineering Carbon and Cost Library (ECCL) Level 5 Road Benchmarks Version 1.00
Australia,Substructure and Pavements,Open Graded Asphalt,14 mm Nominal Size,1,t,-   ,0.0708,0.0059,0.0201,TfNSW Engineering Carbon and Cost Library (ECCL) Level 5 Road Benchmarks Version 1.00
Australia,Substructure and Pavements,Stone Mastic Asphalt,Preparation of Surface,1,m2,-   , -   ,0.0000,0.0006,TfNSW Engineering Carbon and Cost Library (ECCL) Level 5 Road Benchmarks Version 1.00
Australia,Substructure and Pavements,Stone Mastic Asphalt,10 mm Nominal Size,1,t,-   ,0.0914,0.0059,0.0250,TfNSW Engineering Carbon and Cost Library (ECCL) Level 5 Road Benchmarks Version 1.00
Australia,Substructure and Pavements,Stone Mastic Asphalt,14 mm Nominal Size,1,t,-   ,0.0893,0.0059,0.0249,TfNSW Engineering Carbon and Cost Library (ECCL) Level 5 Road Benchmarks Version 1.00
Australia,Substructure and Pavements,Thin Open Graded Asphalt Surfacing,Preparation of Surface,1,m2,-   , -   ,0.0000,0.0006,TfNSW Engineering Carbon and Cost Library (ECCL) Level 5 Road Benchmarks Version 1.00
Australia,Substructure and Pavements,Thin Open Graded Asphalt Surfacing,10 mm Nominal Size,1,t,-   ,0.0779,0.0099,0.0515,TfNSW Engineering Carbon and Cost Library (ECCL) Level 5 Road Benchmarks Version 1.00
Australia,Substructure and Pavements,High Modulus Asphalt (EME2),Tackcoat,1,L,-   ,0.0002,0.0002,0.0006,TfNSW Engineering Carbon and Cost Library (ECCL) Level 5 Road Benchmarks Version 1.00
Australia,Substructure and Pavements,High Modulus Asphalt (EME2),14 mm Nominal Size,1,t,-   ,0.0640,0.0057,0.0193,TfNSW Engineering Carbon and Cost Library (ECCL) Level 5 Road Benchmarks Version 1.00
Australia,Substructure and Pavements,High Modulus Asphalt (EME2),14 mm Nominal Size,1,t,-   ,0.0640,0.0058,0.0282,TfNSW Engineering Carbon and Cost Library (ECCL) Level 5 Road Benchmarks Version 1.00
Australia,Substructure and Pavements,High Modulus Asphalt (EME2),14 mm Nominal Size,1,t,-   ,0.0640,0.0058,0.0282,TfNSW Engineering Carbon and Cost Library (ECCL) Level 5 Road Benchmarks Version 1.00
Australia,Services and Equipment,Safety Barrier Systems,MASH TL 3 Steel Rail Safety Barrier,1,m,-   ,0.0736,0.0011,0.0018,TfNSW Engineering Carbon and Cost Library (ECCL) Level 5 Road Benchmarks Version 1.00
Australia,Services and Equipment,Safety Barrier Systems,MASH TL4 Steel Rail Safety Barrier,1,m,-   ,0.0699,0.0011,0.0017,TfNSW Engineering Carbon and Cost Library (ECCL) Level 5 Road Benchmarks Version 1.00
Australia,Services and Equipment,Safety Barrier Systems,Post Holes at 400mm Diameter (Item with provisional quantity),1,each,-   ,0.0017,0.0012,0.0106,TfNSW Engineering Carbon and Cost Library (ECCL) Level 5 Road Benchmarks Version 1.00
Australia,Services and Equipment,Safety Barrier Systems,MASH TL 3 Wire Rope Safety Barrier,1,m,-   ,0.0289,0.0014,0.0003,TfNSW Engineering Carbon and Cost Library (ECCL) Level 5 Road Benchmarks Version 1.00
Australia,Services and Equipment,Safety Barrier Systems,MASH TL 4 Wire Rope Safety Barrier,1,m,-   ,0.0289,0.0014,0.0003,TfNSW Engineering Carbon and Cost Library (ECCL) Level 5 Road Benchmarks Version 1.00
Australia,Services and Equipment,Safety Barrier Systems,Construction of Plastic Safety Barriers,1,m,-   ,0.0000,0.0000,0.0000,TfNSW Engineering Carbon and Cost Library (ECCL) Level 5 Road Benchmarks Version 1.00
Australia,Services and Equipment,Safety Barrier Systems,Concrete Barrier - Type F Full,1,m,-16.0270,0.1213,0.0025,0.0092,TfNSW Engineering Carbon and Cost Library (ECCL) Level 5 Road Benchmarks Version 1.00
Australia,Services and Equipment,Safety Barrier Systems,Concrete Barrier - Type F Half,1,m,-16.0270,0.1158,0.0024,0.0091,TfNSW Engineering Carbon and Cost Library (ECCL) Level 5 Road Benchmarks Version 1.00
Australia,Services and Equipment,Safety Barrier Systems,Concrete Barrier - Type F Single,1,m,-16.0270,0.1213,0.0025,0.0092,TfNSW Engineering Carbon and Cost Library (ECCL) Level 5 Road Benchmarks Version 1.00
Australia,Services and Equipment,Safety Barrier Systems,Concrete Barrier - Vertical Full,1,m,-16.0270,0.1213,0.0025,0.0092,TfNSW Engineering Carbon and Cost Library (ECCL) Level 5 Road Benchmarks Version 1.00
Australia,Services and Equipment,Safety Barrier Systems,Concrete Barrier - Vertical Half,1,m,-16.0270,0.1158,0.0024,0.0091,TfNSW Engineering Carbon and Cost Library (ECCL) Level 5 Road Benchmarks Version 1.00
Australia,Services and Equipment,Bowe Kerbs,Concrete Barrier - Bowe Kerb - nearside,1,m,-1.4089,0.0622,0.0011,0.0033,TfNSW Engineering Carbon and Cost Library (ECCL) Level 5 Road Benchmarks Version 1.00
Australia,Services and Equipment,Bowe Kerbs,Bowe Kerb - median (continuous keyed foundation),1,m,-1.4089,0.0634,0.0021,0.0076,TfNSW Engineering Carbon and Cost Library (ECCL) Level 5 Road Benchmarks Version 1.00
Australia,Services and Equipment,Bowe Kerbs,Bowe Kerb - median (dowels),1,m,-1.4089,0.0644,0.0012,0.0033,TfNSW Engineering Carbon and Cost Library (ECCL) Level 5 Road Benchmarks Version 1.00
Australia,Services and Equipment,Terminal,ET-SS Terminal,1,each,-   ,0.9800,0.0147,0.0050,TfNSW Engineering Carbon and Cost Library (ECCL) Level 5 Road Benchmarks Version 1.00
Australia,Services and Equipment,Terminal,Trailing Terminal,1,each,-   ,0.1619,0.0024,0.0008,TfNSW Engineering Carbon and Cost Library (ECCL) Level 5 Road Benchmarks Version 1.00
Australia,Services and Equipment,Terminal,MSKT (MASH Sequential Kinking Terminal),1,each,-   ,1.2948,0.0152,0.0066,TfNSW Engineering Carbon and Cost Library (ECCL) Level 5 Road Benchmarks Version 1.00
Australia,Services and Equipment,Terminal,Max-Tension Terminal,1,each,-   ,1.8260,0.0214,0.0093,TfNSW Engineering Carbon and Cost Library (ECCL) Level 5 Road Benchmarks Version 1.00
Australia,Services and Equipment,Terminal,Trend Median Terminal,1,each,-   ,2.2974,0.0270,0.0116,TfNSW Engineering Carbon and Cost Library (ECCL) Level 5 Road Benchmarks Version 1.00
Australia,Services and Equipment,Safety Barrier Systems,UNIVERSAL TAU-M Crash Cushion,1,each,-   ,5.2062,0.0809,0.0265,TfNSW Engineering Carbon and Cost Library (ECCL) Level 5 Road Benchmarks Version 1.00
Australia,Services and Equipment,Safety Barrier Systems,HERCULES Crash Cushion,1,each,-   ,3.2406,0.0398,0.0329,TfNSW Engineering Carbon and Cost Library (ECCL) Level 5 Road Benchmarks Version 1.00
Australia,Services and Equipment,Safety Barrier Systems,QUADGUARD Elite M10 Crash Cushion,1,each,-   ,6.5876,0.1024,0.0335,TfNSW Engineering Carbon and Cost Library (ECCL) Level 5 Road Benchmarks Version 1.00
Australia,Services and Equipment,Safety Barrier Systems,QUADGUARD M10 Crash Cushion,1,each,-   ,6.5876,0.1024,0.0335,TfNSW Engineering Carbon and Cost Library (ECCL) Level 5 Road Benchmarks Version 1.00
Australia,Services and Equipment,Safety Barrier Systems,SMART Crash Cushion,1,each,-   ,5.2124,0.0612,0.0264,TfNSW Engineering Carbon and Cost Library (ECCL) Level 5 Road Benchmarks Version 1.00
Australia,Services and Equipment,Safety Barrier Systems,Ingal RBT (Rigid Barrier Transition),1,each,-   ,0.6529,0.0098,0.0033,TfNSW Engineering Carbon and Cost Library (ECCL) Level 5 Road Benchmarks Version 1.00
Australia,Services and Equipment,Safety Barrier Systems,RAMSHIELD Transition,1,each,-   ,0.4548,0.0053,0.0023,TfNSW Engineering Carbon and Cost Library (ECCL) Level 5 Road Benchmarks Version 1.00
Australia,Services and Equipment,Safety Barrier Systems,HighwayGuard Safety Barrier,1,m,-   ,0.2575,0.0039,0.0013,TfNSW Engineering Carbon and Cost Library (ECCL) Level 5 Road Benchmarks Version 1.00
Australia,Services and Equipment,Safety Barrier Systems,HighwayGuard LDS Steel Safety Barrier,1,m,-   ,0.2575,0.0039,0.0013,TfNSW Engineering Carbon and Cost Library (ECCL) Level 5 Road Benchmarks Version 1.00
Australia,Services and Equipment,Safety Barrier Systems,SafeZone LDS Safety Barrier,1,m,-   ,0.2398,0.0036,0.0012,TfNSW Engineering Carbon and Cost Library (ECCL) Level 5 Road Benchmarks Version 1.00
Australia,Services and Equipment,Safety Barrier Systems,SafeZone Safety Barrier,1,m,-   ,0.2398,0.0036,0.0012,TfNSW Engineering Carbon and Cost Library (ECCL) Level 5 Road Benchmarks Version 1.00
Australia,Services and Equipment,Safety Barrier Systems,BG800 Safety Barrier,1,m,-   ,0.2341,0.0035,0.0012,TfNSW Engineering Carbon and Cost Library (ECCL) Level 5 Road Benchmarks Version 1.00
Australia,Services and Equipment,Safety Barrier Systems,BG800 MDS Safety Barrier,1,m,-   ,0.2341,0.0035,0.0012,TfNSW Engineering Carbon and Cost Library (ECCL) Level 5 Road Benchmarks Version 1.00
Australia,Services and Equipment,Safety Barrier Systems,HighwayGuard MDS Steel Safety Barrier,1,m,-   ,0.2575,0.0039,0.0013,TfNSW Engineering Carbon and Cost Library (ECCL) Level 5 Road Benchmarks Version 1.00
Australia,Services and Equipment,Safety Barrier Systems,SafeZone MDS Safety Barrier,1,m,-   ,0.2398,0.0036,0.0012,TfNSW Engineering Carbon and Cost Library (ECCL) Level 5 Road Benchmarks Version 1.00
Australia,Services and Equipment,Safety Barrier Systems,BG800 LDS Safety Barrier,1,m,-   ,0.2341,0.0035,0.0012,TfNSW Engineering Carbon and Cost Library (ECCL) Level 5 Road Benchmarks Version 1.00
Australia,Services and Equipment,Sign removal,Remove Regulatory Sign - 300mm x 300mm,1,each,-   , -   ,0.0001,0.0213,TfNSW Engineering Carbon and Cost Library (ECCL) Level 5 Road Benchmarks Version 1.00
Australia,Services and Equipment,Sign removal,Remove Regulatory Sign - 450mm x 450mm,1,each,-   , -   ,0.0001,0.0213,TfNSW Engineering Carbon and Cost Library (ECCL) Level 5 Road Benchmarks Version 1.00
Australia,Services and Equipment,Sign removal,Remove Regulatory Sign - 600mm x 600mm,1,each,-   , -   ,0.0001,0.0213,TfNSW Engineering Carbon and Cost Library (ECCL) Level 5 Road Benchmarks Version 1.00
Australia,Services and Equipment,Sign removal,Remove Regulatory Sign - 750mm x 750mm,1,each,-   , -   ,0.0001,0.0217,TfNSW Engineering Carbon and Cost Library (ECCL) Level 5 Road Benchmarks Version 1.00
Australia,Services and Equipment,Sign removal,Remove Regulatory Sign - 900mm x 900mm,1,each,-   , -   ,0.0001,0.0217,TfNSW Engineering Carbon and Cost Library (ECCL) Level 5 Road Benchmarks Version 1.00
Australia,Services and Equipment,Sign removal,Remove Regulatory Sign - 1200mm x 1200mm,1,each,-   , -   ,0.0001,0.0186,TfNSW Engineering Carbon and Cost Library (ECCL) Level 5 Road Benchmarks Version 1.00
Australia,Services and Equipment,Sign removal,Remove Warning Sign - 600mm x 600mm,1,each,-   , -   ,0.0001,0.0213,TfNSW Engineering Carbon and Cost Library (ECCL) Level 5 Road Benchmarks Version 1.00
Australia,Services and Equipment,Sign removal,Remove Warning Sign - 750mm x 750mm,1,each,-   , -   ,0.0001,0.0217,TfNSW Engineering Carbon and Cost Library (ECCL) Level 5 Road Benchmarks Version 1.00
Australia,Services and Equipment,Sign removal,Remove Warning Sign - 900mm x 900mm,1,each,-   , -   ,0.0001,0.0217,TfNSW Engineering Carbon and Cost Library (ECCL) Level 5 Road Benchmarks Version 1.00
Australia,Services and Equipment,Sign removal,Remove Warning Sign - 1200mm x 1200mm,1,each,-   , -   ,0.0001,0.0274,TfNSW Engineering Carbon and Cost Library (ECCL) Level 5 Road Benchmarks Version 1.00
Australia,Services and Equipment,Sign removal,Remove Warning Sign - 1400mm x 1800mm,1,each,-   , -   ,0.0001,0.0274,TfNSW Engineering Carbon and Cost Library (ECCL) Level 5 Road Benchmarks Version 1.00
Australia,Services and Equipment,Sign removal,Remove Warning Sign - 1500mm x 3000mm,1,each,-   , -   ,0.0001,0.0274,TfNSW Engineering Carbon and Cost Library (ECCL) Level 5 Road Benchmarks Version 1.00
Australia,Services and Equipment,Sign removal,Remove Guide Sign - <500mm x <500mm,1,each,-   , -   ,0.0001,0.0213,TfNSW Engineering Carbon and Cost Library (ECCL) Level 5 Road Benchmarks Version 1.00
Australia,Services and Equipment,Sign removal,Remove Guide Sign - <1000mm x <500mm,1,each,-   , -   ,0.0001,0.0213,TfNSW Engineering Carbon and Cost Library (ECCL) Level 5 Road Benchmarks Version 1.00
Australia,Services and Equipment,Sign removal,Remove Guide Sign - <1000mm x <1000mm,1,each,-   , -   ,0.0001,0.0182,TfNSW Engineering Carbon and Cost Library (ECCL) Level 5 Road Benchmarks Version 1.00
Australia,Services and Equipment,Sign removal,Remove Guide Sign - <2000mm x <500mm,1,each,-   , -   ,0.0001,0.0182,TfNSW Engineering Carbon and Cost Library (ECCL) Level 5 Road Benchmarks Version 1.00
Australia,Services and Equipment,Sign removal,Remove Guide Sign - <2000mm x <1000mm,1,each,-   , -   ,0.0001,0.0182,TfNSW Engineering Carbon and Cost Library (ECCL) Level 5 Road Benchmarks Version 1.00
Australia,Services and Equipment,Sign removal,Remove Guide Sign - <2000mm x <2000mm,1,each,-   , -   ,0.0001,0.0182,TfNSW Engineering Carbon and Cost Library (ECCL) Level 5 Road Benchmarks Version 1.00
Australia,Services and Equipment,Sign removal,Remove Guide Sign - <3000mm x <500mm,1,each,-   , -   ,0.0001,0.0182,TfNSW Engineering Carbon and Cost Library (ECCL) Level 5 Road Benchmarks Version 1.00
Australia,Services and Equipment,Sign removal,Remove Guide Sign - <3000mm x <1000mm,1,each,-   , -   ,0.0001,0.0186,TfNSW Engineering Carbon and Cost Library (ECCL) Level 5 Road Benchmarks Version 1.00
Australia,Services and Equipment,Sign removal,Remove Guide Sign - <3000mm x <2000mm,1,each,-   , -   ,0.0001,0.0186,TfNSW Engineering Carbon and Cost Library (ECCL) Level 5 Road Benchmarks Version 1.00
Australia,Services and Equipment,Sign removal,Remove Guide Sign - <3000mm x <3000mm,1,each,-   , -   ,0.0001,0.0186,TfNSW Engineering Carbon and Cost Library (ECCL) Level 5 Road Benchmarks Version 1.00
Australia,Services and Equipment,Sign removal,Remove Guide Sign - <4000mm x <1000mm,1,each,-   , -   ,0.0001,0.0186,TfNSW Engineering Carbon and Cost Library (ECCL) Level 5 Road Benchmarks Version 1.00
Australia,Services and Equipment,Sign removal,Remove Guide Sign - <4000mm x <2000mm,1,each,-   , -   ,0.0001,0.0186,TfNSW Engineering Carbon and Cost Library (ECCL) Level 5 Road Benchmarks Version 1.00
Australia,Services and Equipment,Sign removal,Remove Guide Sign - <4000mm x <4000mm,1,each,-   , -   ,0.0001,0.0279,TfNSW Engineering Carbon and Cost Library (ECCL) Level 5 Road Benchmarks Version 1.00
Australia,Services and Equipment,Sign removal,Remove Guide Sign - <5000mm x <1000mm,1,each,-   , -   ,0.0001,0.0279,TfNSW Engineering Carbon and Cost Library (ECCL) Level 5 Road Benchmarks Version 1.00
Australia,Services and Equipment,Sign removal,Remove Guide Sign - <5000mm x <2000mm,1,each,-   , -   ,0.0001,0.0279,TfNSW Engineering Carbon and Cost Library (ECCL) Level 5 Road Benchmarks Version 1.00
Australia,Services and Equipment,Sign removal,Remove Guide Sign - <5000mm x <3000mm,1,each,-   , -   ,0.0001,0.0279,TfNSW Engineering Carbon and Cost Library (ECCL) Level 5 Road Benchmarks Version 1.00
Australia,Services and Equipment,Sign removal,Remove Expressway Guide Sign - <500mm x <500mm,1,each,-   , -   ,0.0001,0.0213,TfNSW Engineering Carbon and Cost Library (ECCL) Level 5 Road Benchmarks Version 1.00
Australia,Services and Equipment,Sign removal,Remove Expressway Guide Sign - <1000mm x <500mm,1,each,-   , -   ,0.0001,0.0213,TfNSW Engineering Carbon and Cost Library (ECCL) Level 5 Road Benchmarks Version 1.00
Australia,Services and Equipment,Sign removal,Remove Expressway Guide Sign - <1000mm x <1000mm,1,each,-   , -   ,0.0001,0.0182,TfNSW Engineering Carbon and Cost Library (ECCL) Level 5 Road Benchmarks Version 1.00
Australia,Services and Equipment,Sign removal,Remove Expressway Guide Sign - <2000mm x <500mm,1,each,-   , -   ,0.0001,0.0182,TfNSW Engineering Carbon and Cost Library (ECCL) Level 5 Road Benchmarks Version 1.00
Australia,Services and Equipment,Sign removal,Remove Expressway Guide Sign - <2000mm x <1000mm,1,each,-   , -   ,0.0001,0.0182,TfNSW Engineering Carbon and Cost Library (ECCL) Level 5 Road Benchmarks Version 1.00
Australia,Services and Equipment,Sign removal,Remove Expressway Guide Sign - <2000mm x <2000mm,1,each,-   , -   ,0.0001,0.0182,TfNSW Engineering Carbon and Cost Library (ECCL) Level 5 Road Benchmarks Version 1.00
Australia,Services and Equipment,Sign removal,Remove Expressway Guide Sign - <3000mm x <500mm,1,each,-   , -   ,0.0001,0.0182,TfNSW Engineering Carbon and Cost Library (ECCL) Level 5 Road Benchmarks Version 1.00
Australia,Services and Equipment,Sign removal,Remove Expressway Guide Sign - <3000mm x <1000mm,1,each,-   , -   ,0.0001,0.0186,TfNSW Engineering Carbon and Cost Library (ECCL) Level 5 Road Benchmarks Version 1.00
Australia,Services and Equipment,Sign removal,Remove Expressway Guide Sign - <3000mm x <2000mm,1,each,-   , -   ,0.0001,0.0186,TfNSW Engineering Carbon and Cost Library (ECCL) Level 5 Road Benchmarks Version 1.00
Australia,Services and Equipment,Sign removal,Remove Expressway Guide Sign - <3000mm x <3000mm,1,each,-   , -   ,0.0001,0.0186,TfNSW Engineering Carbon and Cost Library (ECCL) Level 5 Road Benchmarks Version 1.00
Australia,Services and Equipment,Sign removal,Remove Expressway Guide Sign - <4000mm x <1000mm,1,each,-   , -   ,0.0001,0.0186,TfNSW Engineering Carbon and Cost Library (ECCL) Level 5 Road Benchmarks Version 1.00
Australia,Services and Equipment,Sign removal,Remove Expressway Guide Sign - <4000mm x <2000mm,1,each,-   , -   ,0.0001,0.0186,TfNSW Engineering Carbon and Cost Library (ECCL) Level 5 Road Benchmarks Version 1.00
Australia,Services and Equipment,Sign removal,Remove Expressway Guide Sign - <4000mm x <4000mm,1,each,-   , -   ,0.0001,0.0279,TfNSW Engineering Carbon and Cost Library (ECCL) Level 5 Road Benchmarks Version 1.00
Australia,Services and Equipment,Sign removal,Remove Expressway Guide Sign - <5000mm x <1000mm,1,each,-   , -   ,0.0001,0.0279,TfNSW Engineering Carbon and Cost Library (ECCL) Level 5 Road Benchmarks Version 1.00
Australia,Services and Equipment,Sign removal,Remove Expressway Guide Sign - <5000mm x <2000mm,1,each,-   , -   ,0.0001,0.0279,TfNSW Engineering Carbon and Cost Library (ECCL) Level 5 Road Benchmarks Version 1.00
Australia,Services and Equipment,Sign removal,Remove Expressway Guide Sign - <5000mm x <3000mm,1,each,-   , -   ,0.0001,0.0279,TfNSW Engineering Carbon and Cost Library (ECCL) Level 5 Road Benchmarks Version 1.00
Australia,Services and Equipment,Sign removal,Remove D Series Sign - <500mm x <500mm,1,each,-   , -   ,0.0001,0.0213,TfNSW Engineering Carbon and Cost Library (ECCL) Level 5 Road Benchmarks Version 1.00
Australia,Services and Equipment,Sign removal,Remove D Series Sign - <1000mm x <500mm,1,each,-   , -   ,0.0001,0.0213,TfNSW Engineering Carbon and Cost Library (ECCL) Level 5 Road Benchmarks Version 1.00
Australia,Services and Equipment,Sign removal,Remove D Series Sign - <1000mm x <1000mm,1,each,-   , -   ,0.0001,0.0182,TfNSW Engineering Carbon and Cost Library (ECCL) Level 5 Road Benchmarks Version 1.00
Australia,Services and Equipment,Sign removal,Remove D Series Sign - <2000mm x <500mm,1,each,-   , -   ,0.0001,0.0182,TfNSW Engineering Carbon and Cost Library (ECCL) Level 5 Road Benchmarks Version 1.00
Australia,Services and Equipment,Sign removal,Remove D Series Sign - <2000mm x <1000mm,1,each,-   , -   ,0.0001,0.0182,TfNSW Engineering Carbon and Cost Library (ECCL) Level 5 Road Benchmarks Version 1.00
Australia,Services and Equipment,Sign removal,Remove D Series Sign - <2000mm x <2000mm,1,each,-   , -   ,0.0001,0.0182,TfNSW Engineering Carbon and Cost Library (ECCL) Level 5 Road Benchmarks Version 1.00
Australia,Services and Equipment,Sign removal,Remove D Series Sign - <3000mm x <500mm,1,each,-   , -   ,0.0001,0.0182,TfNSW Engineering Carbon and Cost Library (ECCL) Level 5 Road Benchmarks Version 1.00
Australia,Services and Equipment,Sign removal,Remove D Series Sign - <3000mm x <1000mm,1,each,-   , -   ,0.0001,0.0186,TfNSW Engineering Carbon and Cost Library (ECCL) Level 5 Road Benchmarks Version 1.00
Australia,Services and Equipment,Sign removal,Remove D Series Sign - <4000mm x <1000mm,1,each,-   , -   ,0.0001,0.0186,TfNSW Engineering Carbon and Cost Library (ECCL) Level 5 Road Benchmarks Version 1.00
Australia,Services and Equipment,Safety Foundations,Reinforced Concrete Pile Foundation,1,m3,-   ,0.6044,0.0277,0.2791,TfNSW Engineering Carbon and Cost Library (ECCL) Level 5 Road Benchmarks Version 1.00
Australia,Services and Equipment,Safety Foundations,Reinforced Concrete Foundation (other than piles),1,m3,-   ,0.6029,0.0274,0.0606,TfNSW Engineering Carbon and Cost Library (ECCL) Level 5 Road Benchmarks Version 1.00
Australia,Services and Equipment,Safety Barrier Systems,60.3 x 2.9 CHS,1,each,-   ,0.1010,0.0030,0.0867,TfNSW Engineering Carbon and Cost Library (ECCL) Level 5 Road Benchmarks Version 1.00
Australia,Services and Equipment,Safety Barrier Systems,60.3 x 3.6 CHS,1,each,-   ,0.1010,0.0030,0.0867,TfNSW Engineering Carbon and Cost Library (ECCL) Level 5 Road Benchmarks Version 1.00
Australia,Services and Equipment,Safety Barrier Systems,76.1 x 3.2 CHS,1,each,-   ,0.1010,0.0030,0.0867,TfNSW Engineering Carbon and Cost Library (ECCL) Level 5 Road Benchmarks Version 1.00
Australia,Services and Equipment,Safety Barrier Systems,88.9 x 3.2 CHS,1,each,-   ,0.1010,0.0030,0.0867,TfNSW Engineering Carbon and Cost Library (ECCL) Level 5 Road Benchmarks Version 1.00
Australia,Services and Equipment,Safety Barrier Systems,101.6x 3.2 CHS,1,each,-   ,0.1010,0.0030,0.0867,TfNSW Engineering Carbon and Cost Library (ECCL) Level 5 Road Benchmarks Version 1.00
Australia,Services and Equipment,Safety Barrier Systems,114.3 x 3.2 CHS,1,each,-   ,0.1010,0.0030,0.0867,TfNSW Engineering Carbon and Cost Library (ECCL) Level 5 Road Benchmarks Version 1.00
Australia,Services and Equipment,Sign relocation,Relocate Regulatory Sign - 300mm x 300mm,1,each,-   , -   ,0.0002,0.0426,TfNSW Engineering Carbon and Cost Library (ECCL) Level 5 Road Benchmarks Version 1.00
Australia,Services and Equipment,Sign relocation,Relocate Regulatory Sign - 450mm x 450mm,1,each,-   , -   ,0.0002,0.0426,TfNSW Engineering Carbon and Cost Library (ECCL) Level 5 Road Benchmarks Version 1.00
Australia,Services and Equipment,Sign relocation,Relocate Regulatory Sign - 600mm x 600mm,1,each,-   , -   ,0.0002,0.0426,TfNSW Engineering Carbon and Cost Library (ECCL) Level 5 Road Benchmarks Version 1.00
Australia,Services and Equipment,Sign relocation,Relocate Regulatory Sign - 750mm x 750mm,1,each,-   , -   ,0.0002,0.0426,TfNSW Engineering Carbon and Cost Library (ECCL) Level 5 Road Benchmarks Version 1.00
Australia,Services and Equipment,Sign relocation,Relocate Regulatory Sign - 900mm x 900mm,1,each,-   , -   ,0.0002,0.0426,TfNSW Engineering Carbon and Cost Library (ECCL) Level 5 Road Benchmarks Version 1.00
Australia,Services and Equipment,Sign relocation,Relocate Regulatory Sign - 1200mm x 1200mm,1,each,-   , -   ,0.0001,0.0365,TfNSW Engineering Carbon and Cost Library (ECCL) Level 5 Road Benchmarks Version 1.00
Australia,Services and Equipment,Sign relocation,Relocate Warning Sign - 600mm x 600mm,1,each,-   , -   ,0.0002,0.0426,TfNSW Engineering Carbon and Cost Library (ECCL) Level 5 Road Benchmarks Version 1.00
Australia,Services and Equipment,Sign relocation,Relocate Warning Sign - 750mm x 750mm,1,each,-   , -   ,0.0002,0.0426,TfNSW Engineering Carbon and Cost Library (ECCL) Level 5 Road Benchmarks Version 1.00
Australia,Services and Equipment,Sign relocation,Relocate Warning Sign - 900mm x 900mm,1,each,-   , -   ,0.0002,0.0426,TfNSW Engineering Carbon and Cost Library (ECCL) Level 5 Road Benchmarks Version 1.00
Australia,Services and Equipment,Sign relocation,Relocate Warning Sign - 1200mm x 1200mm,1,each,-   , -   ,0.0001,0.0365,TfNSW Engineering Carbon and Cost Library (ECCL) Level 5 Road Benchmarks Version 1.00
Australia,Services and Equipment,Sign relocation,Relocate Warning Sign - 1400mm x 1800mm,1,each,-   , -   ,0.0001,0.0365,TfNSW Engineering Carbon and Cost Library (ECCL) Level 5 Road Benchmarks Version 1.00
Australia,Services and Equipment,Sign relocation,Relocate Warning Sign - 1500mm x 3000mm,1,each,-   , -   ,0.0001,0.0365,TfNSW Engineering Carbon and Cost Library (ECCL) Level 5 Road Benchmarks Version 1.00
Australia,Services and Equipment,Sign relocation,Relocate Guide Sign - <500mm x <500mm,1,each,-   , -   ,0.0002,0.0426,TfNSW Engineering Carbon and Cost Library (ECCL) Level 5 Road Benchmarks Version 1.00
Australia,Services and Equipment,Sign relocation,Relocate Guide Sign - <1000mm x <500mm,1,each,-   , -   ,0.0002,0.0426,TfNSW Engineering Carbon and Cost Library (ECCL) Level 5 Road Benchmarks Version 1.00
Australia,Services and Equipment,Sign relocation,Relocate Guide Sign - <1000mm x <1000mm,1,each,-   , -   ,0.0001,0.0372,TfNSW Engineering Carbon and Cost Library (ECCL) Level 5 Road Benchmarks Version 1.00
Australia,Services and Equipment,Sign relocation,Relocate Guide Sign - <2000mm x <500mm,1,each,-   , -   ,0.0001,0.0372,TfNSW Engineering Carbon and Cost Library (ECCL) Level 5 Road Benchmarks Version 1.00
Australia,Services and Equipment,Sign relocation,Relocate Guide Sign - <2000mm x <1000mm,1,each,-   , -   ,0.0001,0.0372,TfNSW Engineering Carbon and Cost Library (ECCL) Level 5 Road Benchmarks Version 1.00
Australia,Services and Equipment,Sign relocation,Relocate Guide Sign - <2000mm x <2000mm,1,each,-   , -   ,0.0001,0.0372,TfNSW Engineering Carbon and Cost Library (ECCL) Level 5 Road Benchmarks Version 1.00
Australia,Services and Equipment,Sign relocation,Relocate Guide Sign - <3000mm x <500mm,1,each,-   , -   ,0.0001,0.0372,TfNSW Engineering Carbon and Cost Library (ECCL) Level 5 Road Benchmarks Version 1.00
Australia,Services and Equipment,Sign relocation,Relocate Guide Sign - <3000mm x <1000mm,1,each,-   , -   ,0.0002,0.0465,TfNSW Engineering Carbon and Cost Library (ECCL) Level 5 Road Benchmarks Version 1.00
Australia,Services and Equipment,Sign relocation,Relocate Guide Sign - <3000mm x <2000mm,1,each,-   , -   ,0.0002,0.0465,TfNSW Engineering Carbon and Cost Library (ECCL) Level 5 Road Benchmarks Version 1.00
Australia,Services and Equipment,Sign relocation,Relocate Guide Sign - <3000mm x <3000mm,1,each,-   , -   ,0.0002,0.0465,TfNSW Engineering Carbon and Cost Library (ECCL) Level 5 Road Benchmarks Version 1.00
Australia,Services and Equipment,Sign relocation,Relocate Guide Sign - <4000mm x <1000mm,1,each,-   , -   ,0.0002,0.0465,TfNSW Engineering Carbon and Cost Library (ECCL) Level 5 Road Benchmarks Version 1.00
Australia,Services and Equipment,Sign relocation,Relocate Guide Sign - <4000mm x <2000mm,1,each,-   , -   ,0.0002,0.0465,TfNSW Engineering Carbon and Cost Library (ECCL) Level 5 Road Benchmarks Version 1.00
Australia,Services and Equipment,Sign relocation,Relocate Guide Sign - <4000mm x <4000mm,1,each,-   , -   ,0.0002,0.0558,TfNSW Engineering Carbon and Cost Library (ECCL) Level 5 Road Benchmarks Version 1.00
Australia,Services and Equipment,Sign relocation,Relocate Guide Sign - <5000mm x <1000mm,1,each,-   , -   ,0.0002,0.0558,TfNSW Engineering Carbon and Cost Library (ECCL) Level 5 Road Benchmarks Version 1.00
Australia,Services and Equipment,Sign relocation,Relocate Guide Sign - <5000mm x <2000mm,1,each,-   , -   ,0.0002,0.0558,TfNSW Engineering Carbon and Cost Library (ECCL) Level 5 Road Benchmarks Version 1.00
Australia,Services and Equipment,Sign relocation,Relocate Guide Sign - <5000mm x <3000mm,1,each,-   , -   ,0.0002,0.0558,TfNSW Engineering Carbon and Cost Library (ECCL) Level 5 Road Benchmarks Version 1.00
Australia,Services and Equipment,Sign relocation,Relocate Expressway Guide Sign - <500mm x <500mm,1,each,-   , -   ,0.0002,0.0426,TfNSW Engineering Carbon and Cost Library (ECCL) Level 5 Road Benchmarks Version 1.00
Australia,Services and Equipment,Sign relocation,Relocate Expressway Guide Sign - <1000mm x <500mm,1,each,-   , -   ,0.0002,0.0426,TfNSW Engineering Carbon and Cost Library (ECCL) Level 5 Road Benchmarks Version 1.00
Australia,Services and Equipment,Sign relocation,Relocate Expressway Guide Sign - <1000mm x <1000mm,1,each,-   , -   ,0.0001,0.0372,TfNSW Engineering Carbon and Cost Library (ECCL) Level 5 Road Benchmarks Version 1.00
Australia,Services and Equipment,Sign relocation,Relocate Expressway Guide Sign - <2000mm x <500mm,1,each,-   , -   ,0.0001,0.0372,TfNSW Engineering Carbon and Cost Library (ECCL) Level 5 Road Benchmarks Version 1.00
Australia,Services and Equipment,Sign relocation,Relocate Expressway Guide Sign - <2000mm x <1000mm,1,each,-   , -   ,0.0001,0.0372,TfNSW Engineering Carbon and Cost Library (ECCL) Level 5 Road Benchmarks Version 1.00
Australia,Services and Equipment,Sign relocation,Relocate Expressway Guide Sign - <2000mm x <2000mm,1,each,-   , -   ,0.0001,0.0372,TfNSW Engineering Carbon and Cost Library (ECCL) Level 5 Road Benchmarks Version 1.00
Australia,Services and Equipment,Sign relocation,Relocate Expressway Guide Sign - <3000mm x <500mm,1,each,-   , -   ,0.0001,0.0372,TfNSW Engineering Carbon and Cost Library (ECCL) Level 5 Road Benchmarks Version 1.00
Australia,Services and Equipment,Sign relocation,Relocate Expressway Guide Sign - <3000mm x <1000mm,1,each,-   , -   ,0.0002,0.0465,TfNSW Engineering Carbon and Cost Library (ECCL) Level 5 Road Benchmarks Version 1.00
Australia,Services and Equipment,Sign relocation,Relocate Expressway Guide Sign - <3000mm x <2000mm,1,each,-   , -   ,0.0002,0.0465,TfNSW Engineering Carbon and Cost Library (ECCL) Level 5 Road Benchmarks Version 1.00
Australia,Services and Equipment,Sign relocation,Relocate Expressway Guide Sign - <3000mm x <3000mm,1,each,-   , -   ,0.0002,0.0465,TfNSW Engineering Carbon and Cost Library (ECCL) Level 5 Road Benchmarks Version 1.00
Australia,Services and Equipment,Sign relocation,Relocate Expressway Guide Sign - <4000mm x <1000mm,1,each,-   , -   ,0.0002,0.0465,TfNSW Engineering Carbon and Cost Library (ECCL) Level 5 Road Benchmarks Version 1.00
Australia,Services and Equipment,Sign relocation,Relocate Expressway Guide Sign - <4000mm x <2000mm,1,each,-   , -   ,0.0002,0.0558,TfNSW Engineering Carbon and Cost Library (ECCL) Level 5 Road Benchmarks Version 1.00
Australia,Services and Equipment,Sign relocation,Relocate Expressway Guide Sign - <4000mm x <4000mm,1,each,-   , -   ,0.0002,0.0558,TfNSW Engineering Carbon and Cost Library (ECCL) Level 5 Road Benchmarks Version 1.00
Australia,Services and Equipment,Sign relocation,Relocate Expressway Guide Sign - <5000mm x <1000mm,1,each,-   , -   ,0.0002,0.0558,TfNSW Engineering Carbon and Cost Library (ECCL) Level 5 Road Benchmarks Version 1.00
Australia,Services and Equipment,Sign relocation,Relocate Expressway Guide Sign - <5000mm x <2000mm,1,each,-   , -   ,0.0002,0.0558,TfNSW Engineering Carbon and Cost Library (ECCL) Level 5 Road Benchmarks Version 1.00
Australia,Services and Equipment,Sign relocation,Relocate Expressway Guide Sign - <5000mm x <3000mm,1,each,-   , -   ,0.0002,0.0558,TfNSW Engineering Carbon and Cost Library (ECCL) Level 5 Road Benchmarks Version 1.00
Australia,Services and Equipment,Sign relocation,Relocate D Series Sign - <500mm x <500mm,1,each,-   , -   ,0.0002,0.0426,TfNSW Engineering Carbon and Cost Library (ECCL) Level 5 Road Benchmarks Version 1.00
Australia,Services and Equipment,Sign relocation,Relocate D Series Sign - <1000mm x <500mm,1,each,-   , -   ,0.0002,0.0426,TfNSW Engineering Carbon and Cost Library (ECCL) Level 5 Road Benchmarks Version 1.00
Australia,Services and Equipment,Sign relocation,Relocate D Series Sign - <1000mm x <1000mm,1,each,-   , -   ,0.0001,0.0372,TfNSW Engineering Carbon and Cost Library (ECCL) Level 5 Road Benchmarks Version 1.00
Australia,Services and Equipment,Sign relocation,Relocate D Series Sign - <2000mm x <500mm,1,each,-   , -   ,0.0001,0.0372,TfNSW Engineering Carbon and Cost Library (ECCL) Level 5 Road Benchmarks Version 1.00
Australia,Services and Equipment,Sign relocation,Relocate D Series Sign - <2000mm x <1000mm,1,each,-   , -   ,0.0001,0.0372,TfNSW Engineering Carbon and Cost Library (ECCL) Level 5 Road Benchmarks Version 1.00
Australia,Services and Equipment,Sign relocation,Relocate D Series Sign - <2000mm x <2000mm,1,each,-   , -   ,0.0001,0.0372,TfNSW Engineering Carbon and Cost Library (ECCL) Level 5 Road Benchmarks Version 1.00
Australia,Services and Equipment,Sign relocation,Relocate D Series Sign - <3000mm x <500mm,1,each,-   , -   ,0.0001,0.0372,TfNSW Engineering Carbon and Cost Library (ECCL) Level 5 Road Benchmarks Version 1.00
Australia,Services and Equipment,Sign relocation,Relocate D Series Sign - <3000mm x <1000mm,1,each,-   , -   ,0.0002,0.0465,TfNSW Engineering Carbon and Cost Library (ECCL) Level 5 Road Benchmarks Version 1.00
Australia,Services and Equipment,Sign relocation,Relocate D Series Sign - <4000mm x <1000mm,1,each,-   , -   ,0.0002,0.0465,TfNSW Engineering Carbon and Cost Library (ECCL) Level 5 Road Benchmarks Version 1.00
Australia,Services and Equipment,Safety Barrier Systems,60.3 x 2.9 CHS,1,each,-   ,0.0646,0.0026,0.0244,TfNSW Engineering Carbon and Cost Library (ECCL) Level 5 Road Benchmarks Version 1.00
Australia,Services and Equipment,Safety Barrier Systems,76.1 x 3.2 CHS,1,each,-   ,0.0825,0.0033,0.0245,TfNSW Engineering Carbon and Cost Library (ECCL) Level 5 Road Benchmarks Version 1.00
Australia,Services and Equipment,Street Lighting,Excavation and Backfill of Conduit Trench,1,m3,-   ,0.0038,0.0055,0.0192,TfNSW Engineering Carbon and Cost Library (ECCL) Level 5 Road Benchmarks Version 1.00
Australia,Services and Equipment,Street Lighting,Spraying Weeds with Herbicide,1,m2,-   , -   , -   ,0.0000,TfNSW Engineering Carbon and Cost Library (ECCL) Level 5 Road Benchmarks Version 1.00
Australia,Services and Equipment,Street Lighting,Areas with a slope of 5 to 1 or flatter,1,m2,-   ,0.0004,0.0014,0.0010,TfNSW Engineering Carbon and Cost Library (ECCL) Level 5 Road Benchmarks Version 1.00
Australia,Services and Equipment,Street Lighting,Areas steeper than 5 to 1 except stepped batters.,1,m2,-   ,0.0004,0.0014,0.0012,TfNSW Engineering Carbon and Cost Library (ECCL) Level 5 Road Benchmarks Version 1.00
Australia,Services and Equipment,Street Lighting,Stepped Batters,1,m2,-   ,0.0004,0.0014,0.0013,TfNSW Engineering Carbon and Cost Library (ECCL) Level 5 Road Benchmarks Version 1.00
Australia,Services and Equipment,Street Lighting,Areas with a slope of 5 to 1 or flatter.,1,m2,-   ,0.0064,0.0011,0.0007,TfNSW Engineering Carbon and Cost Library (ECCL) Level 5 Road Benchmarks Version 1.00
Australia,Services and Equipment,Street Lighting,Areas steeper than 5 to 1 except stepped batters.,1,m2,-   ,0.0064,0.0011,0.0009,TfNSW Engineering Carbon and Cost Library (ECCL) Level 5 Road Benchmarks Version 1.00
Australia,Services and Equipment,Street Lighting,Stepped Batters,1,m2,-   ,0.0064,0.0011,0.0011,TfNSW Engineering Carbon and Cost Library (ECCL) Level 5 Road Benchmarks Version 1.00
Australia,Services and Equipment,Street Lighting,Dry Sowing,1,m2,-   , -   , -   , -   ,TfNSW Engineering Carbon and Cost Library (ECCL) Level 5 Road Benchmarks Version 1.00
Australia,Services and Equipment,Street Lighting,Hand Sowing,1,m2,-   , -   , -   , -   ,TfNSW Engineering Carbon and Cost Library (ECCL) Level 5 Road Benchmarks Version 1.00
Australia,Services and Equipment,Street Lighting,Preparation of Surface for Areas Not Requiring Topsoiling,1,m2,-   , -   ,0.0000,0.0002,TfNSW Engineering Carbon and Cost Library (ECCL) Level 5 Road Benchmarks Version 1.00
Australia,Services and Equipment,Street Lighting,Hydroseeding,1,m2,-0.0654,0.0000,0.0001,0.0000,TfNSW Engineering Carbon and Cost Library (ECCL) Level 5 Road Benchmarks Version 1.00
Australia,Services and Equipment,Street Lighting,Hydromulching,1,m2,-0.3865,0.0000,0.0001,0.0000,TfNSW Engineering Carbon and Cost Library (ECCL) Level 5 Road Benchmarks Version 1.00
Australia,Services and Equipment,Street Lighting,Straw mulching,1,m2,-0.2621,0.0001,0.0000,0.0000,TfNSW Engineering Carbon and Cost Library (ECCL) Level 5 Road Benchmarks Version 1.00
Australia,Services and Equipment,Street Lighting,Supply and Erection of Information Signs,1,each,-   ,0.2645,0.0049,0.0310,TfNSW Engineering Carbon and Cost Library (ECCL) Level 5 Road Benchmarks Version 1.00
Australia,Services and Equipment,Street Lighting,Topsoiling Open Drains Using Site Material Including Surface Preparation and Screening of Topsoil Stockpiles,1,m2,-   ,0.0004,0.0014,0.0013,TfNSW Engineering Carbon and Cost Library (ECCL) Level 5 Road Benchmarks Version 1.00
Australia,Services and Equipment,Street Lighting,Topsoiling Open Drains Using Imported Material Including Surface Preparation,1,m2,-   ,0.0064,0.0011,0.0011,TfNSW Engineering Carbon and Cost Library (ECCL) Level 5 Road Benchmarks Version 1.00
Australia,Services and Equipment,Street Lighting,Hydroseeding of Open Drains,1,m2,-0.0654,0.0000,0.0001,0.0000,TfNSW Engineering Carbon and Cost Library (ECCL) Level 5 Road Benchmarks Version 1.00
Australia,Services and Equipment,Street Lighting,Hydromulching of Open Drains,1,m2,-0.3865,0.0000,0.0001,0.0000,TfNSW Engineering Carbon and Cost Library (ECCL) Level 5 Road Benchmarks Version 1.00
Australia,Services and Equipment,Street Lighting,Sowing Open Drains by Hand,1,m2,-   , -   , -   , -   ,TfNSW Engineering Carbon and Cost Library (ECCL) Level 5 Road Benchmarks Version 1.00
Australia,Services and Equipment,Street Lighting,Spray Open Drains with Bitumen Emulsion,1,m2,-   , -   , -   , -   ,TfNSW Engineering Carbon and Cost Library (ECCL) Level 5 Road Benchmarks Version 1.00
Australia,Services and Equipment,Street Lighting,Lining Open Drains with Organic Fibre Mat,1,m2,-   ,0.0008,0.0001,0.0000,TfNSW Engineering Carbon and Cost Library (ECCL) Level 5 Road Benchmarks Version 1.00
Australia,Services and Equipment,Street Lighting,Areas other than Open Drains,1,m2,-   ,0.0001,0.0000,0.0000,TfNSW Engineering Carbon and Cost Library (ECCL) Level 5 Road Benchmarks Version 1.00
Australia,Services and Equipment,Street Lighting,Open Drain Areas,1,m2,-   ,0.0001,0.0000,0.0000,TfNSW Engineering Carbon and Cost Library (ECCL) Level 5 Road Benchmarks Version 1.00
Australia,External and Ancillary Works,Street Lighting,Watering (Item with provisional quantity),1,L,-   , -   ,0.0147,0.0019,TfNSW Engineering Carbon and Cost Library (ECCL) Level 5 Road Benchmarks Version 1.00
Australia,Services and Equipment,Street Lighting,Recultivating and Resowing,1,m2,-   , -   , -   ,0.0000,TfNSW Engineering Carbon and Cost Library (ECCL) Level 5 Road Benchmarks Version 1.00
Australia,Services and Equipment,Street Lighting,Mowing,1,m,-   , -   ,0.0000,0.0000,TfNSW Engineering Carbon and Cost Library (ECCL) Level 5 Road Benchmarks Version 1.00
Australia,External and Ancillary Works,Landscape Planting,Preparation for Mulched Beds,1,m2,-   , -   ,0.0000,0.0002,TfNSW Engineering Carbon and Cost Library (ECCL) Level 5 Road Benchmarks Version 1.00
Australia,External and Ancillary Works,Landscape Planting,Weed Control – Herbicide Application,1,m2,-   , -   ,0.0000,0.0000,TfNSW Engineering Carbon and Cost Library (ECCL) Level 5 Road Benchmarks Version 1.00
Australia,External and Ancillary Works,Landscape Planting,Imported Organic Topsoil,1,m2,-   ,0.0064,0.0011,0.0007,TfNSW Engineering Carbon and Cost Library (ECCL) Level 5 Road Benchmarks Version 1.00
Australia,External and Ancillary Works,Landscape Planting,Imported Organic Mulch,1,m2,-31.7521,0.0002,0.0008,0.0001,TfNSW Engineering Carbon and Cost Library (ECCL) Level 5 Road Benchmarks Version 1.00
Australia,External and Ancillary Works,Landscape Planting,Site Won Organic Mulch,1,m2,-   , -   ,0.0000,0.0002,TfNSW Engineering Carbon and Cost Library (ECCL) Level 5 Road Benchmarks Version 1.00
Australia,External and Ancillary Works,Landscape Planting,Weed Mat,1,m2,-   ,0.0015,0.0002,0.0000,TfNSW Engineering Carbon and Cost Library (ECCL) Level 5 Road Benchmarks Version 1.00
Australia,External and Ancillary Works,Landscape Planting,Principal supplied plants,1,each,-1.1024,0.0013,0.0002,0.0004,TfNSW Engineering Carbon and Cost Library (ECCL) Level 5 Road Benchmarks Version 1.00
Australia,External and Ancillary Works,Landscape Planting,Contractor supplied plants,1,each,-1.1024,0.0013,0.0002,0.0004,TfNSW Engineering Carbon and Cost Library (ECCL) Level 5 Road Benchmarks Version 1.00
Australia,External and Ancillary Works,Landscape Planting,Principal supplied plants,1,each,-1.1024,0.0013,0.0002,0.0004,TfNSW Engineering Carbon and Cost Library (ECCL) Level 5 Road Benchmarks Version 1.00
Australia,External and Ancillary Works,Landscape Planting,Contractor supplied plants,1,each,-1.1024,0.0013,0.0002,0.0004,TfNSW Engineering Carbon and Cost Library (ECCL) Level 5 Road Benchmarks Version 1.00
Australia,External and Ancillary Works,Landscape Planting,Trees Transplanted (200 litre),1,each,-   ,0.0010,0.0003,0.0292,TfNSW Engineering Carbon and Cost Library (ECCL) Level 5 Road Benchmarks Version 1.00
Australia,External and Ancillary Works,Landscape Planting,Concrete Edging,1,m,-1.4089,0.0131,0.0005,0.0029,TfNSW Engineering Carbon and Cost Library (ECCL) Level 5 Road Benchmarks Version 1.00
Australia,External and Ancillary Works,Landscape Planting,Timber Edging,1,m,-3.9142,0.0010,0.0001,0.0004,TfNSW Engineering Carbon and Cost Library (ECCL) Level 5 Road Benchmarks Version 1.00
Australia,External and Ancillary Works,Landscape Planting,Turf Underlay,1,m2,-   ,0.0016,0.0003,0.0002,TfNSW Engineering Carbon and Cost Library (ECCL) Level 5 Road Benchmarks Version 1.00
Australia,External and Ancillary Works,Landscape Planting,Turfing for Lawn Areas along Medians and Roadsides,1,m2,-   ,0.0001,0.0000,0.0000,TfNSW Engineering Carbon and Cost Library (ECCL) Level 5 Road Benchmarks Version 1.00
Australia,External and Ancillary Works,Landscape Planting,Landscape Planting Maintenance,1,month,-   , -   , -   ,0.0290,TfNSW Engineering Carbon and Cost Library (ECCL) Level 5 Road Benchmarks Version 1.00
Australia,External and Ancillary Works,Landscape Planting,Pruning and/or Removal of Dead Plants (Item with provisional quantity),1,hour,-   , -   , -   ,0.0007,TfNSW Engineering Carbon and Cost Library (ECCL) Level 5 Road Benchmarks Version 1.00
Australia,External and Ancillary Works,Landscape Planting,Mowing (Item with provisional quantity),1,m2,-   , -   ,0.0000,0.0001,TfNSW Engineering Carbon and Cost Library (ECCL) Level 5 Road Benchmarks Version 1.00
Australia,External and Ancillary Works,Landscape Planting,Organic Mulch Reinstatement (Item with provisional quantity),1,m2,-31.7521,0.0002,0.0008,0.0002,TfNSW Engineering Carbon and Cost Library (ECCL) Level 5 Road Benchmarks Version 1.00
Australia,External and Ancillary Works,Landscape Planting,Plant Replacement (Item with provisional quantity),1,each,-1.1024,0.0013,0.0002,0.0004,TfNSW Engineering Carbon and Cost Library (ECCL) Level 5 Road Benchmarks Version 1.00
Australia,External and Ancillary Works,Landscape Planting,Turf Replacement (Item with provisional quantity),1,m2,-   ,0.0001,0.0000,0.0001,TfNSW Engineering Carbon and Cost Library (ECCL) Level 5 Road Benchmarks Version 1.00
Australia,External and Ancillary Works,Landscape Planting,Disease and Insect Control (Item with provisional quantity),1,hour,-   , -   , -   ,0.0007,TfNSW Engineering Carbon and Cost Library (ECCL) Level 5 Road Benchmarks Version 1.00
Australia,External and Ancillary Works,Landscape Planting,Fertilising (Item with provisional quantity),1,hour,-   , -   , -   ,0.0007,TfNSW Engineering Carbon and Cost Library (ECCL) Level 5 Road Benchmarks Version 1.00
Australia,External and Ancillary Works,Landscape Planting,Watering – within first 12 weeks of Post- completion Maintenance Period,1,each,-   , -   ,1.7973,1.8877,TfNSW Engineering Carbon and Cost Library (ECCL) Level 5 Road Benchmarks Version 1.00
Australia,External and Ancillary Works,Landscape Planting,Watering – after first 12 weeks of Post- completion Maintenance Period (Item with provisional quantity),1,each,-   , -   ,1.7973,1.8877,TfNSW Engineering Carbon and Cost Library (ECCL) Level 5 Road Benchmarks Version 1.00
Australia,External and Ancillary Works,Landscape Planting,Grass,1,m2,-   ,0.0017,0.0003,0.0003,TfNSW Engineering Carbon and Cost Library (ECCL) Level 5 Road Benchmarks Version 1.00
Australia,Structure,Landscape Planting,Trees in Grass (1 per 10m2),1,m2,-0.1102,0.0018,0.0004,0.0006,TfNSW Engineering Carbon and Cost Library (ECCL) Level 5 Road Benchmarks Version 1.00
Australia,Structure,Design and Construction of Noise Walls,Supply of Components (Post And Panel),1,m2,-   ,0.2218,0.0064,0.0083,TfNSW Engineering Carbon and Cost Library (ECCL) Level 5 Road Benchmarks Version 1.00
Australia,Structure,Design and Construction of Noise Walls,Preparation of Foundation,1,m2,-   , -   ,0.0000,0.0049,TfNSW Engineering Carbon and Cost Library (ECCL) Level 5 Road Benchmarks Version 1.00
Australia,Structure,Design and Construction of Noise Walls,Footings,1,m,-   ,0.2061,0.0068,0.0396,TfNSW Engineering Carbon and Cost Library (ECCL) Level 5 Road Benchmarks Version 1.00
Australia,Structure,Design and Construction of Noise Walls,Noise wall - Post And Panel,1,m2,-   , -   ,0.0001,0.0317,TfNSW Engineering Carbon and Cost Library (ECCL) Level 5 Road Benchmarks Version 1.00
Australia,Structure,Design and Construction of Noise Walls,Anti-graffiti Treatment,1,m2,-   ,0.0004,0.0000,0.0000,TfNSW Engineering Carbon and Cost Library (ECCL) Level 5 Road Benchmarks Version 1.00
Australia,Services and Equipment,Traffic Control Signals – New Installation and Reconstruction,TCS - Cycle - Two Aspect,1,each,-   ,0.0654,0.0009,0.0003,TfNSW Engineering Carbon and Cost Library (ECCL) Level 5 Road Benchmarks Version 1.00
Australia,Services and Equipment,Traffic Control Signals – New Installation and Reconstruction,TCS - Pedestrian - Two Aspect,1,each,-   ,0.0201,0.0003,0.0001,TfNSW Engineering Carbon and Cost Library (ECCL) Level 5 Road Benchmarks Version 1.00
Australia,Services and Equipment,Traffic Control Signals – New Installation and Reconstruction,TCS - Vehicular - Three Aspect,1,each,-   ,0.1321,0.0018,0.0007,TfNSW Engineering Carbon and Cost Library (ECCL) Level 5 Road Benchmarks Version 1.00
Australia,Services and Equipment,Traffic Control Signals – New Installation and Reconstruction,TCS - Vehicular - Six Aspect,1,each,-   ,0.2642,0.0035,0.0013,TfNSW Engineering Carbon and Cost Library (ECCL) Level 5 Road Benchmarks Version 1.00
Australia,Services and Equipment,Traffic Control Signals – New Installation and Reconstruction,TCS - Post Type 2 - Standard,1,each,-   ,0.4837,0.0072,0.1125,TfNSW Engineering Carbon and Cost Library (ECCL) Level 5 Road Benchmarks Version 1.00
Australia,Services and Equipment,Traffic Control Signals – New Installation and Reconstruction,TCS - Post Type 4 Mast Arm,1,each,-   ,0.5860,0.0087,0.1407,TfNSW Engineering Carbon and Cost Library (ECCL) Level 5 Road Benchmarks Version 1.00
Australia,Services and Equipment,Traffic Control Signals – New Installation and Reconstruction,TCS - Post Type 5S (Short) Mast Arm,1,each,-   ,0.8091,0.0125,0.1824,TfNSW Engineering Carbon and Cost Library (ECCL) Level 5 Road Benchmarks Version 1.00
Australia,Services and Equipment,Traffic Control Signals – New Installation and Reconstruction,TCS - Post Type 5L (Long) Mast Arm,1,each,-   ,0.9219,0.0139,0.2045,TfNSW Engineering Carbon and Cost Library (ECCL) Level 5 Road Benchmarks Version 1.00
Australia,Services and Equipment,Traffic Control Signals – New Installation and Reconstruction,TCS - Post Type 5XL (Extra Long) Mast Arm,1,each,-   ,0.9445,0.0142,0.2219,TfNSW Engineering Carbon and Cost Library (ECCL) Level 5 Road Benchmarks Version 1.00
Australia,Services and Equipment,Traffic Control Signals – New Installation and Reconstruction,TCS - Post Type 6,1,each,-   ,0.6147,0.0100,0.1449,TfNSW Engineering Carbon and Cost Library (ECCL) Level 5 Road Benchmarks Version 1.00
Australia,Services and Equipment,Traffic Control Signals – New Installation and Reconstruction,TCS - Post Type 7,1,each,-   ,0.4009,0.0054,0.1208,TfNSW Engineering Carbon and Cost Library (ECCL) Level 5 Road Benchmarks Version 1.00
Australia,Services and Equipment,Traffic Control Signals – New Installation and Reconstruction,TCS - Post Type 8,1,each,-   ,0.6730,0.0088,0.1484,TfNSW Engineering Carbon and Cost Library (ECCL) Level 5 Road Benchmarks Version 1.00
Australia,Services and Equipment,Traffic Control Signals – New Installation and Reconstruction,with 2.5m Outreach,1,each,-   ,0.7231,0.0119,0.2717,TfNSW Engineering Carbon and Cost Library (ECCL) Level 5 Road Benchmarks Version 1.00
Australia,Services and Equipment,Traffic Control Signals – New Installation and Reconstruction,with 3.0m Outreach,1,each,-   ,0.7429,0.0121,0.2719,TfNSW Engineering Carbon and Cost Library (ECCL) Level 5 Road Benchmarks Version 1.00
Australia,Services and Equipment,Traffic Control Signals – New Installation and Reconstruction,with 3.5m Outreach,1,each,-   ,0.7628,0.0124,0.2721,TfNSW Engineering Carbon and Cost Library (ECCL) Level 5 Road Benchmarks Version 1.00
Australia,Services and Equipment,Traffic Control Signals – New Installation and Reconstruction,with 4.0m Outreach,1,each,-   ,0.7826,0.0127,0.2723,TfNSW Engineering Carbon and Cost Library (ECCL) Level 5 Road Benchmarks Version 1.00
Australia,Services and Equipment,Traffic Control Signals – New Installation and Reconstruction,with 4.5m Outreach,1,each,-   ,0.8025,0.0132,0.3236,TfNSW Engineering Carbon and Cost Library (ECCL) Level 5 Road Benchmarks Version 1.00
Australia,Services and Equipment,Traffic Control Signals – New Installation and Reconstruction,with 5.0m Outreach,1,each,-   ,0.8223,0.0134,0.3238,TfNSW Engineering Carbon and Cost Library (ECCL) Level 5 Road Benchmarks Version 1.00
Australia,Services and Equipment,Traffic Control Signals – New Installation and Reconstruction,with 5.5m Outreach,1,each,-   ,0.8422,0.0137,0.3240,TfNSW Engineering Carbon and Cost Library (ECCL) Level 5 Road Benchmarks Version 1.00
Australia,Services and Equipment,Traffic Control Signals – New Installation and Reconstruction,with 6.0m Outreach,1,each,-   ,0.8620,0.0141,0.3608,TfNSW Engineering Carbon and Cost Library (ECCL) Level 5 Road Benchmarks Version 1.00
Australia,Services and Equipment,Traffic Control Signals – New Installation and Reconstruction,with 6.5m Outreach,1,each,-   ,0.8818,0.0144,0.3610,TfNSW Engineering Carbon and Cost Library (ECCL) Level 5 Road Benchmarks Version 1.00
Australia,Services and Equipment,Traffic Control Signals – New Installation and Reconstruction,with 7.0m Outreach,1,each,-   ,0.9017,0.0147,0.3612,TfNSW Engineering Carbon and Cost Library (ECCL) Level 5 Road Benchmarks Version 1.00
Australia,Services and Equipment,Traffic Control Signals – New Installation and Reconstruction,TCS - Post Type 10 Mast Arm,1,each,-   ,2.8877,0.0533,1.0316,TfNSW Engineering Carbon and Cost Library (ECCL) Level 5 Road Benchmarks Version 1.00
Australia,Services and Equipment,Traffic Control Signals – New Installation and Reconstruction,TCS - Post Type 11 Mast Arm,1,each,-   ,2.8877,0.0533,1.0316,TfNSW Engineering Carbon and Cost Library (ECCL) Level 5 Road Benchmarks Version 1.00
Australia,Services and Equipment,Traffic Control Signals – New Installation and Reconstruction,TCS - Post Type 13,1,each,-   ,0.2036,0.0030,0.0842,TfNSW Engineering Carbon and Cost Library (ECCL) Level 5 Road Benchmarks Version 1.00
Australia,Services and Equipment,Traffic Control Signals – New Installation and Reconstruction,100mm HD uPVC Electrical Conduit in Earth,1,m,-   ,0.0092,0.0023,0.0098,TfNSW Engineering Carbon and Cost Library (ECCL) Level 5 Road Benchmarks Version 1.00
Australia,Services and Equipment,Traffic Control Signals – New Installation and Reconstruction,100mm HD uPVC Electrical Conduit in Road,1,m,-   ,0.0397,0.0047,0.0152,TfNSW Engineering Carbon and Cost Library (ECCL) Level 5 Road Benchmarks Version 1.00
Australia,Services and Equipment,Traffic Control Signals – New Installation and Reconstruction,"1.5mm2 36 Core, PVC Coated",1,m,-   ,0.0050,0.0003,0.0001,TfNSW Engineering Carbon and Cost Library (ECCL) Level 5 Road Benchmarks Version 1.00
Australia,Services and Equipment,Traffic Control Signals – New Installation and Reconstruction,Traffic Signal Controller,1,each,-   , -   , -   , -   ,TfNSW Engineering Carbon and Cost Library (ECCL) Level 5 Road Benchmarks Version 1.00
Australia,Services and Equipment,Traffic Control Signals – New Installation and Reconstruction,Uninterruptable Power Supply,1,each,-   , -   , -   , -   ,TfNSW Engineering Carbon and Cost Library (ECCL) Level 5 Road Benchmarks Version 1.00
Australia,Services and Equipment,ITS Cantilever and Portal Gantries,750mm Diameter,1,m,-   ,0.8850,0.0124,0.0137,TfNSW Engineering Carbon and Cost Library (ECCL) Level 5 Road Benchmarks Version 1.00
Australia,Services and Equipment,ITS Cantilever and Portal Gantries,900mm Diameter,1,m,-   ,1.0752,0.0151,0.0157,TfNSW Engineering Carbon and Cost Library (ECCL) Level 5 Road Benchmarks Version 1.00
Australia,Services and Equipment,ITS Cantilever and Portal Gantries,1050mm Diameter,1,m,-   ,1.2513,0.0175,0.0190,TfNSW Engineering Carbon and Cost Library (ECCL) Level 5 Road Benchmarks Version 1.00
Australia,Services and Equipment,ITS Cantilever and Portal Gantries,1200mm Diameter,1,m,-   ,1.4273,0.0200,0.0216,TfNSW Engineering Carbon and Cost Library (ECCL) Level 5 Road Benchmarks Version 1.00
Australia,Services and Equipment,ITS Cantilever and Portal Gantries,1500mm Diameter,1,m,-   ,1.7795,0.0249,0.0268,TfNSW Engineering Carbon and Cost Library (ECCL) Level 5 Road Benchmarks Version 1.00
Australia,Services and Equipment,ITS Cantilever and Portal Gantries,Drilling from Ground Level to Start of Rock Coring,1,m,-   , -   , -   , -   ,TfNSW Engineering Carbon and Cost Library (ECCL) Level 5 Road Benchmarks Version 1.00
Australia,Services and Equipment,ITS Cantilever and Portal Gantries,Rock Coring,1,m,-   , -   , -   , -   ,TfNSW Engineering Carbon and Cost Library (ECCL) Level 5 Road Benchmarks Version 1.00
Australia,Services and Equipment,ITS Cantilever and Portal Gantries,Attendance of Professional Geotechnical Engineer During Pile Hole Excavation Inside Casing,1,hour,-   , -   , -   ,0.0011,TfNSW Engineering Carbon and Cost Library (ECCL) Level 5 Road Benchmarks Version 1.00
Australia,Services and Equipment,ITS Cantilever and Portal Gantries,750mm Diameter,1,m,-   , -   ,0.0002,0.0421,TfNSW Engineering Carbon and Cost Library (ECCL) Level 5 Road Benchmarks Version 1.00
Australia,Services and Equipment,ITS Cantilever and Portal Gantries,900mm Diameter,1,m,-   , -   ,0.0002,0.0473,TfNSW Engineering Carbon and Cost Library (ECCL) Level 5 Road Benchmarks Version 1.00
Australia,Services and Equipment,ITS Cantilever and Portal Gantries,1050mm Diameter,1,m,-   , -   ,0.0002,0.0519,TfNSW Engineering Carbon and Cost Library (ECCL) Level 5 Road Benchmarks Version 1.00
Australia,Services and Equipment,ITS Cantilever and Portal Gantries,1200mm Diameter,1,m,-   , -   ,0.0002,0.0644,TfNSW Engineering Carbon and Cost Library (ECCL) Level 5 Road Benchmarks Version 1.00
Australia,Services and Equipment,ITS Cantilever and Portal Gantries,1500mm Diameter,1,m,-   , -   ,0.0003,0.0821,TfNSW Engineering Carbon and Cost Library (ECCL) Level 5 Road Benchmarks Version 1.00
Australia,Services and Equipment,ITS Cantilever and Portal Gantries,750mm Diameter,1,m,-   , -   ,0.0002,0.0548,TfNSW Engineering Carbon and Cost Library (ECCL) Level 5 Road Benchmarks Version 1.00
Australia,Services and Equipment,ITS Cantilever and Portal Gantries,900mm Diameter,1,m,-   , -   ,0.0002,0.0596,TfNSW Engineering Carbon and Cost Library (ECCL) Level 5 Road Benchmarks Version 1.00
Australia,Services and Equipment,ITS Cantilever and Portal Gantries,1050mm Diameter,1,m,-   , -   ,0.0002,0.0672,TfNSW Engineering Carbon and Cost Library (ECCL) Level 5 Road Benchmarks Version 1.00
Australia,Services and Equipment,ITS Cantilever and Portal Gantries,1200mm Diameter,1,m,-   , -   ,0.0003,0.0819,TfNSW Engineering Carbon and Cost Library (ECCL) Level 5 Road Benchmarks Version 1.00
Australia,Services and Equipment,ITS Cantilever and Portal Gantries,1500mm Diameter,1,m,-   , -   ,0.0004,0.1069,TfNSW Engineering Carbon and Cost Library (ECCL) Level 5 Road Benchmarks Version 1.00
Australia,Services and Equipment,ITS Cantilever and Portal Gantries,750mm Diameter,1,m,-   ,0.0876,0.0014,0.0359,TfNSW Engineering Carbon and Cost Library (ECCL) Level 5 Road Benchmarks Version 1.00
Australia,Services and Equipment,ITS Cantilever and Portal Gantries,900mm Diameter,1,m,-   ,0.1036,0.0016,0.0400,TfNSW Engineering Carbon and Cost Library (ECCL) Level 5 Road Benchmarks Version 1.00
Australia,Services and Equipment,ITS Cantilever and Portal Gantries,1050mm Diameter,1,m,-   ,0.1221,0.0019,0.0446,TfNSW Engineering Carbon and Cost Library (ECCL) Level 5 Road Benchmarks Version 1.00
Australia,Services and Equipment,ITS Cantilever and Portal Gantries,1200mm Diameter,1,m,-   ,0.1381,0.0021,0.0545,TfNSW Engineering Carbon and Cost Library (ECCL) Level 5 Road Benchmarks Version 1.00
Australia,Services and Equipment,ITS Cantilever and Portal Gantries,1500mm Diameter,1,m,-   ,0.1726,0.0027,0.0724,TfNSW Engineering Carbon and Cost Library (ECCL) Level 5 Road Benchmarks Version 1.00
Australia,Services and Equipment,ITS Cantilever and Portal Gantries,750mm Diameter,1,m,-   , -   ,0.0001,0.0290,TfNSW Engineering Carbon and Cost Library (ECCL) Level 5 Road Benchmarks Version 1.00
Australia,Services and Equipment,ITS Cantilever and Portal Gantries,900mm Diameter,1,m,-   , -   ,0.0001,0.0345,TfNSW Engineering Carbon and Cost Library (ECCL) Level 5 Road Benchmarks Version 1.00
Australia,Services and Equipment,ITS Cantilever and Portal Gantries,1050mm Diameter,1,m,-   , -   ,0.0001,0.0390,TfNSW Engineering Carbon and Cost Library (ECCL) Level 5 Road Benchmarks Version 1.00
Australia,Services and Equipment,ITS Cantilever and Portal Gantries,1200mm Diameter,1,m,-   , -   ,0.0002,0.0508,TfNSW Engineering Carbon and Cost Library (ECCL) Level 5 Road Benchmarks Version 1.00
Australia,Services and Equipment,ITS Cantilever and Portal Gantries,1500mm Diameter,1,m,-   , -   ,0.0002,0.0639,TfNSW Engineering Carbon and Cost Library (ECCL) Level 5 Road Benchmarks Version 1.00
Australia,Services and Equipment,ITS Cantilever and Portal Gantries,For Indirect Visual or Other Inspection Method,1,each,-   , -   , -   ,0.0010,TfNSW Engineering Carbon and Cost Library (ECCL) Level 5 Road Benchmarks Version 1.00
Australia,Services and Equipment,ITS Cantilever and Portal Gantries,For CCTV Indirect Examination Method - Provisional Quantity,1,each,-   , -   , -   ,0.0007,TfNSW Engineering Carbon and Cost Library (ECCL) Level 5 Road Benchmarks Version 1.00
Australia,Services and Equipment,ITS Cantilever and Portal Gantries,To Contract Level,1,t,-   ,1.7353,0.1145,0.1140,TfNSW Engineering Carbon and Cost Library (ECCL) Level 5 Road Benchmarks Version 1.00
Australia,Services and Equipment,ITS Cantilever and Portal Gantries,Below Contract Level - Provisional Quantity.,1,t,-   ,1.6858,0.1112,0.1069,TfNSW Engineering Carbon and Cost Library (ECCL) Level 5 Road Benchmarks Version 1.00
Australia,Services and Equipment,ITS Cantilever and Portal Gantries,Supply and Placement of N25 Concrete,1,m3,-29.3097,0.2381,0.0052,0.0213,TfNSW Engineering Carbon and Cost Library (ECCL) Level 5 Road Benchmarks Version 1.00
Australia,Services and Equipment,ITS Cantilever and Portal Gantries,Supply and Placement of N32 Concrete,1,m3,-29.3097,0.2849,0.0051,0.0222,TfNSW Engineering Carbon and Cost Library (ECCL) Level 5 Road Benchmarks Version 1.00
Australia,Services and Equipment,ITS Cantilever and Portal Gantries,Supply and Placement of N40 Concrete,1,m3,-29.3097,0.3416,0.0054,0.0234,TfNSW Engineering Carbon and Cost Library (ECCL) Level 5 Road Benchmarks Version 1.00
Australia,Services and Equipment,ITS Cantilever and Portal Gantries,Supply and Placement of N25 Concrete,1,m3,-29.3097,0.2381,0.0052,0.0209,TfNSW Engineering Carbon and Cost Library (ECCL) Level 5 Road Benchmarks Version 1.00
Australia,Services and Equipment,ITS Cantilever and Portal Gantries,Supply and Placement of N32 Concrete,1,m3,-29.3097,0.2849,0.0051,0.0219,TfNSW Engineering Carbon and Cost Library (ECCL) Level 5 Road Benchmarks Version 1.00
Australia,Services and Equipment,ITS Cantilever and Portal Gantries,Supply and Placement of N40 Concrete,1,m3,-29.3097,0.3416,0.0054,0.0230,TfNSW Engineering Carbon and Cost Library (ECCL) Level 5 Road Benchmarks Version 1.00
Australia,Services and Equipment,ITS Cantilever and Portal Gantries,Pile Integrity Testing,1,each,-   , -   , -   , -   ,TfNSW Engineering Carbon and Cost Library (ECCL) Level 5 Road Benchmarks Version 1.00
Australia,Services and Equipment,ITS Cantilever and Portal Gantries,Additional Pile Integrity Testing - Provisional Quantity,1,each,-   , -   , -   , -   ,TfNSW Engineering Carbon and Cost Library (ECCL) Level 5 Road Benchmarks Version 1.00
Australia,Services and Equipment,ITS Cantilever and Portal Gantries,Site Establishment,1,each,-   , -   , -   , -   ,TfNSW Engineering Carbon and Cost Library (ECCL) Level 5 Road Benchmarks Version 1.00
Australia,Services and Equipment,ITS Cantilever and Portal Gantries,Pile Testing,1,each,-   , -   , -   , -   ,TfNSW Engineering Carbon and Cost Library (ECCL) Level 5 Road Benchmarks Version 1.00
Australia,Services and Equipment,ITS Cantilever and Portal Gantries,Additional Pile Testing - Provisional Quantity,1,each,-   , -   , -   , -   ,TfNSW Engineering Carbon and Cost Library (ECCL) Level 5 Road Benchmarks Version 1.00
Australia,Services and Equipment,ITS Cantilever and Portal Gantries,Test Member - Provisional Quantity,1,each,-   , -   , -   , -   ,TfNSW Engineering Carbon and Cost Library (ECCL) Level 5 Road Benchmarks Version 1.00
Australia,Services and Equipment,ITS Cantilever and Portal Gantries,Excavation to Required Levels,1,m3,-   , -   ,0.0001,0.0167,TfNSW Engineering Carbon and Cost Library (ECCL) Level 5 Road Benchmarks Version 1.00
Australia,Services and Equipment,ITS Cantilever and Portal Gantries,Preparation of Foundation,1,m2,-   , -   ,0.0000,0.0049,TfNSW Engineering Carbon and Cost Library (ECCL) Level 5 Road Benchmarks Version 1.00
Australia,Services and Equipment,ITS Cantilever and Portal Gantries,Mass Concrete Blinding Layer,1,m3,-   ,0.2898,0.0063,0.0334,TfNSW Engineering Carbon and Cost Library (ECCL) Level 5 Road Benchmarks Version 1.00
Australia,Services and Equipment,ITS Cantilever and Portal Gantries,Supply and Place Steel Bar Reinforcement,1,t,-   ,1.6981,0.1120,0.1077,TfNSW Engineering Carbon and Cost Library (ECCL) Level 5 Road Benchmarks Version 1.00
Australia,Services and Equipment,ITS Cantilever and Portal Gantries,Supply and Placement of N25 Concrete,1,m3,-29.3097,0.2381,0.0052,0.0209,TfNSW Engineering Carbon and Cost Library (ECCL) Level 5 Road Benchmarks Version 1.00
Australia,Services and Equipment,ITS Cantilever and Portal Gantries,Supply and Placement of N32 Concrete,1,m3,-29.3097,0.2849,0.0051,0.0219,TfNSW Engineering Carbon and Cost Library (ECCL) Level 5 Road Benchmarks Version 1.00
Australia,Services and Equipment,ITS Cantilever and Portal Gantries,Supply and Placement of N40 Concrete,1,m3,-29.3097,0.3416,0.0054,0.0230,TfNSW Engineering Carbon and Cost Library (ECCL) Level 5 Road Benchmarks Version 1.00
Australia,Services and Equipment,ITS Cantilever and Portal Gantries,Finish and Cure Concrete,1,m2,-   ,0.0002,0.0001,0.0002,TfNSW Engineering Carbon and Cost Library (ECCL) Level 5 Road Benchmarks Version 1.00
Australia,Services and Equipment,ITS Cantilever and Portal Gantries,Supply Structural Steel Cantilever Gantry Complete,1,t,-   ,2.6074,0.0473,0.0361,TfNSW Engineering Carbon and Cost Library (ECCL) Level 5 Road Benchmarks Version 1.00
Australia,Services and Equipment,ITS Cantilever and Portal Gantries,Supply Structural Steel Portal Frame Complete,1,t,-   ,2.6074,0.0473,0.0361,TfNSW Engineering Carbon and Cost Library (ECCL) Level 5 Road Benchmarks Version 1.00
Australia,Services and Equipment,ITS Cantilever and Portal Gantries,Install Structural Steel Cantilever Gantry Complete,1,t,-   , -   ,0.0005,0.1302,TfNSW Engineering Carbon and Cost Library (ECCL) Level 5 Road Benchmarks Version 1.00
Australia,Services and Equipment,ITS Cantilever and Portal Gantries,Install Structural Steel Portal Frame Complete,1,t,-   , -   ,0.0005,0.1302,TfNSW Engineering Carbon and Cost Library (ECCL) Level 5 Road Benchmarks Version 1.00
New Zealand,State Highway Structures,Road Bridge,Bridge Abutment,1,each,,1227.9044,12.5760,,New Zealand Transport Agency & KiwiRail Project Emissions Estimation Tool (PEET) Version 6.0
New Zealand,State Highway Structures,Road Bridge,Bridge Deck,1,m2,,1.2846,0.0158,,New Zealand Transport Agency & KiwiRail Project Emissions Estimation Tool (PEET) Version 6.0
New Zealand,State Highway Structures,Road Bridge,Bridge Pier,1,each,,1058.8313,8.8620,,New Zealand Transport Agency & KiwiRail Project Emissions Estimation Tool (PEET) Version 6.0
New Zealand,State Highway Structures,Pedestrian Bridge,Abutment,1,each,,434.9702,3.3981,,New Zealand Transport Agency & KiwiRail Project Emissions Estimation Tool (PEET) Version 6.0
New Zealand,State Highway Structures,Pedestrian Bridge,Deck,1,m2,,1.1132,0.0074,,New Zealand Transport Agency & KiwiRail Project Emissions Estimation Tool (PEET) Version 6.0
New Zealand,State Highway Structures,Pedestrian Bridge,Pier,1,each,,139.2772,1.5028,,New Zealand Transport Agency & KiwiRail Project Emissions Estimation Tool (PEET) Version 6.0
New Zealand,State Highway Structures,Station Building,Station Building,1,m2,,1.3844,0.0102,,New Zealand Transport Agency & KiwiRail Project Emissions Estimation Tool (PEET) Version 6.0
New Zealand,State Highway Structures,Underpass/Box Culvert,Underpass/Box Culvert,1,m2,,3.8012,0.0778,,New Zealand Transport Agency & KiwiRail Project Emissions Estimation Tool (PEET) Version 6.0
New Zealand,State Highway Structures,Basecourse,"Unbound Basecourse, Natural subgrade (1m2)",1,m2,,0.0091,0.0136,,New Zealand Transport Agency & KiwiRail Project Emissions Estimation Tool (PEET) Version 6.0
New Zealand,State Highway Structures,Basecourse,"Cement Modified Basecourse, Natural Subgrade (1m2)",1,m2,,0.0173,0.0129,,New Zealand Transport Agency & KiwiRail Project Emissions Estimation Tool (PEET) Version 6.0
New Zealand,State Highway Structures,Basecourse,"Foamed Bitumen Basecourse, Natural Subgrade (1m2)",1,m2,,0.0203,0.0117,,New Zealand Transport Agency & KiwiRail Project Emissions Estimation Tool (PEET) Version 6.0
New Zealand,State Highway Structures,Basecourse,"Unbound Basecourse, Stabilised subgrade (1m2)",1,m2,,0.0214,0.0085,,New Zealand Transport Agency & KiwiRail Project Emissions Estimation Tool (PEET) Version 6.0
New Zealand,State Highway Structures,Basecourse,"Cement Modified Basecourse, Stabilised Subgrade (1m2)",1,m2,,0.0297,0.0081,,New Zealand Transport Agency & KiwiRail Project Emissions Estimation Tool (PEET) Version 6.0
New Zealand,State Highway Structures,Basecourse,"Foamed Bitumen Basecourse, Stabilised Subgrade (1m2)",1,m2,,0.0359,0.0122,,New Zealand Transport Agency & KiwiRail Project Emissions Estimation Tool (PEET) Version 6.0
New Zealand,State Highway Structures,Surface,Structural Asphaltic Concrete (1m2),1,m2,,0.0557,0.0106,,New Zealand Transport Agency & KiwiRail Project Emissions Estimation Tool (PEET) Version 6.0
New Zealand,State Highway Structures,Basecourse,"Cement Modified Basecourse, Natural Subgrade (1m2)",1,m2,,0.0262,0.0157,,New Zealand Transport Agency & KiwiRail Project Emissions Estimation Tool (PEET) Version 6.0
New Zealand,State Highway Structures,Basecourse,"Foamed Bitumen Basecourse, Natural Subgrade (1m2)",1,m2,,0.0328,0.0152,,New Zealand Transport Agency & KiwiRail Project Emissions Estimation Tool (PEET) Version 6.0
New Zealand,State Highway Structures,Surface,Structural Asphalt Overlay with Limestone Stabilisation,1,m2,,0.0670,0.0102,,New Zealand Transport Agency & KiwiRail Project Emissions Estimation Tool (PEET) Version 6.0
New Zealand,State Highway Structures,Basecourse,"Cement Modified Basecourse, Stabilised Subgrade (1m2)",1,m2,,0.0377,0.0094,,New Zealand Transport Agency & KiwiRail Project Emissions Estimation Tool (PEET) Version 6.0
New Zealand,State Highway Structures,Basecourse,"Foamed Bitumen Basecourse, Natural Subgrade (1m2)",1,m2,,0.0456,0.0134,,New Zealand Transport Agency & KiwiRail Project Emissions Estimation Tool (PEET) Version 6.0
New Zealand,Local Roads Pavements and Surfacing,Urban (75%),Urban (75%),1,m2,,0.0723,0.0137,,New Zealand Transport Agency & KiwiRail Project Emissions Estimation Tool (PEET) Version 6.0
New Zealand,Local Roads Pavements and Surfacing,Urban (25%),Urban (25%),1,m2,,0.0272,0.0132,,New Zealand Transport Agency & KiwiRail Project Emissions Estimation Tool (PEET) Version 6.0
New Zealand,Local Roads Pavements and Surfacing,Rural (75%),Rural (75%),1,m2,,0.0176,0.0116,,New Zealand Transport Agency & KiwiRail Project Emissions Estimation Tool (PEET) Version 6.0
New Zealand,Local Roads Pavements and Surfacing,Rural Unsealed,Rural Unsealed,1,m2,,0.0031,0.0050,,New Zealand Transport Agency & KiwiRail Project Emissions Estimation Tool (PEET) Version 6.0
New Zealand,Local Roads Pavements and Surfacing,Rural (25%),Rural (25%),1,m2,,0.0208,0.0105,,New Zealand Transport Agency & KiwiRail Project Emissions Estimation Tool (PEET) Version 6.0
New Zealand,Drainage Assets,Drainage to Footpath and Road ,375mm Piping,1,m,,0.0477,0.0084,,New Zealand Transport Agency & KiwiRail Project Emissions Estimation Tool (PEET) Version 6.0
New Zealand,Drainage Assets,Drainage to Footpath and Road ,675mm Piping,1,m,,0.0896,0.0144,,New Zealand Transport Agency & KiwiRail Project Emissions Estimation Tool (PEET) Version 6.0
New Zealand,Drainage Assets,Stormwater System Connection,Catchpit connection to manhole every 50m,1,m,,0.0466,0.0009,,New Zealand Transport Agency & KiwiRail Project Emissions Estimation Tool (PEET) Version 6.0
New Zealand,Drainage Assets,Watercourse Drainage,"Open watercourse drainage (at every sump, 50m)",1,m,,0.0124,0.0012,,New Zealand Transport Agency & KiwiRail Project Emissions Estimation Tool (PEET) Version 6.0
New Zealand,Drainage Assets,Manholes,1050 mm,1,each,,1.4848,0.3208,,New Zealand Transport Agency & KiwiRail Project Emissions Estimation Tool (PEET) Version 6.0
New Zealand,Drainage Assets,Manholes,1200 mm,1,each,,1.7483,0.3842,,New Zealand Transport Agency & KiwiRail Project Emissions Estimation Tool (PEET) Version 6.0
New Zealand,Drainage Assets,Manholes,1500 mm,1,each,,2.4740,0.5568,,New Zealand Transport Agency & KiwiRail Project Emissions Estimation Tool (PEET) Version 6.0
New Zealand,Drainage Assets,Manholes,1800 mm,1,each,,2.9588,0.6802,,New Zealand Transport Agency & KiwiRail Project Emissions Estimation Tool (PEET) Version 6.0
New Zealand,Drainage Assets,Manholes,2050 mm,1,each,,4.2088,0.9698,,New Zealand Transport Agency & KiwiRail Project Emissions Estimation Tool (PEET) Version 6.0
New Zealand,Drainage Assets,Manholes,2300 mm,1,each,,7.1892,1.6383,,New Zealand Transport Agency & KiwiRail Project Emissions Estimation Tool (PEET) Version 6.0
New Zealand,Drainage Assets,Manholes,3000 mm,1,each,,10.9452,2.5230,,New Zealand Transport Agency & KiwiRail Project Emissions Estimation Tool (PEET) Version 6.0
New Zealand,Drainage Assets,Stormwater Treatment,T1 Tetra Trap,1,each,,0.0227,0.0005,,New Zealand Transport Agency & KiwiRail Project Emissions Estimation Tool (PEET) Version 6.0
New Zealand,Drainage Assets,Stormwater Treatment,T2 Tetra Trap,1,each,,0.0238,0.0005,,New Zealand Transport Agency & KiwiRail Project Emissions Estimation Tool (PEET) Version 6.0
New Zealand,Drainage Assets,Stormwater Treatment,T3 Tetra Trap,1,each,,0.0232,0.0005,,New Zealand Transport Agency & KiwiRail Project Emissions Estimation Tool (PEET) Version 6.0
New Zealand,Drainage Assets,Stormwater Treatment,T4 Tetra Trap,1,each,,0.0238,0.0005,,New Zealand Transport Agency & KiwiRail Project Emissions Estimation Tool (PEET) Version 6.0
New Zealand,Drainage Assets,Stormwater Treatment,T5 Tetra Trap,1,each,,0.0222,0.0005,,New Zealand Transport Agency & KiwiRail Project Emissions Estimation Tool (PEET) Version 6.0
New Zealand,Drainage Assets,Stormwater Treatment,"2 module ""Up-Flo"" filter kit",1,each,,0.9038,0.3094,,New Zealand Transport Agency & KiwiRail Project Emissions Estimation Tool (PEET) Version 6.0
New Zealand,Drainage Assets,Stormwater Treatment,"4 module ""Up-Flo"" filter kit",1,each,,0.9416,0.3104,,New Zealand Transport Agency & KiwiRail Project Emissions Estimation Tool (PEET) Version 6.0
New Zealand,Drainage Assets,Stormwater Treatment,"6 module ""Up-Flo"" filter kit",1,each,,0.9794,0.3115,,New Zealand Transport Agency & KiwiRail Project Emissions Estimation Tool (PEET) Version 6.0
New Zealand,Drainage Assets,Stormwater Treatment,"8 module ""Up-Flo"" filter kit",1,each,,2.3699,0.9051,,New Zealand Transport Agency & KiwiRail Project Emissions Estimation Tool (PEET) Version 6.0
New Zealand,Drainage Assets,Stormwater Treatment,"10 module ""Up-Flo"" filter kit",1,each,,2.3739,0.9102,,New Zealand Transport Agency & KiwiRail Project Emissions Estimation Tool (PEET) Version 6.0
New Zealand,Drainage Assets,Stormwater Treatment,First Defense High Capacity Ø1200x2400,1,each,,1.0687,0.3417,,New Zealand Transport Agency & KiwiRail Project Emissions Estimation Tool (PEET) Version 6.0
New Zealand,Drainage Assets,Stormwater Treatment,Downstream Defender Select 1200,1,each,,0.5530,0.0158,,New Zealand Transport Agency & KiwiRail Project Emissions Estimation Tool (PEET) Version 6.0
New Zealand,Drainage Assets,Catchpits,Street Catch Pit 800 x 500,1,each,,0.9939,0.0212,,New Zealand Transport Agency & KiwiRail Project Emissions Estimation Tool (PEET) Version 6.0
New Zealand,Drainage Assets,Catchpits,Super Pit,1,each,,0.9581,0.0181,,New Zealand Transport Agency & KiwiRail Project Emissions Estimation Tool (PEET) Version 6.0
New Zealand,Drainage Assets,Catchpits,Mega Pit,1,each,,4.7813,0.0976,,New Zealand Transport Agency & KiwiRail Project Emissions Estimation Tool (PEET) Version 6.0
New Zealand,Drainage Assets,Catchpits,2.4m Lintel Only ,1,each,,0.1932,0.0043,,New Zealand Transport Agency & KiwiRail Project Emissions Estimation Tool (PEET) Version 6.0
New Zealand,Drainage Assets,Wingwalls,300mm,1,each,,0.1413,0.0043,,New Zealand Transport Agency & KiwiRail Project Emissions Estimation Tool (PEET) Version 6.0
New Zealand,Drainage Assets,Wingwalls,600mm,1,each,,0.5961,0.0186,,New Zealand Transport Agency & KiwiRail Project Emissions Estimation Tool (PEET) Version 6.0
New Zealand,Drainage Assets,Wingwalls,900mm,1,each,,2.0847,0.0598,,New Zealand Transport Agency & KiwiRail Project Emissions Estimation Tool (PEET) Version 6.0
New Zealand,Drainage Assets,Wingwalls,1050mm ,1,each,,1.8605,0.0718,,New Zealand Transport Agency & KiwiRail Project Emissions Estimation Tool (PEET) Version 6.0
New Zealand,Drainage Assets,Wingwalls,1350mm,1,each,,2.9805,0.0832,,New Zealand Transport Agency & KiwiRail Project Emissions Estimation Tool (PEET) Version 6.0
New Zealand,Drainage Assets,Wingwalls,1800mm,1,each,,3.7733,0.1095,,New Zealand Transport Agency & KiwiRail Project Emissions Estimation Tool (PEET) Version 6.0
New Zealand,Drainage Assets,Raingarden,Conventional Raingarden,1,m2,,0.0085,0.0037,,New Zealand Transport Agency & KiwiRail Project Emissions Estimation Tool (PEET) Version 6.0
New Zealand,Drainage Assets,Raingarden,Concrete Raingarden,1,m2,,0.2570,0.0035,,New Zealand Transport Agency & KiwiRail Project Emissions Estimation Tool (PEET) Version 6.0
New Zealand,Drainage Assets,Raingarden,Tree Pit Surround,1,each,,0.2054,0.0020,,New Zealand Transport Agency & KiwiRail Project Emissions Estimation Tool (PEET) Version 6.0
New Zealand,Drainage Assets,Raingarden,Other Raingarden ,1,each,,2.8269,0.0184,,New Zealand Transport Agency & KiwiRail Project Emissions Estimation Tool (PEET) Version 6.0
New Zealand,Drainage Assets,Box Culvert,2.5m (wide) x 2m (high) (1.55 long),1,m,,2.3840,0.0498,,New Zealand Transport Agency & KiwiRail Project Emissions Estimation Tool (PEET) Version 6.0
New Zealand,Drainage Assets,Box Culvert,3m (wide) x 2.5m (high) (1.55 long),1,m,,2.8367,0.0592,,New Zealand Transport Agency & KiwiRail Project Emissions Estimation Tool (PEET) Version 6.0
New Zealand,Drainage Assets,Box Culvert,4m (wide) x 3m (high) (1.55 long),1,m,,3.8024,0.0794,,New Zealand Transport Agency & KiwiRail Project Emissions Estimation Tool (PEET) Version 6.0
New Zealand,Drainage Assets,Gross Pollutant Trap,300mm,1,each,,3.8377,0.0831,,New Zealand Transport Agency & KiwiRail Project Emissions Estimation Tool (PEET) Version 6.0
New Zealand,Drainage Assets,Gross Pollutant Trap,900mm,1,each,,11.4687,0.2517,,New Zealand Transport Agency & KiwiRail Project Emissions Estimation Tool (PEET) Version 6.0
New Zealand,Drainage Assets,Gross Pollutant Trap,1200mm,1,each,,16.2882,0.3546,,New Zealand Transport Agency & KiwiRail Project Emissions Estimation Tool (PEET) Version 6.0
New Zealand,Drainage Assets,Trenches,Subsoil Pipe (including trench),1,m,,0.0039,0.0016,,New Zealand Transport Agency & KiwiRail Project Emissions Estimation Tool (PEET) Version 6.0
New Zealand,Drainage Assets,Swale,Swale (including subsoil),1,m,,0.0190,0.3438,,New Zealand Transport Agency & KiwiRail Project Emissions Estimation Tool (PEET) Version 6.0
New Zealand,Drainage Assets,Swale,Rirap swale with geotextile,1,m,,0.0157,0.2639,,New Zealand Transport Agency & KiwiRail Project Emissions Estimation Tool (PEET) Version 6.0
New Zealand,Drainage Assets,Trenches,Counterfort Drain,1,m,,0.0438,0.0418,,New Zealand Transport Agency & KiwiRail Project Emissions Estimation Tool (PEET) Version 6.0
New Zealand,Drainage Assets,Kerbs,Standard Concrete Kerb (Type 1),1,m,,0.0447,0.0063,,New Zealand Transport Agency & KiwiRail Project Emissions Estimation Tool (PEET) Version 6.0
New Zealand,Drainage Assets,Kerbs,Brickwork,1,m,,0.0264,0.0212,,New Zealand Transport Agency & KiwiRail Project Emissions Estimation Tool (PEET) Version 6.0
New Zealand,Drainage Assets,Kerbs,Mountable Kerb and Channel (Type 2A),1,m,,0.0420,0.0062,,New Zealand Transport Agency & KiwiRail Project Emissions Estimation Tool (PEET) Version 6.0
New Zealand,Drainage Assets,Kerbs,Extruded Cycle Mountable Kerb (Type 15),1,m,,0.0115,0.0024,,New Zealand Transport Agency & KiwiRail Project Emissions Estimation Tool (PEET) Version 6.0
New Zealand,Drainage Assets,Kerbs,V-Dish Channel (Type 18),1,m,,0.0580,0.0066,,New Zealand Transport Agency & KiwiRail Project Emissions Estimation Tool (PEET) Version 6.0
New Zealand,"Paths, Cycleways and Crossings",Footpaths,Standard Concrete Footpath (1m width) Assumed can be used,1,m2,,0.0347,0.0019,,New Zealand Transport Agency & KiwiRail Project Emissions Estimation Tool (PEET) Version 6.0
New Zealand,"Paths, Cycleways and Crossings",Footpaths,150mm Concrete Footpath (1m width) Assumed can be used,1,m2,,0.0506,0.0022,,New Zealand Transport Agency & KiwiRail Project Emissions Estimation Tool (PEET) Version 6.0
New Zealand,"Paths, Cycleways and Crossings",Footpaths,Asphalt Concrete Footpath (1m width),1,m2,,0.0086,0.0017,,New Zealand Transport Agency & KiwiRail Project Emissions Estimation Tool (PEET) Version 6.0
New Zealand,"Paths, Cycleways and Crossings",Footpaths,Concrete Paver Footpath (1m width),1,m2,,0.0371,0.0019,,New Zealand Transport Agency & KiwiRail Project Emissions Estimation Tool (PEET) Version 6.0
New Zealand,"Paths, Cycleways and Crossings",Footpaths,Timber Boardwalk (based on 3m wide 1.6m long),1,m2,,0.0186,0.0092,,New Zealand Transport Agency & KiwiRail Project Emissions Estimation Tool (PEET) Version 6.0
New Zealand,"Paths, Cycleways and Crossings",Vehicle Crossings,Single Residential Vehicle Crossing,1,each,,0.6966,0.0217,,New Zealand Transport Agency & KiwiRail Project Emissions Estimation Tool (PEET) Version 6.0
New Zealand,"Paths, Cycleways and Crossings",Vehicle Crossings,Single Commercial Vehicle Crossing,1,each,,1.2357,0.0267,,New Zealand Transport Agency & KiwiRail Project Emissions Estimation Tool (PEET) Version 6.0
New Zealand,"Paths, Cycleways and Crossings",Reinforcement,Steel 663 Mesh Only,1,m2,,0.0186,0.0003,,New Zealand Transport Agency & KiwiRail Project Emissions Estimation Tool (PEET) Version 6.0
New Zealand,"Paths, Cycleways and Crossings",Vehicle Crossings,Flexible Traffic Separator,1,m,,0.0019,0.0020,,New Zealand Transport Agency & KiwiRail Project Emissions Estimation Tool (PEET) Version 6.0
New Zealand,"Paths, Cycleways and Crossings",Cycleways,Cycle Lane Separator,1,m,,0.0008,0.0001,,New Zealand Transport Agency & KiwiRail Project Emissions Estimation Tool (PEET) Version 6.0
New Zealand,"Paths, Cycleways and Crossings",Cycleways,Cycle Lane Speed Cushion,1,m,,0.0020,0.0021,,New Zealand Transport Agency & KiwiRail Project Emissions Estimation Tool (PEET) Version 6.0
New Zealand,"Paths, Cycleways and Crossings",Cycleways,Concrete Cycle Separator (Type 1),1,No,,0.1976,0.0061,,New Zealand Transport Agency & KiwiRail Project Emissions Estimation Tool (PEET) Version 6.0
New Zealand,"Paths, Cycleways and Crossings",Cycleways,Concrete Cycle Separator (Type 2),1,No,,0.3063,0.0094,,New Zealand Transport Agency & KiwiRail Project Emissions Estimation Tool (PEET) Version 6.0
New Zealand,"Paths, Cycleways and Crossings",Cycleways,Concrete Cycle Separator (Type 3),1,No,,0.4151,0.0128,,New Zealand Transport Agency & KiwiRail Project Emissions Estimation Tool (PEET) Version 6.0
New Zealand,"Paths, Cycleways and Crossings",Cycleways,Green Surfacing,1,m2,,0.0000,0.0000,,New Zealand Transport Agency & KiwiRail Project Emissions Estimation Tool (PEET) Version 6.0
New Zealand,Street Lighting,Poles and Foundations,Light Pole (8m),1,no,,0.5035,0.0538,,New Zealand Transport Agency & KiwiRail Project Emissions Estimation Tool (PEET) Version 6.0
New Zealand,Street Lighting,Poles and Foundations,Light Pole (12m),1,no,,0.7466,0.0856,,New Zealand Transport Agency & KiwiRail Project Emissions Estimation Tool (PEET) Version 6.0
New Zealand,Street Lighting,Lighting Components,Light Outreach,1,no,,0.0289,0.0005,,New Zealand Transport Agency & KiwiRail Project Emissions Estimation Tool (PEET) Version 6.0
New Zealand,Street Lighting,Lighting Components,Italo 2 Luminaire,1,no,,0.2284,0.0010,,New Zealand Transport Agency & KiwiRail Project Emissions Estimation Tool (PEET) Version 6.0
New Zealand,Street Lighting,Lighting Components,Road Lighting per km,1,km,,48.7914,3.6480,,New Zealand Transport Agency & KiwiRail Project Emissions Estimation Tool (PEET) Version 6.0
New Zealand,Traffic Islands and Raised Tables,Traffic Islands,Conventional Traffic Island insitu concrete,1,m,,0.1789,0.0048,,New Zealand Transport Agency & KiwiRail Project Emissions Estimation Tool (PEET) Version 6.0
New Zealand,Traffic Islands and Raised Tables,Traffic Islands,Conventional Traffic Island Precast concrete,1,m,,0.7210,0.0171,,New Zealand Transport Agency & KiwiRail Project Emissions Estimation Tool (PEET) Version 6.0
New Zealand,Traffic Islands and Raised Tables,Traffic Islands,Conventional Traffic Island Precast concrete (m2),1,m2,,0.4005,0.0095,,New Zealand Transport Agency & KiwiRail Project Emissions Estimation Tool (PEET) Version 6.0
New Zealand,Traffic Islands and Raised Tables,Traffic Islands,Central Median Pedestrian Refuge Island (8m x 1.8m ),1,no,,1.0943,0.0299,,New Zealand Transport Agency & KiwiRail Project Emissions Estimation Tool (PEET) Version 6.0
New Zealand,Traffic Islands and Raised Tables,Traffic Islands,Slip Lane Pedestrian Refuge Triangle approx 15m long x 5m wide,1,no,,2.3303,0.0696,,New Zealand Transport Agency & KiwiRail Project Emissions Estimation Tool (PEET) Version 6.0
New Zealand,Traffic Islands and Raised Tables,Traffic Islands,Planted Side Island,1,m2,,0.0542,0.0019,,New Zealand Transport Agency & KiwiRail Project Emissions Estimation Tool (PEET) Version 6.0
New Zealand,Traffic Islands and Raised Tables,Raised Tables,Median Planting bed,1,m2,,0.0299,0.0027,,New Zealand Transport Agency & KiwiRail Project Emissions Estimation Tool (PEET) Version 6.0
New Zealand,Traffic Islands and Raised Tables,Raised Tables,Concrete Raised Table,1,m2,,0.2008,0.0022,,New Zealand Transport Agency & KiwiRail Project Emissions Estimation Tool (PEET) Version 6.0
New Zealand,Traffic Islands and Raised Tables,Raised Tables,Asphalt Raised Table,1,m2,,0.0382,0.0012,,New Zealand Transport Agency & KiwiRail Project Emissions Estimation Tool (PEET) Version 6.0
New Zealand,Retaining Walls,Concrete Components,1m3 box,1,No,,0.0055,0.0015,,New Zealand Transport Agency & KiwiRail Project Emissions Estimation Tool (PEET) Version 6.0
New Zealand,Site Clearance and Earthworks,Concrete Components,Concrete Block Small,1,m2,,0.1308,0.0322,,New Zealand Transport Agency & KiwiRail Project Emissions Estimation Tool (PEET) Version 6.0
New Zealand,Site Clearance and Earthworks,Concrete Components,Concrete Block Medium ,1,m2,,0.1374,0.0423,,New Zealand Transport Agency & KiwiRail Project Emissions Estimation Tool (PEET) Version 6.0
New Zealand,Site Clearance and Earthworks,Concrete Components,Concrete Block Large,1,m2,,0.1374,0.0423,,New Zealand Transport Agency & KiwiRail Project Emissions Estimation Tool (PEET) Version 6.0
New Zealand,Site Clearance and Earthworks,Mechanically Stabilised Earth,MSE Small,1,m2,,0.1696,0.0392,,New Zealand Transport Agency & KiwiRail Project Emissions Estimation Tool (PEET) Version 6.0
New Zealand,Site Clearance and Earthworks,Mechanically Stabilised Earth,MSE Medium,1,m2,,0.2274,0.0759,,New Zealand Transport Agency & KiwiRail Project Emissions Estimation Tool (PEET) Version 6.0
New Zealand,Site Clearance and Earthworks,Mechanically Stabilised Earth,MSE Large,1,m2,,0.2949,0.1185,,New Zealand Transport Agency & KiwiRail Project Emissions Estimation Tool (PEET) Version 6.0
New Zealand,Site Clearance and Earthworks,Timber Poles,Timber Pole Small,1,m2,,0.2128,0.4043,,New Zealand Transport Agency & KiwiRail Project Emissions Estimation Tool (PEET) Version 6.0
New Zealand,Site Clearance and Earthworks,Timber Poles,Timber Pole Medium,1,m2,,0.1812,0.5291,,New Zealand Transport Agency & KiwiRail Project Emissions Estimation Tool (PEET) Version 6.0
New Zealand,Site Clearance and Earthworks,Timber Poles,Timber Pole Large,1,m2,,0.1796,0.5280,,New Zealand Transport Agency & KiwiRail Project Emissions Estimation Tool (PEET) Version 6.0
New Zealand,Site Clearance and Earthworks,Anchored Rockfall Netting ,Anchored Rockfall Netting Small ,1,m2,,0.0763,0.0055,,New Zealand Transport Agency & KiwiRail Project Emissions Estimation Tool (PEET) Version 6.0
New Zealand,Site Clearance and Earthworks,Anchored Rockfall Netting ,Anchored Rockfall Netting Medium,1,m2,,0.0573,0.0052,,New Zealand Transport Agency & KiwiRail Project Emissions Estimation Tool (PEET) Version 6.0
New Zealand,Site Clearance and Earthworks,Anchored Rockfall Netting ,Anchored Rockfall Netting Large,1,m2,,0.0550,0.0054,,New Zealand Transport Agency & KiwiRail Project Emissions Estimation Tool (PEET) Version 6.0
New Zealand,Site Clearance and Earthworks,Nail/Anchor Cut Face with Shotcrete Facing,Nail/Anchor Cut Face with Shotcrete Facing Small,1,m2,,0.2898,0.0652,,New Zealand Transport Agency & KiwiRail Project Emissions Estimation Tool (PEET) Version 6.0
New Zealand,Site Clearance and Earthworks,Nail/Anchor Cut Face with Shotcrete Facing,Nail/Anchor Cut Face with Shotcrete Facing Medium,1,m2,,0.2812,0.0647,,New Zealand Transport Agency & KiwiRail Project Emissions Estimation Tool (PEET) Version 6.0
New Zealand,Site Clearance and Earthworks,Nail/Anchor Cut Face with Shotcrete Facing,Nail/Anchor Cut Face with Shotcrete Facing Large,1,m2,,0.3101,0.0666,,New Zealand Transport Agency & KiwiRail Project Emissions Estimation Tool (PEET) Version 6.0
New Zealand,Site Clearance and Earthworks,Wooden Lagging Steel Pile,Steel Pile Small Wooden Lagging,1,m2,,0.9742,0.3151,,New Zealand Transport Agency & KiwiRail Project Emissions Estimation Tool (PEET) Version 6.0
New Zealand,Site Clearance and Earthworks,Wooden Lagging Steel Pile,Steel Pile Medium Wooden Lagging,1,m2,,0.9873,0.4079,,New Zealand Transport Agency & KiwiRail Project Emissions Estimation Tool (PEET) Version 6.0
New Zealand,Site Clearance and Earthworks,Wooden Lagging Steel Pile,Steel Pile Large Wooden Lagging,1,m2,,0.9662,0.4066,,New Zealand Transport Agency & KiwiRail Project Emissions Estimation Tool (PEET) Version 6.0
New Zealand,Site Clearance and Earthworks,Concrete Panel Steel Pile,Steel Pile Small Concrete Panel,1,m2,,1.1099,0.3444,,New Zealand Transport Agency & KiwiRail Project Emissions Estimation Tool (PEET) Version 6.0
New Zealand,Site Clearance and Earthworks,Concrete Panel Steel Pile,Steel Pile Medium Concrete Panel,1,m2,,1.1439,0.4375,,New Zealand Transport Agency & KiwiRail Project Emissions Estimation Tool (PEET) Version 6.0
New Zealand,Site Clearance and Earthworks,Concrete Panel Steel Pile,Steel Pile Large Concrete Panel,1,m2,,1.1228,0.4362,,New Zealand Transport Agency & KiwiRail Project Emissions Estimation Tool (PEET) Version 6.0
New Zealand,Site Clearance and Earthworks,Concrete Secant Pile,Concrete Secant Pile Small,1,m2,,1.4493,0.0145,,New Zealand Transport Agency & KiwiRail Project Emissions Estimation Tool (PEET) Version 6.0
New Zealand,Site Clearance and Earthworks,Concrete Secant Pile,Concrete Secant Pile Medium,1,m2,,1.4493,0.0145,,New Zealand Transport Agency & KiwiRail Project Emissions Estimation Tool (PEET) Version 6.0
New Zealand,Site Clearance and Earthworks,Concrete Secant Pile,Concrete Secant Pile Large,1,m2,,1.4493,0.0145,,New Zealand Transport Agency & KiwiRail Project Emissions Estimation Tool (PEET) Version 6.0
New Zealand,Site Clearance and Earthworks,L Shape Concrete,L Shape Concrete Small,1,m2,,0.4294,0.0568,,New Zealand Transport Agency & KiwiRail Project Emissions Estimation Tool (PEET) Version 6.0
New Zealand,Site Clearance and Earthworks,L Shape Concrete,L Shape Concrete Medium,1,m2,,0.3573,0.0526,,New Zealand Transport Agency & KiwiRail Project Emissions Estimation Tool (PEET) Version 6.0
New Zealand,Site Clearance and Earthworks,L Shape Concrete,L Shape Concrete Large,1,m2,,0.3573,0.0526,,New Zealand Transport Agency & KiwiRail Project Emissions Estimation Tool (PEET) Version 6.0
New Zealand,Pipe Network,PVC-U Pipes Pressured,100 mm,1,m,,0.0103,0.0249,,New Zealand Transport Agency & KiwiRail Project Emissions Estimation Tool (PEET) Version 6.0
New Zealand,Pipe Network,PVC-U Pipes Pressured,150 mm,1,m,,0.0203,0.0502,,New Zealand Transport Agency & KiwiRail Project Emissions Estimation Tool (PEET) Version 6.0
New Zealand,Pipe Network,PVC-U Pipes Pressured,200 mm,1,m,,0.0345,0.0507,,New Zealand Transport Agency & KiwiRail Project Emissions Estimation Tool (PEET) Version 6.0
New Zealand,Pipe Network,PVC-U Pipes Pressured,225 mm,1,m,,0.0418,0.0550,,New Zealand Transport Agency & KiwiRail Project Emissions Estimation Tool (PEET) Version 6.0
New Zealand,Pipe Network,PVC-U Pipes Pressured,250 mm,1,m,,0.0518,0.0596,,New Zealand Transport Agency & KiwiRail Project Emissions Estimation Tool (PEET) Version 6.0
New Zealand,Pipe Network,PVC-U Pipes Pressured,300 mm,1,m,,0.0655,0.0686,,New Zealand Transport Agency & KiwiRail Project Emissions Estimation Tool (PEET) Version 6.0
New Zealand,Pipe Network,PVC-U Pipes Pressured,375 mm,1,m,,0.1050,0.0993,,New Zealand Transport Agency & KiwiRail Project Emissions Estimation Tool (PEET) Version 6.0
New Zealand,Pipe Network,PVC-U Pipes Pressured,450 mm,1,m,,0.1618,0.1172,,New Zealand Transport Agency & KiwiRail Project Emissions Estimation Tool (PEET) Version 6.0
New Zealand,Pipe Network,PVC-U Pipes Gravity,150 mm,1,m,,0.0103,0.0249,,New Zealand Transport Agency & KiwiRail Project Emissions Estimation Tool (PEET) Version 6.0
New Zealand,Pipe Network,PVC-U Pipes Gravity,175 mm,1,m,,0.0155,0.0460,,New Zealand Transport Agency & KiwiRail Project Emissions Estimation Tool (PEET) Version 6.0
New Zealand,Pipe Network,PVC-U Pipes Gravity,225 mm,1,m,,0.0233,0.0544,,New Zealand Transport Agency & KiwiRail Project Emissions Estimation Tool (PEET) Version 6.0
New Zealand,Pipe Network,PVC-U Pipes Gravity,300 mm,1,m,,0.0357,0.0675,,New Zealand Transport Agency & KiwiRail Project Emissions Estimation Tool (PEET) Version 6.0
New Zealand,Pipe Network,PVC-U Pipes Gravity,375 mm,1,m,,0.0589,0.0976,,New Zealand Transport Agency & KiwiRail Project Emissions Estimation Tool (PEET) Version 6.0
New Zealand,Pipe Network,PVC-U Pipes Gravity,475 mm,1,m,,0.0928,0.1708,,New Zealand Transport Agency & KiwiRail Project Emissions Estimation Tool (PEET) Version 6.0
New Zealand,Pipe Network,PVC-U Pipes Gravity,500 mm,1,m,,0.1120,0.1786,,New Zealand Transport Agency & KiwiRail Project Emissions Estimation Tool (PEET) Version 6.0
New Zealand,Pipe Network,PVC-U Pipes Gravity,600 mm,1,m,,0.1425,0.2087,,New Zealand Transport Agency & KiwiRail Project Emissions Estimation Tool (PEET) Version 6.0
New Zealand,Pipe Network,PE Pipes,20 mm,1,m,,0.0009,0.0109,,New Zealand Transport Agency & KiwiRail Project Emissions Estimation Tool (PEET) Version 6.0
New Zealand,Pipe Network,PE Pipes,25 mm,1,m,,0.0011,0.0114,,New Zealand Transport Agency & KiwiRail Project Emissions Estimation Tool (PEET) Version 6.0
New Zealand,Pipe Network,PE Pipes,32 mm,1,m,,0.0014,0.0121,,New Zealand Transport Agency & KiwiRail Project Emissions Estimation Tool (PEET) Version 6.0
New Zealand,Pipe Network,PE Pipes,40 mm,1,m,,0.0018,0.0129,,New Zealand Transport Agency & KiwiRail Project Emissions Estimation Tool (PEET) Version 6.0
New Zealand,Pipe Network,PE Pipes,50 mm,1,m,,0.0024,0.0140,,New Zealand Transport Agency & KiwiRail Project Emissions Estimation Tool (PEET) Version 6.0
New Zealand,Pipe Network,PE Pipes,63 mm,1,m,,0.0034,0.0153,,New Zealand Transport Agency & KiwiRail Project Emissions Estimation Tool (PEET) Version 6.0
New Zealand,Pipe Network,PE Pipes,75 mm,1,m,,0.0045,0.0166,,New Zealand Transport Agency & KiwiRail Project Emissions Estimation Tool (PEET) Version 6.0
New Zealand,Pipe Network,PE Pipes,90 mm,1,m,,0.0061,0.0182,,New Zealand Transport Agency & KiwiRail Project Emissions Estimation Tool (PEET) Version 6.0
New Zealand,Pipe Network,PE Pipes,110 mm,1,m,,0.0088,0.0205,,New Zealand Transport Agency & KiwiRail Project Emissions Estimation Tool (PEET) Version 6.0
New Zealand,Pipe Network,PE Pipes,125 mm,1,m,,0.0111,0.0222,,New Zealand Transport Agency & KiwiRail Project Emissions Estimation Tool (PEET) Version 6.0
New Zealand,Pipe Network,PE Pipes,140 mm,1,m,,0.0137,0.0239,,New Zealand Transport Agency & KiwiRail Project Emissions Estimation Tool (PEET) Version 6.0
New Zealand,Pipe Network,PE Pipes,160 mm,1,m,,0.0186,0.0437,,New Zealand Transport Agency & KiwiRail Project Emissions Estimation Tool (PEET) Version 6.0
New Zealand,Pipe Network,PE Pipes,180 mm,1,m,,0.0231,0.0471,,New Zealand Transport Agency & KiwiRail Project Emissions Estimation Tool (PEET) Version 6.0
New Zealand,Pipe Network,PE Pipes,200 mm,1,m,,0.0279,0.0505,,New Zealand Transport Agency & KiwiRail Project Emissions Estimation Tool (PEET) Version 6.0
New Zealand,Pipe Network,PE Pipes,225 mm,1,m,,0.0350,0.0549,,New Zealand Transport Agency & KiwiRail Project Emissions Estimation Tool (PEET) Version 6.0
New Zealand,Pipe Network,PE Pipes,250 mm,1,m,,0.0426,0.0593,,New Zealand Transport Agency & KiwiRail Project Emissions Estimation Tool (PEET) Version 6.0
New Zealand,Pipe Network,PE Pipes,280 mm,1,m,,0.0528,0.0648,,New Zealand Transport Agency & KiwiRail Project Emissions Estimation Tool (PEET) Version 6.0
New Zealand,Pipe Network,PE Pipes,315 mm,1,m,,0.0672,0.0858,,New Zealand Transport Agency & KiwiRail Project Emissions Estimation Tool (PEET) Version 6.0
New Zealand,Pipe Network,PE Pipes,355 mm,1,m,,0.0843,0.0946,,New Zealand Transport Agency & KiwiRail Project Emissions Estimation Tool (PEET) Version 6.0
New Zealand,Pipe Network,PE Pipes,400 mm,1,m,,0.1061,0.1048,,New Zealand Transport Agency & KiwiRail Project Emissions Estimation Tool (PEET) Version 6.0
New Zealand,Pipe Network,PE Pipes,450 mm,1,m,,0.1335,0.1164,,New Zealand Transport Agency & KiwiRail Project Emissions Estimation Tool (PEET) Version 6.0
New Zealand,Pipe Network,PE Pipes,500 mm,1,m,,0.1668,0.1810,,New Zealand Transport Agency & KiwiRail Project Emissions Estimation Tool (PEET) Version 6.0
New Zealand,Pipe Network,PE Pipes,560 mm,1,m,,0.2077,0.1998,,New Zealand Transport Agency & KiwiRail Project Emissions Estimation Tool (PEET) Version 6.0
New Zealand,Pipe Network,PE Pipes,630 mm,1,m,,0.2608,0.2225,,New Zealand Transport Agency & KiwiRail Project Emissions Estimation Tool (PEET) Version 6.0
New Zealand,Pipe Network,PE Pipes,710 mm,1,m,,0.3295,0.2494,,New Zealand Transport Agency & KiwiRail Project Emissions Estimation Tool (PEET) Version 6.0
New Zealand,Pipe Network,RCRRJ Class 4,225 mm,1,m,,0.0324,0.0745,,New Zealand Transport Agency & KiwiRail Project Emissions Estimation Tool (PEET) Version 6.0
New Zealand,Pipe Network,RCRRJ Class 4,300 mm,1,m,,0.0441,0.0928,,New Zealand Transport Agency & KiwiRail Project Emissions Estimation Tool (PEET) Version 6.0
New Zealand,Pipe Network,RCRRJ Class 4,375 mm,1,m,,0.0544,0.1115,,New Zealand Transport Agency & KiwiRail Project Emissions Estimation Tool (PEET) Version 6.0
New Zealand,Pipe Network,RCRRJ Class 4,450 mm,1,m,,0.0785,0.1346,,New Zealand Transport Agency & KiwiRail Project Emissions Estimation Tool (PEET) Version 6.0
New Zealand,Pipe Network,RCRRJ Class 4,525 mm,1,m,,0.0973,0.1572,,New Zealand Transport Agency & KiwiRail Project Emissions Estimation Tool (PEET) Version 6.0
New Zealand,Pipe Network,RCRRJ Class 4,600 mm,1,m,,0.1217,0.1821,,New Zealand Transport Agency & KiwiRail Project Emissions Estimation Tool (PEET) Version 6.0
New Zealand,Pipe Network,RCRRJ Class 4,675 mm,1,m,,0.1426,0.2068,,New Zealand Transport Agency & KiwiRail Project Emissions Estimation Tool (PEET) Version 6.0
New Zealand,Pipe Network,RCRRJ Class 4,750 mm,1,m,,0.1724,0.2375,,New Zealand Transport Agency & KiwiRail Project Emissions Estimation Tool (PEET) Version 6.0
New Zealand,Pipe Network,RCRRJ Class 4,900 mm,1,m,,0.2492,0.2730,,New Zealand Transport Agency & KiwiRail Project Emissions Estimation Tool (PEET) Version 6.0
New Zealand,Pipe Network,RCRRJ Class 4,1050 mm,1,m,,0.3465,0.3690,,New Zealand Transport Agency & KiwiRail Project Emissions Estimation Tool (PEET) Version 6.0
New Zealand,Pipe Network,RCRRJ Class 4,1200 mm,1,m,,0.3978,0.4008,,New Zealand Transport Agency & KiwiRail Project Emissions Estimation Tool (PEET) Version 6.0
New Zealand,Pipe Network,RCRRJ Class 4,1350 mm,1,m,,0.4437,0.4452,,New Zealand Transport Agency & KiwiRail Project Emissions Estimation Tool (PEET) Version 6.0
New Zealand,Safety Barriers and Fencing,Barriers,Steel wire rope (4 no.) safety barrier,1,m,,0.0784,0.0013,,New Zealand Transport Agency & KiwiRail Project Emissions Estimation Tool (PEET) Version 6.0
New Zealand,Safety Barriers and Fencing,Barriers,W beam barrier,1,m,,0.1742,0.0029,,New Zealand Transport Agency & KiwiRail Project Emissions Estimation Tool (PEET) Version 6.0
New Zealand,Safety Barriers and Fencing,Barriers,F Shaped concrete barrier,1,m,,0.9749,0.0106,,New Zealand Transport Agency & KiwiRail Project Emissions Estimation Tool (PEET) Version 6.0
New Zealand,Safety Barriers and Fencing,Fences and Walls,Silt Fence,1,m,,0.0082,0.0001,,New Zealand Transport Agency & KiwiRail Project Emissions Estimation Tool (PEET) Version 6.0
New Zealand,Safety Barriers and Fencing,Fences and Walls,Noise Wall,1,m,,0.3000,0.0102,,New Zealand Transport Agency & KiwiRail Project Emissions Estimation Tool (PEET) Version 6.0
New Zealand,Safety Barriers and Fencing,Fences and Walls,Chain-Link Fence,1,m,,0.0352,0.0070,,New Zealand Transport Agency & KiwiRail Project Emissions Estimation Tool (PEET) Version 6.0
New Zealand,Safety Barriers and Fencing,Fences and Walls,Steel Wire Fence,1,m,,0.0556,0.0027,,New Zealand Transport Agency & KiwiRail Project Emissions Estimation Tool (PEET) Version 6.0
New Zealand,Safety Barriers and Fencing,Fences and Walls,Timber Post and Rail Fence,1,m,,0.0265,0.0141,,New Zealand Transport Agency & KiwiRail Project Emissions Estimation Tool (PEET) Version 6.0
New Zealand,Safety Barriers and Fencing,Fences and Walls,Post and Wire Fence,1,m,,0.0027,0.0005,,New Zealand Transport Agency & KiwiRail Project Emissions Estimation Tool (PEET) Version 6.0
New Zealand,Safety Barriers and Fencing,Fences and Walls,Wire and Batten Fence,1,m,,0.0028,0.0006,,New Zealand Transport Agency & KiwiRail Project Emissions Estimation Tool (PEET) Version 6.0
New Zealand,Signage,Posts ,Single Post (Aluminium),1,each,,0.1879,0.0152,,New Zealand Transport Agency & KiwiRail Project Emissions Estimation Tool (PEET) Version 6.0
New Zealand,Signage,Posts ,Single Post (Galvanised Steel),1,each,,0.1431,0.0126,,New Zealand Transport Agency & KiwiRail Project Emissions Estimation Tool (PEET) Version 6.0
New Zealand,Signage,Signs,Small Sign (1m2 Max),1,each,,0.0457,0.0002,,New Zealand Transport Agency & KiwiRail Project Emissions Estimation Tool (PEET) Version 6.0
New Zealand,Signage,Signs,Medium Type 1 Sign (6.25m2 Max),1,each,,1.5384,0.1239,,New Zealand Transport Agency & KiwiRail Project Emissions Estimation Tool (PEET) Version 6.0
New Zealand,Signage,Signs,LargeType 2 Sign (9.5m2 Max),1,each,,1.9646,0.1360,,New Zealand Transport Agency & KiwiRail Project Emissions Estimation Tool (PEET) Version 6.0
New Zealand,Signage,Gantries,Single Gantries,1,each,,14.1439,1.1208,,New Zealand Transport Agency & KiwiRail Project Emissions Estimation Tool (PEET) Version 6.0
New Zealand,Signage,Gantries,Double Gantries ,1,each,,27.3498,2.2270,,New Zealand Transport Agency & KiwiRail Project Emissions Estimation Tool (PEET) Version 6.0
New Zealand,Signage,Local Streets,Local Streets per km estimate,1,km,,7.5506,0.4817,,New Zealand Transport Agency & KiwiRail Project Emissions Estimation Tool (PEET) Version 6.0
New Zealand,Signage,Urban Infrastructure,Urban Connectors per km estimate,1,km,,8.6779,0.5488,,New Zealand Transport Agency & KiwiRail Project Emissions Estimation Tool (PEET) Version 6.0
New Zealand,Signage,Urban Infrastructure,Urban State Highway per km estimate,1,km,,29.1745,2.2403,,New Zealand Transport Agency & KiwiRail Project Emissions Estimation Tool (PEET) Version 6.0
New Zealand,Signage,Urban Infrastructure,Urban Motorway per km estimate,1,km,,92.6238,7.3718,,New Zealand Transport Agency & KiwiRail Project Emissions Estimation Tool (PEET) Version 6.0
New Zealand,Street Furniture,Shelters,Large 1500 Bus Shelter,1,each,,24.3320,2.0509,,New Zealand Transport Agency & KiwiRail Project Emissions Estimation Tool (PEET) Version 6.0
New Zealand,Street Furniture,Shelters,Intermediate 1500 Bus Shelter,1,each,,12.1660,1.0255,,New Zealand Transport Agency & KiwiRail Project Emissions Estimation Tool (PEET) Version 6.0
New Zealand,Street Furniture,Shelters,Minor 1500 Bus Shelter,1,each,,6.3784,0.5929,,New Zealand Transport Agency & KiwiRail Project Emissions Estimation Tool (PEET) Version 6.0
New Zealand,Street Furniture,Seating and Benches,Timber Seat,1,each,,0.1265,0.0037,,New Zealand Transport Agency & KiwiRail Project Emissions Estimation Tool (PEET) Version 6.0
New Zealand,Street Furniture,Cycle Stand,Cycle Stand,1,each,,0.0230,0.0004,,New Zealand Transport Agency & KiwiRail Project Emissions Estimation Tool (PEET) Version 6.0
New Zealand,Street Furniture,Bins,Steel Tilt Bin ,1,each,,0.1379,0.0023,,New Zealand Transport Agency & KiwiRail Project Emissions Estimation Tool (PEET) Version 6.0
New Zealand,Street Furniture,Seating and Benches,Concrete and Timber Bench,1,each,,0.4405,0.0868,,New Zealand Transport Agency & KiwiRail Project Emissions Estimation Tool (PEET) Version 6.0
New Zealand,Street Furniture,Bollards,Steel Bollard,1,each,,0.0552,0.0009,,New Zealand Transport Agency & KiwiRail Project Emissions Estimation Tool (PEET) Version 6.0
New Zealand,Utilities,Cables,Fibre Optic Cable,1,m,,0.0003,0.0000,,New Zealand Transport Agency & KiwiRail Project Emissions Estimation Tool (PEET) Version 6.0
New Zealand,Utilities,Cables,ITS Cable,1,m,,0.0003,0.0000,,New Zealand Transport Agency & KiwiRail Project Emissions Estimation Tool (PEET) Version 6.0
New Zealand,Utilities,Cables,400V Power Cable ,1,m,,0.0160,0.0006,,New Zealand Transport Agency & KiwiRail Project Emissions Estimation Tool (PEET) Version 6.0
New Zealand,Utilities,Cables,11kV Power Cable,1,m,,0.0285,0.0005,,New Zealand Transport Agency & KiwiRail Project Emissions Estimation Tool (PEET) Version 6.0
New Zealand,Utilities,Cables,22kV Power Cable,1,m,,0.0285,0.0005,,New Zealand Transport Agency & KiwiRail Project Emissions Estimation Tool (PEET) Version 6.0
New Zealand,Utilities,Cables,Low Voltage Cable,1,m,,0.0121,0.0002,,New Zealand Transport Agency & KiwiRail Project Emissions Estimation Tool (PEET) Version 6.0
New Zealand,Utilities,Cables,Vodafone Cable,1,m,,0.0009,0.0000,,New Zealand Transport Agency & KiwiRail Project Emissions Estimation Tool (PEET) Version 6.0
New Zealand,Utilities,Cables,Chorus Cable,1,m,,0.0009,0.0000,,New Zealand Transport Agency & KiwiRail Project Emissions Estimation Tool (PEET) Version 6.0
New Zealand,Utilities,Cables,Communications Cable,1,m,,0.0009,0.0000,,New Zealand Transport Agency & KiwiRail Project Emissions Estimation Tool (PEET) Version 6.0
New Zealand,Utilities,Ducts,"Assume 100mm PE, 7mm thickness",1,m,,0.0065,0.0002,,New Zealand Transport Agency & KiwiRail Project Emissions Estimation Tool (PEET) Version 6.0
New Zealand,Utilities,Ducts,"Assume 150mm PE, 7mm thickness",1,m,,0.0095,0.0004,,New Zealand Transport Agency & KiwiRail Project Emissions Estimation Tool (PEET) Version 6.0
New Zealand,Utilities,Ducts,"Assume 100mm PVC, 3mm thickness",1,m,,0.0041,0.0002,,New Zealand Transport Agency & KiwiRail Project Emissions Estimation Tool (PEET) Version 6.0
New Zealand,Utilities,Ducts,"Assume 150mm PVC, 3mm thickness",1,m,,0.0060,0.0002,,New Zealand Transport Agency & KiwiRail Project Emissions Estimation Tool (PEET) Version 6.0
New Zealand,Utilities,Ducts,"Assume 100mm PVC, 5mm thickness",1,m,,0.0069,0.0003,,New Zealand Transport Agency & KiwiRail Project Emissions Estimation Tool (PEET) Version 6.0
New Zealand,Utilities,Ducts,"Assume 150mm PVC, 5mm thickness",1,m,,0.0102,0.0004,,New Zealand Transport Agency & KiwiRail Project Emissions Estimation Tool (PEET) Version 6.0
New Zealand,Ground Improvements,Aggregate,Aggregate,1,m3,,0.0122,0.0124,,New Zealand Transport Agency & KiwiRail Project Emissions Estimation Tool (PEET) Version 6.0
New Zealand,Ground Improvements,RipRap,RipRap,1,m3,,0.0070,0.0092,,New Zealand Transport Agency & KiwiRail Project Emissions Estimation Tool (PEET) Version 6.0
New Zealand,Ground Improvements,Topsoil,Topsoil,1,m3,,0.0066,0.0086,,New Zealand Transport Agency & KiwiRail Project Emissions Estimation Tool (PEET) Version 6.0
New Zealand,Ground Improvements,Geotextile,Geotextile,1,m2,-   ,0.0013,0.0000,,New Zealand Transport Agency & KiwiRail Project Emissions Estimation Tool (PEET) Version 6.0
New Zealand,Ground Improvements,Geogrid,Geogrid,1,m2,-   ,0.0022,0.0001,,New Zealand Transport Agency & KiwiRail Project Emissions Estimation Tool (PEET) Version 6.0
New Zealand,Road Marking,Painting,General,1,m2,,0.0000,0.0000,,New Zealand Transport Agency & KiwiRail Project Emissions Estimation Tool (PEET) Version 6.0
New Zealand,Road Marking,Painting,100mm Line,1,m,,0.0000,0.0000,,New Zealand Transport Agency & KiwiRail Project Emissions Estimation Tool (PEET) Version 6.0
New Zealand,Road Marking,Painting,300mm Line,1,m,,0.0000,0.0000,,New Zealand Transport Agency & KiwiRail Project Emissions Estimation Tool (PEET) Version 6.0
New Zealand,Road Marking,Painting,Small Symbol e.g. cycle symbol,1,each,,0.0000,0.0000,,New Zealand Transport Agency & KiwiRail Project Emissions Estimation Tool (PEET) Version 6.0
New Zealand,Road Marking,Painting,Medium Symbol e.g. arrows,1,each,,0.0000,0.0000,,New Zealand Transport Agency & KiwiRail Project Emissions Estimation Tool (PEET) Version 6.0
New Zealand,Road Marking,Painting,Large Symbol e.g. give way or letters,1,each,,0.0000,0.0000,,New Zealand Transport Agency & KiwiRail Project Emissions Estimation Tool (PEET) Version 6.0
New Zealand,Traffic Signals,Signal frames,Traffic Signal (standard) ,1,each,,0.4800,0.1281,,New Zealand Transport Agency & KiwiRail Project Emissions Estimation Tool (PEET) Version 6.0
New Zealand,Traffic Signals,Signal frames,Traffic Signal (JUMA) ,1,each,,0.6236,0.1315,,New Zealand Transport Agency & KiwiRail Project Emissions Estimation Tool (PEET) Version 6.0
New Zealand,Traffic Signals,Signal frames,Traffic Signal (JUSP) (12m),1,each,,0.9745,0.1288,,New Zealand Transport Agency & KiwiRail Project Emissions Estimation Tool (PEET) Version 6.0
New Zealand,Traffic Signals,Lanterns,1 Aspect,1,each,,0.0434,0.0003,,New Zealand Transport Agency & KiwiRail Project Emissions Estimation Tool (PEET) Version 6.0
New Zealand,Traffic Signals,Lanterns,2 Aspect,1,each,,0.0753,0.0006,,New Zealand Transport Agency & KiwiRail Project Emissions Estimation Tool (PEET) Version 6.0
New Zealand,Traffic Signals,Lanterns,3 Aspect,1,each,,0.0956,0.0007,,New Zealand Transport Agency & KiwiRail Project Emissions Estimation Tool (PEET) Version 6.0
New Zealand,Traffic Signals,Lanterns,4 Aspect,1,each,,0.1158,0.0009,,New Zealand Transport Agency & KiwiRail Project Emissions Estimation Tool (PEET) Version 6.0
New Zealand,Traffic Signals,Lanterns,5 Aspect ,1,each,,0.1361,0.0010,,New Zealand Transport Agency & KiwiRail Project Emissions Estimation Tool (PEET) Version 6.0
New Zealand,Traffic Signals,Lanterns,6 Aspect,1,each,,0.1564,0.0012,,New Zealand Transport Agency & KiwiRail Project Emissions Estimation Tool (PEET) Version 6.0
New Zealand,Rails and Formation,Rails,Standard Rail,1,m,,0.4314,0.7658,,New Zealand Transport Agency & KiwiRail Project Emissions Estimation Tool (PEET) Version 6.0
New Zealand,Rails and Formation,Rails,Double Rail,1,m,,0.8486,1.3526,,New Zealand Transport Agency & KiwiRail Project Emissions Estimation Tool (PEET) Version 6.0
New Zealand,Rails and Formation,Sleepers,Concrete Sleepers,1,m,,0.1013,0.0023,,New Zealand Transport Agency & KiwiRail Project Emissions Estimation Tool (PEET) Version 6.0
New Zealand,Rails and Formation,Sleepers,Composite Sleepers - KLP Type 201,1,m,,0.0594,0.0001,,New Zealand Transport Agency & KiwiRail Project Emissions Estimation Tool (PEET) Version 6.0
New Zealand,Rails and Formation,Sleepers,Wooden Sleepers (2.1m),1,m,,0.1277,0.0159,,New Zealand Transport Agency & KiwiRail Project Emissions Estimation Tool (PEET) Version 6.0
New Zealand,Rails and Formation,Sleepers,Wooden Sleepers (2.4m),1,m,,0.1457,0.0187,,New Zealand Transport Agency & KiwiRail Project Emissions Estimation Tool (PEET) Version 6.0
New Zealand,Rail overhead lines,Concrete Components,Concrete Posts,1,No,,4.3446,0.1054,,New Zealand Transport Agency & KiwiRail Project Emissions Estimation Tool (PEET) Version 6.0
New Zealand,Rail overhead lines,Posts ,Steel Posts - 250 UC,1,each,,1.7118,0.3269,,New Zealand Transport Agency & KiwiRail Project Emissions Estimation Tool (PEET) Version 6.0
New Zealand,Rail overhead lines,Posts ,Steel Posts - 310 UC,1,each,,2.7070,0.5383,,New Zealand Transport Agency & KiwiRail Project Emissions Estimation Tool (PEET) Version 6.0
New Zealand,Rail overhead lines,Gantries,Steel Gantry Option,1,each,,7.3676,1.7668,,New Zealand Transport Agency & KiwiRail Project Emissions Estimation Tool (PEET) Version 6.0
New Zealand,Rail overhead lines,Overhead lines,Catenary Wires,1,m,,0.0008,0.0000,,New Zealand Transport Agency & KiwiRail Project Emissions Estimation Tool (PEET) Version 6.0
New Zealand,Rail Drainage,Drainage,Standard Cess Drain (assumed 2 sides),1,m,,0.0182,0.0009,,New Zealand Transport Agency & KiwiRail Project Emissions Estimation Tool (PEET) Version 6.0
New Zealand,Rail Drainage,Class 6 Culverts,600 mm,1,m,,0.1369,0.0041,,New Zealand Transport Agency & KiwiRail Project Emissions Estimation Tool (PEET) Version 6.0
New Zealand,Rail Drainage,Class 6 Culverts,675 mm,1,m,,0.1554,0.0049,,New Zealand Transport Agency & KiwiRail Project Emissions Estimation Tool (PEET) Version 6.0
New Zealand,Rail Drainage,Class 6 Culverts,750 mm,1,m,,0.1765,0.0055,,New Zealand Transport Agency & KiwiRail Project Emissions Estimation Tool (PEET) Version 6.0
New Zealand,Rail Drainage,Class 6 Culverts,825 mm,1,m,,0.2053,0.0061,,New Zealand Transport Agency & KiwiRail Project Emissions Estimation Tool (PEET) Version 6.0
New Zealand,Rail Drainage,Class 6 Culverts,900 mm,1,m,,0.2443,0.0076,,New Zealand Transport Agency & KiwiRail Project Emissions Estimation Tool (PEET) Version 6.0
New Zealand,Rail Drainage,Class 6 Culverts,1000 mm,1,m,,0.2816,0.0091,,New Zealand Transport Agency & KiwiRail Project Emissions Estimation Tool (PEET) Version 6.0
New Zealand,Rail Drainage,Class 6 Culverts,1050 mm,1,m,,0.3084,0.0095,,New Zealand Transport Agency & KiwiRail Project Emissions Estimation Tool (PEET) Version 6.0
New Zealand,Rail Drainage,Class 6 Culverts,1200 mm,1,m,,0.3672,0.0114,,New Zealand Transport Agency & KiwiRail Project Emissions Estimation Tool (PEET) Version 6.0
New Zealand,Rail Drainage,Class 6 Culverts,1350 mm,1,m,,0.4190,0.0122,,New Zealand Transport Agency & KiwiRail Project Emissions Estimation Tool (PEET) Version 6.0
New Zealand,Rail Drainage,Class 6 Culverts,1500 mm,1,m,,0.4819,0.0152,,New Zealand Transport Agency & KiwiRail Project Emissions Estimation Tool (PEET) Version 6.0
New Zealand,Rail Drainage,Class 6 Culverts,1600 mm,1,m,,0.5528,0.0172,,New Zealand Transport Agency & KiwiRail Project Emissions Estimation Tool (PEET) Version 6.0
New Zealand,Rail Drainage,Class 6 Culverts,1650 mm,1,m,,0.5870,0.0171,,New Zealand Transport Agency & KiwiRail Project Emissions Estimation Tool (PEET) Version 6.0
New Zealand,Rail Drainage,Class 6 Culverts,1800 mm,1,m,,0.7899,0.0261,,New Zealand Transport Agency & KiwiRail Project Emissions Estimation Tool (PEET) Version 6.0
New Zealand,Rail Drainage,Class 8 Culverts,600 mm,1,m,,0.1417,0.0041,,New Zealand Transport Agency & KiwiRail Project Emissions Estimation Tool (PEET) Version 6.0
New Zealand,Rail Drainage,Class 8 Culverts,675 mm,1,m,,0.1605,0.0049,,New Zealand Transport Agency & KiwiRail Project Emissions Estimation Tool (PEET) Version 6.0
New Zealand,Rail Drainage,Class 8 Culverts,750 mm,1,m,,0.1827,0.0055,,New Zealand Transport Agency & KiwiRail Project Emissions Estimation Tool (PEET) Version 6.0
New Zealand,Rail Drainage,Class 8 Culverts,825 mm,1,m,,0.2133,0.0062,,New Zealand Transport Agency & KiwiRail Project Emissions Estimation Tool (PEET) Version 6.0
New Zealand,Rail Drainage,Class 8 Culverts,900 mm,1,m,,0.2592,0.0080,,New Zealand Transport Agency & KiwiRail Project Emissions Estimation Tool (PEET) Version 6.0
New Zealand,Rail Drainage,Class 8 Culverts,1050 mm,1,m,,0.3226,0.0095,,New Zealand Transport Agency & KiwiRail Project Emissions Estimation Tool (PEET) Version 6.0
New Zealand,Rail Drainage,Class 8 Culverts,1200 mm,1,m,,0.4195,0.0130,,New Zealand Transport Agency & KiwiRail Project Emissions Estimation Tool (PEET) Version 6.0
New Zealand,Rail Drainage,Class 8 Culverts,1350 mm,1,m,,0.4407,0.0123,,New Zealand Transport Agency & KiwiRail Project Emissions Estimation Tool (PEET) Version 6.0
New Zealand,Rail Drainage,Class 8 Culverts,1600 mm,1,m,,0.5985,0.0189,,New Zealand Transport Agency & KiwiRail Project Emissions Estimation Tool (PEET) Version 6.0
New Zealand,Rail Drainage,Class 8 Culverts,1800 mm,1,m,,0.8185,0.0262,,New Zealand Transport Agency & KiwiRail Project Emissions Estimation Tool (PEET) Version 6.0
New Zealand,Rail Drainage,Drainage,Subsoil Drain (assumed both sides),1,m,,0.1073,0.0095,,New Zealand Transport Agency & KiwiRail Project Emissions Estimation Tool (PEET) Version 6.0
New Zealand,Rail Structures,Rail Bridge,Abutment,1,each,,592.0896,6.1853,,New Zealand Transport Agency & KiwiRail Project Emissions Estimation Tool (PEET) Version 6.0
New Zealand,Rail Structures,Rail Bridge,Bridge Deck,1,m,,12.1610,0.0751,,New Zealand Transport Agency & KiwiRail Project Emissions Estimation Tool (PEET) Version 6.0
New Zealand,Rail Structures,Rail Bridge,Bridge Pier,1,each,,263.7550,2.0034,,New Zealand Transport Agency & KiwiRail Project Emissions Estimation Tool (PEET) Version 6.0
New Zealand,Rail Structures,Concrete Components,Precast Concrete Culvert (3m x 3m),1,m,,6.3827,0.1281,,New Zealand Transport Agency & KiwiRail Project Emissions Estimation Tool (PEET) Version 6.0
New Zealand,Rail Structures,Concrete Components,Wingwall and Apron,1,each,,120.9264,0.7122,,New Zealand Transport Agency & KiwiRail Project Emissions Estimation Tool (PEET) Version 6.0
New Zealand,Intersections,Minor Roundabout (inc. Road areas),"One lane roundabout with raised bed, basecourse, concrete slab, mountable kerb and splitter islands",1,each,,65.7679,5.5724,,New Zealand Transport Agency & KiwiRail Project Emissions Estimation Tool (PEET) Version 6.0
New Zealand,Intersections,Medium Roundabout (inc. Road areas),"Two lane roundabout with raised bed, basecourse, concrete slab, mountable kerb and splitter islands",1,each,,226.6940,16.2430,,New Zealand Transport Agency & KiwiRail Project Emissions Estimation Tool (PEET) Version 6.0
New Zealand,Intersections,Major Roundabout (exc. Road areas),"Two lane roundabout with raised bed, basecourse, concrete slab, mountable kerb and splitter islands",1,each,,336.0526,30.4736,,New Zealand Transport Agency & KiwiRail Project Emissions Estimation Tool (PEET) Version 6.0
