Jurisdiction,Postal code,Final CMRT Area,Remoteness area,% inclusion,ALL areas
Australia,0800,Regional,Outer Regional Australia,100,Outer Regional Australia
Australia,0810,Regional,Outer Regional Australia,100,Outer Regional Australia
Australia,0812,Regional,Outer Regional Australia,100,Outer Regional Australia
Australia,0820,Regional,Outer Regional Australia,100,Outer Regional Australia
Australia,0822,Remote,Very Remote Australia,69.72802885,"Outer Regional Australia,Remote Australia,Very Remote Australia"
Australia,0828,Regional,Outer Regional Australia,100,Outer Regional Australia
Australia,0829,Regional,Outer Regional Australia,100,Outer Regional Australia
Australia,0830,Regional,Outer Regional Australia,100,Outer Regional Australia
Australia,0832,Regional,Outer Regional Australia,100,Outer Regional Australia
Australia,0834,Regional,Outer Regional Australia,100,Outer Regional Australia
Australia,0835,Regional,Outer Regional Australia,100,Outer Regional Australia
Australia,0836,Regional,Outer Regional Australia,100,Outer Regional Australia
Australia,0837,Regional,Outer Regional Australia,100,"Outer Regional Australia,Remote Australia"
Australia,0838,Regional,Outer Regional Australia,100,Outer Regional Australia
Australia,0839,Regional,Outer Regional Australia,100,Outer Regional Australia
Australia,0840,Remote,Remote Australia,100,Remote Australia
Australia,0841,Regional,Outer Regional Australia,100,"Outer Regional Australia,Remote Australia"
Australia,0845,Remote,Remote Australia,100,Remote Australia
Australia,0846,Remote,Remote Australia,100,Remote Australia
Australia,0847,Remote,Remote Australia,100,Remote Australia
Australia,0850,Remote,Remote Australia,100,"Remote Australia,Very Remote Australia"
Australia,0852,Remote,Very Remote Australia,98.36279115,"Remote Australia,Very Remote Australia"
Australia,0853,Remote,Remote Australia,100,Remote Australia
Australia,0854,Remote,Very Remote Australia,100,Very Remote Australia
Australia,0860,Remote,Very Remote Australia,100,Very Remote Australia
Australia,0862,Remote,Very Remote Australia,100,Very Remote Australia
Australia,0870,Remote,Remote Australia,100,Remote Australia
Australia,0872,Remote,Very Remote Australia,95.6855924,"Remote Australia,Very Remote Australia"
Australia,0873,Remote,Remote Australia,100,Remote Australia
Australia,0874,Remote,Remote Australia,100,Remote Australia
Australia,0875,Remote,Remote Australia,100,Remote Australia
Australia,0880,Remote,Very Remote Australia,100,Very Remote Australia
Australia,0885,Remote,Very Remote Australia,100,Very Remote Australia
Australia,0886,Remote,Remote Australia,100,Remote Australia
Australia,2000,Metropolitan,Major Cities of Australia,100,Major Cities of Australia
Australia,2007,Metropolitan,Major Cities of Australia,100,Major Cities of Australia
Australia,2008,Metropolitan,Major Cities of Australia,100,Major Cities of Australia
Australia,2009,Metropolitan,Major Cities of Australia,100,Major Cities of Australia
Australia,2010,Metropolitan,Major Cities of Australia,100,Major Cities of Australia
Australia,2011,Metropolitan,Major Cities of Australia,100,Major Cities of Australia
Australia,2015,Metropolitan,Major Cities of Australia,100,Major Cities of Australia
Australia,2016,Metropolitan,Major Cities of Australia,100,Major Cities of Australia
Australia,2017,Metropolitan,Major Cities of Australia,100,Major Cities of Australia
Australia,2018,Metropolitan,Major Cities of Australia,100,Major Cities of Australia
Australia,2019,Metropolitan,Major Cities of Australia,100,Major Cities of Australia
Australia,2020,Metropolitan,Major Cities of Australia,100,Major Cities of Australia
Australia,2021,Metropolitan,Major Cities of Australia,100,Major Cities of Australia
Australia,2022,Metropolitan,Major Cities of Australia,100,Major Cities of Australia
Australia,2023,Metropolitan,Major Cities of Australia,100,Major Cities of Australia
Australia,2024,Metropolitan,Major Cities of Australia,100,Major Cities of Australia
Australia,2025,Metropolitan,Major Cities of Australia,100,Major Cities of Australia
Australia,2026,Metropolitan,Major Cities of Australia,100,Major Cities of Australia
Australia,2027,Metropolitan,Major Cities of Australia,100,Major Cities of Australia
Australia,2028,Metropolitan,Major Cities of Australia,100,Major Cities of Australia
Australia,2029,Metropolitan,Major Cities of Australia,100,Major Cities of Australia
Australia,2030,Metropolitan,Major Cities of Australia,100,Major Cities of Australia
Australia,2031,Metropolitan,Major Cities of Australia,100,Major Cities of Australia
Australia,2032,Metropolitan,Major Cities of Australia,100,Major Cities of Australia
Australia,2033,Metropolitan,Major Cities of Australia,100,Major Cities of Australia
Australia,2034,Metropolitan,Major Cities of Australia,100,Major Cities of Australia
Australia,2035,Metropolitan,Major Cities of Australia,100,Major Cities of Australia
Australia,2036,Metropolitan,Major Cities of Australia,100,Major Cities of Australia
Australia,2037,Metropolitan,Major Cities of Australia,100,Major Cities of Australia
Australia,2038,Metropolitan,Major Cities of Australia,100,Major Cities of Australia
Australia,2039,Metropolitan,Major Cities of Australia,100,Major Cities of Australia
Australia,2040,Metropolitan,Major Cities of Australia,100,Major Cities of Australia
Australia,2041,Metropolitan,Major Cities of Australia,100,Major Cities of Australia
Australia,2042,Metropolitan,Major Cities of Australia,100,Major Cities of Australia
Australia,2043,Metropolitan,Major Cities of Australia,100,Major Cities of Australia
Australia,2044,Metropolitan,Major Cities of Australia,100,Major Cities of Australia
Australia,2045,Metropolitan,Major Cities of Australia,100,Major Cities of Australia
Australia,2046,Metropolitan,Major Cities of Australia,100,Major Cities of Australia
Australia,2047,Metropolitan,Major Cities of Australia,100,Major Cities of Australia
Australia,2048,Metropolitan,Major Cities of Australia,100,Major Cities of Australia
Australia,2049,Metropolitan,Major Cities of Australia,100,Major Cities of Australia
Australia,2050,Metropolitan,Major Cities of Australia,100,Major Cities of Australia
Australia,2060,Metropolitan,Major Cities of Australia,100,Major Cities of Australia
Australia,2061,Metropolitan,Major Cities of Australia,100,Major Cities of Australia
Australia,2062,Metropolitan,Major Cities of Australia,100,Major Cities of Australia
Australia,2063,Metropolitan,Major Cities of Australia,100,Major Cities of Australia
Australia,2064,Metropolitan,Major Cities of Australia,100,Major Cities of Australia
Australia,2065,Metropolitan,Major Cities of Australia,100,Major Cities of Australia
Australia,2066,Metropolitan,Major Cities of Australia,100,Major Cities of Australia
Australia,2067,Metropolitan,Major Cities of Australia,100,Major Cities of Australia
Australia,2068,Metropolitan,Major Cities of Australia,100,Major Cities of Australia
Australia,2069,Metropolitan,Major Cities of Australia,100,Major Cities of Australia
Australia,2070,Metropolitan,Major Cities of Australia,100,Major Cities of Australia
Australia,2071,Metropolitan,Major Cities of Australia,100,Major Cities of Australia
Australia,2072,Metropolitan,Major Cities of Australia,100,Major Cities of Australia
Australia,2073,Metropolitan,Major Cities of Australia,100,Major Cities of Australia
Australia,2074,Metropolitan,Major Cities of Australia,100,Major Cities of Australia
Australia,2075,Metropolitan,Major Cities of Australia,100,Major Cities of Australia
Australia,2076,Metropolitan,Major Cities of Australia,100,Major Cities of Australia
Australia,2077,Metropolitan,Major Cities of Australia,100,"Major Cities of Australia,Inner Regional Australia"
Australia,2079,Metropolitan,Major Cities of Australia,100,Major Cities of Australia
Australia,2080,Metropolitan,Major Cities of Australia,100,"Major Cities of Australia,Inner Regional Australia"
Australia,2081,Regional,Inner Regional Australia,89.14939998,"Major Cities of Australia,Inner Regional Australia"
Australia,2082,Regional,Inner Regional Australia,57.89763682,"Major Cities of Australia,Inner Regional Australia"
Australia,2083,Regional,Inner Regional Australia,100,Inner Regional Australia
Australia,2084,Metropolitan,Major Cities of Australia,58.64883498,"Major Cities of Australia,Inner Regional Australia"
Australia,2085,Metropolitan,Major Cities of Australia,100,Major Cities of Australia
Australia,2086,Metropolitan,Major Cities of Australia,100,Major Cities of Australia
Australia,2087,Metropolitan,Major Cities of Australia,100,Major Cities of Australia
Australia,2088,Metropolitan,Major Cities of Australia,100,Major Cities of Australia
Australia,2089,Metropolitan,Major Cities of Australia,100,Major Cities of Australia
Australia,2090,Metropolitan,Major Cities of Australia,100,Major Cities of Australia
Australia,2092,Metropolitan,Major Cities of Australia,100,Major Cities of Australia
Australia,2093,Metropolitan,Major Cities of Australia,100,Major Cities of Australia
Australia,2094,Metropolitan,Major Cities of Australia,100,Major Cities of Australia
Australia,2095,Metropolitan,Major Cities of Australia,100,Major Cities of Australia
Australia,2096,Metropolitan,Major Cities of Australia,100,Major Cities of Australia
Australia,2097,Metropolitan,Major Cities of Australia,100,Major Cities of Australia
Australia,2099,Metropolitan,Major Cities of Australia,100,Major Cities of Australia
Australia,2100,Metropolitan,Major Cities of Australia,100,Major Cities of Australia
Australia,2101,Metropolitan,Major Cities of Australia,100,Major Cities of Australia
Australia,2102,Metropolitan,Major Cities of Australia,100,Major Cities of Australia
Australia,2103,Metropolitan,Major Cities of Australia,100,Major Cities of Australia
Australia,2104,Metropolitan,Major Cities of Australia,100,Major Cities of Australia
Australia,2105,Metropolitan,Major Cities of Australia,57.90298868,"Major Cities of Australia,Inner Regional Australia"
Australia,2106,Metropolitan,Major Cities of Australia,100,Major Cities of Australia
Australia,2107,Metropolitan,Major Cities of Australia,100,Major Cities of Australia
Australia,2108,Metropolitan,Major Cities of Australia,91.94249719,"Major Cities of Australia,Inner Regional Australia"
Australia,2110,Metropolitan,Major Cities of Australia,100,Major Cities of Australia
Australia,2111,Metropolitan,Major Cities of Australia,100,Major Cities of Australia
Australia,2112,Metropolitan,Major Cities of Australia,100,Major Cities of Australia
Australia,2113,Metropolitan,Major Cities of Australia,100,Major Cities of Australia
Australia,2114,Metropolitan,Major Cities of Australia,100,Major Cities of Australia
Australia,2115,Metropolitan,Major Cities of Australia,100,Major Cities of Australia
Australia,2116,Metropolitan,Major Cities of Australia,100,Major Cities of Australia
Australia,2117,Metropolitan,Major Cities of Australia,100,Major Cities of Australia
Australia,2118,Metropolitan,Major Cities of Australia,100,Major Cities of Australia
Australia,2119,Metropolitan,Major Cities of Australia,100,Major Cities of Australia
Australia,2120,Metropolitan,Major Cities of Australia,100,Major Cities of Australia
Australia,2121,Metropolitan,Major Cities of Australia,100,Major Cities of Australia
Australia,2122,Metropolitan,Major Cities of Australia,100,Major Cities of Australia
Australia,2125,Metropolitan,Major Cities of Australia,100,Major Cities of Australia
Australia,2126,Metropolitan,Major Cities of Australia,100,Major Cities of Australia
Australia,2127,Metropolitan,Major Cities of Australia,100,Major Cities of Australia
Australia,2128,Metropolitan,Major Cities of Australia,100,Major Cities of Australia
Australia,2130,Metropolitan,Major Cities of Australia,100,Major Cities of Australia
Australia,2131,Metropolitan,Major Cities of Australia,100,Major Cities of Australia
Australia,2132,Metropolitan,Major Cities of Australia,100,Major Cities of Australia
Australia,2133,Metropolitan,Major Cities of Australia,100,Major Cities of Australia
Australia,2134,Metropolitan,Major Cities of Australia,100,Major Cities of Australia
Australia,2135,Metropolitan,Major Cities of Australia,100,Major Cities of Australia
Australia,2136,Metropolitan,Major Cities of Australia,100,Major Cities of Australia
Australia,2137,Metropolitan,Major Cities of Australia,100,Major Cities of Australia
Australia,2138,Metropolitan,Major Cities of Australia,100,Major Cities of Australia
Australia,2140,Metropolitan,Major Cities of Australia,100,Major Cities of Australia
Australia,2141,Metropolitan,Major Cities of Australia,100,Major Cities of Australia
Australia,2142,Metropolitan,Major Cities of Australia,100,Major Cities of Australia
Australia,2143,Metropolitan,Major Cities of Australia,100,Major Cities of Australia
Australia,2144,Metropolitan,Major Cities of Australia,100,Major Cities of Australia
Australia,2145,Metropolitan,Major Cities of Australia,100,Major Cities of Australia
Australia,2146,Metropolitan,Major Cities of Australia,100,Major Cities of Australia
Australia,2147,Metropolitan,Major Cities of Australia,100,Major Cities of Australia
Australia,2148,Metropolitan,Major Cities of Australia,100,Major Cities of Australia
Australia,2150,Metropolitan,Major Cities of Australia,100,Major Cities of Australia
Australia,2151,Metropolitan,Major Cities of Australia,100,Major Cities of Australia
Australia,2152,Metropolitan,Major Cities of Australia,100,Major Cities of Australia
Australia,2153,Metropolitan,Major Cities of Australia,100,Major Cities of Australia
Australia,2154,Metropolitan,Major Cities of Australia,100,Major Cities of Australia
Australia,2155,Metropolitan,Major Cities of Australia,100,Major Cities of Australia
Australia,2156,Metropolitan,Major Cities of Australia,84.10803995,"Major Cities of Australia,Inner Regional Australia"
Australia,2157,Regional,Inner Regional Australia,100,"Major Cities of Australia,Inner Regional Australia"
Australia,2158,Metropolitan,Major Cities of Australia,92.13290628,"Major Cities of Australia,Inner Regional Australia"
Australia,2159,Regional,Inner Regional Australia,81.4896163,"Major Cities of Australia,Inner Regional Australia"
Australia,2160,Metropolitan,Major Cities of Australia,100,Major Cities of Australia
Australia,2161,Metropolitan,Major Cities of Australia,100,Major Cities of Australia
Australia,2162,Metropolitan,Major Cities of Australia,100,Major Cities of Australia
Australia,2163,Metropolitan,Major Cities of Australia,100,Major Cities of Australia
Australia,2164,Metropolitan,Major Cities of Australia,100,Major Cities of Australia
Australia,2165,Metropolitan,Major Cities of Australia,100,Major Cities of Australia
Australia,2166,Metropolitan,Major Cities of Australia,100,Major Cities of Australia
Australia,2167,Metropolitan,Major Cities of Australia,100,Major Cities of Australia
Australia,2168,Metropolitan,Major Cities of Australia,100,Major Cities of Australia
Australia,2170,Metropolitan,Major Cities of Australia,100,Major Cities of Australia
Australia,2171,Metropolitan,Major Cities of Australia,100,Major Cities of Australia
Australia,2172,Metropolitan,Major Cities of Australia,100,Major Cities of Australia
Australia,2173,Regional,Inner Regional Australia,67.3651805,"Major Cities of Australia,Inner Regional Australia"
Australia,2174,Metropolitan,Major Cities of Australia,100,Major Cities of Australia
Australia,2175,Metropolitan,Major Cities of Australia,100,Major Cities of Australia
Australia,2176,Metropolitan,Major Cities of Australia,100,Major Cities of Australia
Australia,2177,Metropolitan,Major Cities of Australia,100,Major Cities of Australia
Australia,2178,Metropolitan,Major Cities of Australia,100,"Major Cities of Australia,Inner Regional Australia"
Australia,2179,Metropolitan,Major Cities of Australia,100,Major Cities of Australia
Australia,2190,Metropolitan,Major Cities of Australia,100,Major Cities of Australia
Australia,2191,Metropolitan,Major Cities of Australia,100,Major Cities of Australia
Australia,2192,Metropolitan,Major Cities of Australia,100,Major Cities of Australia
Australia,2193,Metropolitan,Major Cities of Australia,100,Major Cities of Australia
Australia,2194,Metropolitan,Major Cities of Australia,100,Major Cities of Australia
Australia,2195,Metropolitan,Major Cities of Australia,100,Major Cities of Australia
Australia,2196,Metropolitan,Major Cities of Australia,100,Major Cities of Australia
Australia,2197,Metropolitan,Major Cities of Australia,100,Major Cities of Australia
Australia,2198,Metropolitan,Major Cities of Australia,100,Major Cities of Australia
Australia,2199,Metropolitan,Major Cities of Australia,100,Major Cities of Australia
Australia,2200,Metropolitan,Major Cities of Australia,100,Major Cities of Australia
Australia,2203,Metropolitan,Major Cities of Australia,100,Major Cities of Australia
Australia,2204,Metropolitan,Major Cities of Australia,100,Major Cities of Australia
Australia,2205,Metropolitan,Major Cities of Australia,100,Major Cities of Australia
Australia,2206,Metropolitan,Major Cities of Australia,100,Major Cities of Australia
Australia,2207,Metropolitan,Major Cities of Australia,100,Major Cities of Australia
Australia,2208,Metropolitan,Major Cities of Australia,100,Major Cities of Australia
Australia,2209,Metropolitan,Major Cities of Australia,100,Major Cities of Australia
Australia,2210,Metropolitan,Major Cities of Australia,100,Major Cities of Australia
Australia,2211,Metropolitan,Major Cities of Australia,100,Major Cities of Australia
Australia,2212,Metropolitan,Major Cities of Australia,100,Major Cities of Australia
Australia,2213,Metropolitan,Major Cities of Australia,100,Major Cities of Australia
Australia,2214,Metropolitan,Major Cities of Australia,100,Major Cities of Australia
Australia,2216,Metropolitan,Major Cities of Australia,100,Major Cities of Australia
Australia,2217,Metropolitan,Major Cities of Australia,100,Major Cities of Australia
Australia,2218,Metropolitan,Major Cities of Australia,100,Major Cities of Australia
Australia,2219,Metropolitan,Major Cities of Australia,100,Major Cities of Australia
Australia,2220,Metropolitan,Major Cities of Australia,100,Major Cities of Australia
Australia,2221,Metropolitan,Major Cities of Australia,100,Major Cities of Australia
Australia,2222,Metropolitan,Major Cities of Australia,100,Major Cities of Australia
Australia,2223,Metropolitan,Major Cities of Australia,100,Major Cities of Australia
Australia,2224,Metropolitan,Major Cities of Australia,100,Major Cities of Australia
Australia,2225,Metropolitan,Major Cities of Australia,100,Major Cities of Australia
Australia,2226,Metropolitan,Major Cities of Australia,100,Major Cities of Australia
Australia,2227,Metropolitan,Major Cities of Australia,100,"Major Cities of Australia,Inner Regional Australia"
Australia,2228,Metropolitan,Major Cities of Australia,100,Major Cities of Australia
Australia,2229,Metropolitan,Major Cities of Australia,100,Major Cities of Australia
Australia,2230,Metropolitan,Major Cities of Australia,83.71999897,"Major Cities of Australia,Inner Regional Australia"
Australia,2231,Metropolitan,Major Cities of Australia,100,Major Cities of Australia
Australia,2232,Regional,Inner Regional Australia,90.6544697,"Major Cities of Australia,Inner Regional Australia"
Australia,2233,Regional,Inner Regional Australia,62.53623008,"Major Cities of Australia,Inner Regional Australia"
Australia,2234,Metropolitan,Major Cities of Australia,100,"Major Cities of Australia,Inner Regional Australia"
Australia,2250,Regional,Inner Regional Australia,81.2472705,"Major Cities of Australia,Inner Regional Australia"
Australia,2251,Metropolitan,Major Cities of Australia,100,Major Cities of Australia
Australia,2256,Regional,Inner Regional Australia,52.50177274,"Major Cities of Australia,Inner Regional Australia"
Australia,2257,Metropolitan,Major Cities of Australia,100,Major Cities of Australia
Australia,2258,Regional,Inner Regional Australia,75.90165144,"Major Cities of Australia,Inner Regional Australia"
Australia,2259,Regional,Inner Regional Australia,63.08485338,"Major Cities of Australia,Inner Regional Australia"
Australia,2260,Metropolitan,Major Cities of Australia,100,Major Cities of Australia
Australia,2261,Metropolitan,Major Cities of Australia,100,Major Cities of Australia
Australia,2262,Metropolitan,Major Cities of Australia,100,"Major Cities of Australia,Inner Regional Australia"
Australia,2263,Metropolitan,Major Cities of Australia,100,"Major Cities of Australia,Inner Regional Australia"
Australia,2264,Metropolitan,Major Cities of Australia,54.6161446,"Major Cities of Australia,Inner Regional Australia"
Australia,2265,Regional,Inner Regional Australia,85.83878175,"Major Cities of Australia,Inner Regional Australia"
Australia,2267,Metropolitan,Major Cities of Australia,100,Major Cities of Australia
Australia,2278,Metropolitan,Major Cities of Australia,100,"Major Cities of Australia,Inner Regional Australia"
Australia,2280,Metropolitan,Major Cities of Australia,100,Major Cities of Australia
Australia,2281,Regional,Inner Regional Australia,63.57288994,"Major Cities of Australia,Inner Regional Australia"
Australia,2282,Metropolitan,Major Cities of Australia,100,Major Cities of Australia
Australia,2283,Metropolitan,Major Cities of Australia,100,"Major Cities of Australia,Inner Regional Australia"
Australia,2284,Metropolitan,Major Cities of Australia,100,Major Cities of Australia
Australia,2285,Metropolitan,Major Cities of Australia,100,"Major Cities of Australia,Inner Regional Australia"
Australia,2286,Metropolitan,Major Cities of Australia,100,"Major Cities of Australia,Inner Regional Australia"
Australia,2287,Metropolitan,Major Cities of Australia,100,"Major Cities of Australia,Inner Regional Australia"
Australia,2289,Metropolitan,Major Cities of Australia,100,Major Cities of Australia
Australia,2290,Metropolitan,Major Cities of Australia,100,Major Cities of Australia
Australia,2291,Metropolitan,Major Cities of Australia,100,Major Cities of Australia
Australia,2292,Metropolitan,Major Cities of Australia,100,Major Cities of Australia
Australia,2293,Metropolitan,Major Cities of Australia,100,Major Cities of Australia
Australia,2294,Metropolitan,Major Cities of Australia,100,Major Cities of Australia
Australia,2295,Metropolitan,Major Cities of Australia,100,Major Cities of Australia
Australia,2296,Metropolitan,Major Cities of Australia,100,Major Cities of Australia
Australia,2297,Metropolitan,Major Cities of Australia,100,Major Cities of Australia
Australia,2298,Metropolitan,Major Cities of Australia,100,Major Cities of Australia
Australia,2299,Metropolitan,Major Cities of Australia,100,Major Cities of Australia
Australia,2300,Metropolitan,Major Cities of Australia,100,Major Cities of Australia
Australia,2302,Metropolitan,Major Cities of Australia,100,Major Cities of Australia
Australia,2303,Metropolitan,Major Cities of Australia,100,Major Cities of Australia
Australia,2304,Metropolitan,Major Cities of Australia,100,Major Cities of Australia
Australia,2305,Metropolitan,Major Cities of Australia,100,Major Cities of Australia
Australia,2306,Metropolitan,Major Cities of Australia,100,Major Cities of Australia
Australia,2307,Metropolitan,Major Cities of Australia,100,Major Cities of Australia
Australia,2308,Metropolitan,Major Cities of Australia,100,Major Cities of Australia
Australia,2311,Regional,Outer Regional Australia,76.56320174,"Outer Regional Australia,Inner Regional Australia"
Australia,2312,Regional,Inner Regional Australia,100,Inner Regional Australia
Australia,2315,Regional,Inner Regional Australia,100,Inner Regional Australia
Australia,2316,Regional,Inner Regional Australia,100,Inner Regional Australia
Australia,2317,Regional,Inner Regional Australia,100,Inner Regional Australia
Australia,2318,Regional,Inner Regional Australia,85.40798493,"Major Cities of Australia,Inner Regional Australia"
Australia,2319,Regional,Inner Regional Australia,100,Inner Regional Australia
Australia,2320,Regional,Inner Regional Australia,78.84558969,"Major Cities of Australia,Inner Regional Australia"
Australia,2321,Regional,Inner Regional Australia,86.70045392,"Major Cities of Australia,Inner Regional Australia"
Australia,2322,Metropolitan,Major Cities of Australia,89.12182442,"Major Cities of Australia,Inner Regional Australia"
Australia,2323,Regional,Inner Regional Australia,74.12456888,"Major Cities of Australia,Inner Regional Australia"
Australia,2324,Regional,Inner Regional Australia,89.23079521,"Outer Regional Australia,Major Cities of Australia,Inner Regional Australia"
Australia,2325,Regional,Inner Regional Australia,90.92756271,"Outer Regional Australia,Major Cities of Australia,Inner Regional Australia"
Australia,2326,Metropolitan,Major Cities of Australia,82.00108563,"Major Cities of Australia,Inner Regional Australia"
Australia,2327,Metropolitan,Major Cities of Australia,100,"Major Cities of Australia,Inner Regional Australia"
Australia,2328,Regional,Outer Regional Australia,87.92029634,"Outer Regional Australia,Inner Regional Australia"
Australia,2329,Regional,Outer Regional Australia,100,Outer Regional Australia
Australia,2330,Regional,Outer Regional Australia,51.84898865,"Outer Regional Australia,Inner Regional Australia"
Australia,2331,Regional,Inner Regional Australia,100,Inner Regional Australia
Australia,2333,Regional,Inner Regional Australia,51.88008831,"Outer Regional Australia,Inner Regional Australia"
Australia,2334,Regional,Inner Regional Australia,100,Inner Regional Australia
Australia,2335,Regional,Inner Regional Australia,100,Inner Regional Australia
Australia,2336,Regional,Outer Regional Australia,78.20405199,"Outer Regional Australia,Inner Regional Australia"
Australia,2337,Regional,Outer Regional Australia,90.81143337,"Outer Regional Australia,Inner Regional Australia"
Australia,2338,Regional,Outer Regional Australia,100,Outer Regional Australia
Australia,2339,Regional,Outer Regional Australia,100,Outer Regional Australia
Australia,2340,Regional,Outer Regional Australia,78.92609709,"Outer Regional Australia,Inner Regional Australia"
Australia,2341,Regional,Outer Regional Australia,97.60851242,"Outer Regional Australia,Inner Regional Australia"
Australia,2342,Regional,Outer Regional Australia,100,"Outer Regional Australia,Inner Regional Australia"
Australia,2343,Regional,Outer Regional Australia,100,Outer Regional Australia
Australia,2344,Regional,Outer Regional Australia,58.9951977,"Outer Regional Australia,Inner Regional Australia"
Australia,2345,Regional,Outer Regional Australia,100,"Outer Regional Australia,Inner Regional Australia"
Australia,2346,Regional,Outer Regional Australia,100,Outer Regional Australia
Australia,2347,Regional,Outer Regional Australia,100,Outer Regional Australia
Australia,2350,Regional,Outer Regional Australia,85.75918857,"Outer Regional Australia,Inner Regional Australia"
Australia,2352,Regional,Outer Regional Australia,76.65602926,"Outer Regional Australia,Inner Regional Australia"
Australia,2353,Regional,Outer Regional Australia,99.92441353,"Outer Regional Australia,Inner Regional Australia"
Australia,2354,Regional,Outer Regional Australia,100,"Outer Regional Australia,Inner Regional Australia"
Australia,2355,Regional,Outer Regional Australia,100,Outer Regional Australia
Australia,2356,Remote,Remote Australia,100,"Outer Regional Australia,Remote Australia"
Australia,2357,Regional,Outer Regional Australia,100,"Outer Regional Australia,Remote Australia"
Australia,2358,Regional,Outer Regional Australia,84.25752456,"Outer Regional Australia,Inner Regional Australia"
Australia,2359,Regional,Outer Regional Australia,100,Outer Regional Australia
Australia,2360,Regional,Outer Regional Australia,100,Outer Regional Australia
Australia,2361,Regional,Outer Regional Australia,100,Outer Regional Australia
Australia,2365,Regional,Outer Regional Australia,93.91945121,"Outer Regional Australia,Inner Regional Australia"
Australia,2369,Regional,Outer Regional Australia,100,Outer Regional Australia
Australia,2370,Regional,Outer Regional Australia,99.78753457,"Outer Regional Australia,Inner Regional Australia"
Australia,2371,Regional,Outer Regional Australia,100,Outer Regional Australia
Australia,2372,Regional,Outer Regional Australia,100,"Outer Regional Australia,Inner Regional Australia"
Australia,2379,Regional,Outer Regional Australia,100,Outer Regional Australia
Australia,2380,Regional,Outer Regional Australia,100,Outer Regional Australia
Australia,2381,Regional,Outer Regional Australia,100,Outer Regional Australia
Australia,2382,Regional,Outer Regional Australia,100,Outer Regional Australia
Australia,2386,Remote,Remote Australia,100,Remote Australia
Australia,2387,Remote,Remote Australia,100,Remote Australia
Australia,2388,Regional,Outer Regional Australia,57.80091044,"Outer Regional Australia,Remote Australia"
Australia,2390,Regional,Outer Regional Australia,100,"Outer Regional Australia,Remote Australia"
Australia,2395,Regional,Outer Regional Australia,100,Outer Regional Australia
Australia,2396,Remote,Remote Australia,76.20768381,"Outer Regional Australia,Remote Australia"
Australia,2397,Regional,Outer Regional Australia,60.33636803,"Outer Regional Australia,Remote Australia"
Australia,2398,Regional,Outer Regional Australia,100,"Outer Regional Australia,Remote Australia"
Australia,2399,Regional,Outer Regional Australia,100,Outer Regional Australia
Australia,2400,Regional,Outer Regional Australia,50.30887423,"Outer Regional Australia,Remote Australia"
Australia,2401,Regional,Outer Regional Australia,100,Outer Regional Australia
Australia,2402,Regional,Outer Regional Australia,100,Outer Regional Australia
Australia,2403,Regional,Outer Regional Australia,100,Outer Regional Australia
Australia,2404,Regional,Outer Regional Australia,100,Outer Regional Australia
Australia,2405,Remote,Remote Australia,100,"Outer Regional Australia,Remote Australia"
Australia,2406,Remote,Remote Australia,100,"Remote Australia,Very Remote Australia"
Australia,2408,Regional,Outer Regional Australia,100,Outer Regional Australia
Australia,2409,Regional,Outer Regional Australia,100,"Outer Regional Australia,Remote Australia"
Australia,2410,Regional,Outer Regional Australia,100,Outer Regional Australia
Australia,2411,Regional,Outer Regional Australia,100,Outer Regional Australia
Australia,2415,Regional,Inner Regional Australia,100,"Outer Regional Australia,Inner Regional Australia"
Australia,2420,Regional,Inner Regional Australia,54.53766372,"Outer Regional Australia,Inner Regional Australia"
Australia,2421,Regional,Inner Regional Australia,100,Inner Regional Australia
Australia,2422,Regional,Outer Regional Australia,79.31212296,"Outer Regional Australia,Inner Regional Australia"
Australia,2423,Regional,Inner Regional Australia,100,"Outer Regional Australia,Inner Regional Australia"
Australia,2424,Regional,Outer Regional Australia,85.72575288,"Outer Regional Australia,Inner Regional Australia"
Australia,2425,Regional,Inner Regional Australia,100,"Outer Regional Australia,Inner Regional Australia"
Australia,2426,Regional,Inner Regional Australia,100,Inner Regional Australia
Australia,2427,Regional,Inner Regional Australia,100,Inner Regional Australia
Australia,2428,Regional,Inner Regional Australia,100,Inner Regional Australia
Australia,2429,Regional,Inner Regional Australia,55.74104225,"Outer Regional Australia,Inner Regional Australia"
Australia,2430,Regional,Inner Regional Australia,100,"Outer Regional Australia,Inner Regional Australia"
Australia,2431,Regional,Inner Regional Australia,100,Inner Regional Australia
Australia,2439,Regional,Inner Regional Australia,100,"Outer Regional Australia,Inner Regional Australia"
Australia,2440,Regional,Outer Regional Australia,65.59991766,"Outer Regional Australia,Inner Regional Australia"
Australia,2441,Regional,Inner Regional Australia,82.17942199,"Outer Regional Australia,Inner Regional Australia"
Australia,2443,Regional,Inner Regional Australia,100,Inner Regional Australia
Australia,2444,Regional,Inner Regional Australia,100,Inner Regional Australia
Australia,2445,Regional,Inner Regional Australia,100,Inner Regional Australia
Australia,2446,Regional,Outer Regional Australia,72.24483106,"Outer Regional Australia,Inner Regional Australia"
Australia,2447,Regional,Inner Regional Australia,57.63771876,"Outer Regional Australia,Inner Regional Australia"
Australia,2448,Regional,Inner Regional Australia,100,Inner Regional Australia
Australia,2449,Regional,Outer Regional Australia,52.81027625,"Outer Regional Australia,Inner Regional Australia"
Australia,2450,Regional,Inner Regional Australia,100,"Outer Regional Australia,Inner Regional Australia"
Australia,2452,Regional,Inner Regional Australia,100,Inner Regional Australia
Australia,2453,Regional,Outer Regional Australia,94.91698811,"Outer Regional Australia,Inner Regional Australia"
Australia,2454,Regional,Inner Regional Australia,60.93113935,"Outer Regional Australia,Inner Regional Australia"
Australia,2455,Regional,Inner Regional Australia,100,Inner Regional Australia
Australia,2456,Regional,Inner Regional Australia,100,Inner Regional Australia
Australia,2460,Regional,Outer Regional Australia,67.18393338,"Outer Regional Australia,Inner Regional Australia"
Australia,2462,Regional,Inner Regional Australia,100,Inner Regional Australia
Australia,2463,Regional,Inner Regional Australia,100,"Outer Regional Australia,Inner Regional Australia"
Australia,2464,Regional,Inner Regional Australia,100,Inner Regional Australia
Australia,2465,Regional,Inner Regional Australia,100,Inner Regional Australia
Australia,2466,Regional,Inner Regional Australia,100,Inner Regional Australia
Australia,2469,Regional,Outer Regional Australia,87.2768581,"Outer Regional Australia,Inner Regional Australia"
Australia,2470,Regional,Inner Regional Australia,94.89232865,"Outer Regional Australia,Inner Regional Australia"
Australia,2471,Regional,Inner Regional Australia,97.2648924,"Outer Regional Australia,Inner Regional Australia"
Australia,2472,Regional,Inner Regional Australia,100,"Outer Regional Australia,Inner Regional Australia"
Australia,2473,Regional,Inner Regional Australia,100,Inner Regional Australia
Australia,2474,Regional,Inner Regional Australia,72.90305517,"Outer Regional Australia,Inner Regional Australia"
Australia,2475,Regional,Outer Regional Australia,100,Outer Regional Australia
Australia,2476,Regional,Outer Regional Australia,100,"Outer Regional Australia,Inner Regional Australia"
Australia,2477,Regional,Inner Regional Australia,100,Inner Regional Australia
Australia,2478,Regional,Inner Regional Australia,100,Inner Regional Australia
Australia,2479,Regional,Inner Regional Australia,100,Inner Regional Australia
Australia,2480,Regional,Inner Regional Australia,100,Inner Regional Australia
Australia,2481,Regional,Inner Regional Australia,100,Inner Regional Australia
Australia,2482,Regional,Inner Regional Australia,100,Inner Regional Australia
Australia,2483,Regional,Inner Regional Australia,100,"Major Cities of Australia,Inner Regional Australia"
Australia,2484,Regional,Inner Regional Australia,98.90594687,"Major Cities of Australia,Inner Regional Australia"
Australia,2485,Metropolitan,Major Cities of Australia,100,Major Cities of Australia
Australia,2486,Metropolitan,Major Cities of Australia,74.15663009,"Major Cities of Australia,Inner Regional Australia"
Australia,2487,Metropolitan,Major Cities of Australia,57.68794801,"Major Cities of Australia,Inner Regional Australia"
Australia,2488,Metropolitan,Major Cities of Australia,100,"Major Cities of Australia,Inner Regional Australia"
Australia,2489,Metropolitan,Major Cities of Australia,74.92655388,"Major Cities of Australia,Inner Regional Australia"
Australia,2490,Metropolitan,Major Cities of Australia,63.38210362,"Major Cities of Australia,Inner Regional Australia"
Australia,2500,Metropolitan,Major Cities of Australia,96.31162272,"Major Cities of Australia,Inner Regional Australia"
Australia,2502,Metropolitan,Major Cities of Australia,100,Major Cities of Australia
Australia,2505,Metropolitan,Major Cities of Australia,100,Major Cities of Australia
Australia,2506,Metropolitan,Major Cities of Australia,100,Major Cities of Australia
Australia,2508,Regional,Inner Regional Australia,88.23218952,"Major Cities of Australia,Inner Regional Australia"
Australia,2515,Metropolitan,Major Cities of Australia,100,"Major Cities of Australia,Inner Regional Australia"
Australia,2516,Metropolitan,Major Cities of Australia,78.21714451,"Major Cities of Australia,Inner Regional Australia"
Australia,2517,Metropolitan,Major Cities of Australia,100,"Major Cities of Australia,Inner Regional Australia"
Australia,2518,Metropolitan,Major Cities of Australia,100,"Major Cities of Australia,Inner Regional Australia"
Australia,2519,Metropolitan,Major Cities of Australia,100,"Major Cities of Australia,Inner Regional Australia"
Australia,2525,Metropolitan,Major Cities of Australia,100,Major Cities of Australia
Australia,2526,Regional,Inner Regional Australia,70.06327766,"Major Cities of Australia,Inner Regional Australia"
Australia,2527,Metropolitan,Major Cities of Australia,55.35801251,"Major Cities of Australia,Inner Regional Australia"
Australia,2528,Metropolitan,Major Cities of Australia,100,Major Cities of Australia
Australia,2529,Metropolitan,Major Cities of Australia,100,"Major Cities of Australia,Inner Regional Australia"
Australia,2530,Metropolitan,Major Cities of Australia,100,"Major Cities of Australia,Inner Regional Australia"
Australia,2533,Regional,Inner Regional Australia,75.28463874,"Major Cities of Australia,Inner Regional Australia"
Australia,2534,Regional,Inner Regional Australia,100,Inner Regional Australia
Australia,2535,Regional,Inner Regional Australia,100,Inner Regional Australia
Australia,2536,Regional,Inner Regional Australia,100,Inner Regional Australia
Australia,2537,Regional,Outer Regional Australia,77.66185795,"Outer Regional Australia,Inner Regional Australia"
Australia,2538,Regional,Inner Regional Australia,100,Inner Regional Australia
Australia,2539,Regional,Inner Regional Australia,100,Inner Regional Australia
Australia,2540,Regional,Inner Regional Australia,100,Inner Regional Australia
Australia,2541,Regional,Inner Regional Australia,100,Inner Regional Australia
Australia,2545,Regional,Outer Regional Australia,100,Outer Regional Australia
Australia,2546,Regional,Outer Regional Australia,100,Outer Regional Australia
Australia,2548,Regional,Outer Regional Australia,100,Outer Regional Australia
Australia,2549,Regional,Outer Regional Australia,100,Outer Regional Australia
Australia,2550,Regional,Outer Regional Australia,100,Outer Regional Australia
Australia,2551,Regional,Outer Regional Australia,100,"Outer Regional Australia,Remote Australia"
Australia,2555,Regional,Inner Regional Australia,68.90570719,"Major Cities of Australia,Inner Regional Australia"
Australia,2556,Metropolitan,Major Cities of Australia,64.45219806,"Major Cities of Australia,Inner Regional Australia"
Australia,2557,Metropolitan,Major Cities of Australia,100,"Major Cities of Australia,Inner Regional Australia"
Australia,2558,Metropolitan,Major Cities of Australia,100,Major Cities of Australia
Australia,2559,Metropolitan,Major Cities of Australia,100,Major Cities of Australia
Australia,2560,Regional,Inner Regional Australia,74.96617529,"Major Cities of Australia,Inner Regional Australia"
Australia,2563,Metropolitan,Major Cities of Australia,100,Major Cities of Australia
Australia,2564,Metropolitan,Major Cities of Australia,100,Major Cities of Australia
Australia,2565,Metropolitan,Major Cities of Australia,100,Major Cities of Australia
Australia,2566,Metropolitan,Major Cities of Australia,100,"Major Cities of Australia,Inner Regional Australia"
Australia,2567,Metropolitan,Major Cities of Australia,100,Major Cities of Australia
Australia,2568,Metropolitan,Major Cities of Australia,66.88011179,"Major Cities of Australia,Inner Regional Australia"
Australia,2569,Regional,Inner Regional Australia,75.44170345,"Major Cities of Australia,Inner Regional Australia"
Australia,2570,Regional,Inner Regional Australia,63.52499725,"Major Cities of Australia,Inner Regional Australia"
Australia,2571,Regional,Inner Regional Australia,100,"Major Cities of Australia,Inner Regional Australia"
Australia,2572,Regional,Inner Regional Australia,100,Inner Regional Australia
Australia,2573,Regional,Inner Regional Australia,100,Inner Regional Australia
Australia,2574,Regional,Inner Regional Australia,100,"Major Cities of Australia,Inner Regional Australia"
Australia,2575,Regional,Inner Regional Australia,99.53277491,"Outer Regional Australia,Inner Regional Australia"
Australia,2576,Regional,Inner Regional Australia,100,Inner Regional Australia
Australia,2577,Regional,Inner Regional Australia,100,"Major Cities of Australia,Inner Regional Australia"
Australia,2578,Regional,Inner Regional Australia,100,Inner Regional Australia
Australia,2579,Regional,Inner Regional Australia,100,Inner Regional Australia
Australia,2580,Regional,Inner Regional Australia,65.10611984,"Outer Regional Australia,Inner Regional Australia"
Australia,2581,Regional,Inner Regional Australia,100,"Outer Regional Australia,Inner Regional Australia"
Australia,2582,Regional,Inner Regional Australia,91.17463381,"Outer Regional Australia,Major Cities of Australia,Inner Regional Australia"
Australia,2583,Regional,Outer Regional Australia,63.07960519,"Outer Regional Australia,Inner Regional Australia"
Australia,2584,Regional,Inner Regional Australia,100,"Outer Regional Australia,Inner Regional Australia"
Australia,2585,Regional,Inner Regional Australia,91.80179142,"Outer Regional Australia,Inner Regional Australia"
Australia,2586,Regional,Outer Regional Australia,53.34426782,"Outer Regional Australia,Inner Regional Australia"
Australia,2587,Regional,Inner Regional Australia,100,"Outer Regional Australia,Inner Regional Australia"
Australia,2588,Regional,Inner Regional Australia,100,"Outer Regional Australia,Inner Regional Australia"
Australia,2590,Regional,Inner Regional Australia,67.21272684,"Outer Regional Australia,Inner Regional Australia"
Australia,2594,Regional,Outer Regional Australia,73.6165011,"Outer Regional Australia,Inner Regional Australia"
Australia,2600,Metropolitan,Major Cities of Australia,100,Major Cities of Australia
Australia,2601,Metropolitan,Major Cities of Australia,100,Major Cities of Australia
Australia,2602,Metropolitan,Major Cities of Australia,100,Major Cities of Australia
Australia,2603,Metropolitan,Major Cities of Australia,100,Major Cities of Australia
Australia,2604,Metropolitan,Major Cities of Australia,100,Major Cities of Australia
Australia,2605,Metropolitan,Major Cities of Australia,100,Major Cities of Australia
Australia,2606,Metropolitan,Major Cities of Australia,100,Major Cities of Australia
Australia,2607,Metropolitan,Major Cities of Australia,100,Major Cities of Australia
Australia,2609,Metropolitan,Major Cities of Australia,100,"Major Cities of Australia,Inner Regional Australia"
Australia,2611,Regional,Outer Regional Australia,50.7033796,"Outer Regional Australia,Major Cities of Australia,Inner Regional Australia"
Australia,2612,Metropolitan,Major Cities of Australia,100,Major Cities of Australia
Australia,2614,Metropolitan,Major Cities of Australia,100,Major Cities of Australia
Australia,2615,Metropolitan,Major Cities of Australia,100,"Major Cities of Australia,Inner Regional Australia"
Australia,2617,Metropolitan,Major Cities of Australia,100,"Major Cities of Australia,Inner Regional Australia"
Australia,2618,Regional,Inner Regional Australia,65.4897491,"Major Cities of Australia,Inner Regional Australia"
Australia,2619,Metropolitan,Major Cities of Australia,95.45779027,"Major Cities of Australia,Inner Regional Australia"
Australia,2620,Regional,Inner Regional Australia,96.09483724,"Outer Regional Australia,Major Cities of Australia,Inner Regional Australia"
Australia,2621,Regional,Inner Regional Australia,100,"Outer Regional Australia,Major Cities of Australia,Inner Regional Australia"
Australia,2622,Regional,Inner Regional Australia,53.593034,"Outer Regional Australia,Inner Regional Australia"
Australia,2623,Regional,Inner Regional Australia,100,"Outer Regional Australia,Inner Regional Australia"
Australia,2624,Regional,Outer Regional Australia,100,Outer Regional Australia
Australia,2625,Regional,Outer Regional Australia,100,Outer Regional Australia
Australia,2626,Regional,Inner Regional Australia,100,"Outer Regional Australia,Inner Regional Australia"
Australia,2627,Regional,Outer Regional Australia,100,"Outer Regional Australia,Remote Australia"
Australia,2628,Regional,Outer Regional Australia,99.90358282,"Outer Regional Australia,Remote Australia,Inner Regional Australia"
Australia,2629,Regional,Outer Regional Australia,100,"Outer Regional Australia,Inner Regional Australia"
Australia,2630,Regional,Outer Regional Australia,62.6415188,"Outer Regional Australia,Inner Regional Australia"
Australia,2631,Regional,Outer Regional Australia,100,"Outer Regional Australia,Inner Regional Australia"
Australia,2632,Regional,Outer Regional Australia,100,"Outer Regional Australia,Remote Australia"
Australia,2633,Regional,Outer Regional Australia,100,"Outer Regional Australia,Remote Australia"
Australia,2640,Regional,Inner Regional Australia,63.79215092,"Outer Regional Australia,Inner Regional Australia"
Australia,2641,Regional,Inner Regional Australia,100,Inner Regional Australia
Australia,2642,Regional,Outer Regional Australia,82.33955485,"Outer Regional Australia,Inner Regional Australia"
Australia,2643,Regional,Inner Regional Australia,100,"Outer Regional Australia,Inner Regional Australia"
Australia,2644,Regional,Outer Regional Australia,61.13004738,"Outer Regional Australia,Inner Regional Australia"
Australia,2645,Regional,Outer Regional Australia,100,Outer Regional Australia
Australia,2646,Regional,Outer Regional Australia,72.05994027,"Outer Regional Australia,Inner Regional Australia"
Australia,2647,Regional,Inner Regional Australia,93.86583881,"Outer Regional Australia,Inner Regional Australia"
Australia,2648,Remote,Remote Australia,99.50079043,"Outer Regional Australia,Remote Australia,Very Remote Australia"
Australia,2649,Regional,Outer Regional Australia,100,Outer Regional Australia
Australia,2650,Regional,Inner Regional Australia,71.39348276,"Outer Regional Australia,Inner Regional Australia"
Australia,2651,Regional,Inner Regional Australia,100,Inner Regional Australia
Australia,2652,Regional,Outer Regional Australia,69.29146135,"Outer Regional Australia,Remote Australia,Inner Regional Australia"
Australia,2653,Regional,Outer Regional Australia,100,Outer Regional Australia
Australia,2655,Regional,Inner Regional Australia,67.07506456,"Outer Regional Australia,Inner Regional Australia"
Australia,2656,Regional,Outer Regional Australia,90.04488255,"Outer Regional Australia,Inner Regional Australia"
Australia,2658,Regional,Outer Regional Australia,58.51250503,"Outer Regional Australia,Inner Regional Australia"
Australia,2659,Regional,Inner Regional Australia,76.20401561,"Outer Regional Australia,Inner Regional Australia"
Australia,2660,Regional,Inner Regional Australia,100,"Outer Regional Australia,Inner Regional Australia"
Australia,2661,Regional,Inner Regional Australia,100,Inner Regional Australia
Australia,2663,Regional,Inner Regional Australia,53.1772862,"Outer Regional Australia,Inner Regional Australia"
Australia,2665,Regional,Outer Regional Australia,100,Outer Regional Australia
Australia,2666,Regional,Outer Regional Australia,91.05807658,"Outer Regional Australia,Inner Regional Australia"
Australia,2668,Regional,Outer Regional Australia,100,Outer Regional Australia
Australia,2669,Regional,Outer Regional Australia,59.33626068,"Outer Regional Australia,Remote Australia"
Australia,2671,Regional,Outer Regional Australia,100,"Outer Regional Australia,Remote Australia"
Australia,2672,Remote,Remote Australia,100,"Outer Regional Australia,Remote Australia"
Australia,2675,Remote,Remote Australia,100,"Outer Regional Australia,Remote Australia,Very Remote Australia"
Australia,2678,Regional,Inner Regional Australia,100,Inner Regional Australia
Australia,2680,Regional,Outer Regional Australia,100,Outer Regional Australia
Australia,2681,Regional,Outer Regional Australia,100,Outer Regional Australia
Australia,2700,Regional,Outer Regional Australia,100,Outer Regional Australia
Australia,2701,Regional,Outer Regional Australia,65.02419081,"Outer Regional Australia,Inner Regional Australia"
Australia,2702,Regional,Outer Regional Australia,100,"Outer Regional Australia,Inner Regional Australia"
Australia,2703,Regional,Outer Regional Australia,100,Outer Regional Australia
Australia,2705,Regional,Outer Regional Australia,100,Outer Regional Australia
Australia,2706,Regional,Outer Regional Australia,100,Outer Regional Australia
Australia,2707,Regional,Outer Regional Australia,100,Outer Regional Australia
Australia,2710,Regional,Outer Regional Australia,93.84516193,"Outer Regional Australia,Remote Australia,Inner Regional Australia"
Australia,2711,Remote,Remote Australia,87.58641096,"Outer Regional Australia,Remote Australia"
Australia,2712,Regional,Outer Regional Australia,100,"Outer Regional Australia,Inner Regional Australia"
Australia,2713,Regional,Outer Regional Australia,99.38250092,"Outer Regional Australia,Inner Regional Australia"
Australia,2714,Regional,Inner Regional Australia,54.83410061,"Outer Regional Australia,Inner Regional Australia"
Australia,2715,Remote,Remote Australia,99.36967511,"Outer Regional Australia,Remote Australia,Very Remote Australia"
Australia,2716,Regional,Outer Regional Australia,100,Outer Regional Australia
Australia,2717,Regional,Outer Regional Australia,100,"Outer Regional Australia,Remote Australia"
Australia,2720,Regional,Outer Regional Australia,70.86457807,"Outer Regional Australia,Inner Regional Australia"
Australia,2721,Regional,Outer Regional Australia,100,Outer Regional Australia
Australia,2722,Regional,Outer Regional Australia,60.86044965,"Outer Regional Australia,Inner Regional Australia"
Australia,2725,Regional,Outer Regional Australia,100,"Outer Regional Australia,Inner Regional Australia"
Australia,2726,Regional,Outer Regional Australia,100,"Outer Regional Australia,Inner Regional Australia"
Australia,2727,Regional,Outer Regional Australia,100,"Outer Regional Australia,Inner Regional Australia"
Australia,2729,Regional,Outer Regional Australia,50.5277958,"Outer Regional Australia,Inner Regional Australia"
Australia,2730,Regional,Outer Regional Australia,100,"Outer Regional Australia,Inner Regional Australia"
Australia,2731,Regional,Outer Regional Australia,88.25839928,"Outer Regional Australia,Inner Regional Australia"
Australia,2732,Regional,Outer Regional Australia,100,Outer Regional Australia
Australia,2733,Regional,Outer Regional Australia,100,"Outer Regional Australia,Remote Australia"
Australia,2734,Regional,Outer Regional Australia,81.84337047,"Outer Regional Australia,Remote Australia"
Australia,2735,Regional,Outer Regional Australia,100,Outer Regional Australia
Australia,2736,Regional,Outer Regional Australia,100,"Outer Regional Australia,Remote Australia"
Australia,2737,Regional,Outer Regional Australia,92.74790898,"Outer Regional Australia,Remote Australia"
Australia,2738,Remote,Remote Australia,98.35696451,"Outer Regional Australia,Remote Australia"
Australia,2739,Regional,Outer Regional Australia,100,"Outer Regional Australia,Remote Australia"
Australia,2745,Regional,Inner Regional Australia,75.41322128,"Major Cities of Australia,Inner Regional Australia"
Australia,2747,Metropolitan,Major Cities of Australia,100,Major Cities of Australia
Australia,2748,Metropolitan,Major Cities of Australia,100,"Major Cities of Australia,Inner Regional Australia"
Australia,2749,Metropolitan,Major Cities of Australia,100,Major Cities of Australia
Australia,2750,Metropolitan,Major Cities of Australia,100,"Major Cities of Australia,Inner Regional Australia"
Australia,2752,Regional,Inner Regional Australia,100,Inner Regional Australia
Australia,2753,Metropolitan,Major Cities of Australia,63.6125395,"Major Cities of Australia,Inner Regional Australia"
Australia,2754,Metropolitan,Major Cities of Australia,64.4551436,"Major Cities of Australia,Inner Regional Australia"
Australia,2756,Regional,Outer Regional Australia,70.78600377,"Outer Regional Australia,Major Cities of Australia,Inner Regional Australia"
Australia,2757,Regional,Inner Regional Australia,100,"Major Cities of Australia,Inner Regional Australia"
Australia,2758,Regional,Inner Regional Australia,100,"Outer Regional Australia,Major Cities of Australia,Inner Regional Australia"
Australia,2759,Metropolitan,Major Cities of Australia,100,Major Cities of Australia
Australia,2760,Metropolitan,Major Cities of Australia,100,Major Cities of Australia
Australia,2761,Metropolitan,Major Cities of Australia,100,Major Cities of Australia
Australia,2762,Metropolitan,Major Cities of Australia,100,Major Cities of Australia
Australia,2763,Metropolitan,Major Cities of Australia,100,Major Cities of Australia
Australia,2765,Metropolitan,Major Cities of Australia,93.37293383,"Major Cities of Australia,Inner Regional Australia"
Australia,2766,Metropolitan,Major Cities of Australia,100,Major Cities of Australia
Australia,2767,Metropolitan,Major Cities of Australia,100,Major Cities of Australia
Australia,2768,Metropolitan,Major Cities of Australia,100,Major Cities of Australia
Australia,2769,Metropolitan,Major Cities of Australia,100,Major Cities of Australia
Australia,2770,Metropolitan,Major Cities of Australia,100,Major Cities of Australia
Australia,2773,Metropolitan,Major Cities of Australia,100,"Major Cities of Australia,Inner Regional Australia"
Australia,2774,Metropolitan,Major Cities of Australia,100,"Major Cities of Australia,Inner Regional Australia"
Australia,2775,Regional,Inner Regional Australia,99.79905143,"Outer Regional Australia,Inner Regional Australia"
Australia,2776,Metropolitan,Major Cities of Australia,100,"Major Cities of Australia,Inner Regional Australia"
Australia,2777,Metropolitan,Major Cities of Australia,100,"Major Cities of Australia,Inner Regional Australia"
Australia,2778,Metropolitan,Major Cities of Australia,100,"Major Cities of Australia,Inner Regional Australia"
Australia,2779,Metropolitan,Major Cities of Australia,100,"Major Cities of Australia,Inner Regional Australia"
Australia,2780,Metropolitan,Major Cities of Australia,72.45258691,"Major Cities of Australia,Inner Regional Australia"
Australia,2782,Metropolitan,Major Cities of Australia,100,"Major Cities of Australia,Inner Regional Australia"
Australia,2783,Metropolitan,Major Cities of Australia,100,"Major Cities of Australia,Inner Regional Australia"
Australia,2784,Metropolitan,Major Cities of Australia,100,"Major Cities of Australia,Inner Regional Australia"
Australia,2785,Regional,Inner Regional Australia,100,"Major Cities of Australia,Inner Regional Australia"
Australia,2786,Regional,Inner Regional Australia,65.09364074,"Outer Regional Australia,Inner Regional Australia"
Australia,2787,Regional,Inner Regional Australia,87.31040913,"Outer Regional Australia,Major Cities of Australia,Inner Regional Australia"
Australia,2790,Regional,Inner Regional Australia,58.30052925,"Outer Regional Australia,Inner Regional Australia"
Australia,2791,Regional,Inner Regional Australia,100,"Outer Regional Australia,Inner Regional Australia"
Australia,2792,Regional,Outer Regional Australia,87.06838203,"Outer Regional Australia,Inner Regional Australia"
Australia,2793,Regional,Outer Regional Australia,90.12299197,"Outer Regional Australia,Inner Regional Australia"
Australia,2794,Regional,Outer Regional Australia,66.7035608,"Outer Regional Australia,Inner Regional Australia"
Australia,2795,Regional,Inner Regional Australia,59.53115743,"Outer Regional Australia,Inner Regional Australia"
Australia,2797,Regional,Outer Regional Australia,100,Outer Regional Australia
Australia,2798,Regional,Inner Regional Australia,100,Inner Regional Australia
Australia,2799,Regional,Inner Regional Australia,67.33451252,"Outer Regional Australia,Inner Regional Australia"
Australia,2800,Regional,Inner Regional Australia,87.2476818,"Outer Regional Australia,Inner Regional Australia"
Australia,2803,Regional,Outer Regional Australia,100,"Outer Regional Australia,Inner Regional Australia"
Australia,2804,Regional,Outer Regional Australia,99.52100254,"Outer Regional Australia,Inner Regional Australia"
Australia,2805,Regional,Outer Regional Australia,100,Outer Regional Australia
Australia,2806,Regional,Outer Regional Australia,100,Outer Regional Australia
Australia,2807,Regional,Outer Regional Australia,100,Outer Regional Australia
Australia,2808,Regional,Outer Regional Australia,100,"Outer Regional Australia,Inner Regional Australia"
Australia,2809,Regional,Outer Regional Australia,100,Outer Regional Australia
Australia,2810,Regional,Outer Regional Australia,100,Outer Regional Australia
Australia,2817,Regional,Outer Regional Australia,100,"Outer Regional Australia,Remote Australia"
Australia,2818,Regional,Outer Regional Australia,100,Outer Regional Australia
Australia,2820,Regional,Outer Regional Australia,100,Outer Regional Australia
Australia,2821,Regional,Outer Regional Australia,100,Outer Regional Australia
Australia,2822,Regional,Outer Regional Australia,100,Outer Regional Australia
Australia,2823,Regional,Outer Regional Australia,100,"Outer Regional Australia,Remote Australia"
Australia,2824,Remote,Remote Australia,99.93800725,"Outer Regional Australia,Remote Australia"
Australia,2825,Remote,Remote Australia,100,"Remote Australia,Very Remote Australia"
Australia,2826,Remote,Remote Australia,100,"Outer Regional Australia,Remote Australia"
Australia,2827,Regional,Outer Regional Australia,100,"Outer Regional Australia,Remote Australia"
Australia,2828,Remote,Remote Australia,72.19118673,"Outer Regional Australia,Remote Australia"
Australia,2829,Remote,Remote Australia,100,"Outer Regional Australia,Remote Australia"
Australia,2830,Regional,Outer Regional Australia,92.28755018,"Outer Regional Australia,Inner Regional Australia"
Australia,2831,Remote,Remote Australia,80.82208265,"Outer Regional Australia,Remote Australia,Very Remote Australia,Inner Regional Australia"
Australia,2832,Remote,Remote Australia,81.51088293,"Remote Australia,Very Remote Australia"
Australia,2833,Remote,Remote Australia,100,"Remote Australia,Very Remote Australia"
Australia,2834,Remote,Remote Australia,92.5822917,"Remote Australia,Very Remote Australia"
Australia,2835,Remote,Very Remote Australia,92.33000025,"Remote Australia,Very Remote Australia"
Australia,2836,Remote,Very Remote Australia,100,"Remote Australia,Very Remote Australia"
Australia,2838,Remote,Very Remote Australia,100,"Remote Australia,Very Remote Australia"
Australia,2839,Remote,Very Remote Australia,100,"Remote Australia,Very Remote Australia"
Australia,2840,Remote,Very Remote Australia,100,Very Remote Australia
Australia,2842,Regional,Outer Regional Australia,100,Outer Regional Australia
Australia,2843,Regional,Outer Regional Australia,100,Outer Regional Australia
Australia,2844,Regional,Outer Regional Australia,100,Outer Regional Australia
Australia,2845,Regional,Inner Regional Australia,100,Inner Regional Australia
Australia,2846,Regional,Outer Regional Australia,60.58176537,"Outer Regional Australia,Inner Regional Australia"
Australia,2847,Regional,Inner Regional Australia,100,Inner Regional Australia
Australia,2848,Regional,Outer Regional Australia,97.31047412,"Outer Regional Australia,Inner Regional Australia"
Australia,2849,Regional,Outer Regional Australia,100,"Outer Regional Australia,Inner Regional Australia"
Australia,2850,Regional,Outer Regional Australia,98.25191184,"Outer Regional Australia,Inner Regional Australia"
Australia,2852,Regional,Outer Regional Australia,100,Outer Regional Australia
Australia,2864,Regional,Outer Regional Australia,85.35835808,"Outer Regional Australia,Inner Regional Australia"
Australia,2865,Regional,Outer Regional Australia,100,"Outer Regional Australia,Inner Regional Australia"
Australia,2866,Regional,Outer Regional Australia,74.36273063,"Outer Regional Australia,Inner Regional Australia"
Australia,2867,Regional,Outer Regional Australia,100,Outer Regional Australia
Australia,2868,Regional,Outer Regional Australia,100,Outer Regional Australia
Australia,2869,Regional,Outer Regional Australia,100,Outer Regional Australia
Australia,2870,Regional,Outer Regional Australia,100,Outer Regional Australia
Australia,2871,Regional,Outer Regional Australia,100,Outer Regional Australia
Australia,2873,Remote,Remote Australia,100,"Outer Regional Australia,Remote Australia"
Australia,2874,Regional,Outer Regional Australia,61.06441889,"Outer Regional Australia,Remote Australia"
Australia,2875,Regional,Outer Regional Australia,71.27095998,"Outer Regional Australia,Remote Australia"
Australia,2876,Regional,Outer Regional Australia,100,Outer Regional Australia
Australia,2877,Remote,Remote Australia,94.56093344,"Outer Regional Australia,Remote Australia"
Australia,2878,Remote,Very Remote Australia,82.54698931,"Remote Australia,Very Remote Australia"
Australia,2879,Remote,Very Remote Australia,84.06517431,"Remote Australia,Very Remote Australia"
Australia,2880,Remote,Remote Australia,68.28248252,"Outer Regional Australia,Remote Australia,Very Remote Australia"
Australia,2898,Remote,Very Remote Australia,100,Very Remote Australia
Australia,2899,Remote,Very Remote Australia,100,Very Remote Australia
Australia,2900,Regional,Inner Regional Australia,74.8886331,"Major Cities of Australia,Inner Regional Australia"
Australia,2902,Metropolitan,Major Cities of Australia,100,Major Cities of Australia
Australia,2903,Metropolitan,Major Cities of Australia,100,Major Cities of Australia
Australia,2904,Metropolitan,Major Cities of Australia,100,Major Cities of Australia
Australia,2905,Metropolitan,Major Cities of Australia,100,"Major Cities of Australia,Inner Regional Australia"
Australia,2906,Metropolitan,Major Cities of Australia,100,"Major Cities of Australia,Inner Regional Australia"
Australia,2911,Metropolitan,Major Cities of Australia,100,Major Cities of Australia
Australia,2912,Metropolitan,Major Cities of Australia,100,Major Cities of Australia
Australia,2913,Metropolitan,Major Cities of Australia,100,Major Cities of Australia
Australia,2914,Metropolitan,Major Cities of Australia,100,Major Cities of Australia
Australia,3000,Metropolitan,Major Cities of Australia,100,Major Cities of Australia
Australia,3002,Metropolitan,Major Cities of Australia,100,Major Cities of Australia
Australia,3003,Metropolitan,Major Cities of Australia,100,Major Cities of Australia
Australia,3004,Metropolitan,Major Cities of Australia,100,Major Cities of Australia
Australia,3006,Metropolitan,Major Cities of Australia,100,Major Cities of Australia
Australia,3008,Metropolitan,Major Cities of Australia,100,Major Cities of Australia
Australia,3011,Metropolitan,Major Cities of Australia,100,Major Cities of Australia
Australia,3012,Metropolitan,Major Cities of Australia,100,Major Cities of Australia
Australia,3013,Metropolitan,Major Cities of Australia,100,Major Cities of Australia
Australia,3015,Metropolitan,Major Cities of Australia,100,Major Cities of Australia
Australia,3016,Metropolitan,Major Cities of Australia,100,Major Cities of Australia
Australia,3018,Metropolitan,Major Cities of Australia,100,Major Cities of Australia
Australia,3019,Metropolitan,Major Cities of Australia,100,Major Cities of Australia
Australia,3020,Metropolitan,Major Cities of Australia,100,Major Cities of Australia
Australia,3021,Metropolitan,Major Cities of Australia,100,Major Cities of Australia
Australia,3022,Metropolitan,Major Cities of Australia,100,Major Cities of Australia
Australia,3023,Metropolitan,Major Cities of Australia,100,Major Cities of Australia
Australia,3024,Metropolitan,Major Cities of Australia,66.03302622,"Major Cities of Australia,Inner Regional Australia"
Australia,3025,Metropolitan,Major Cities of Australia,100,Major Cities of Australia
Australia,3026,Metropolitan,Major Cities of Australia,100,Major Cities of Australia
Australia,3027,Metropolitan,Major Cities of Australia,100,Major Cities of Australia
Australia,3028,Metropolitan,Major Cities of Australia,100,Major Cities of Australia
Australia,3029,Metropolitan,Major Cities of Australia,100,Major Cities of Australia
Australia,3030,Regional,Inner Regional Australia,59.64329999,"Major Cities of Australia,Inner Regional Australia"
Australia,3031,Metropolitan,Major Cities of Australia,100,Major Cities of Australia
Australia,3032,Metropolitan,Major Cities of Australia,100,Major Cities of Australia
Australia,3033,Metropolitan,Major Cities of Australia,100,Major Cities of Australia
Australia,3034,Metropolitan,Major Cities of Australia,100,Major Cities of Australia
Australia,3036,Metropolitan,Major Cities of Australia,100,Major Cities of Australia
Australia,3037,Metropolitan,Major Cities of Australia,100,Major Cities of Australia
Australia,3038,Metropolitan,Major Cities of Australia,100,Major Cities of Australia
Australia,3039,Metropolitan,Major Cities of Australia,100,Major Cities of Australia
Australia,3040,Metropolitan,Major Cities of Australia,100,Major Cities of Australia
Australia,3041,Metropolitan,Major Cities of Australia,100,Major Cities of Australia
Australia,3042,Metropolitan,Major Cities of Australia,100,Major Cities of Australia
Australia,3043,Metropolitan,Major Cities of Australia,100,Major Cities of Australia
Australia,3044,Metropolitan,Major Cities of Australia,100,Major Cities of Australia
Australia,3045,Metropolitan,Major Cities of Australia,100,Major Cities of Australia
Australia,3046,Metropolitan,Major Cities of Australia,100,Major Cities of Australia
Australia,3047,Metropolitan,Major Cities of Australia,100,Major Cities of Australia
Australia,3048,Metropolitan,Major Cities of Australia,100,Major Cities of Australia
Australia,3049,Metropolitan,Major Cities of Australia,100,Major Cities of Australia
Australia,3051,Metropolitan,Major Cities of Australia,100,Major Cities of Australia
Australia,3052,Metropolitan,Major Cities of Australia,100,Major Cities of Australia
Australia,3053,Metropolitan,Major Cities of Australia,100,Major Cities of Australia
Australia,3054,Metropolitan,Major Cities of Australia,100,Major Cities of Australia
Australia,3055,Metropolitan,Major Cities of Australia,100,Major Cities of Australia
Australia,3056,Metropolitan,Major Cities of Australia,100,Major Cities of Australia
Australia,3057,Metropolitan,Major Cities of Australia,100,Major Cities of Australia
Australia,3058,Metropolitan,Major Cities of Australia,100,Major Cities of Australia
Australia,3059,Metropolitan,Major Cities of Australia,100,Major Cities of Australia
Australia,3060,Metropolitan,Major Cities of Australia,100,Major Cities of Australia
Australia,3061,Metropolitan,Major Cities of Australia,100,Major Cities of Australia
Australia,3062,Metropolitan,Major Cities of Australia,100,Major Cities of Australia
Australia,3063,Metropolitan,Major Cities of Australia,100,Major Cities of Australia
Australia,3064,Metropolitan,Major Cities of Australia,100,"Major Cities of Australia,Inner Regional Australia"
Australia,3065,Metropolitan,Major Cities of Australia,100,Major Cities of Australia
Australia,3066,Metropolitan,Major Cities of Australia,100,Major Cities of Australia
Australia,3067,Metropolitan,Major Cities of Australia,100,Major Cities of Australia
Australia,3068,Metropolitan,Major Cities of Australia,100,Major Cities of Australia
Australia,3070,Metropolitan,Major Cities of Australia,100,Major Cities of Australia
Australia,3071,Metropolitan,Major Cities of Australia,100,Major Cities of Australia
Australia,3072,Metropolitan,Major Cities of Australia,100,Major Cities of Australia
Australia,3073,Metropolitan,Major Cities of Australia,100,Major Cities of Australia
Australia,3074,Metropolitan,Major Cities of Australia,100,Major Cities of Australia
Australia,3075,Metropolitan,Major Cities of Australia,100,Major Cities of Australia
Australia,3076,Metropolitan,Major Cities of Australia,100,Major Cities of Australia
Australia,3078,Metropolitan,Major Cities of Australia,100,Major Cities of Australia
Australia,3079,Metropolitan,Major Cities of Australia,100,Major Cities of Australia
Australia,3081,Metropolitan,Major Cities of Australia,100,Major Cities of Australia
Australia,3082,Metropolitan,Major Cities of Australia,100,Major Cities of Australia
Australia,3083,Metropolitan,Major Cities of Australia,100,Major Cities of Australia
Australia,3084,Metropolitan,Major Cities of Australia,100,Major Cities of Australia
Australia,3085,Metropolitan,Major Cities of Australia,100,Major Cities of Australia
Australia,3087,Metropolitan,Major Cities of Australia,100,Major Cities of Australia
Australia,3088,Metropolitan,Major Cities of Australia,100,Major Cities of Australia
Australia,3089,Metropolitan,Major Cities of Australia,100,Major Cities of Australia
Australia,3090,Metropolitan,Major Cities of Australia,100,Major Cities of Australia
Australia,3091,Metropolitan,Major Cities of Australia,100,Major Cities of Australia
Australia,3093,Metropolitan,Major Cities of Australia,100,Major Cities of Australia
Australia,3094,Metropolitan,Major Cities of Australia,100,Major Cities of Australia
Australia,3095,Metropolitan,Major Cities of Australia,100,Major Cities of Australia
Australia,3096,Metropolitan,Major Cities of Australia,100,Major Cities of Australia
Australia,3097,Metropolitan,Major Cities of Australia,52.88604243,"Major Cities of Australia,Inner Regional Australia"
Australia,3099,Regional,Inner Regional Australia,70.94096494,"Major Cities of Australia,Inner Regional Australia"
Australia,3101,Metropolitan,Major Cities of Australia,100,Major Cities of Australia
Australia,3102,Metropolitan,Major Cities of Australia,100,Major Cities of Australia
Australia,3103,Metropolitan,Major Cities of Australia,100,Major Cities of Australia
Australia,3104,Metropolitan,Major Cities of Australia,100,Major Cities of Australia
Australia,3105,Metropolitan,Major Cities of Australia,100,Major Cities of Australia
Australia,3106,Metropolitan,Major Cities of Australia,100,Major Cities of Australia
Australia,3107,Metropolitan,Major Cities of Australia,100,Major Cities of Australia
Australia,3108,Metropolitan,Major Cities of Australia,100,Major Cities of Australia
Australia,3109,Metropolitan,Major Cities of Australia,100,Major Cities of Australia
Australia,3111,Metropolitan,Major Cities of Australia,100,Major Cities of Australia
Australia,3113,Metropolitan,Major Cities of Australia,100,Major Cities of Australia
Australia,3114,Metropolitan,Major Cities of Australia,100,Major Cities of Australia
Australia,3115,Metropolitan,Major Cities of Australia,69.31786621,"Major Cities of Australia,Inner Regional Australia"
Australia,3116,Metropolitan,Major Cities of Australia,100,"Major Cities of Australia,Inner Regional Australia"
Australia,3121,Metropolitan,Major Cities of Australia,100,Major Cities of Australia
Australia,3122,Metropolitan,Major Cities of Australia,100,Major Cities of Australia
Australia,3123,Metropolitan,Major Cities of Australia,100,Major Cities of Australia
Australia,3124,Metropolitan,Major Cities of Australia,100,Major Cities of Australia
Australia,3125,Metropolitan,Major Cities of Australia,100,Major Cities of Australia
Australia,3126,Metropolitan,Major Cities of Australia,100,Major Cities of Australia
Australia,3127,Metropolitan,Major Cities of Australia,100,Major Cities of Australia
Australia,3128,Metropolitan,Major Cities of Australia,100,Major Cities of Australia
Australia,3129,Metropolitan,Major Cities of Australia,100,Major Cities of Australia
Australia,3130,Metropolitan,Major Cities of Australia,100,Major Cities of Australia
Australia,3131,Metropolitan,Major Cities of Australia,100,Major Cities of Australia
Australia,3132,Metropolitan,Major Cities of Australia,100,Major Cities of Australia
Australia,3133,Metropolitan,Major Cities of Australia,100,Major Cities of Australia
Australia,3134,Metropolitan,Major Cities of Australia,100,Major Cities of Australia
Australia,3135,Metropolitan,Major Cities of Australia,100,Major Cities of Australia
Australia,3136,Metropolitan,Major Cities of Australia,100,Major Cities of Australia
Australia,3137,Metropolitan,Major Cities of Australia,100,Major Cities of Australia
Australia,3138,Metropolitan,Major Cities of Australia,100,Major Cities of Australia
Australia,3139,Regional,Inner Regional Australia,83.72062122,"Major Cities of Australia,Inner Regional Australia"
Australia,3140,Metropolitan,Major Cities of Australia,100,"Major Cities of Australia,Inner Regional Australia"
Australia,3141,Metropolitan,Major Cities of Australia,100,Major Cities of Australia
Australia,3142,Metropolitan,Major Cities of Australia,100,Major Cities of Australia
Australia,3143,Metropolitan,Major Cities of Australia,100,Major Cities of Australia
Australia,3144,Metropolitan,Major Cities of Australia,100,Major Cities of Australia
Australia,3145,Metropolitan,Major Cities of Australia,100,Major Cities of Australia
Australia,3146,Metropolitan,Major Cities of Australia,100,Major Cities of Australia
Australia,3147,Metropolitan,Major Cities of Australia,100,Major Cities of Australia
Australia,3148,Metropolitan,Major Cities of Australia,100,Major Cities of Australia
Australia,3149,Metropolitan,Major Cities of Australia,100,Major Cities of Australia
Australia,3150,Metropolitan,Major Cities of Australia,100,Major Cities of Australia
Australia,3151,Metropolitan,Major Cities of Australia,100,Major Cities of Australia
Australia,3152,Metropolitan,Major Cities of Australia,100,Major Cities of Australia
Australia,3153,Metropolitan,Major Cities of Australia,100,Major Cities of Australia
Australia,3154,Metropolitan,Major Cities of Australia,100,Major Cities of Australia
Australia,3155,Metropolitan,Major Cities of Australia,100,Major Cities of Australia
Australia,3156,Metropolitan,Major Cities of Australia,100,Major Cities of Australia
Australia,3158,Metropolitan,Major Cities of Australia,100,Major Cities of Australia
Australia,3159,Metropolitan,Major Cities of Australia,100,Major Cities of Australia
Australia,3160,Metropolitan,Major Cities of Australia,100,Major Cities of Australia
Australia,3161,Metropolitan,Major Cities of Australia,100,Major Cities of Australia
Australia,3162,Metropolitan,Major Cities of Australia,100,Major Cities of Australia
Australia,3163,Metropolitan,Major Cities of Australia,100,Major Cities of Australia
Australia,3165,Metropolitan,Major Cities of Australia,100,Major Cities of Australia
Australia,3166,Metropolitan,Major Cities of Australia,100,Major Cities of Australia
Australia,3167,Metropolitan,Major Cities of Australia,100,Major Cities of Australia
Australia,3168,Metropolitan,Major Cities of Australia,100,Major Cities of Australia
Australia,3169,Metropolitan,Major Cities of Australia,100,Major Cities of Australia
Australia,3170,Metropolitan,Major Cities of Australia,100,Major Cities of Australia
Australia,3171,Metropolitan,Major Cities of Australia,100,Major Cities of Australia
Australia,3172,Metropolitan,Major Cities of Australia,100,Major Cities of Australia
Australia,3173,Metropolitan,Major Cities of Australia,100,Major Cities of Australia
Australia,3174,Metropolitan,Major Cities of Australia,100,Major Cities of Australia
Australia,3175,Metropolitan,Major Cities of Australia,100,Major Cities of Australia
Australia,3177,Metropolitan,Major Cities of Australia,100,Major Cities of Australia
Australia,3178,Metropolitan,Major Cities of Australia,100,Major Cities of Australia
Australia,3179,Metropolitan,Major Cities of Australia,100,Major Cities of Australia
Australia,3180,Metropolitan,Major Cities of Australia,100,Major Cities of Australia
Australia,3181,Metropolitan,Major Cities of Australia,100,Major Cities of Australia
Australia,3182,Metropolitan,Major Cities of Australia,100,Major Cities of Australia
Australia,3183,Metropolitan,Major Cities of Australia,100,Major Cities of Australia
Australia,3184,Metropolitan,Major Cities of Australia,100,Major Cities of Australia
Australia,3185,Metropolitan,Major Cities of Australia,100,Major Cities of Australia
Australia,3186,Metropolitan,Major Cities of Australia,100,Major Cities of Australia
Australia,3187,Metropolitan,Major Cities of Australia,100,Major Cities of Australia
Australia,3188,Metropolitan,Major Cities of Australia,100,Major Cities of Australia
Australia,3189,Metropolitan,Major Cities of Australia,100,Major Cities of Australia
Australia,3190,Metropolitan,Major Cities of Australia,100,Major Cities of Australia
Australia,3191,Metropolitan,Major Cities of Australia,100,Major Cities of Australia
Australia,3192,Metropolitan,Major Cities of Australia,100,Major Cities of Australia
Australia,3193,Metropolitan,Major Cities of Australia,100,Major Cities of Australia
Australia,3194,Metropolitan,Major Cities of Australia,100,Major Cities of Australia
Australia,3195,Metropolitan,Major Cities of Australia,100,Major Cities of Australia
Australia,3196,Metropolitan,Major Cities of Australia,100,Major Cities of Australia
Australia,3197,Metropolitan,Major Cities of Australia,100,Major Cities of Australia
Australia,3198,Metropolitan,Major Cities of Australia,100,Major Cities of Australia
Australia,3199,Metropolitan,Major Cities of Australia,100,Major Cities of Australia
Australia,3200,Metropolitan,Major Cities of Australia,100,Major Cities of Australia
Australia,3201,Metropolitan,Major Cities of Australia,100,Major Cities of Australia
Australia,3202,Metropolitan,Major Cities of Australia,100,Major Cities of Australia
Australia,3204,Metropolitan,Major Cities of Australia,100,Major Cities of Australia
Australia,3205,Metropolitan,Major Cities of Australia,100,Major Cities of Australia
Australia,3206,Metropolitan,Major Cities of Australia,100,Major Cities of Australia
Australia,3207,Metropolitan,Major Cities of Australia,100,Major Cities of Australia
Australia,3211,Regional,Inner Regional Australia,100,Inner Regional Australia
Australia,3212,Regional,Inner Regional Australia,72.53041395,"Major Cities of Australia,Inner Regional Australia"
Australia,3213,Regional,Inner Regional Australia,95.4243262,"Major Cities of Australia,Inner Regional Australia"
Australia,3214,Metropolitan,Major Cities of Australia,100,Major Cities of Australia
Australia,3215,Metropolitan,Major Cities of Australia,100,"Major Cities of Australia,Inner Regional Australia"
Australia,3216,Metropolitan,Major Cities of Australia,96.79525054,"Major Cities of Australia,Inner Regional Australia"
Australia,3217,Regional,Inner Regional Australia,54.99193028,"Major Cities of Australia,Inner Regional Australia"
Australia,3218,Regional,Inner Regional Australia,67.39118814,"Major Cities of Australia,Inner Regional Australia"
Australia,3219,Metropolitan,Major Cities of Australia,100,Major Cities of Australia
Australia,3220,Metropolitan,Major Cities of Australia,100,Major Cities of Australia
Australia,3221,Regional,Inner Regional Australia,88.83535165,"Major Cities of Australia,Inner Regional Australia"
Australia,3222,Regional,Inner Regional Australia,100,Inner Regional Australia
Australia,3223,Regional,Inner Regional Australia,100,Inner Regional Australia
Australia,3224,Metropolitan,Major Cities of Australia,76.80962054,"Major Cities of Australia,Inner Regional Australia"
Australia,3225,Regional,Inner Regional Australia,100,Inner Regional Australia
Australia,3226,Regional,Inner Regional Australia,100,Inner Regional Australia
Australia,3227,Regional,Inner Regional Australia,85.79712971,"Major Cities of Australia,Inner Regional Australia"
Australia,3228,Regional,Inner Regional Australia,100,"Major Cities of Australia,Inner Regional Australia"
Australia,3230,Regional,Inner Regional Australia,100,Inner Regional Australia
Australia,3231,Regional,Inner Regional Australia,100,Inner Regional Australia
Australia,3232,Regional,Inner Regional Australia,100,Inner Regional Australia
Australia,3233,Regional,Inner Regional Australia,54.92640011,"Outer Regional Australia,Inner Regional Australia"
Australia,3234,Regional,Inner Regional Australia,100,Inner Regional Australia
Australia,3235,Regional,Inner Regional Australia,100,Inner Regional Australia
Australia,3236,Regional,Inner Regional Australia,100,Inner Regional Australia
Australia,3237,Regional,Outer Regional Australia,100,"Outer Regional Australia,Inner Regional Australia"
Australia,3238,Regional,Outer Regional Australia,100,Outer Regional Australia
Australia,3239,Regional,Outer Regional Australia,75.41418429,"Outer Regional Australia,Inner Regional Australia"
Australia,3240,Regional,Inner Regional Australia,100,"Major Cities of Australia,Inner Regional Australia"
Australia,3241,Regional,Inner Regional Australia,100,Inner Regional Australia
Australia,3242,Regional,Inner Regional Australia,100,Inner Regional Australia
Australia,3243,Regional,Inner Regional Australia,100,Inner Regional Australia
Australia,3249,Regional,Inner Regional Australia,100,"Outer Regional Australia,Inner Regional Australia"
Australia,3250,Regional,Inner Regional Australia,100,Inner Regional Australia
Australia,3251,Regional,Inner Regional Australia,91.02876414,"Outer Regional Australia,Inner Regional Australia"
Australia,3254,Regional,Inner Regional Australia,100,Inner Regional Australia
Australia,3260,Regional,Inner Regional Australia,100,"Outer Regional Australia,Inner Regional Australia"
Australia,3264,Regional,Inner Regional Australia,100,Inner Regional Australia
Australia,3265,Regional,Inner Regional Australia,100,"Outer Regional Australia,Inner Regional Australia"
Australia,3266,Regional,Inner Regional Australia,79.97180623,"Outer Regional Australia,Inner Regional Australia"
Australia,3267,Regional,Outer Regional Australia,100,"Outer Regional Australia,Inner Regional Australia"
Australia,3268,Regional,Outer Regional Australia,82.34157514,"Outer Regional Australia,Inner Regional Australia"
Australia,3269,Regional,Outer Regional Australia,100,Outer Regional Australia
Australia,3270,Regional,Outer Regional Australia,100,Outer Regional Australia
Australia,3271,Regional,Outer Regional Australia,100,"Outer Regional Australia,Inner Regional Australia"
Australia,3272,Regional,Inner Regional Australia,52.73599023,"Outer Regional Australia,Inner Regional Australia"
Australia,3273,Regional,Outer Regional Australia,100,"Outer Regional Australia,Inner Regional Australia"
Australia,3274,Regional,Outer Regional Australia,100,"Outer Regional Australia,Inner Regional Australia"
Australia,3275,Regional,Inner Regional Australia,100,Inner Regional Australia
Australia,3276,Regional,Inner Regional Australia,100,"Outer Regional Australia,Inner Regional Australia"
Australia,3277,Regional,Inner Regional Australia,100,Inner Regional Australia
Australia,3278,Regional,Inner Regional Australia,100,Inner Regional Australia
Australia,3279,Regional,Inner Regional Australia,100,Inner Regional Australia
Australia,3280,Regional,Inner Regional Australia,100,Inner Regional Australia
Australia,3281,Regional,Inner Regional Australia,100,Inner Regional Australia
Australia,3282,Regional,Inner Regional Australia,100,Inner Regional Australia
Australia,3283,Regional,Inner Regional Australia,100,"Outer Regional Australia,Inner Regional Australia"
Australia,3284,Regional,Inner Regional Australia,51.12765476,"Outer Regional Australia,Inner Regional Australia"
Australia,3285,Regional,Outer Regional Australia,89.86500917,"Outer Regional Australia,Inner Regional Australia"
Australia,3286,Regional,Outer Regional Australia,100,Outer Regional Australia
Australia,3287,Regional,Outer Regional Australia,100,"Outer Regional Australia,Inner Regional Australia"
Australia,3289,Regional,Outer Regional Australia,100,Outer Regional Australia
Australia,3292,Regional,Outer Regional Australia,100,Outer Regional Australia
Australia,3293,Regional,Outer Regional Australia,100,Outer Regional Australia
Australia,3294,Regional,Outer Regional Australia,100,Outer Regional Australia
Australia,3300,Regional,Inner Regional Australia,61.40231178,"Outer Regional Australia,Inner Regional Australia"
Australia,3301,Regional,Outer Regional Australia,100,"Outer Regional Australia,Inner Regional Australia"
Australia,3302,Regional,Outer Regional Australia,100,"Outer Regional Australia,Inner Regional Australia"
Australia,3303,Regional,Outer Regional Australia,100,Outer Regional Australia
Australia,3304,Regional,Outer Regional Australia,100,Outer Regional Australia
Australia,3305,Regional,Outer Regional Australia,100,Outer Regional Australia
Australia,3309,Regional,Outer Regional Australia,100,Outer Regional Australia
Australia,3310,Regional,Outer Regional Australia,100,Outer Regional Australia
Australia,3311,Regional,Outer Regional Australia,100,Outer Regional Australia
Australia,3312,Regional,Outer Regional Australia,100,Outer Regional Australia
Australia,3314,Regional,Outer Regional Australia,100,Outer Regional Australia
Australia,3315,Regional,Outer Regional Australia,100,Outer Regional Australia
Australia,3317,Regional,Outer Regional Australia,100,Outer Regional Australia
Australia,3318,Regional,Outer Regional Australia,100,Outer Regional Australia
Australia,3319,Regional,Outer Regional Australia,100,Outer Regional Australia
Australia,3321,Regional,Inner Regional Australia,100,Inner Regional Australia
Australia,3322,Regional,Inner Regional Australia,80.92337001,"Outer Regional Australia,Inner Regional Australia"
Australia,3323,Regional,Outer Regional Australia,96.06824139,"Outer Regional Australia,Inner Regional Australia"
Australia,3324,Regional,Outer Regional Australia,100,"Outer Regional Australia,Inner Regional Australia"
Australia,3325,Regional,Outer Regional Australia,100,"Outer Regional Australia,Inner Regional Australia"
Australia,3328,Regional,Inner Regional Australia,100,Inner Regional Australia
Australia,3329,Regional,Inner Regional Australia,100,Inner Regional Australia
Australia,3330,Regional,Inner Regional Australia,100,Inner Regional Australia
Australia,3331,Regional,Inner Regional Australia,100,"Major Cities of Australia,Inner Regional Australia"
Australia,3332,Regional,Inner Regional Australia,100,Inner Regional Australia
Australia,3333,Regional,Inner Regional Australia,100,Inner Regional Australia
Australia,3334,Regional,Inner Regional Australia,100,Inner Regional Australia
Australia,3335,Metropolitan,Major Cities of Australia,100,Major Cities of Australia
Australia,3336,Metropolitan,Major Cities of Australia,100,Major Cities of Australia
Australia,3337,Metropolitan,Major Cities of Australia,68.56208138,"Major Cities of Australia,Inner Regional Australia"
Australia,3338,Regional,Inner Regional Australia,58.91523136,"Major Cities of Australia,Inner Regional Australia"
Australia,3340,Regional,Inner Regional Australia,96.90560925,"Major Cities of Australia,Inner Regional Australia"
Australia,3341,Regional,Inner Regional Australia,100,"Major Cities of Australia,Inner Regional Australia"
Australia,3342,Regional,Inner Regional Australia,100,Inner Regional Australia
Australia,3345,Regional,Inner Regional Australia,100,Inner Regional Australia
Australia,3350,Regional,Inner Regional Australia,100,Inner Regional Australia
Australia,3351,Regional,Outer Regional Australia,50.20205873,"Outer Regional Australia,Inner Regional Australia"
Australia,3352,Regional,Inner Regional Australia,98.19211357,"Outer Regional Australia,Inner Regional Australia"
Australia,3355,Regional,Inner Regional Australia,100,Inner Regional Australia
Australia,3356,Regional,Inner Regional Australia,100,Inner Regional Australia
Australia,3357,Regional,Inner Regional Australia,100,Inner Regional Australia
Australia,3358,Regional,Inner Regional Australia,100,Inner Regional Australia
Australia,3360,Regional,Inner Regional Australia,100,"Outer Regional Australia,Inner Regional Australia"
Australia,3361,Regional,Inner Regional Australia,56.97619004,"Outer Regional Australia,Inner Regional Australia"
Australia,3363,Regional,Inner Regional Australia,100,Inner Regional Australia
Australia,3364,Regional,Inner Regional Australia,100,Inner Regional Australia
Australia,3370,Regional,Inner Regional Australia,100,Inner Regional Australia
Australia,3371,Regional,Inner Regional Australia,100,Inner Regional Australia
Australia,3373,Regional,Inner Regional Australia,97.24600597,"Outer Regional Australia,Inner Regional Australia"
Australia,3374,Regional,Inner Regional Australia,84.07103015,"Outer Regional Australia,Inner Regional Australia"
Australia,3375,Regional,Inner Regional Australia,100,Inner Regional Australia
Australia,3377,Regional,Inner Regional Australia,75.08410857,"Outer Regional Australia,Inner Regional Australia"
Australia,3378,Regional,Inner Regional Australia,100,"Outer Regional Australia,Inner Regional Australia"
Australia,3379,Regional,Outer Regional Australia,99.76278185,"Outer Regional Australia,Inner Regional Australia"
Australia,3380,Regional,Inner Regional Australia,100,"Outer Regional Australia,Inner Regional Australia"
Australia,3381,Regional,Outer Regional Australia,89.65348258,"Outer Regional Australia,Inner Regional Australia"
Australia,3384,Regional,Outer Regional Australia,100,"Outer Regional Australia,Inner Regional Australia"
Australia,3385,Regional,Outer Regional Australia,91.19182821,"Outer Regional Australia,Inner Regional Australia"
Australia,3387,Regional,Outer Regional Australia,97.43846813,"Outer Regional Australia,Inner Regional Australia"
Australia,3388,Regional,Outer Regional Australia,100,Outer Regional Australia
Australia,3390,Regional,Outer Regional Australia,100,Outer Regional Australia
Australia,3391,Regional,Outer Regional Australia,100,"Outer Regional Australia,Remote Australia"
Australia,3392,Regional,Outer Regional Australia,100,Outer Regional Australia
Australia,3393,Regional,Outer Regional Australia,100,"Outer Regional Australia,Remote Australia"
Australia,3395,Remote,Remote Australia,91.1686243,"Outer Regional Australia,Remote Australia"
Australia,3396,Remote,Remote Australia,100,"Outer Regional Australia,Remote Australia"
Australia,3400,Regional,Outer Regional Australia,100,Outer Regional Australia
Australia,3401,Regional,Outer Regional Australia,100,Outer Regional Australia
Australia,3407,Regional,Outer Regional Australia,100,Outer Regional Australia
Australia,3409,Regional,Outer Regional Australia,100,Outer Regional Australia
Australia,3412,Regional,Outer Regional Australia,100,Outer Regional Australia
Australia,3413,Regional,Outer Regional Australia,100,Outer Regional Australia
Australia,3414,Regional,Outer Regional Australia,100,Outer Regional Australia
Australia,3415,Regional,Outer Regional Australia,100,Outer Regional Australia
Australia,3418,Regional,Outer Regional Australia,100,"Outer Regional Australia,Remote Australia"
Australia,3419,Regional,Outer Regional Australia,100,"Outer Regional Australia,Remote Australia"
Australia,3420,Remote,Remote Australia,52.42729113,"Outer Regional Australia,Remote Australia"
Australia,3423,Regional,Outer Regional Australia,100,"Outer Regional Australia,Remote Australia"
Australia,3424,Remote,Remote Australia,100,"Outer Regional Australia,Remote Australia"
Australia,3427,Metropolitan,Major Cities of Australia,100,"Major Cities of Australia,Inner Regional Australia"
Australia,3428,Metropolitan,Major Cities of Australia,100,"Major Cities of Australia,Inner Regional Australia"
Australia,3429,Metropolitan,Major Cities of Australia,50.46478751,"Major Cities of Australia,Inner Regional Australia"
Australia,3430,Regional,Inner Regional Australia,82.94019279,"Major Cities of Australia,Inner Regional Australia"
Australia,3431,Regional,Inner Regional Australia,100,Inner Regional Australia
Australia,3432,Regional,Inner Regional Australia,100,Inner Regional Australia
Australia,3433,Regional,Inner Regional Australia,100,Inner Regional Australia
Australia,3434,Regional,Inner Regional Australia,100,Inner Regional Australia
Australia,3435,Regional,Inner Regional Australia,100,Inner Regional Australia
Australia,3437,Regional,Inner Regional Australia,100,"Major Cities of Australia,Inner Regional Australia"
Australia,3438,Regional,Inner Regional Australia,100,Inner Regional Australia
Australia,3440,Regional,Inner Regional Australia,100,Inner Regional Australia
Australia,3441,Regional,Inner Regional Australia,100,Inner Regional Australia
Australia,3442,Regional,Inner Regional Australia,100,Inner Regional Australia
Australia,3444,Regional,Inner Regional Australia,100,Inner Regional Australia
Australia,3446,Regional,Inner Regional Australia,100,Inner Regional Australia
Australia,3447,Regional,Inner Regional Australia,100,Inner Regional Australia
Australia,3448,Regional,Inner Regional Australia,100,Inner Regional Australia
Australia,3450,Regional,Inner Regional Australia,100,Inner Regional Australia
Australia,3451,Regional,Inner Regional Australia,100,Inner Regional Australia
Australia,3453,Regional,Inner Regional Australia,100,Inner Regional Australia
Australia,3458,Regional,Inner Regional Australia,100,Inner Regional Australia
Australia,3460,Regional,Inner Regional Australia,100,Inner Regional Australia
Australia,3461,Regional,Inner Regional Australia,100,Inner Regional Australia
Australia,3462,Regional,Inner Regional Australia,100,Inner Regional Australia
Australia,3463,Regional,Inner Regional Australia,100,Inner Regional Australia
Australia,3464,Regional,Inner Regional Australia,100,Inner Regional Australia
Australia,3465,Regional,Inner Regional Australia,96.05101602,"Outer Regional Australia,Inner Regional Australia"
Australia,3467,Regional,Inner Regional Australia,100,"Outer Regional Australia,Inner Regional Australia"
Australia,3468,Regional,Inner Regional Australia,100,"Outer Regional Australia,Inner Regional Australia"
Australia,3469,Regional,Outer Regional Australia,71.33850337,"Outer Regional Australia,Inner Regional Australia"
Australia,3472,Regional,Inner Regional Australia,94.44906166,"Outer Regional Australia,Inner Regional Australia"
Australia,3475,Regional,Outer Regional Australia,59.23306758,"Outer Regional Australia,Inner Regional Australia"
Australia,3477,Regional,Outer Regional Australia,96.95897906,"Outer Regional Australia,Inner Regional Australia"
Australia,3478,Regional,Outer Regional Australia,83.19808467,"Outer Regional Australia,Inner Regional Australia"
Australia,3480,Regional,Outer Regional Australia,100,Outer Regional Australia
Australia,3482,Regional,Outer Regional Australia,100,Outer Regional Australia
Australia,3483,Regional,Outer Regional Australia,100,"Outer Regional Australia,Remote Australia"
Australia,3485,Regional,Outer Regional Australia,100,"Outer Regional Australia,Remote Australia"
Australia,3487,Regional,Outer Regional Australia,100,"Outer Regional Australia,Remote Australia"
Australia,3488,Regional,Outer Regional Australia,100,Outer Regional Australia
Australia,3489,Regional,Outer Regional Australia,100,Outer Regional Australia
Australia,3490,Regional,Outer Regional Australia,55.19844271,"Outer Regional Australia,Remote Australia"
Australia,3491,Regional,Outer Regional Australia,100,"Outer Regional Australia,Remote Australia"
Australia,3494,Regional,Outer Regional Australia,100,"Outer Regional Australia,Remote Australia"
Australia,3496,Regional,Outer Regional Australia,100,"Outer Regional Australia,Remote Australia"
Australia,3498,Regional,Outer Regional Australia,100,"Outer Regional Australia,Remote Australia"
Australia,3500,Regional,Outer Regional Australia,100,Outer Regional Australia
Australia,3501,Regional,Outer Regional Australia,100,"Outer Regional Australia,Remote Australia"
Australia,3505,Regional,Outer Regional Australia,100,"Outer Regional Australia,Remote Australia"
Australia,3506,Remote,Remote Australia,100,"Outer Regional Australia,Remote Australia"
Australia,3507,Regional,Outer Regional Australia,100,"Outer Regional Australia,Remote Australia"
Australia,3509,Remote,Remote Australia,100,"Outer Regional Australia,Remote Australia"
Australia,3512,Remote,Remote Australia,100,"Outer Regional Australia,Remote Australia"
Australia,3515,Regional,Inner Regional Australia,100,Inner Regional Australia
Australia,3516,Regional,Inner Regional Australia,100,"Outer Regional Australia,Inner Regional Australia"
Australia,3517,Regional,Outer Regional Australia,60.90106925,"Outer Regional Australia,Inner Regional Australia"
Australia,3518,Regional,Outer Regional Australia,100,"Outer Regional Australia,Inner Regional Australia"
Australia,3520,Regional,Outer Regional Australia,100,Outer Regional Australia
Australia,3521,Regional,Inner Regional Australia,100,Inner Regional Australia
Australia,3522,Regional,Inner Regional Australia,100,Inner Regional Australia
Australia,3523,Regional,Inner Regional Australia,100,Inner Regional Australia
Australia,3525,Regional,Outer Regional Australia,100,Outer Regional Australia
Australia,3527,Regional,Outer Regional Australia,100,Outer Regional Australia
Australia,3529,Regional,Outer Regional Australia,100,Outer Regional Australia
Australia,3530,Regional,Outer Regional Australia,100,Outer Regional Australia
Australia,3531,Regional,Outer Regional Australia,100,Outer Regional Australia
Australia,3533,Regional,Outer Regional Australia,100,Outer Regional Australia
Australia,3537,Regional,Outer Regional Australia,100,Outer Regional Australia
Australia,3540,Regional,Outer Regional Australia,100,Outer Regional Australia
Australia,3542,Regional,Outer Regional Australia,100,Outer Regional Australia
Australia,3544,Regional,Outer Regional Australia,100,Outer Regional Australia
Australia,3546,Regional,Outer Regional Australia,100,Outer Regional Australia
Australia,3549,Regional,Outer Regional Australia,100,Outer Regional Australia
Australia,3550,Regional,Inner Regional Australia,100,Inner Regional Australia
Australia,3551,Regional,Inner Regional Australia,100,"Outer Regional Australia,Inner Regional Australia"
Australia,3555,Regional,Inner Regional Australia,100,Inner Regional Australia
Australia,3556,Regional,Inner Regional Australia,100,Inner Regional Australia
Australia,3557,Regional,Inner Regional Australia,100,Inner Regional Australia
Australia,3558,Regional,Inner Regional Australia,100,Inner Regional Australia
Australia,3559,Regional,Inner Regional Australia,100,Inner Regional Australia
Australia,3561,Regional,Inner Regional Australia,100,Inner Regional Australia
Australia,3562,Regional,Inner Regional Australia,100,"Outer Regional Australia,Inner Regional Australia"
Australia,3563,Regional,Inner Regional Australia,100,Inner Regional Australia
Australia,3564,Regional,Inner Regional Australia,100,"Outer Regional Australia,Inner Regional Australia"
Australia,3565,Regional,Inner Regional Australia,100,Inner Regional Australia
Australia,3566,Regional,Outer Regional Australia,100,"Outer Regional Australia,Inner Regional Australia"
Australia,3567,Regional,Outer Regional Australia,100,Outer Regional Australia
Australia,3568,Regional,Outer Regional Australia,100,Outer Regional Australia
Australia,3570,Regional,Inner Regional Australia,86.94114038,"Outer Regional Australia,Inner Regional Australia"
Australia,3571,Regional,Inner Regional Australia,68.47713305,"Outer Regional Australia,Inner Regional Australia"
Australia,3572,Regional,Inner Regional Australia,100,"Outer Regional Australia,Inner Regional Australia"
Australia,3573,Regional,Inner Regional Australia,55.82988046,"Outer Regional Australia,Inner Regional Australia"
Australia,3575,Regional,Outer Regional Australia,100,"Outer Regional Australia,Inner Regional Australia"
Australia,3576,Regional,Outer Regional Australia,100,Outer Regional Australia
Australia,3579,Regional,Outer Regional Australia,100,Outer Regional Australia
Australia,3580,Regional,Outer Regional Australia,100,Outer Regional Australia
Australia,3581,Regional,Outer Regional Australia,100,Outer Regional Australia
Australia,3583,Regional,Outer Regional Australia,100,Outer Regional Australia
Australia,3584,Regional,Outer Regional Australia,100,Outer Regional Australia
Australia,3585,Regional,Outer Regional Australia,100,Outer Regional Australia
Australia,3586,Regional,Outer Regional Australia,100,Outer Regional Australia
Australia,3588,Regional,Outer Regional Australia,100,Outer Regional Australia
Australia,3589,Regional,Outer Regional Australia,100,Outer Regional Australia
Australia,3590,Regional,Outer Regional Australia,100,Outer Regional Australia
Australia,3591,Regional,Outer Regional Australia,100,Outer Regional Australia
Australia,3594,Regional,Outer Regional Australia,100,Outer Regional Australia
Australia,3595,Regional,Outer Regional Australia,100,Outer Regional Australia
Australia,3596,Regional,Outer Regional Australia,100,Outer Regional Australia
Australia,3597,Regional,Outer Regional Australia,100,"Outer Regional Australia,Remote Australia"
Australia,3599,Regional,Outer Regional Australia,100,"Outer Regional Australia,Remote Australia"
Australia,3607,Regional,Inner Regional Australia,100,Inner Regional Australia
Australia,3608,Regional,Inner Regional Australia,100,Inner Regional Australia
Australia,3610,Regional,Inner Regional Australia,100,Inner Regional Australia
Australia,3612,Regional,Inner Regional Australia,100,Inner Regional Australia
Australia,3614,Regional,Inner Regional Australia,100,Inner Regional Australia
Australia,3616,Regional,Inner Regional Australia,100,Inner Regional Australia
Australia,3617,Regional,Inner Regional Australia,100,Inner Regional Australia
Australia,3618,Regional,Inner Regional Australia,100,Inner Regional Australia
Australia,3620,Regional,Inner Regional Australia,100,Inner Regional Australia
Australia,3621,Regional,Inner Regional Australia,100,Inner Regional Australia
Australia,3622,Regional,Inner Regional Australia,100,Inner Regional Australia
Australia,3623,Regional,Inner Regional Australia,100,Inner Regional Australia
Australia,3624,Regional,Inner Regional Australia,100,Inner Regional Australia
Australia,3629,Regional,Inner Regional Australia,100,Inner Regional Australia
Australia,3630,Regional,Inner Regional Australia,100,Inner Regional Australia
Australia,3631,Regional,Inner Regional Australia,100,Inner Regional Australia
Australia,3633,Regional,Inner Regional Australia,100,Inner Regional Australia
Australia,3634,Regional,Inner Regional Australia,100,Inner Regional Australia
Australia,3635,Regional,Inner Regional Australia,100,Inner Regional Australia
Australia,3636,Regional,Inner Regional Australia,100,Inner Regional Australia
Australia,3637,Regional,Outer Regional Australia,68.51021726,"Outer Regional Australia,Inner Regional Australia"
Australia,3638,Regional,Inner Regional Australia,71.13702447,"Outer Regional Australia,Inner Regional Australia"
Australia,3639,Regional,Outer Regional Australia,84.91943292,"Outer Regional Australia,Inner Regional Australia"
Australia,3640,Regional,Inner Regional Australia,100,"Outer Regional Australia,Inner Regional Australia"
Australia,3641,Regional,Inner Regional Australia,88.33668877,"Outer Regional Australia,Inner Regional Australia"
Australia,3644,Regional,Inner Regional Australia,100,"Outer Regional Australia,Inner Regional Australia"
Australia,3646,Regional,Inner Regional Australia,100,Inner Regional Australia
Australia,3647,Regional,Inner Regional Australia,100,Inner Regional Australia
Australia,3649,Regional,Inner Regional Australia,100,Inner Regional Australia
Australia,3658,Regional,Inner Regional Australia,100,Inner Regional Australia
Australia,3659,Regional,Inner Regional Australia,100,Inner Regional Australia
Australia,3660,Regional,Inner Regional Australia,100,Inner Regional Australia
Australia,3662,Regional,Inner Regional Australia,100,Inner Regional Australia
Australia,3663,Regional,Inner Regional Australia,100,Inner Regional Australia
Australia,3664,Regional,Inner Regional Australia,100,Inner Regional Australia
Australia,3665,Regional,Inner Regional Australia,100,Inner Regional Australia
Australia,3666,Regional,Inner Regional Australia,100,"Outer Regional Australia,Inner Regional Australia"
Australia,3669,Regional,Inner Regional Australia,100,"Outer Regional Australia,Inner Regional Australia"
Australia,3670,Regional,Inner Regional Australia,100,Inner Regional Australia
Australia,3672,Regional,Inner Regional Australia,100,"Outer Regional Australia,Inner Regional Australia"
Australia,3673,Regional,Inner Regional Australia,73.96183737,"Outer Regional Australia,Inner Regional Australia"
Australia,3675,Regional,Inner Regional Australia,100,"Outer Regional Australia,Inner Regional Australia"
Australia,3677,Regional,Inner Regional Australia,100,Inner Regional Australia
Australia,3678,Regional,Inner Regional Australia,57.47043006,"Outer Regional Australia,Inner Regional Australia"
Australia,3682,Regional,Inner Regional Australia,100,Inner Regional Australia
Australia,3683,Regional,Inner Regional Australia,100,Inner Regional Australia
Australia,3685,Regional,Inner Regional Australia,100,Inner Regional Australia
Australia,3687,Regional,Inner Regional Australia,100,Inner Regional Australia
Australia,3688,Regional,Inner Regional Australia,100,Inner Regional Australia
Australia,3690,Regional,Inner Regional Australia,100,Inner Regional Australia
Australia,3691,Regional,Inner Regional Australia,75.88528682,"Outer Regional Australia,Inner Regional Australia"
Australia,3695,Regional,Inner Regional Australia,100,"Outer Regional Australia,Inner Regional Australia"
Australia,3697,Regional,Outer Regional Australia,99.0216754,"Outer Regional Australia,Inner Regional Australia"
Australia,3698,Regional,Outer Regional Australia,86.03393445,"Outer Regional Australia,Inner Regional Australia"
Australia,3699,Regional,Outer Regional Australia,98.95871459,"Outer Regional Australia,Inner Regional Australia"
Australia,3700,Regional,Outer Regional Australia,61.58303733,"Outer Regional Australia,Inner Regional Australia"
Australia,3701,Regional,Outer Regional Australia,99.95405019,"Outer Regional Australia,Inner Regional Australia"
Australia,3704,Regional,Outer Regional Australia,100,Outer Regional Australia
Australia,3705,Regional,Outer Regional Australia,100,Outer Regional Australia
Australia,3707,Regional,Outer Regional Australia,100,Outer Regional Australia
Australia,3708,Regional,Outer Regional Australia,100,Outer Regional Australia
Australia,3709,Regional,Outer Regional Australia,100,Outer Regional Australia
Australia,3711,Regional,Inner Regional Australia,100,"Outer Regional Australia,Inner Regional Australia"
Australia,3712,Regional,Outer Regional Australia,75.71525381,"Outer Regional Australia,Inner Regional Australia"
Australia,3713,Regional,Outer Regional Australia,100,"Outer Regional Australia,Inner Regional Australia"
Australia,3714,Regional,Inner Regional Australia,95.31419898,"Outer Regional Australia,Inner Regional Australia"
Australia,3715,Regional,Outer Regional Australia,100,"Outer Regional Australia,Inner Regional Australia"
Australia,3717,Regional,Inner Regional Australia,100,Inner Regional Australia
Australia,3718,Regional,Inner Regional Australia,100,Inner Regional Australia
Australia,3719,Regional,Inner Regional Australia,100,"Outer Regional Australia,Inner Regional Australia"
Australia,3720,Regional,Outer Regional Australia,100,"Outer Regional Australia,Inner Regional Australia"
Australia,3722,Regional,Outer Regional Australia,100,Outer Regional Australia
Australia,3723,Regional,Outer Regional Australia,98.50239678,"Outer Regional Australia,Inner Regional Australia"
Australia,3725,Regional,Inner Regional Australia,100,Inner Regional Australia
Australia,3726,Regional,Inner Regional Australia,100,Inner Regional Australia
Australia,3727,Regional,Inner Regional Australia,100,Inner Regional Australia
Australia,3728,Regional,Inner Regional Australia,100,Inner Regional Australia
Australia,3730,Regional,Inner Regional Australia,100,"Outer Regional Australia,Inner Regional Australia"
Australia,3732,Regional,Outer Regional Australia,61.85807944,"Outer Regional Australia,Inner Regional Australia"
Australia,3733,Regional,Outer Regional Australia,100,Outer Regional Australia
Australia,3735,Regional,Inner Regional Australia,100,"Outer Regional Australia,Inner Regional Australia"
Australia,3737,Regional,Outer Regional Australia,73.0988736,"Outer Regional Australia,Inner Regional Australia"
Australia,3738,Regional,Inner Regional Australia,100,"Outer Regional Australia,Inner Regional Australia"
Australia,3739,Regional,Inner Regional Australia,100,"Outer Regional Australia,Inner Regional Australia"
Australia,3740,Regional,Outer Regional Australia,100,"Outer Regional Australia,Inner Regional Australia"
Australia,3741,Regional,Outer Regional Australia,100,"Outer Regional Australia,Inner Regional Australia"
Australia,3744,Regional,Outer Regional Australia,100,Outer Regional Australia
Australia,3746,Regional,Inner Regional Australia,100,Inner Regional Australia
Australia,3747,Regional,Inner Regional Australia,100,Inner Regional Australia
Australia,3749,Regional,Inner Regional Australia,100,Inner Regional Australia
Australia,3750,Metropolitan,Major Cities of Australia,100,Major Cities of Australia
Australia,3751,Metropolitan,Major Cities of Australia,100,"Major Cities of Australia,Inner Regional Australia"
Australia,3752,Metropolitan,Major Cities of Australia,100,Major Cities of Australia
Australia,3753,Regional,Inner Regional Australia,77.72360341,"Major Cities of Australia,Inner Regional Australia"
Australia,3754,Metropolitan,Major Cities of Australia,100,"Major Cities of Australia,Inner Regional Australia"
Australia,3755,Metropolitan,Major Cities of Australia,100,"Major Cities of Australia,Inner Regional Australia"
Australia,3756,Regional,Inner Regional Australia,84.26720486,"Major Cities of Australia,Inner Regional Australia"
Australia,3757,Regional,Inner Regional Australia,95.46948056,"Major Cities of Australia,Inner Regional Australia"
Australia,3758,Regional,Inner Regional Australia,100,"Major Cities of Australia,Inner Regional Australia"
Australia,3759,Metropolitan,Major Cities of Australia,56.6044034,"Major Cities of Australia,Inner Regional Australia"
Australia,3760,Regional,Inner Regional Australia,100,"Major Cities of Australia,Inner Regional Australia"
Australia,3761,Regional,Inner Regional Australia,100,"Major Cities of Australia,Inner Regional Australia"
Australia,3762,Regional,Inner Regional Australia,100,"Major Cities of Australia,Inner Regional Australia"
Australia,3763,Regional,Inner Regional Australia,100,Inner Regional Australia
Australia,3764,Regional,Inner Regional Australia,100,Inner Regional Australia
Australia,3765,Metropolitan,Major Cities of Australia,100,Major Cities of Australia
Australia,3766,Metropolitan,Major Cities of Australia,100,Major Cities of Australia
Australia,3767,Metropolitan,Major Cities of Australia,100,Major Cities of Australia
Australia,3770,Regional,Inner Regional Australia,62.12903262,"Major Cities of Australia,Inner Regional Australia"
Australia,3775,Regional,Inner Regional Australia,100,"Major Cities of Australia,Inner Regional Australia"
Australia,3777,Regional,Inner Regional Australia,100,Inner Regional Australia
Australia,3778,Regional,Inner Regional Australia,100,Inner Regional Australia
Australia,3779,Regional,Inner Regional Australia,100,"Outer Regional Australia,Inner Regional Australia"
Australia,3781,Metropolitan,Major Cities of Australia,90.7318554,"Major Cities of Australia,Inner Regional Australia"
Australia,3782,Metropolitan,Major Cities of Australia,100,"Major Cities of Australia,Inner Regional Australia"
Australia,3783,Regional,Inner Regional Australia,92.07400674,"Major Cities of Australia,Inner Regional Australia"
Australia,3785,Metropolitan,Major Cities of Australia,100,Major Cities of Australia
Australia,3786,Metropolitan,Major Cities of Australia,100,Major Cities of Australia
Australia,3787,Metropolitan,Major Cities of Australia,100,Major Cities of Australia
Australia,3788,Metropolitan,Major Cities of Australia,100,Major Cities of Australia
Australia,3789,Metropolitan,Major Cities of Australia,100,Major Cities of Australia
Australia,3791,Metropolitan,Major Cities of Australia,100,Major Cities of Australia
Australia,3792,Metropolitan,Major Cities of Australia,100,Major Cities of Australia
Australia,3793,Metropolitan,Major Cities of Australia,100,Major Cities of Australia
Australia,3795,Metropolitan,Major Cities of Australia,100,"Major Cities of Australia,Inner Regional Australia"
Australia,3796,Metropolitan,Major Cities of Australia,100,Major Cities of Australia
Australia,3797,Regional,Inner Regional Australia,100,Inner Regional Australia
Australia,3799,Regional,Inner Regional Australia,100,Inner Regional Australia
Australia,3802,Metropolitan,Major Cities of Australia,100,Major Cities of Australia
Australia,3803,Metropolitan,Major Cities of Australia,100,Major Cities of Australia
Australia,3804,Metropolitan,Major Cities of Australia,100,Major Cities of Australia
Australia,3805,Metropolitan,Major Cities of Australia,100,Major Cities of Australia
Australia,3806,Metropolitan,Major Cities of Australia,100,Major Cities of Australia
Australia,3807,Metropolitan,Major Cities of Australia,100,Major Cities of Australia
Australia,3808,Metropolitan,Major Cities of Australia,100,Major Cities of Australia
Australia,3809,Metropolitan,Major Cities of Australia,100,Major Cities of Australia
Australia,3810,Metropolitan,Major Cities of Australia,84.98542445,"Major Cities of Australia,Inner Regional Australia"
Australia,3812,Regional,Inner Regional Australia,92.6596337,"Major Cities of Australia,Inner Regional Australia"
Australia,3813,Regional,Inner Regional Australia,100,Inner Regional Australia
Australia,3814,Regional,Inner Regional Australia,100,Inner Regional Australia
Australia,3815,Regional,Inner Regional Australia,100,Inner Regional Australia
Australia,3816,Regional,Inner Regional Australia,100,Inner Regional Australia
Australia,3818,Regional,Inner Regional Australia,100,Inner Regional Australia
Australia,3820,Regional,Inner Regional Australia,100,Inner Regional Australia
Australia,3821,Regional,Inner Regional Australia,100,Inner Regional Australia
Australia,3822,Regional,Inner Regional Australia,100,Inner Regional Australia
Australia,3823,Regional,Inner Regional Australia,100,Inner Regional Australia
Australia,3824,Regional,Inner Regional Australia,100,Inner Regional Australia
Australia,3825,Regional,Inner Regional Australia,57.61836981,"Outer Regional Australia,Inner Regional Australia"
Australia,3831,Regional,Inner Regional Australia,100,Inner Regional Australia
Australia,3832,Regional,Inner Regional Australia,100,Inner Regional Australia
Australia,3833,Regional,Inner Regional Australia,74.94524276,"Outer Regional Australia,Inner Regional Australia"
Australia,3835,Regional,Inner Regional Australia,100,Inner Regional Australia
Australia,3840,Regional,Inner Regional Australia,100,Inner Regional Australia
Australia,3842,Regional,Inner Regional Australia,100,Inner Regional Australia
Australia,3844,Regional,Inner Regional Australia,96.12494323,"Outer Regional Australia,Inner Regional Australia"
Australia,3847,Regional,Inner Regional Australia,76.83013755,"Outer Regional Australia,Inner Regional Australia"
Australia,3850,Regional,Inner Regional Australia,100,"Outer Regional Australia,Inner Regional Australia"
Australia,3851,Regional,Outer Regional Australia,64.65272967,"Outer Regional Australia,Inner Regional Australia"
Australia,3852,Regional,Inner Regional Australia,100,Inner Regional Australia
Australia,3854,Regional,Inner Regional Australia,100,Inner Regional Australia
Australia,3856,Regional,Inner Regional Australia,100,"Outer Regional Australia,Inner Regional Australia"
Australia,3857,Regional,Inner Regional Australia,100,"Outer Regional Australia,Inner Regional Australia"
Australia,3858,Regional,Outer Regional Australia,88.44795857,"Outer Regional Australia,Inner Regional Australia"
Australia,3859,Regional,Inner Regional Australia,100,"Outer Regional Australia,Inner Regional Australia"
Australia,3860,Regional,Outer Regional Australia,90.15482762,"Outer Regional Australia,Inner Regional Australia"
Australia,3862,Regional,Outer Regional Australia,94.90908084,"Outer Regional Australia,Inner Regional Australia"
Australia,3864,Regional,Outer Regional Australia,100,Outer Regional Australia
Australia,3865,Regional,Outer Regional Australia,100,Outer Regional Australia
Australia,3869,Regional,Inner Regional Australia,100,Inner Regional Australia
Australia,3870,Regional,Inner Regional Australia,100,Inner Regional Australia
Australia,3871,Regional,Inner Regional Australia,100,Inner Regional Australia
Australia,3873,Regional,Inner Regional Australia,100,"Outer Regional Australia,Inner Regional Australia"
Australia,3874,Regional,Outer Regional Australia,95.7164925,"Outer Regional Australia,Remote Australia,Inner Regional Australia"
Australia,3875,Regional,Outer Regional Australia,100,Outer Regional Australia
Australia,3878,Regional,Outer Regional Australia,100,Outer Regional Australia
Australia,3880,Regional,Outer Regional Australia,100,Outer Regional Australia
Australia,3882,Regional,Outer Regional Australia,100,Outer Regional Australia
Australia,3885,Regional,Outer Regional Australia,62.18104079,"Outer Regional Australia,Remote Australia"
Australia,3886,Regional,Outer Regional Australia,100,Outer Regional Australia
Australia,3887,Regional,Outer Regional Australia,100,Outer Regional Australia
Australia,3888,Remote,Remote Australia,74.16270035,"Outer Regional Australia,Remote Australia"
Australia,3889,Remote,Remote Australia,79.36048677,"Outer Regional Australia,Remote Australia"
Australia,3890,Remote,Remote Australia,100,"Outer Regional Australia,Remote Australia"
Australia,3891,Regional,Outer Regional Australia,100,"Outer Regional Australia,Remote Australia"
Australia,3892,Regional,Outer Regional Australia,100,Outer Regional Australia
Australia,3893,Regional,Outer Regional Australia,100,Outer Regional Australia
Australia,3895,Regional,Outer Regional Australia,100,Outer Regional Australia
Australia,3896,Regional,Outer Regional Australia,100,Outer Regional Australia
Australia,3898,Regional,Outer Regional Australia,100,Outer Regional Australia
Australia,3900,Regional,Outer Regional Australia,100,"Outer Regional Australia,Remote Australia"
Australia,3902,Regional,Outer Regional Australia,100,Outer Regional Australia
Australia,3903,Regional,Outer Regional Australia,100,Outer Regional Australia
Australia,3904,Regional,Outer Regional Australia,100,Outer Regional Australia
Australia,3909,Regional,Outer Regional Australia,100,Outer Regional Australia
Australia,3910,Metropolitan,Major Cities of Australia,100,Major Cities of Australia
Australia,3911,Metropolitan,Major Cities of Australia,100,Major Cities of Australia
Australia,3912,Metropolitan,Major Cities of Australia,100,"Major Cities of Australia,Inner Regional Australia"
Australia,3913,Metropolitan,Major Cities of Australia,100,Major Cities of Australia
Australia,3915,Metropolitan,Major Cities of Australia,100,"Major Cities of Australia,Inner Regional Australia"
Australia,3916,Regional,Inner Regional Australia,100,"Major Cities of Australia,Inner Regional Australia"
Australia,3918,Metropolitan,Major Cities of Australia,100,Major Cities of Australia
Australia,3919,Metropolitan,Major Cities of Australia,100,Major Cities of Australia
Australia,3920,Metropolitan,Major Cities of Australia,100,Major Cities of Australia
Australia,3921,Regional,Outer Regional Australia,100,Outer Regional Australia
Australia,3922,Regional,Inner Regional Australia,100,Inner Regional Australia
Australia,3923,Regional,Inner Regional Australia,100,Inner Regional Australia
Australia,3925,Regional,Inner Regional Australia,100,Inner Regional Australia
Australia,3926,Metropolitan,Major Cities of Australia,53.379532,"Major Cities of Australia,Inner Regional Australia"
Australia,3927,Metropolitan,Major Cities of Australia,100,Major Cities of Australia
Australia,3928,Regional,Inner Regional Australia,100,"Major Cities of Australia,Inner Regional Australia"
Australia,3929,Regional,Inner Regional Australia,100,Inner Regional Australia
Australia,3930,Metropolitan,Major Cities of Australia,100,Major Cities of Australia
Australia,3931,Metropolitan,Major Cities of Australia,100,Major Cities of Australia
Australia,3933,Metropolitan,Major Cities of Australia,100,Major Cities of Australia
Australia,3934,Metropolitan,Major Cities of Australia,100,Major Cities of Australia
Australia,3936,Metropolitan,Major Cities of Australia,100,"Major Cities of Australia,Inner Regional Australia"
Australia,3937,Regional,Inner Regional Australia,100,"Major Cities of Australia,Inner Regional Australia"
Australia,3938,Metropolitan,Major Cities of Australia,100,Major Cities of Australia
Australia,3939,Regional,Inner Regional Australia,66.487963,"Major Cities of Australia,Inner Regional Australia"
Australia,3940,Metropolitan,Major Cities of Australia,100,"Major Cities of Australia,Inner Regional Australia"
Australia,3941,Metropolitan,Major Cities of Australia,100,"Major Cities of Australia,Inner Regional Australia"
Australia,3942,Metropolitan,Major Cities of Australia,100,Major Cities of Australia
Australia,3943,Metropolitan,Major Cities of Australia,100,Major Cities of Australia
Australia,3944,Metropolitan,Major Cities of Australia,100,Major Cities of Australia
Australia,3945,Regional,Inner Regional Australia,100,Inner Regional Australia
Australia,3946,Regional,Inner Regional Australia,100,Inner Regional Australia
Australia,3950,Regional,Inner Regional Australia,100,Inner Regional Australia
Australia,3951,Regional,Inner Regional Australia,100,Inner Regional Australia
Australia,3953,Regional,Inner Regional Australia,100,Inner Regional Australia
Australia,3954,Regional,Inner Regional Australia,100,Inner Regional Australia
Australia,3956,Regional,Inner Regional Australia,75.00900226,"Outer Regional Australia,Inner Regional Australia"
Australia,3957,Regional,Inner Regional Australia,100,Inner Regional Australia
Australia,3958,Regional,Inner Regional Australia,100,Inner Regional Australia
Australia,3959,Regional,Inner Regional Australia,69.70203727,"Outer Regional Australia,Inner Regional Australia"
Australia,3960,Regional,Outer Regional Australia,69.007616,"Outer Regional Australia,Inner Regional Australia"
Australia,3962,Regional,Inner Regional Australia,100,"Outer Regional Australia,Inner Regional Australia"
Australia,3964,Regional,Inner Regional Australia,100,Inner Regional Australia
Australia,3965,Regional,Outer Regional Australia,100,Outer Regional Australia
Australia,3966,Regional,Outer Regional Australia,52.45460239,"Outer Regional Australia,Inner Regional Australia"
Australia,3967,Regional,Inner Regional Australia,60.23062216,"Outer Regional Australia,Remote Australia,Inner Regional Australia"
Australia,3971,Regional,Inner Regional Australia,80.16951626,"Outer Regional Australia,Remote Australia,Inner Regional Australia"
Australia,3975,Metropolitan,Major Cities of Australia,100,Major Cities of Australia
Australia,3976,Metropolitan,Major Cities of Australia,100,Major Cities of Australia
Australia,3977,Metropolitan,Major Cities of Australia,78.05537684,"Major Cities of Australia,Inner Regional Australia"
Australia,3978,Metropolitan,Major Cities of Australia,100,"Major Cities of Australia,Inner Regional Australia"
Australia,3979,Regional,Inner Regional Australia,100,Inner Regional Australia
Australia,3980,Metropolitan,Major Cities of Australia,76.34354987,"Major Cities of Australia,Inner Regional Australia"
Australia,3981,Regional,Inner Regional Australia,91.33211239,"Major Cities of Australia,Inner Regional Australia"
Australia,3984,Regional,Inner Regional Australia,100,Inner Regional Australia
Australia,3987,Regional,Inner Regional Australia,100,Inner Regional Australia
Australia,3988,Regional,Inner Regional Australia,100,Inner Regional Australia
Australia,3990,Regional,Inner Regional Australia,100,Inner Regional Australia
Australia,3991,Regional,Inner Regional Australia,100,Inner Regional Australia
Australia,3992,Regional,Inner Regional Australia,100,Inner Regional Australia
Australia,3995,Regional,Inner Regional Australia,100,Inner Regional Australia
Australia,3996,Regional,Inner Regional Australia,100,Inner Regional Australia
Australia,4000,Metropolitan,Major Cities of Australia,100,Major Cities of Australia
Australia,4005,Metropolitan,Major Cities of Australia,100,Major Cities of Australia
Australia,4006,Metropolitan,Major Cities of Australia,100,Major Cities of Australia
Australia,4007,Metropolitan,Major Cities of Australia,100,Major Cities of Australia
Australia,4008,Metropolitan,Major Cities of Australia,100,Major Cities of Australia
Australia,4009,Metropolitan,Major Cities of Australia,100,Major Cities of Australia
Australia,4010,Metropolitan,Major Cities of Australia,100,Major Cities of Australia
Australia,4011,Metropolitan,Major Cities of Australia,100,Major Cities of Australia
Australia,4012,Metropolitan,Major Cities of Australia,100,Major Cities of Australia
Australia,4013,Metropolitan,Major Cities of Australia,100,Major Cities of Australia
Australia,4014,Metropolitan,Major Cities of Australia,100,Major Cities of Australia
Australia,4017,Metropolitan,Major Cities of Australia,100,Major Cities of Australia
Australia,4018,Metropolitan,Major Cities of Australia,100,Major Cities of Australia
Australia,4019,Metropolitan,Major Cities of Australia,100,Major Cities of Australia
Australia,4020,Metropolitan,Major Cities of Australia,100,Major Cities of Australia
Australia,4021,Metropolitan,Major Cities of Australia,100,Major Cities of Australia
Australia,4022,Metropolitan,Major Cities of Australia,100,Major Cities of Australia
Australia,4025,Remote,Remote Australia,100,Remote Australia
Australia,4030,Metropolitan,Major Cities of Australia,100,Major Cities of Australia
Australia,4031,Metropolitan,Major Cities of Australia,100,Major Cities of Australia
Australia,4032,Metropolitan,Major Cities of Australia,100,Major Cities of Australia
Australia,4034,Metropolitan,Major Cities of Australia,100,Major Cities of Australia
Australia,4035,Metropolitan,Major Cities of Australia,100,Major Cities of Australia
Australia,4036,Metropolitan,Major Cities of Australia,100,Major Cities of Australia
Australia,4037,Metropolitan,Major Cities of Australia,100,Major Cities of Australia
Australia,4051,Metropolitan,Major Cities of Australia,100,Major Cities of Australia
Australia,4053,Metropolitan,Major Cities of Australia,100,Major Cities of Australia
Australia,4054,Metropolitan,Major Cities of Australia,100,Major Cities of Australia
Australia,4055,Metropolitan,Major Cities of Australia,100,"Major Cities of Australia,Inner Regional Australia"
Australia,4059,Metropolitan,Major Cities of Australia,100,Major Cities of Australia
Australia,4060,Metropolitan,Major Cities of Australia,100,Major Cities of Australia
Australia,4061,Metropolitan,Major Cities of Australia,100,"Major Cities of Australia,Inner Regional Australia"
Australia,4064,Metropolitan,Major Cities of Australia,100,Major Cities of Australia
Australia,4065,Metropolitan,Major Cities of Australia,100,Major Cities of Australia
Australia,4066,Metropolitan,Major Cities of Australia,100,Major Cities of Australia
Australia,4067,Metropolitan,Major Cities of Australia,100,Major Cities of Australia
Australia,4068,Metropolitan,Major Cities of Australia,100,Major Cities of Australia
Australia,4069,Metropolitan,Major Cities of Australia,77.63677949,"Major Cities of Australia,Inner Regional Australia"
Australia,4070,Metropolitan,Major Cities of Australia,100,"Major Cities of Australia,Inner Regional Australia"
Australia,4073,Metropolitan,Major Cities of Australia,100,Major Cities of Australia
Australia,4074,Metropolitan,Major Cities of Australia,100,Major Cities of Australia
Australia,4075,Metropolitan,Major Cities of Australia,100,Major Cities of Australia
Australia,4076,Metropolitan,Major Cities of Australia,100,Major Cities of Australia
Australia,4077,Metropolitan,Major Cities of Australia,100,Major Cities of Australia
Australia,4078,Metropolitan,Major Cities of Australia,100,Major Cities of Australia
Australia,4101,Metropolitan,Major Cities of Australia,100,Major Cities of Australia
Australia,4102,Metropolitan,Major Cities of Australia,100,Major Cities of Australia
Australia,4103,Metropolitan,Major Cities of Australia,100,Major Cities of Australia
Australia,4104,Metropolitan,Major Cities of Australia,100,Major Cities of Australia
Australia,4105,Metropolitan,Major Cities of Australia,100,Major Cities of Australia
Australia,4106,Metropolitan,Major Cities of Australia,100,Major Cities of Australia
Australia,4107,Metropolitan,Major Cities of Australia,100,Major Cities of Australia
Australia,4108,Metropolitan,Major Cities of Australia,100,Major Cities of Australia
Australia,4109,Metropolitan,Major Cities of Australia,100,Major Cities of Australia
Australia,4110,Metropolitan,Major Cities of Australia,100,Major Cities of Australia
Australia,4111,Metropolitan,Major Cities of Australia,100,Major Cities of Australia
Australia,4112,Metropolitan,Major Cities of Australia,100,Major Cities of Australia
Australia,4113,Metropolitan,Major Cities of Australia,100,Major Cities of Australia
Australia,4114,Metropolitan,Major Cities of Australia,100,Major Cities of Australia
Australia,4115,Metropolitan,Major Cities of Australia,100,Major Cities of Australia
Australia,4116,Metropolitan,Major Cities of Australia,100,Major Cities of Australia
Australia,4117,Metropolitan,Major Cities of Australia,100,Major Cities of Australia
Australia,4118,Metropolitan,Major Cities of Australia,100,Major Cities of Australia
Australia,4119,Metropolitan,Major Cities of Australia,100,Major Cities of Australia
Australia,4120,Metropolitan,Major Cities of Australia,100,Major Cities of Australia
Australia,4121,Metropolitan,Major Cities of Australia,100,Major Cities of Australia
Australia,4122,Metropolitan,Major Cities of Australia,100,Major Cities of Australia
Australia,4123,Metropolitan,Major Cities of Australia,100,Major Cities of Australia
Australia,4124,Metropolitan,Major Cities of Australia,65.11053823,"Major Cities of Australia,Inner Regional Australia"
Australia,4125,Metropolitan,Major Cities of Australia,100,Major Cities of Australia
Australia,4127,Metropolitan,Major Cities of Australia,100,Major Cities of Australia
Australia,4128,Metropolitan,Major Cities of Australia,100,Major Cities of Australia
Australia,4129,Metropolitan,Major Cities of Australia,100,Major Cities of Australia
Australia,4130,Metropolitan,Major Cities of Australia,100,Major Cities of Australia
Australia,4131,Metropolitan,Major Cities of Australia,100,Major Cities of Australia
Australia,4132,Metropolitan,Major Cities of Australia,100,Major Cities of Australia
Australia,4133,Metropolitan,Major Cities of Australia,100,Major Cities of Australia
Australia,4151,Metropolitan,Major Cities of Australia,100,Major Cities of Australia
Australia,4152,Metropolitan,Major Cities of Australia,100,Major Cities of Australia
Australia,4153,Metropolitan,Major Cities of Australia,100,Major Cities of Australia
Australia,4154,Metropolitan,Major Cities of Australia,100,Major Cities of Australia
Australia,4155,Metropolitan,Major Cities of Australia,100,Major Cities of Australia
Australia,4156,Metropolitan,Major Cities of Australia,100,Major Cities of Australia
Australia,4157,Metropolitan,Major Cities of Australia,100,Major Cities of Australia
Australia,4158,Metropolitan,Major Cities of Australia,100,Major Cities of Australia
Australia,4159,Metropolitan,Major Cities of Australia,100,Major Cities of Australia
Australia,4160,Metropolitan,Major Cities of Australia,100,Major Cities of Australia
Australia,4161,Metropolitan,Major Cities of Australia,100,Major Cities of Australia
Australia,4163,Metropolitan,Major Cities of Australia,100,Major Cities of Australia
Australia,4164,Metropolitan,Major Cities of Australia,100,Major Cities of Australia
Australia,4165,Metropolitan,Major Cities of Australia,100,Major Cities of Australia
Australia,4169,Metropolitan,Major Cities of Australia,100,Major Cities of Australia
Australia,4170,Metropolitan,Major Cities of Australia,100,Major Cities of Australia
Australia,4171,Metropolitan,Major Cities of Australia,100,Major Cities of Australia
Australia,4172,Metropolitan,Major Cities of Australia,100,Major Cities of Australia
Australia,4173,Metropolitan,Major Cities of Australia,100,Major Cities of Australia
Australia,4174,Metropolitan,Major Cities of Australia,100,Major Cities of Australia
Australia,4178,Metropolitan,Major Cities of Australia,55.02367195,"Outer Regional Australia,Major Cities of Australia,Remote Australia,Inner Regional Australia"
Australia,4179,Metropolitan,Major Cities of Australia,100,Major Cities of Australia
Australia,4183,Remote,Remote Australia,100,Remote Australia
Australia,4184,Regional,Outer Regional Australia,54.75977427,"Outer Regional Australia,Remote Australia,Inner Regional Australia"
Australia,4205,Metropolitan,Major Cities of Australia,100,Major Cities of Australia
Australia,4207,Metropolitan,Major Cities of Australia,65.3905332,"Major Cities of Australia,Inner Regional Australia"
Australia,4208,Metropolitan,Major Cities of Australia,61.08017971,"Major Cities of Australia,Inner Regional Australia"
Australia,4209,Metropolitan,Major Cities of Australia,84.54875429,"Major Cities of Australia,Inner Regional Australia"
Australia,4210,Metropolitan,Major Cities of Australia,100,"Major Cities of Australia,Inner Regional Australia"
Australia,4211,Regional,Inner Regional Australia,70.79017029,"Major Cities of Australia,Inner Regional Australia"
Australia,4212,Metropolitan,Major Cities of Australia,100,"Major Cities of Australia,Inner Regional Australia"
Australia,4213,Metropolitan,Major Cities of Australia,55.45317814,"Major Cities of Australia,Inner Regional Australia"
Australia,4214,Metropolitan,Major Cities of Australia,100,Major Cities of Australia
Australia,4215,Metropolitan,Major Cities of Australia,100,Major Cities of Australia
Australia,4216,Metropolitan,Major Cities of Australia,54.61453429,"Major Cities of Australia,Inner Regional Australia"
Australia,4217,Metropolitan,Major Cities of Australia,100,Major Cities of Australia
Australia,4218,Metropolitan,Major Cities of Australia,100,Major Cities of Australia
Australia,4220,Metropolitan,Major Cities of Australia,100,Major Cities of Australia
Australia,4221,Metropolitan,Major Cities of Australia,100,Major Cities of Australia
Australia,4223,Regional,Inner Regional Australia,50.20439749,"Major Cities of Australia,Inner Regional Australia"
Australia,4224,Metropolitan,Major Cities of Australia,100,Major Cities of Australia
Australia,4225,Metropolitan,Major Cities of Australia,100,Major Cities of Australia
Australia,4226,Metropolitan,Major Cities of Australia,100,Major Cities of Australia
Australia,4227,Metropolitan,Major Cities of Australia,100,Major Cities of Australia
Australia,4228,Regional,Inner Regional Australia,63.67293055,"Major Cities of Australia,Inner Regional Australia"
Australia,4270,Regional,Inner Regional Australia,100,"Major Cities of Australia,Inner Regional Australia"
Australia,4272,Metropolitan,Major Cities of Australia,84.73756224,"Major Cities of Australia,Inner Regional Australia"
Australia,4275,Regional,Inner Regional Australia,100,"Major Cities of Australia,Inner Regional Australia"
Australia,4280,Metropolitan,Major Cities of Australia,76.89980117,"Major Cities of Australia,Inner Regional Australia"
Australia,4285,Regional,Inner Regional Australia,99.98496769,"Major Cities of Australia,Inner Regional Australia"
Australia,4287,Regional,Inner Regional Australia,52.34750322,"Outer Regional Australia,Inner Regional Australia"
Australia,4300,Metropolitan,Major Cities of Australia,100,"Major Cities of Australia,Inner Regional Australia"
Australia,4301,Metropolitan,Major Cities of Australia,100,Major Cities of Australia
Australia,4303,Metropolitan,Major Cities of Australia,100,Major Cities of Australia
Australia,4304,Metropolitan,Major Cities of Australia,100,Major Cities of Australia
Australia,4305,Metropolitan,Major Cities of Australia,81.32193826,"Major Cities of Australia,Inner Regional Australia"
Australia,4306,Regional,Inner Regional Australia,73.62451977,"Major Cities of Australia,Inner Regional Australia"
Australia,4307,Regional,Inner Regional Australia,100,"Major Cities of Australia,Inner Regional Australia"
Australia,4309,Regional,Inner Regional Australia,100,Inner Regional Australia
Australia,4310,Regional,Inner Regional Australia,100,"Outer Regional Australia,Inner Regional Australia"
Australia,4311,Regional,Inner Regional Australia,100,Inner Regional Australia
Australia,4312,Regional,Inner Regional Australia,100,Inner Regional Australia
Australia,4313,Regional,Inner Regional Australia,100,Inner Regional Australia
Australia,4314,Regional,Outer Regional Australia,72.38696204,"Outer Regional Australia,Inner Regional Australia"
Australia,4340,Regional,Inner Regional Australia,100,"Major Cities of Australia,Inner Regional Australia"
Australia,4341,Regional,Inner Regional Australia,100,Inner Regional Australia
Australia,4342,Regional,Inner Regional Australia,100,Inner Regional Australia
Australia,4343,Regional,Inner Regional Australia,100,Inner Regional Australia
Australia,4344,Regional,Inner Regional Australia,100,Inner Regional Australia
Australia,4346,Regional,Inner Regional Australia,100,Inner Regional Australia
Australia,4347,Regional,Inner Regional Australia,100,Inner Regional Australia
Australia,4350,Regional,Inner Regional Australia,100,Inner Regional Australia
Australia,4352,Regional,Outer Regional Australia,62.73715901,"Outer Regional Australia,Inner Regional Australia"
Australia,4353,Regional,Inner Regional Australia,100,"Outer Regional Australia,Inner Regional Australia"
Australia,4354,Regional,Inner Regional Australia,100,Inner Regional Australia
Australia,4355,Regional,Inner Regional Australia,100,"Outer Regional Australia,Inner Regional Australia"
Australia,4356,Regional,Inner Regional Australia,100,"Outer Regional Australia,Inner Regional Australia"
Australia,4357,Regional,Outer Regional Australia,98.09963027,"Outer Regional Australia,Inner Regional Australia"
Australia,4358,Regional,Inner Regional Australia,100,Inner Regional Australia
Australia,4359,Regional,Inner Regional Australia,100,Inner Regional Australia
Australia,4360,Regional,Inner Regional Australia,100,Inner Regional Australia
Australia,4361,Regional,Inner Regional Australia,100,"Outer Regional Australia,Inner Regional Australia"
Australia,4362,Regional,Inner Regional Australia,100,Inner Regional Australia
Australia,4363,Regional,Inner Regional Australia,100,Inner Regional Australia
Australia,4364,Regional,Inner Regional Australia,100,"Outer Regional Australia,Inner Regional Australia"
Australia,4365,Regional,Inner Regional Australia,100,"Outer Regional Australia,Inner Regional Australia"
Australia,4370,Regional,Inner Regional Australia,80.8097702,"Outer Regional Australia,Inner Regional Australia"
Australia,4371,Regional,Inner Regional Australia,100,"Outer Regional Australia,Inner Regional Australia"
Australia,4372,Regional,Inner Regional Australia,100,"Outer Regional Australia,Inner Regional Australia"
Australia,4373,Regional,Outer Regional Australia,100,"Outer Regional Australia,Inner Regional Australia"
Australia,4374,Regional,Inner Regional Australia,56.57970049,"Outer Regional Australia,Inner Regional Australia"
Australia,4375,Regional,Outer Regional Australia,100,"Outer Regional Australia,Inner Regional Australia"
Australia,4376,Regional,Outer Regional Australia,100,Outer Regional Australia
Australia,4377,Regional,Outer Regional Australia,100,"Outer Regional Australia,Inner Regional Australia"
Australia,4378,Regional,Outer Regional Australia,100,Outer Regional Australia
Australia,4380,Regional,Outer Regional Australia,100,"Outer Regional Australia,Inner Regional Australia"
Australia,4381,Regional,Outer Regional Australia,100,Outer Regional Australia
Australia,4382,Regional,Outer Regional Australia,100,Outer Regional Australia
Australia,4383,Regional,Outer Regional Australia,100,Outer Regional Australia
Australia,4384,Regional,Outer Regional Australia,100,Outer Regional Australia
Australia,4385,Regional,Outer Regional Australia,100,Outer Regional Australia
Australia,4387,Regional,Outer Regional Australia,100,Outer Regional Australia
Australia,4388,Regional,Outer Regional Australia,100,Outer Regional Australia
Australia,4390,Regional,Outer Regional Australia,100,"Outer Regional Australia,Remote Australia"
Australia,4400,Regional,Inner Regional Australia,100,Inner Regional Australia
Australia,4401,Regional,Inner Regional Australia,100,Inner Regional Australia
Australia,4402,Regional,Outer Regional Australia,100,"Outer Regional Australia,Inner Regional Australia"
Australia,4403,Regional,Inner Regional Australia,100,"Outer Regional Australia,Inner Regional Australia"
Australia,4404,Regional,Inner Regional Australia,100,"Outer Regional Australia,Inner Regional Australia"
Australia,4405,Regional,Outer Regional Australia,60.2372473,"Outer Regional Australia,Inner Regional Australia"
Australia,4406,Regional,Outer Regional Australia,62.44671562,"Outer Regional Australia,Remote Australia,Inner Regional Australia"
Australia,4407,Regional,Outer Regional Australia,79.4392039,"Outer Regional Australia,Inner Regional Australia"
Australia,4408,Regional,Outer Regional Australia,100,Outer Regional Australia
Australia,4410,Regional,Outer Regional Australia,100,Outer Regional Australia
Australia,4411,Regional,Outer Regional Australia,100,Outer Regional Australia
Australia,4412,Regional,Outer Regional Australia,100,Outer Regional Australia
Australia,4413,Regional,Outer Regional Australia,100,"Outer Regional Australia,Remote Australia"
Australia,4415,Regional,Outer Regional Australia,75.2442545,"Outer Regional Australia,Remote Australia"
Australia,4416,Regional,Outer Regional Australia,100,"Outer Regional Australia,Remote Australia"
Australia,4417,Remote,Remote Australia,100,"Outer Regional Australia,Remote Australia"
Australia,4418,Remote,Remote Australia,100,"Outer Regional Australia,Remote Australia"
Australia,4419,Remote,Remote Australia,100,"Outer Regional Australia,Remote Australia"
Australia,4420,Remote,Remote Australia,100,"Outer Regional Australia,Remote Australia"
Australia,4421,Regional,Outer Regional Australia,100,"Outer Regional Australia,Remote Australia"
Australia,4422,Remote,Remote Australia,100,"Outer Regional Australia,Remote Australia"
Australia,4423,Remote,Remote Australia,100,"Outer Regional Australia,Remote Australia"
Australia,4424,Regional,Outer Regional Australia,100,"Outer Regional Australia,Remote Australia"
Australia,4425,Regional,Outer Regional Australia,100,"Outer Regional Australia,Remote Australia"
Australia,4426,Remote,Remote Australia,100,"Outer Regional Australia,Remote Australia"
Australia,4427,Remote,Remote Australia,100,Remote Australia
Australia,4428,Remote,Remote Australia,100,Remote Australia
Australia,4454,Remote,Remote Australia,87.21662421,"Remote Australia,Very Remote Australia"
Australia,4455,Remote,Remote Australia,99.24784113,"Outer Regional Australia,Remote Australia,Very Remote Australia"
Australia,4461,Remote,Remote Australia,100,Remote Australia
Australia,4462,Remote,Remote Australia,100,"Remote Australia,Very Remote Australia"
Australia,4465,Remote,Very Remote Australia,79.98927693,"Remote Australia,Very Remote Australia"
Australia,4467,Remote,Very Remote Australia,100,"Remote Australia,Very Remote Australia"
Australia,4468,Remote,Very Remote Australia,100,"Remote Australia,Very Remote Australia"
Australia,4470,Remote,Very Remote Australia,100,Very Remote Australia
Australia,4472,Remote,Very Remote Australia,100,Very Remote Australia
Australia,4474,Remote,Very Remote Australia,100,Very Remote Australia
Australia,4477,Remote,Very Remote Australia,100,"Remote Australia,Very Remote Australia"
Australia,4478,Remote,Very Remote Australia,100,Very Remote Australia
Australia,4479,Remote,Very Remote Australia,100,Very Remote Australia
Australia,4480,Remote,Very Remote Australia,100,Very Remote Australia
Australia,4481,Remote,Very Remote Australia,100,Very Remote Australia
Australia,4482,Remote,Very Remote Australia,100,Very Remote Australia
Australia,4486,Remote,Very Remote Australia,100,"Remote Australia,Very Remote Australia"
Australia,4487,Remote,Remote Australia,100,"Remote Australia,Very Remote Australia"
Australia,4488,Remote,Very Remote Australia,52.34110788,"Remote Australia,Very Remote Australia"
Australia,4489,Remote,Very Remote Australia,100,Very Remote Australia
Australia,4490,Remote,Very Remote Australia,100,"Remote Australia,Very Remote Australia"
Australia,4491,Remote,Very Remote Australia,100,Very Remote Australia
Australia,4492,Remote,Very Remote Australia,100,Very Remote Australia
Australia,4493,Remote,Very Remote Australia,100,Very Remote Australia
Australia,4494,Remote,Remote Australia,100,"Outer Regional Australia,Remote Australia"
Australia,4496,Remote,Remote Australia,100,Remote Australia
Australia,4497,Remote,Remote Australia,100,"Remote Australia,Very Remote Australia"
Australia,4498,Regional,Outer Regional Australia,78.90463985,"Outer Regional Australia,Remote Australia"
Australia,4500,Metropolitan,Major Cities of Australia,100,"Major Cities of Australia,Inner Regional Australia"
Australia,4501,Metropolitan,Major Cities of Australia,100,Major Cities of Australia
Australia,4502,Metropolitan,Major Cities of Australia,100,Major Cities of Australia
Australia,4503,Metropolitan,Major Cities of Australia,100,"Major Cities of Australia,Inner Regional Australia"
Australia,4504,Metropolitan,Major Cities of Australia,60.13563951,"Major Cities of Australia,Inner Regional Australia"
Australia,4505,Metropolitan,Major Cities of Australia,100,Major Cities of Australia
Australia,4506,Metropolitan,Major Cities of Australia,100,"Major Cities of Australia,Inner Regional Australia"
Australia,4507,Regional,Inner Regional Australia,100,Inner Regional Australia
Australia,4508,Metropolitan,Major Cities of Australia,100,Major Cities of Australia
Australia,4509,Metropolitan,Major Cities of Australia,100,Major Cities of Australia
Australia,4510,Metropolitan,Major Cities of Australia,68.30424391,"Major Cities of Australia,Inner Regional Australia"
Australia,4511,Metropolitan,Major Cities of Australia,100,"Major Cities of Australia,Inner Regional Australia"
Australia,4512,Metropolitan,Major Cities of Australia,66.96063459,"Major Cities of Australia,Inner Regional Australia"
Australia,4514,Regional,Inner Regional Australia,100,"Major Cities of Australia,Inner Regional Australia"
Australia,4515,Regional,Outer Regional Australia,71.29459554,"Outer Regional Australia,Inner Regional Australia"
Australia,4516,Metropolitan,Major Cities of Australia,100,"Major Cities of Australia,Inner Regional Australia"
Australia,4517,Regional,Inner Regional Australia,100,"Major Cities of Australia,Inner Regional Australia"
Australia,4518,Regional,Inner Regional Australia,100,"Major Cities of Australia,Inner Regional Australia"
Australia,4519,Regional,Inner Regional Australia,66.19780497,"Major Cities of Australia,Inner Regional Australia"
Australia,4520,Regional,Inner Regional Australia,89.4054021,"Major Cities of Australia,Inner Regional Australia"
Australia,4521,Regional,Inner Regional Australia,100,"Major Cities of Australia,Inner Regional Australia"
Australia,4550,Regional,Inner Regional Australia,60.58182482,"Major Cities of Australia,Inner Regional Australia"
Australia,4551,Metropolitan,Major Cities of Australia,100,Major Cities of Australia
Australia,4552,Regional,Inner Regional Australia,100,"Outer Regional Australia,Inner Regional Australia"
Australia,4553,Metropolitan,Major Cities of Australia,56.84362028,"Major Cities of Australia,Inner Regional Australia"
Australia,4554,Regional,Inner Regional Australia,53.72153035,"Major Cities of Australia,Inner Regional Australia"
Australia,4555,Metropolitan,Major Cities of Australia,55.51997328,"Major Cities of Australia,Inner Regional Australia"
Australia,4556,Metropolitan,Major Cities of Australia,100,Major Cities of Australia
Australia,4557,Metropolitan,Major Cities of Australia,100,Major Cities of Australia
Australia,4558,Metropolitan,Major Cities of Australia,100,Major Cities of Australia
Australia,4559,Metropolitan,Major Cities of Australia,81.94659538,"Major Cities of Australia,Inner Regional Australia"
Australia,4560,Regional,Inner Regional Australia,63.27360172,"Major Cities of Australia,Inner Regional Australia"
Australia,4561,Metropolitan,Major Cities of Australia,52.97968513,"Major Cities of Australia,Inner Regional Australia"
Australia,4562,Regional,Inner Regional Australia,60.71521031,"Major Cities of Australia,Inner Regional Australia"
Australia,4563,Regional,Inner Regional Australia,78.68645167,"Major Cities of Australia,Inner Regional Australia"
Australia,4564,Metropolitan,Major Cities of Australia,100,Major Cities of Australia
Australia,4565,Regional,Inner Regional Australia,84.22375522,"Major Cities of Australia,Inner Regional Australia"
Australia,4566,Metropolitan,Major Cities of Australia,100,"Major Cities of Australia,Inner Regional Australia"
Australia,4567,Metropolitan,Major Cities of Australia,100,"Major Cities of Australia,Inner Regional Australia"
Australia,4568,Regional,Inner Regional Australia,100,Inner Regional Australia
Australia,4569,Regional,Inner Regional Australia,100,Inner Regional Australia
Australia,4570,Regional,Inner Regional Australia,96.74887167,"Outer Regional Australia,Inner Regional Australia"
Australia,4571,Regional,Inner Regional Australia,100,Inner Regional Australia
Australia,4572,Metropolitan,Major Cities of Australia,100,Major Cities of Australia
Australia,4573,Metropolitan,Major Cities of Australia,100,Major Cities of Australia
Australia,4574,Regional,Inner Regional Australia,100,"Outer Regional Australia,Inner Regional Australia"
Australia,4575,Metropolitan,Major Cities of Australia,100,Major Cities of Australia
Australia,4580,Regional,Inner Regional Australia,100,Inner Regional Australia
Australia,4581,Remote,Remote Australia,98.12072799,"Remote Australia,Inner Regional Australia"
Australia,4600,Regional,Outer Regional Australia,87.68264947,"Outer Regional Australia,Inner Regional Australia"
Australia,4601,Regional,Outer Regional Australia,100,"Outer Regional Australia,Inner Regional Australia"
Australia,4605,Regional,Outer Regional Australia,95.25527169,"Outer Regional Australia,Inner Regional Australia"
Australia,4606,Regional,Outer Regional Australia,100,"Outer Regional Australia,Inner Regional Australia"
Australia,4608,Regional,Outer Regional Australia,100,"Outer Regional Australia,Inner Regional Australia"
Australia,4610,Regional,Outer Regional Australia,67.85771224,"Outer Regional Australia,Inner Regional Australia"
Australia,4611,Regional,Outer Regional Australia,100,Outer Regional Australia
Australia,4612,Regional,Outer Regional Australia,100,Outer Regional Australia
Australia,4613,Regional,Outer Regional Australia,100,Outer Regional Australia
Australia,4614,Regional,Outer Regional Australia,100,"Outer Regional Australia,Inner Regional Australia"
Australia,4615,Regional,Outer Regional Australia,68.54206348,"Outer Regional Australia,Inner Regional Australia"
Australia,4620,Regional,Outer Regional Australia,58.25440473,"Outer Regional Australia,Inner Regional Australia"
Australia,4621,Regional,Outer Regional Australia,100,"Outer Regional Australia,Inner Regional Australia"
Australia,4625,Regional,Outer Regional Australia,100,Outer Regional Australia
Australia,4626,Regional,Outer Regional Australia,100,"Outer Regional Australia,Remote Australia"
Australia,4627,Remote,Remote Australia,67.22892374,"Outer Regional Australia,Remote Australia"
Australia,4630,Regional,Outer Regional Australia,73.34574223,"Outer Regional Australia,Remote Australia"
Australia,4650,Regional,Inner Regional Australia,93.89130422,"Outer Regional Australia,Inner Regional Australia"
Australia,4655,Regional,Inner Regional Australia,97.85291147,"Remote Australia,Inner Regional Australia"
Australia,4659,Regional,Inner Regional Australia,100,Inner Regional Australia
Australia,4660,Regional,Inner Regional Australia,100,"Outer Regional Australia,Inner Regional Australia"
Australia,4662,Regional,Inner Regional Australia,100,Inner Regional Australia
Australia,4670,Regional,Inner Regional Australia,88.89491843,"Outer Regional Australia,Inner Regional Australia"
Australia,4671,Regional,Outer Regional Australia,83.63492845,"Outer Regional Australia,Inner Regional Australia"
Australia,4673,Regional,Inner Regional Australia,59.18889784,"Outer Regional Australia,Inner Regional Australia"
Australia,4674,Regional,Outer Regional Australia,100,Outer Regional Australia
Australia,4676,Regional,Outer Regional Australia,100,Outer Regional Australia
Australia,4677,Regional,Outer Regional Australia,100,Outer Regional Australia
Australia,4678,Regional,Outer Regional Australia,100,"Outer Regional Australia,Inner Regional Australia"
Australia,4680,Regional,Outer Regional Australia,68.08754678,"Outer Regional Australia,Remote Australia,Inner Regional Australia"
Australia,4694,Regional,Outer Regional Australia,97.81705214,"Outer Regional Australia,Inner Regional Australia"
Australia,4695,Regional,Outer Regional Australia,100,"Outer Regional Australia,Inner Regional Australia"
Australia,4697,Regional,Outer Regional Australia,100,"Outer Regional Australia,Inner Regional Australia"
Australia,4699,Regional,Inner Regional Australia,65.76935424,"Outer Regional Australia,Inner Regional Australia"
Australia,4700,Regional,Inner Regional Australia,80.26715992,"Remote Australia,Inner Regional Australia"
Australia,4701,Regional,Inner Regional Australia,100,"Outer Regional Australia,Inner Regional Australia"
Australia,4702,Regional,Outer Regional Australia,46.55712024,"Outer Regional Australia,Remote Australia,Very Remote Australia,Inner Regional Australia"
Australia,4703,Regional,Outer Regional Australia,51.99077656,"Outer Regional Australia,Inner Regional Australia"
Australia,4704,Regional,Outer Regional Australia,68.08006922,"Outer Regional Australia,Inner Regional Australia"
Australia,4705,Remote,Remote Australia,100,"Outer Regional Australia,Remote Australia"
Australia,4706,Remote,Remote Australia,100,Remote Australia
Australia,4707,Remote,Remote Australia,97.97875036,"Outer Regional Australia,Remote Australia,Very Remote Australia"
Australia,4709,Remote,Remote Australia,100,Remote Australia
Australia,4710,Regional,Inner Regional Australia,100,Inner Regional Australia
Australia,4711,Regional,Inner Regional Australia,100,Inner Regional Australia
Australia,4712,Regional,Outer Regional Australia,100,Outer Regional Australia
Australia,4713,Remote,Remote Australia,100,"Outer Regional Australia,Remote Australia"
Australia,4714,Regional,Inner Regional Australia,100,"Outer Regional Australia,Inner Regional Australia"
Australia,4715,Regional,Outer Regional Australia,100,"Outer Regional Australia,Remote Australia"
Australia,4716,Regional,Outer Regional Australia,100,"Outer Regional Australia,Remote Australia"
Australia,4717,Regional,Outer Regional Australia,100,"Outer Regional Australia,Remote Australia"
Australia,4718,Remote,Remote Australia,64.66749108,"Outer Regional Australia,Remote Australia"
Australia,4719,Remote,Remote Australia,93.99065195,"Outer Regional Australia,Remote Australia"
Australia,4720,Remote,Remote Australia,88.69060391,"Outer Regional Australia,Remote Australia,Very Remote Australia"
Australia,4721,Remote,Very Remote Australia,52.47126613,"Outer Regional Australia,Remote Australia,Very Remote Australia"
Australia,4722,Remote,Very Remote Australia,60.22810423,"Outer Regional Australia,Remote Australia,Very Remote Australia"
Australia,4723,Remote,Remote Australia,100,"Outer Regional Australia,Remote Australia"
Australia,4724,Remote,Very Remote Australia,100,"Remote Australia,Very Remote Australia"
Australia,4725,Remote,Very Remote Australia,100,Very Remote Australia
Australia,4726,Remote,Very Remote Australia,100,Very Remote Australia
Australia,4727,Remote,Very Remote Australia,100,Very Remote Australia
Australia,4728,Remote,Very Remote Australia,100,Very Remote Australia
Australia,4730,Remote,Very Remote Australia,100,Very Remote Australia
Australia,4731,Remote,Very Remote Australia,100,Very Remote Australia
Australia,4732,Remote,Very Remote Australia,100,Very Remote Australia
Australia,4733,Remote,Very Remote Australia,100,Very Remote Australia
Australia,4735,Remote,Very Remote Australia,100,Very Remote Australia
Australia,4736,Remote,Very Remote Australia,100,Very Remote Australia
Australia,4737,Regional,Outer Regional Australia,100,Outer Regional Australia
Australia,4738,Regional,Outer Regional Australia,99.99264873,"Outer Regional Australia,Remote Australia,Very Remote Australia"
Australia,4739,Regional,Outer Regional Australia,100,"Outer Regional Australia,Remote Australia"
Australia,4740,Regional,Outer Regional Australia,56.08295943,"Outer Regional Australia,Very Remote Australia,Inner Regional Australia"
Australia,4741,Regional,Outer Regional Australia,93.69926617,"Outer Regional Australia,Remote Australia,Very Remote Australia,Inner Regional Australia"
Australia,4742,Remote,Remote Australia,90.06560427,"Outer Regional Australia,Remote Australia"
Australia,4743,Remote,Remote Australia,100,"Outer Regional Australia,Remote Australia"
Australia,4744,Regional,Outer Regional Australia,100,"Outer Regional Australia,Remote Australia"
Australia,4745,Remote,Remote Australia,99.81436122,"Outer Regional Australia,Remote Australia"
Australia,4746,Remote,Remote Australia,100,Remote Australia
Australia,4750,Regional,Inner Regional Australia,100,Inner Regional Australia
Australia,4751,Regional,Outer Regional Australia,55.11992921,"Outer Regional Australia,Inner Regional Australia"
Australia,4753,Regional,Outer Regional Australia,100,Outer Regional Australia
Australia,4754,Regional,Outer Regional Australia,100,"Outer Regional Australia,Remote Australia"
Australia,4756,Regional,Outer Regional Australia,100,Outer Regional Australia
Australia,4757,Regional,Outer Regional Australia,100,"Outer Regional Australia,Remote Australia"
Australia,4798,Regional,Outer Regional Australia,100,Outer Regional Australia
Australia,4799,Regional,Outer Regional Australia,100,"Outer Regional Australia,Remote Australia"
Australia,4800,Regional,Outer Regional Australia,98.89000741,"Outer Regional Australia,Remote Australia"
Australia,4802,Remote,Very Remote Australia,72.90003919,"Outer Regional Australia,Remote Australia,Very Remote Australia"
Australia,4804,Remote,Remote Australia,100,"Outer Regional Australia,Remote Australia,Very Remote Australia"
Australia,4805,Remote,Remote Australia,58.47342523,"Outer Regional Australia,Remote Australia"
Australia,4806,Regional,Outer Regional Australia,100,"Outer Regional Australia,Remote Australia"
Australia,4807,Remote,Remote Australia,70.48198502,"Outer Regional Australia,Remote Australia"
Australia,4808,Regional,Outer Regional Australia,100,Outer Regional Australia
Australia,4809,Regional,Outer Regional Australia,98.95312369,"Outer Regional Australia,Remote Australia,Very Remote Australia"
Australia,4810,Regional,Outer Regional Australia,100,Outer Regional Australia
Australia,4811,Regional,Outer Regional Australia,100,Outer Regional Australia
Australia,4812,Regional,Outer Regional Australia,100,Outer Regional Australia
Australia,4814,Regional,Outer Regional Australia,100,Outer Regional Australia
Australia,4815,Regional,Outer Regional Australia,100,"Outer Regional Australia,Remote Australia"
Australia,4816,Remote,Very Remote Australia,70.44178368,"Outer Regional Australia,Remote Australia,Very Remote Australia"
Australia,4817,Remote,Remote Australia,71.09319676,"Outer Regional Australia,Remote Australia"
Australia,4818,Regional,Outer Regional Australia,100,"Outer Regional Australia,Remote Australia"
Australia,4819,Regional,Outer Regional Australia,100,Outer Regional Australia
Australia,4820,Remote,Remote Australia,67.69379036,"Outer Regional Australia,Remote Australia,Very Remote Australia"
Australia,4821,Remote,Very Remote Australia,100,"Remote Australia,Very Remote Australia"
Australia,4822,Remote,Very Remote Australia,100,Very Remote Australia
Australia,4823,Remote,Very Remote Australia,100,Very Remote Australia
Australia,4824,Remote,Very Remote Australia,99.95300259,"Remote Australia,Very Remote Australia"
Australia,4825,Remote,Very Remote Australia,99.93098114,"Remote Australia,Very Remote Australia"
Australia,4828,Remote,Very Remote Australia,100,Very Remote Australia
Australia,4829,Remote,Very Remote Australia,100,Very Remote Australia
Australia,4830,Remote,Very Remote Australia,100,Very Remote Australia
Australia,4849,Remote,Remote Australia,62.28176692,"Outer Regional Australia,Remote Australia,Very Remote Australia"
Australia,4850,Remote,Remote Australia,87.56535343,"Outer Regional Australia,Remote Australia"
Australia,4852,Regional,Outer Regional Australia,91.95941833,"Outer Regional Australia,Remote Australia"
Australia,4854,Remote,Remote Australia,63.43054364,"Outer Regional Australia,Remote Australia"
Australia,4855,Regional,Outer Regional Australia,100,"Outer Regional Australia,Remote Australia"
Australia,4856,Regional,Outer Regional Australia,100,Outer Regional Australia
Australia,4858,Regional,Outer Regional Australia,100,Outer Regional Australia
Australia,4859,Regional,Outer Regional Australia,100,Outer Regional Australia
Australia,4860,Regional,Outer Regional Australia,100,"Outer Regional Australia,Remote Australia"
Australia,4861,Regional,Outer Regional Australia,100,Outer Regional Australia
Australia,4865,Regional,Outer Regional Australia,100,Outer Regional Australia
Australia,4868,Regional,Outer Regional Australia,100,Outer Regional Australia
Australia,4869,Regional,Outer Regional Australia,100,Outer Regional Australia
Australia,4870,Regional,Outer Regional Australia,100,Outer Regional Australia
Australia,4871,Remote,Very Remote Australia,90.49134773,"Outer Regional Australia,Remote Australia,Very Remote Australia"
Australia,4872,Remote,Remote Australia,70.17937123,"Outer Regional Australia,Remote Australia,Very Remote Australia"
Australia,4873,Remote,Remote Australia,70.87786892,"Outer Regional Australia,Remote Australia,Very Remote Australia"
Australia,4874,Remote,Very Remote Australia,100,Very Remote Australia
Australia,4875,Remote,Very Remote Australia,100,Very Remote Australia
Australia,4876,Remote,Very Remote Australia,100,Very Remote Australia
Australia,4877,Regional,Outer Regional Australia,100,Outer Regional Australia
Australia,4878,Regional,Outer Regional Australia,100,Outer Regional Australia
Australia,4879,Regional,Outer Regional Australia,100,Outer Regional Australia
Australia,4880,Regional,Outer Regional Australia,100,"Outer Regional Australia,Very Remote Australia"
Australia,4881,Regional,Outer Regional Australia,100,Outer Regional Australia
Australia,4882,Regional,Outer Regional Australia,100,Outer Regional Australia
Australia,4883,Regional,Outer Regional Australia,100,Outer Regional Australia
Australia,4884,Regional,Outer Regional Australia,100,Outer Regional Australia
Australia,4885,Regional,Outer Regional Australia,100,Outer Regional Australia
Australia,4886,Regional,Outer Regional Australia,100,"Outer Regional Australia,Remote Australia"
Australia,4887,Regional,Outer Regional Australia,100,"Outer Regional Australia,Remote Australia,Very Remote Australia"
Australia,4888,Regional,Outer Regional Australia,91.67629404,"Outer Regional Australia,Remote Australia"
Australia,4890,Remote,Very Remote Australia,100,Very Remote Australia
Australia,4891,Remote,Very Remote Australia,100,Very Remote Australia
Australia,4892,Remote,Very Remote Australia,100,"Remote Australia,Very Remote Australia"
Australia,4895,Remote,Remote Australia,52.81643832,"Remote Australia,Very Remote Australia"
Australia,5000,Metropolitan,Major Cities of Australia,100,Major Cities of Australia
Australia,5006,Metropolitan,Major Cities of Australia,100,Major Cities of Australia
Australia,5007,Metropolitan,Major Cities of Australia,100,Major Cities of Australia
Australia,5008,Metropolitan,Major Cities of Australia,100,Major Cities of Australia
Australia,5009,Metropolitan,Major Cities of Australia,100,Major Cities of Australia
Australia,5010,Metropolitan,Major Cities of Australia,100,Major Cities of Australia
Australia,5011,Metropolitan,Major Cities of Australia,100,Major Cities of Australia
Australia,5012,Metropolitan,Major Cities of Australia,100,Major Cities of Australia
Australia,5013,Metropolitan,Major Cities of Australia,100,Major Cities of Australia
Australia,5014,Metropolitan,Major Cities of Australia,100,Major Cities of Australia
Australia,5015,Metropolitan,Major Cities of Australia,100,Major Cities of Australia
Australia,5016,Metropolitan,Major Cities of Australia,100,Major Cities of Australia
Australia,5017,Metropolitan,Major Cities of Australia,100,Major Cities of Australia
Australia,5018,Metropolitan,Major Cities of Australia,100,Major Cities of Australia
Australia,5019,Metropolitan,Major Cities of Australia,100,Major Cities of Australia
Australia,5020,Metropolitan,Major Cities of Australia,100,Major Cities of Australia
Australia,5021,Metropolitan,Major Cities of Australia,100,Major Cities of Australia
Australia,5022,Metropolitan,Major Cities of Australia,100,Major Cities of Australia
Australia,5023,Metropolitan,Major Cities of Australia,100,Major Cities of Australia
Australia,5024,Metropolitan,Major Cities of Australia,100,Major Cities of Australia
Australia,5025,Metropolitan,Major Cities of Australia,100,Major Cities of Australia
Australia,5031,Metropolitan,Major Cities of Australia,100,Major Cities of Australia
Australia,5032,Metropolitan,Major Cities of Australia,100,Major Cities of Australia
Australia,5033,Metropolitan,Major Cities of Australia,100,Major Cities of Australia
Australia,5034,Metropolitan,Major Cities of Australia,100,Major Cities of Australia
Australia,5035,Metropolitan,Major Cities of Australia,100,Major Cities of Australia
Australia,5037,Metropolitan,Major Cities of Australia,100,Major Cities of Australia
Australia,5038,Metropolitan,Major Cities of Australia,100,Major Cities of Australia
Australia,5039,Metropolitan,Major Cities of Australia,100,Major Cities of Australia
Australia,5040,Metropolitan,Major Cities of Australia,100,Major Cities of Australia
Australia,5041,Metropolitan,Major Cities of Australia,100,Major Cities of Australia
Australia,5042,Metropolitan,Major Cities of Australia,100,Major Cities of Australia
Australia,5043,Metropolitan,Major Cities of Australia,100,Major Cities of Australia
Australia,5044,Metropolitan,Major Cities of Australia,100,Major Cities of Australia
Australia,5045,Metropolitan,Major Cities of Australia,100,Major Cities of Australia
Australia,5046,Metropolitan,Major Cities of Australia,100,Major Cities of Australia
Australia,5047,Metropolitan,Major Cities of Australia,100,Major Cities of Australia
Australia,5048,Metropolitan,Major Cities of Australia,100,Major Cities of Australia
Australia,5049,Metropolitan,Major Cities of Australia,100,Major Cities of Australia
Australia,5050,Metropolitan,Major Cities of Australia,100,Major Cities of Australia
Australia,5051,Metropolitan,Major Cities of Australia,100,Major Cities of Australia
Australia,5052,Metropolitan,Major Cities of Australia,100,Major Cities of Australia
Australia,5061,Metropolitan,Major Cities of Australia,100,Major Cities of Australia
Australia,5062,Metropolitan,Major Cities of Australia,100,Major Cities of Australia
Australia,5063,Metropolitan,Major Cities of Australia,100,Major Cities of Australia
Australia,5064,Metropolitan,Major Cities of Australia,100,Major Cities of Australia
Australia,5065,Metropolitan,Major Cities of Australia,100,Major Cities of Australia
Australia,5066,Metropolitan,Major Cities of Australia,100,Major Cities of Australia
Australia,5067,Metropolitan,Major Cities of Australia,100,Major Cities of Australia
Australia,5068,Metropolitan,Major Cities of Australia,100,Major Cities of Australia
Australia,5069,Metropolitan,Major Cities of Australia,100,Major Cities of Australia
Australia,5070,Metropolitan,Major Cities of Australia,100,Major Cities of Australia
Australia,5072,Metropolitan,Major Cities of Australia,100,"Major Cities of Australia,Inner Regional Australia"
Australia,5073,Metropolitan,Major Cities of Australia,100,Major Cities of Australia
Australia,5074,Metropolitan,Major Cities of Australia,100,Major Cities of Australia
Australia,5075,Metropolitan,Major Cities of Australia,100,Major Cities of Australia
Australia,5076,Metropolitan,Major Cities of Australia,58.13853892,"Major Cities of Australia,Inner Regional Australia"
Australia,5081,Metropolitan,Major Cities of Australia,100,Major Cities of Australia
Australia,5082,Metropolitan,Major Cities of Australia,100,Major Cities of Australia
Australia,5083,Metropolitan,Major Cities of Australia,100,Major Cities of Australia
Australia,5084,Metropolitan,Major Cities of Australia,100,Major Cities of Australia
Australia,5085,Metropolitan,Major Cities of Australia,100,Major Cities of Australia
Australia,5086,Metropolitan,Major Cities of Australia,100,Major Cities of Australia
Australia,5087,Metropolitan,Major Cities of Australia,100,Major Cities of Australia
Australia,5088,Metropolitan,Major Cities of Australia,100,Major Cities of Australia
Australia,5089,Metropolitan,Major Cities of Australia,100,Major Cities of Australia
Australia,5090,Metropolitan,Major Cities of Australia,100,Major Cities of Australia
Australia,5091,Metropolitan,Major Cities of Australia,100,"Major Cities of Australia,Inner Regional Australia"
Australia,5092,Metropolitan,Major Cities of Australia,100,Major Cities of Australia
Australia,5093,Metropolitan,Major Cities of Australia,100,Major Cities of Australia
Australia,5094,Metropolitan,Major Cities of Australia,100,Major Cities of Australia
Australia,5095,Metropolitan,Major Cities of Australia,100,Major Cities of Australia
Australia,5096,Metropolitan,Major Cities of Australia,100,Major Cities of Australia
Australia,5097,Metropolitan,Major Cities of Australia,100,Major Cities of Australia
Australia,5098,Metropolitan,Major Cities of Australia,100,Major Cities of Australia
Australia,5106,Metropolitan,Major Cities of Australia,100,Major Cities of Australia
Australia,5107,Metropolitan,Major Cities of Australia,100,Major Cities of Australia
Australia,5108,Metropolitan,Major Cities of Australia,100,Major Cities of Australia
Australia,5109,Metropolitan,Major Cities of Australia,100,Major Cities of Australia
Australia,5110,Metropolitan,Major Cities of Australia,92.62049877,"Major Cities of Australia,Inner Regional Australia"
Australia,5111,Metropolitan,Major Cities of Australia,100,Major Cities of Australia
Australia,5112,Metropolitan,Major Cities of Australia,100,Major Cities of Australia
Australia,5113,Metropolitan,Major Cities of Australia,100,Major Cities of Australia
Australia,5114,Regional,Inner Regional Australia,54.93388154,"Major Cities of Australia,Inner Regional Australia"
Australia,5115,Metropolitan,Major Cities of Australia,100,Major Cities of Australia
Australia,5116,Metropolitan,Major Cities of Australia,100,Major Cities of Australia
Australia,5117,Metropolitan,Major Cities of Australia,100,"Major Cities of Australia,Inner Regional Australia"
Australia,5118,Metropolitan,Major Cities of Australia,77.32958878,"Major Cities of Australia,Inner Regional Australia"
Australia,5120,Regional,Inner Regional Australia,84.75146462,"Major Cities of Australia,Inner Regional Australia"
Australia,5121,Metropolitan,Major Cities of Australia,100,"Major Cities of Australia,Inner Regional Australia"
Australia,5125,Metropolitan,Major Cities of Australia,100,"Major Cities of Australia,Inner Regional Australia"
Australia,5126,Metropolitan,Major Cities of Australia,100,Major Cities of Australia
Australia,5127,Metropolitan,Major Cities of Australia,100,Major Cities of Australia
Australia,5131,Regional,Inner Regional Australia,63.10477563,"Major Cities of Australia,Inner Regional Australia"
Australia,5132,Regional,Inner Regional Australia,67.62386647,"Major Cities of Australia,Inner Regional Australia"
Australia,5133,Regional,Inner Regional Australia,100,"Major Cities of Australia,Inner Regional Australia"
Australia,5134,Regional,Inner Regional Australia,74.53493196,"Major Cities of Australia,Inner Regional Australia"
Australia,5136,Metropolitan,Major Cities of Australia,100,"Major Cities of Australia,Inner Regional Australia"
Australia,5137,Metropolitan,Major Cities of Australia,81.61673226,"Major Cities of Australia,Inner Regional Australia"
Australia,5138,Regional,Inner Regional Australia,100,"Major Cities of Australia,Inner Regional Australia"
Australia,5139,Regional,Inner Regional Australia,100,Inner Regional Australia
Australia,5140,Metropolitan,Major Cities of Australia,100,Major Cities of Australia
Australia,5141,Metropolitan,Major Cities of Australia,100,Major Cities of Australia
Australia,5142,Metropolitan,Major Cities of Australia,100,"Major Cities of Australia,Inner Regional Australia"
Australia,5144,Regional,Inner Regional Australia,100,"Major Cities of Australia,Inner Regional Australia"
Australia,5150,Metropolitan,Major Cities of Australia,100,Major Cities of Australia
Australia,5151,Metropolitan,Major Cities of Australia,100,"Major Cities of Australia,Inner Regional Australia"
Australia,5152,Metropolitan,Major Cities of Australia,100,Major Cities of Australia
Australia,5153,Regional,Inner Regional Australia,90.4615278,"Major Cities of Australia,Inner Regional Australia"
Australia,5154,Metropolitan,Major Cities of Australia,100,"Major Cities of Australia,Inner Regional Australia"
Australia,5155,Metropolitan,Major Cities of Australia,100,"Major Cities of Australia,Inner Regional Australia"
Australia,5156,Metropolitan,Major Cities of Australia,100,Major Cities of Australia
Australia,5157,Regional,Inner Regional Australia,95.77424066,"Major Cities of Australia,Inner Regional Australia"
Australia,5158,Metropolitan,Major Cities of Australia,100,Major Cities of Australia
Australia,5159,Metropolitan,Major Cities of Australia,100,"Major Cities of Australia,Inner Regional Australia"
Australia,5160,Metropolitan,Major Cities of Australia,100,Major Cities of Australia
Australia,5161,Metropolitan,Major Cities of Australia,100,Major Cities of Australia
Australia,5162,Metropolitan,Major Cities of Australia,100,Major Cities of Australia
Australia,5163,Metropolitan,Major Cities of Australia,100,"Major Cities of Australia,Inner Regional Australia"
Australia,5164,Metropolitan,Major Cities of Australia,100,Major Cities of Australia
Australia,5165,Metropolitan,Major Cities of Australia,100,Major Cities of Australia
Australia,5166,Metropolitan,Major Cities of Australia,100,Major Cities of Australia
Australia,5167,Metropolitan,Major Cities of Australia,100,Major Cities of Australia
Australia,5168,Metropolitan,Major Cities of Australia,100,Major Cities of Australia
Australia,5169,Metropolitan,Major Cities of Australia,100,Major Cities of Australia
Australia,5170,Metropolitan,Major Cities of Australia,100,Major Cities of Australia
Australia,5171,Metropolitan,Major Cities of Australia,51.21506071,"Major Cities of Australia,Inner Regional Australia"
Australia,5172,Regional,Inner Regional Australia,90.76242869,"Major Cities of Australia,Inner Regional Australia"
Australia,5173,Metropolitan,Major Cities of Australia,100,Major Cities of Australia
Australia,5174,Metropolitan,Major Cities of Australia,58.02993914,"Major Cities of Australia,Inner Regional Australia"
Australia,5201,Regional,Inner Regional Australia,100,Inner Regional Australia
Australia,5202,Regional,Inner Regional Australia,100,Inner Regional Australia
Australia,5203,Regional,Inner Regional Australia,100,Inner Regional Australia
Australia,5204,Regional,Inner Regional Australia,100,Inner Regional Australia
Australia,5210,Regional,Inner Regional Australia,100,Inner Regional Australia
Australia,5211,Regional,Inner Regional Australia,100,Inner Regional Australia
Australia,5212,Regional,Inner Regional Australia,100,Inner Regional Australia
Australia,5213,Regional,Inner Regional Australia,100,Inner Regional Australia
Australia,5214,Regional,Inner Regional Australia,100,"Outer Regional Australia,Inner Regional Australia"
Australia,5220,Remote,Remote Australia,100,Remote Australia
Australia,5221,Remote,Remote Australia,100,Remote Australia
Australia,5222,Remote,Remote Australia,100,Remote Australia
Australia,5223,Remote,Remote Australia,100,Remote Australia
Australia,5231,Regional,Inner Regional Australia,100,Inner Regional Australia
Australia,5232,Regional,Inner Regional Australia,100,Inner Regional Australia
Australia,5233,Regional,Inner Regional Australia,100,Inner Regional Australia
Australia,5234,Regional,Inner Regional Australia,100,Inner Regional Australia
Australia,5235,Regional,Inner Regional Australia,100,Inner Regional Australia
Australia,5236,Regional,Inner Regional Australia,100,Inner Regional Australia
Australia,5237,Regional,Inner Regional Australia,100,Inner Regional Australia
Australia,5238,Regional,Inner Regional Australia,51.2348846,"Outer Regional Australia,Inner Regional Australia"
Australia,5240,Regional,Inner Regional Australia,100,Inner Regional Australia
Australia,5241,Regional,Inner Regional Australia,100,Inner Regional Australia
Australia,5242,Regional,Inner Regional Australia,100,"Major Cities of Australia,Inner Regional Australia"
Australia,5243,Regional,Inner Regional Australia,100,Inner Regional Australia
Australia,5244,Regional,Inner Regional Australia,100,Inner Regional Australia
Australia,5245,Regional,Inner Regional Australia,59.06861631,"Major Cities of Australia,Inner Regional Australia"
Australia,5250,Metropolitan,Major Cities of Australia,100,"Major Cities of Australia,Inner Regional Australia"
Australia,5251,Regional,Inner Regional Australia,76.36857662,"Major Cities of Australia,Inner Regional Australia"
Australia,5252,Regional,Inner Regional Australia,95.98062718,"Major Cities of Australia,Inner Regional Australia"
Australia,5253,Regional,Inner Regional Australia,100,"Outer Regional Australia,Inner Regional Australia"
Australia,5254,Regional,Inner Regional Australia,100,Inner Regional Australia
Australia,5255,Regional,Inner Regional Australia,100,Inner Regional Australia
Australia,5256,Regional,Inner Regional Australia,100,"Outer Regional Australia,Inner Regional Australia"
Australia,5259,Regional,Outer Regional Australia,58.18598839,"Outer Regional Australia,Inner Regional Australia"
Australia,5260,Regional,Inner Regional Australia,100,"Outer Regional Australia,Inner Regional Australia"
Australia,5261,Regional,Outer Regional Australia,100,"Outer Regional Australia,Inner Regional Australia"
Australia,5262,Regional,Outer Regional Australia,100,Outer Regional Australia
Australia,5263,Regional,Outer Regional Australia,100,Outer Regional Australia
Australia,5264,Regional,Outer Regional Australia,91.24601883,"Outer Regional Australia,Remote Australia,Inner Regional Australia"
Australia,5265,Regional,Outer Regional Australia,100,Outer Regional Australia
Australia,5266,Regional,Outer Regional Australia,100,"Outer Regional Australia,Remote Australia"
Australia,5267,Regional,Outer Regional Australia,61.10052375,"Outer Regional Australia,Remote Australia"
Australia,5268,Regional,Outer Regional Australia,55.78195345,"Outer Regional Australia,Remote Australia"
Australia,5269,Regional,Outer Regional Australia,100,"Outer Regional Australia,Remote Australia"
Australia,5270,Regional,Outer Regional Australia,100,"Outer Regional Australia,Remote Australia"
Australia,5271,Regional,Outer Regional Australia,85.2001211,"Outer Regional Australia,Remote Australia"
Australia,5272,Regional,Outer Regional Australia,100,"Outer Regional Australia,Remote Australia"
Australia,5273,Regional,Outer Regional Australia,77.68042977,"Outer Regional Australia,Remote Australia"
Australia,5275,Remote,Remote Australia,53.08640907,"Outer Regional Australia,Remote Australia"
Australia,5276,Regional,Outer Regional Australia,100,Outer Regional Australia
Australia,5277,Regional,Outer Regional Australia,100,Outer Regional Australia
Australia,5278,Regional,Outer Regional Australia,100,Outer Regional Australia
Australia,5279,Regional,Outer Regional Australia,100,Outer Regional Australia
Australia,5280,Regional,Outer Regional Australia,100,Outer Regional Australia
Australia,5290,Regional,Outer Regional Australia,100,Outer Regional Australia
Australia,5291,Regional,Outer Regional Australia,100,Outer Regional Australia
Australia,5301,Regional,Outer Regional Australia,100,"Outer Regional Australia,Remote Australia,Inner Regional Australia"
Australia,5302,Remote,Remote Australia,100,"Outer Regional Australia,Remote Australia"
Australia,5303,Remote,Remote Australia,100,Remote Australia
Australia,5304,Remote,Remote Australia,70.98980456,"Outer Regional Australia,Remote Australia"
Australia,5306,Regional,Outer Regional Australia,100,"Outer Regional Australia,Inner Regional Australia"
Australia,5307,Regional,Outer Regional Australia,100,"Outer Regional Australia,Remote Australia"
Australia,5308,Regional,Outer Regional Australia,100,Outer Regional Australia
Australia,5309,Regional,Outer Regional Australia,100,"Outer Regional Australia,Remote Australia"
Australia,5310,Regional,Outer Regional Australia,100,Outer Regional Australia
Australia,5311,Regional,Outer Regional Australia,100,"Outer Regional Australia,Remote Australia"
Australia,5320,Regional,Outer Regional Australia,100,"Outer Regional Australia,Remote Australia"
Australia,5321,Regional,Outer Regional Australia,100,Outer Regional Australia
Australia,5322,Regional,Outer Regional Australia,100,Outer Regional Australia
Australia,5330,Regional,Outer Regional Australia,100,"Outer Regional Australia,Remote Australia"
Australia,5331,Regional,Outer Regional Australia,100,Outer Regional Australia
Australia,5332,Regional,Outer Regional Australia,100,Outer Regional Australia
Australia,5333,Regional,Outer Regional Australia,100,Outer Regional Australia
Australia,5340,Regional,Outer Regional Australia,100,"Outer Regional Australia,Remote Australia"
Australia,5341,Remote,Remote Australia,63.24512301,"Outer Regional Australia,Remote Australia"
Australia,5342,Regional,Outer Regional Australia,100,"Outer Regional Australia,Remote Australia"
Australia,5343,Regional,Outer Regional Australia,100,Outer Regional Australia
Australia,5344,Regional,Outer Regional Australia,100,Outer Regional Australia
Australia,5345,Regional,Outer Regional Australia,100,Outer Regional Australia
Australia,5346,Regional,Outer Regional Australia,100,Outer Regional Australia
Australia,5350,Regional,Inner Regional Australia,100,"Major Cities of Australia,Inner Regional Australia"
Australia,5351,Regional,Inner Regional Australia,100,"Major Cities of Australia,Inner Regional Australia"
Australia,5352,Regional,Inner Regional Australia,100,Inner Regional Australia
Australia,5353,Regional,Inner Regional Australia,94.35445501,"Outer Regional Australia,Inner Regional Australia"
Australia,5354,Regional,Outer Regional Australia,100,"Outer Regional Australia,Inner Regional Australia"
Australia,5355,Regional,Inner Regional Australia,100,Inner Regional Australia
Australia,5356,Regional,Inner Regional Australia,96.11171435,"Outer Regional Australia,Inner Regional Australia"
Australia,5357,Regional,Outer Regional Australia,100,"Outer Regional Australia,Inner Regional Australia"
Australia,5360,Regional,Inner Regional Australia,100,Inner Regional Australia
Australia,5371,Regional,Inner Regional Australia,100,"Major Cities of Australia,Inner Regional Australia"
Australia,5372,Regional,Inner Regional Australia,100,Inner Regional Australia
Australia,5373,Regional,Inner Regional Australia,100,Inner Regional Australia
Australia,5374,Regional,Outer Regional Australia,73.21832772,"Outer Regional Australia,Inner Regional Australia"
Australia,5381,Regional,Outer Regional Australia,100,"Outer Regional Australia,Inner Regional Australia"
Australia,5400,Regional,Inner Regional Australia,100,Inner Regional Australia
Australia,5401,Regional,Inner Regional Australia,100,Inner Regional Australia
Australia,5410,Regional,Inner Regional Australia,100,Inner Regional Australia
Australia,5411,Regional,Inner Regional Australia,100,Inner Regional Australia
Australia,5412,Regional,Inner Regional Australia,100,Inner Regional Australia
Australia,5413,Regional,Outer Regional Australia,55.42420695,"Outer Regional Australia,Inner Regional Australia"
Australia,5414,Regional,Inner Regional Australia,100,"Outer Regional Australia,Inner Regional Australia"
Australia,5415,Regional,Outer Regional Australia,100,"Outer Regional Australia,Inner Regional Australia"
Australia,5416,Regional,Outer Regional Australia,100,Outer Regional Australia
Australia,5417,Remote,Remote Australia,90.09830783,"Outer Regional Australia,Remote Australia"
Australia,5418,Regional,Outer Regional Australia,100,"Outer Regional Australia,Remote Australia"
Australia,5419,Regional,Outer Regional Australia,100,"Outer Regional Australia,Remote Australia"
Australia,5420,Regional,Outer Regional Australia,100,Outer Regional Australia
Australia,5421,Regional,Outer Regional Australia,100,Outer Regional Australia
Australia,5422,Regional,Outer Regional Australia,100,"Outer Regional Australia,Remote Australia"
Australia,5431,Regional,Outer Regional Australia,100,"Outer Regional Australia,Remote Australia"
Australia,5432,Remote,Remote Australia,74.22596407,"Outer Regional Australia,Remote Australia,Very Remote Australia"
Australia,5433,Regional,Outer Regional Australia,100,"Outer Regional Australia,Remote Australia"
Australia,5434,Remote,Remote Australia,78.16233489,"Outer Regional Australia,Remote Australia,Very Remote Australia"
Australia,5440,Remote,Remote Australia,58.4621002,"Outer Regional Australia,Remote Australia,Very Remote Australia"
Australia,5451,Regional,Inner Regional Australia,100,"Outer Regional Australia,Inner Regional Australia"
Australia,5452,Regional,Inner Regional Australia,100,"Outer Regional Australia,Inner Regional Australia"
Australia,5453,Regional,Outer Regional Australia,59.7722666,"Outer Regional Australia,Inner Regional Australia"
Australia,5454,Regional,Outer Regional Australia,100,Outer Regional Australia
Australia,5455,Regional,Outer Regional Australia,100,Outer Regional Australia
Australia,5460,Regional,Inner Regional Australia,100,Inner Regional Australia
Australia,5461,Regional,Inner Regional Australia,71.4836358,"Outer Regional Australia,Inner Regional Australia"
Australia,5462,Regional,Outer Regional Australia,100,"Outer Regional Australia,Inner Regional Australia"
Australia,5464,Regional,Outer Regional Australia,100,Outer Regional Australia
Australia,5470,Regional,Outer Regional Australia,100,Outer Regional Australia
Australia,5471,Regional,Outer Regional Australia,100,Outer Regional Australia
Australia,5472,Regional,Outer Regional Australia,100,Outer Regional Australia
Australia,5473,Regional,Outer Regional Australia,100,Outer Regional Australia
Australia,5480,Regional,Outer Regional Australia,100,Outer Regional Australia
Australia,5481,Regional,Outer Regional Australia,100,Outer Regional Australia
Australia,5482,Regional,Outer Regional Australia,100,Outer Regional Australia
Australia,5483,Regional,Outer Regional Australia,100,Outer Regional Australia
Australia,5485,Regional,Outer Regional Australia,100,Outer Regional Australia
Australia,5490,Regional,Outer Regional Australia,100,Outer Regional Australia
Australia,5491,Regional,Outer Regional Australia,100,Outer Regional Australia
Australia,5493,Regional,Outer Regional Australia,100,Outer Regional Australia
Australia,5495,Regional,Outer Regional Australia,100,Outer Regional Australia
Australia,5501,Regional,Inner Regional Australia,100,"Major Cities of Australia,Inner Regional Australia"
Australia,5502,Regional,Inner Regional Australia,100,"Major Cities of Australia,Inner Regional Australia"
Australia,5510,Regional,Outer Regional Australia,100,Outer Regional Australia
Australia,5520,Regional,Outer Regional Australia,100,Outer Regional Australia
Australia,5521,Regional,Outer Regional Australia,100,Outer Regional Australia
Australia,5522,Regional,Outer Regional Australia,100,Outer Regional Australia
Australia,5523,Regional,Outer Regional Australia,100,Outer Regional Australia
Australia,5540,Regional,Outer Regional Australia,100,Outer Regional Australia
Australia,5550,Regional,Inner Regional Australia,56.61525424,"Outer Regional Australia,Inner Regional Australia"
Australia,5552,Regional,Outer Regional Australia,100,"Outer Regional Australia,Inner Regional Australia"
Australia,5554,Regional,Outer Regional Australia,100,Outer Regional Australia
Australia,5555,Regional,Outer Regional Australia,100,Outer Regional Australia
Australia,5556,Regional,Outer Regional Australia,100,Outer Regional Australia
Australia,5558,Regional,Outer Regional Australia,100,Outer Regional Australia
Australia,5560,Regional,Outer Regional Australia,100,Outer Regional Australia
Australia,5570,Regional,Outer Regional Australia,100,Outer Regional Australia
Australia,5571,Regional,Outer Regional Australia,100,Outer Regional Australia
Australia,5572,Regional,Outer Regional Australia,100,Outer Regional Australia
Australia,5573,Regional,Outer Regional Australia,100,Outer Regional Australia
Australia,5575,Remote,Remote Australia,51.04077998,"Outer Regional Australia,Remote Australia"
Australia,5576,Remote,Remote Australia,100,"Outer Regional Australia,Remote Australia"
Australia,5577,Remote,Remote Australia,100,Remote Australia
Australia,5580,Regional,Outer Regional Australia,100,Outer Regional Australia
Australia,5581,Regional,Outer Regional Australia,100,"Outer Regional Australia,Remote Australia"
Australia,5582,Remote,Remote Australia,100,"Outer Regional Australia,Remote Australia"
Australia,5583,Remote,Remote Australia,100,Remote Australia
Australia,5600,Regional,Outer Regional Australia,100,Outer Regional Australia
Australia,5601,Regional,Outer Regional Australia,100,"Outer Regional Australia,Remote Australia"
Australia,5602,Regional,Outer Regional Australia,80.26190062,"Outer Regional Australia,Remote Australia"
Australia,5603,Remote,Remote Australia,100,Remote Australia
Australia,5604,Remote,Remote Australia,100,Remote Australia
Australia,5605,Remote,Remote Australia,100,Remote Australia
Australia,5606,Remote,Remote Australia,100,Remote Australia
Australia,5607,Remote,Remote Australia,90.54086271,"Remote Australia,Very Remote Australia"
Australia,5608,Regional,Outer Regional Australia,100,Outer Regional Australia
Australia,5609,Regional,Outer Regional Australia,100,Outer Regional Australia
Australia,5611,Remote,Remote Australia,100,"Outer Regional Australia,Remote Australia"
Australia,5630,Remote,Remote Australia,100,Remote Australia
Australia,5631,Remote,Remote Australia,100,Remote Australia
Australia,5632,Remote,Remote Australia,100,Remote Australia
Australia,5633,Remote,Remote Australia,100,"Remote Australia,Very Remote Australia"
Australia,5640,Remote,Remote Australia,100,"Outer Regional Australia,Remote Australia"
Australia,5641,Remote,Remote Australia,100,"Outer Regional Australia,Remote Australia,Very Remote Australia"
Australia,5642,Remote,Remote Australia,100,"Remote Australia,Very Remote Australia"
Australia,5650,Remote,Very Remote Australia,56.43959623,"Remote Australia,Very Remote Australia"
Australia,5651,Remote,Very Remote Australia,100,"Remote Australia,Very Remote Australia"
Australia,5652,Remote,Very Remote Australia,100,"Remote Australia,Very Remote Australia"
Australia,5653,Remote,Very Remote Australia,100,Very Remote Australia
Australia,5654,Remote,Very Remote Australia,100,Very Remote Australia
Australia,5655,Remote,Very Remote Australia,100,"Remote Australia,Very Remote Australia"
Australia,5660,Remote,Very Remote Australia,100,Very Remote Australia
Australia,5661,Remote,Very Remote Australia,100,Very Remote Australia
Australia,5670,Remote,Very Remote Australia,100,"Remote Australia,Very Remote Australia"
Australia,5671,Remote,Very Remote Australia,100,Very Remote Australia
Australia,5680,Remote,Very Remote Australia,100,Very Remote Australia
Australia,5690,Remote,Very Remote Australia,100,Very Remote Australia
Australia,5700,Regional,Outer Regional Australia,100,"Outer Regional Australia,Remote Australia"
Australia,5701,Regional,Outer Regional Australia,85.59049018,"Outer Regional Australia,Very Remote Australia"
Australia,5710,Regional,Outer Regional Australia,100,Outer Regional Australia
Australia,5713,Remote,Very Remote Australia,73.56963027,"Outer Regional Australia,Remote Australia,Very Remote Australia"
Australia,5715,Remote,Remote Australia,100,"Outer Regional Australia,Remote Australia,Very Remote Australia"
Australia,5717,Remote,Very Remote Australia,78.3537347,"Remote Australia,Very Remote Australia"
Australia,5719,Remote,Very Remote Australia,100,"Remote Australia,Very Remote Australia"
Australia,5720,Remote,Very Remote Australia,100,Very Remote Australia
Australia,5722,Remote,Very Remote Australia,100,Very Remote Australia
Australia,5723,Remote,Very Remote Australia,100,Very Remote Australia
Australia,5724,Remote,Very Remote Australia,100,Very Remote Australia
Australia,5725,Remote,Remote Australia,100,"Remote Australia,Very Remote Australia"
Australia,5730,Remote,Remote Australia,57.04139426,"Remote Australia,Very Remote Australia"
Australia,5731,Remote,Very Remote Australia,100,Very Remote Australia
Australia,5732,Remote,Very Remote Australia,100,"Remote Australia,Very Remote Australia"
Australia,5733,Remote,Very Remote Australia,100,"Remote Australia,Very Remote Australia"
Australia,5734,Remote,Very Remote Australia,100,Very Remote Australia
Australia,5950,Metropolitan,Major Cities of Australia,100,Major Cities of Australia
Australia,6000,Metropolitan,Major Cities of Australia,100,Major Cities of Australia
Australia,6003,Metropolitan,Major Cities of Australia,100,Major Cities of Australia
Australia,6004,Metropolitan,Major Cities of Australia,100,Major Cities of Australia
Australia,6005,Metropolitan,Major Cities of Australia,100,Major Cities of Australia
Australia,6006,Metropolitan,Major Cities of Australia,100,Major Cities of Australia
Australia,6007,Metropolitan,Major Cities of Australia,100,Major Cities of Australia
Australia,6008,Metropolitan,Major Cities of Australia,100,Major Cities of Australia
Australia,6009,Metropolitan,Major Cities of Australia,100,Major Cities of Australia
Australia,6010,Metropolitan,Major Cities of Australia,100,Major Cities of Australia
Australia,6011,Metropolitan,Major Cities of Australia,100,Major Cities of Australia
Australia,6012,Metropolitan,Major Cities of Australia,100,Major Cities of Australia
Australia,6014,Metropolitan,Major Cities of Australia,100,Major Cities of Australia
Australia,6015,Metropolitan,Major Cities of Australia,100,Major Cities of Australia
Australia,6016,Metropolitan,Major Cities of Australia,100,Major Cities of Australia
Australia,6017,Metropolitan,Major Cities of Australia,100,Major Cities of Australia
Australia,6018,Metropolitan,Major Cities of Australia,100,Major Cities of Australia
Australia,6019,Metropolitan,Major Cities of Australia,100,Major Cities of Australia
Australia,6020,Metropolitan,Major Cities of Australia,100,Major Cities of Australia
Australia,6021,Metropolitan,Major Cities of Australia,100,Major Cities of Australia
Australia,6022,Metropolitan,Major Cities of Australia,100,Major Cities of Australia
Australia,6023,Metropolitan,Major Cities of Australia,100,Major Cities of Australia
Australia,6024,Metropolitan,Major Cities of Australia,100,Major Cities of Australia
Australia,6025,Metropolitan,Major Cities of Australia,100,Major Cities of Australia
Australia,6026,Metropolitan,Major Cities of Australia,100,Major Cities of Australia
Australia,6027,Metropolitan,Major Cities of Australia,100,Major Cities of Australia
Australia,6028,Metropolitan,Major Cities of Australia,100,Major Cities of Australia
Australia,6029,Metropolitan,Major Cities of Australia,100,Major Cities of Australia
Australia,6030,Metropolitan,Major Cities of Australia,100,Major Cities of Australia
Australia,6031,Metropolitan,Major Cities of Australia,100,"Major Cities of Australia,Inner Regional Australia"
Australia,6032,Metropolitan,Major Cities of Australia,100,"Major Cities of Australia,Inner Regional Australia"
Australia,6033,Metropolitan,Major Cities of Australia,100,"Major Cities of Australia,Inner Regional Australia"
Australia,6034,Metropolitan,Major Cities of Australia,100,"Major Cities of Australia,Inner Regional Australia"
Australia,6035,Regional,Inner Regional Australia,91.27833031,"Major Cities of Australia,Inner Regional Australia"
Australia,6036,Metropolitan,Major Cities of Australia,100,Major Cities of Australia
Australia,6037,Regional,Inner Regional Australia,100,"Major Cities of Australia,Inner Regional Australia"
Australia,6038,Metropolitan,Major Cities of Australia,100,Major Cities of Australia
Australia,6041,Regional,Inner Regional Australia,100,"Outer Regional Australia,Inner Regional Australia"
Australia,6042,Regional,Inner Regional Australia,100,"Outer Regional Australia,Inner Regional Australia"
Australia,6043,Regional,Outer Regional Australia,100,"Outer Regional Australia,Inner Regional Australia"
Australia,6044,Regional,Outer Regional Australia,100,Outer Regional Australia
Australia,6050,Metropolitan,Major Cities of Australia,100,Major Cities of Australia
Australia,6051,Metropolitan,Major Cities of Australia,100,Major Cities of Australia
Australia,6052,Metropolitan,Major Cities of Australia,100,Major Cities of Australia
Australia,6053,Metropolitan,Major Cities of Australia,100,Major Cities of Australia
Australia,6054,Metropolitan,Major Cities of Australia,100,Major Cities of Australia
Australia,6055,Metropolitan,Major Cities of Australia,100,Major Cities of Australia
Australia,6056,Metropolitan,Major Cities of Australia,100,"Major Cities of Australia,Inner Regional Australia"
Australia,6057,Metropolitan,Major Cities of Australia,100,Major Cities of Australia
Australia,6058,Metropolitan,Major Cities of Australia,100,Major Cities of Australia
Australia,6059,Metropolitan,Major Cities of Australia,100,Major Cities of Australia
Australia,6060,Metropolitan,Major Cities of Australia,100,Major Cities of Australia
Australia,6061,Metropolitan,Major Cities of Australia,100,Major Cities of Australia
Australia,6062,Metropolitan,Major Cities of Australia,100,Major Cities of Australia
Australia,6063,Metropolitan,Major Cities of Australia,100,Major Cities of Australia
Australia,6064,Metropolitan,Major Cities of Australia,100,Major Cities of Australia
Australia,6065,Metropolitan,Major Cities of Australia,100,Major Cities of Australia
Australia,6066,Metropolitan,Major Cities of Australia,100,Major Cities of Australia
Australia,6067,Metropolitan,Major Cities of Australia,100,Major Cities of Australia
Australia,6068,Metropolitan,Major Cities of Australia,100,Major Cities of Australia
Australia,6069,Metropolitan,Major Cities of Australia,71.92089903,"Major Cities of Australia,Inner Regional Australia"
Australia,6070,Metropolitan,Major Cities of Australia,100,Major Cities of Australia
Australia,6071,Metropolitan,Major Cities of Australia,100,Major Cities of Australia
Australia,6072,Metropolitan,Major Cities of Australia,100,Major Cities of Australia
Australia,6073,Metropolitan,Major Cities of Australia,100,"Major Cities of Australia,Inner Regional Australia"
Australia,6074,Regional,Inner Regional Australia,91.37733563,"Major Cities of Australia,Inner Regional Australia"
Australia,6076,Regional,Inner Regional Australia,58.81941179,"Major Cities of Australia,Inner Regional Australia"
Australia,6077,Metropolitan,Major Cities of Australia,100,Major Cities of Australia
Australia,6078,Regional,Inner Regional Australia,83.37668456,"Major Cities of Australia,Inner Regional Australia"
Australia,6079,Metropolitan,Major Cities of Australia,100,"Major Cities of Australia,Inner Regional Australia"
Australia,6081,Metropolitan,Major Cities of Australia,100,"Major Cities of Australia,Inner Regional Australia"
Australia,6082,Regional,Inner Regional Australia,61.72225761,"Major Cities of Australia,Inner Regional Australia"
Australia,6083,Regional,Inner Regional Australia,98.30582409,"Major Cities of Australia,Inner Regional Australia"
Australia,6084,Regional,Inner Regional Australia,100,"Outer Regional Australia,Major Cities of Australia,Inner Regional Australia"
Australia,6090,Metropolitan,Major Cities of Australia,100,Major Cities of Australia
Australia,6100,Metropolitan,Major Cities of Australia,100,Major Cities of Australia
Australia,6101,Metropolitan,Major Cities of Australia,100,Major Cities of Australia
Australia,6102,Metropolitan,Major Cities of Australia,100,Major Cities of Australia
Australia,6103,Metropolitan,Major Cities of Australia,100,Major Cities of Australia
Australia,6104,Metropolitan,Major Cities of Australia,100,Major Cities of Australia
Australia,6105,Metropolitan,Major Cities of Australia,100,Major Cities of Australia
Australia,6106,Metropolitan,Major Cities of Australia,100,Major Cities of Australia
Australia,6107,Metropolitan,Major Cities of Australia,100,Major Cities of Australia
Australia,6108,Metropolitan,Major Cities of Australia,100,Major Cities of Australia
Australia,6109,Metropolitan,Major Cities of Australia,100,"Major Cities of Australia,Inner Regional Australia"
Australia,6110,Metropolitan,Major Cities of Australia,100,"Major Cities of Australia,Inner Regional Australia"
Australia,6111,Regional,Inner Regional Australia,85.1439192,"Outer Regional Australia,Major Cities of Australia,Inner Regional Australia"
Australia,6112,Metropolitan,Major Cities of Australia,100,"Major Cities of Australia,Inner Regional Australia"
Australia,6121,Metropolitan,Major Cities of Australia,100,"Major Cities of Australia,Inner Regional Australia"
Australia,6122,Metropolitan,Major Cities of Australia,100,"Major Cities of Australia,Inner Regional Australia"
Australia,6123,Metropolitan,Major Cities of Australia,100,"Major Cities of Australia,Inner Regional Australia"
Australia,6124,Regional,Inner Regional Australia,98.20579561,"Outer Regional Australia,Major Cities of Australia,Inner Regional Australia"
Australia,6125,Regional,Inner Regional Australia,99.87329267,"Major Cities of Australia,Inner Regional Australia"
Australia,6126,Regional,Inner Regional Australia,100,"Outer Regional Australia,Major Cities of Australia,Inner Regional Australia"
Australia,6147,Metropolitan,Major Cities of Australia,100,Major Cities of Australia
Australia,6148,Metropolitan,Major Cities of Australia,100,Major Cities of Australia
Australia,6149,Metropolitan,Major Cities of Australia,100,Major Cities of Australia
Australia,6150,Metropolitan,Major Cities of Australia,100,Major Cities of Australia
Australia,6151,Metropolitan,Major Cities of Australia,100,Major Cities of Australia
Australia,6152,Metropolitan,Major Cities of Australia,100,Major Cities of Australia
Australia,6153,Metropolitan,Major Cities of Australia,100,Major Cities of Australia
Australia,6154,Metropolitan,Major Cities of Australia,100,Major Cities of Australia
Australia,6155,Metropolitan,Major Cities of Australia,100,Major Cities of Australia
Australia,6156,Metropolitan,Major Cities of Australia,100,Major Cities of Australia
Australia,6157,Metropolitan,Major Cities of Australia,100,Major Cities of Australia
Australia,6158,Metropolitan,Major Cities of Australia,100,Major Cities of Australia
Australia,6159,Metropolitan,Major Cities of Australia,100,Major Cities of Australia
Australia,6160,Metropolitan,Major Cities of Australia,100,Major Cities of Australia
Australia,6161,Remote,Remote Australia,100,Remote Australia
Australia,6162,Metropolitan,Major Cities of Australia,100,Major Cities of Australia
Australia,6163,Metropolitan,Major Cities of Australia,100,Major Cities of Australia
Australia,6164,Metropolitan,Major Cities of Australia,100,Major Cities of Australia
Australia,6165,Metropolitan,Major Cities of Australia,100,Major Cities of Australia
Australia,6166,Metropolitan,Major Cities of Australia,100,Major Cities of Australia
Australia,6167,Metropolitan,Major Cities of Australia,100,Major Cities of Australia
Australia,6168,Metropolitan,Major Cities of Australia,74.70832396,"Major Cities of Australia,Inner Regional Australia"
Australia,6169,Metropolitan,Major Cities of Australia,100,Major Cities of Australia
Australia,6170,Metropolitan,Major Cities of Australia,100,Major Cities of Australia
Australia,6171,Metropolitan,Major Cities of Australia,79.92188284,"Major Cities of Australia,Inner Regional Australia"
Australia,6172,Metropolitan,Major Cities of Australia,100,Major Cities of Australia
Australia,6173,Metropolitan,Major Cities of Australia,100,Major Cities of Australia
Australia,6174,Metropolitan,Major Cities of Australia,100,Major Cities of Australia
Australia,6175,Metropolitan,Major Cities of Australia,100,Major Cities of Australia
Australia,6176,Metropolitan,Major Cities of Australia,100,"Major Cities of Australia,Inner Regional Australia"
Australia,6180,Metropolitan,Major Cities of Australia,100,Major Cities of Australia
Australia,6181,Metropolitan,Major Cities of Australia,98.31209417,"Major Cities of Australia,Inner Regional Australia"
Australia,6182,Metropolitan,Major Cities of Australia,100,"Major Cities of Australia,Inner Regional Australia"
Australia,6207,Regional,Inner Regional Australia,100,"Outer Regional Australia,Major Cities of Australia,Inner Regional Australia"
Australia,6208,Regional,Inner Regional Australia,85.37779856,"Major Cities of Australia,Inner Regional Australia"
Australia,6209,Metropolitan,Major Cities of Australia,96.81261819,"Major Cities of Australia,Inner Regional Australia"
Australia,6210,Metropolitan,Major Cities of Australia,100,Major Cities of Australia
Australia,6211,Regional,Inner Regional Australia,83.13153727,"Major Cities of Australia,Inner Regional Australia"
Australia,6213,Regional,Inner Regional Australia,100,Inner Regional Australia
Australia,6214,Regional,Inner Regional Australia,100,Inner Regional Australia
Australia,6215,Regional,Inner Regional Australia,100,Inner Regional Australia
Australia,6218,Regional,Inner Regional Australia,100,Inner Regional Australia
Australia,6219,Regional,Inner Regional Australia,100,Inner Regional Australia
Australia,6220,Regional,Inner Regional Australia,100,Inner Regional Australia
Australia,6221,Regional,Inner Regional Australia,100,Inner Regional Australia
Australia,6223,Regional,Inner Regional Australia,100,Inner Regional Australia
Australia,6224,Regional,Inner Regional Australia,100,Inner Regional Australia
Australia,6225,Regional,Inner Regional Australia,66.40047732,"Outer Regional Australia,Inner Regional Australia"
Australia,6226,Regional,Inner Regional Australia,100,Inner Regional Australia
Australia,6227,Regional,Inner Regional Australia,100,Inner Regional Australia
Australia,6228,Regional,Inner Regional Australia,100,Inner Regional Australia
Australia,6229,Regional,Inner Regional Australia,100,Inner Regional Australia
Australia,6230,Regional,Inner Regional Australia,100,Inner Regional Australia
Australia,6232,Regional,Inner Regional Australia,100,Inner Regional Australia
Australia,6233,Regional,Inner Regional Australia,100,Inner Regional Australia
Australia,6236,Regional,Inner Regional Australia,100,Inner Regional Australia
Australia,6237,Regional,Inner Regional Australia,100,Inner Regional Australia
Australia,6239,Regional,Inner Regional Australia,100,Inner Regional Australia
Australia,6240,Regional,Inner Regional Australia,100,Inner Regional Australia
Australia,6243,Regional,Inner Regional Australia,74.16206866,"Outer Regional Australia,Inner Regional Australia"
Australia,6244,Regional,Outer Regional Australia,100,Outer Regional Australia
Australia,6251,Regional,Inner Regional Australia,100,"Outer Regional Australia,Inner Regional Australia"
Australia,6252,Regional,Inner Regional Australia,100,Inner Regional Australia
Australia,6253,Regional,Inner Regional Australia,100,"Outer Regional Australia,Inner Regional Australia"
Australia,6254,Regional,Outer Regional Australia,100,"Outer Regional Australia,Inner Regional Australia"
Australia,6255,Regional,Outer Regional Australia,98.25763562,"Outer Regional Australia,Inner Regional Australia"
Australia,6256,Regional,Outer Regional Australia,100,"Outer Regional Australia,Inner Regional Australia"
Australia,6258,Regional,Outer Regional Australia,98.84029564,"Outer Regional Australia,Remote Australia"
Australia,6260,Regional,Outer Regional Australia,90.70435903,"Outer Regional Australia,Remote Australia"
Australia,6262,Remote,Remote Australia,100,"Outer Regional Australia,Remote Australia"
Australia,6271,Regional,Inner Regional Australia,100,Inner Regional Australia
Australia,6275,Regional,Outer Regional Australia,84.49349713,"Outer Regional Australia,Inner Regional Australia"
Australia,6280,Regional,Inner Regional Australia,100,Inner Regional Australia
Australia,6281,Regional,Inner Regional Australia,100,Inner Regional Australia
Australia,6282,Regional,Inner Regional Australia,100,Inner Regional Australia
Australia,6284,Regional,Inner Regional Australia,100,"Outer Regional Australia,Inner Regional Australia"
Australia,6285,Regional,Inner Regional Australia,93.80586371,"Outer Regional Australia,Inner Regional Australia"
Australia,6286,Regional,Inner Regional Australia,100,"Outer Regional Australia,Inner Regional Australia"
Australia,6288,Regional,Outer Regional Australia,70.34414119,"Outer Regional Australia,Inner Regional Australia"
Australia,6290,Regional,Inner Regional Australia,95.65151177,"Outer Regional Australia,Inner Regional Australia"
Australia,6302,Regional,Inner Regional Australia,77.20024501,"Outer Regional Australia,Inner Regional Australia"
Australia,6304,Regional,Outer Regional Australia,100,"Outer Regional Australia,Inner Regional Australia"
Australia,6306,Regional,Outer Regional Australia,79.47393322,"Outer Regional Australia,Remote Australia"
Australia,6308,Regional,Outer Regional Australia,100,"Outer Regional Australia,Remote Australia,Inner Regional Australia"
Australia,6309,Regional,Outer Regional Australia,100,Outer Regional Australia
Australia,6311,Regional,Outer Regional Australia,100,Outer Regional Australia
Australia,6312,Regional,Outer Regional Australia,83.79656562,"Outer Regional Australia,Remote Australia"
Australia,6313,Regional,Outer Regional Australia,100,Outer Regional Australia
Australia,6315,Regional,Outer Regional Australia,89.79395478,"Outer Regional Australia,Remote Australia"
Australia,6316,Regional,Outer Regional Australia,100,"Outer Regional Australia,Remote Australia"
Australia,6317,Regional,Outer Regional Australia,83.35515989,"Outer Regional Australia,Remote Australia"
Australia,6318,Regional,Outer Regional Australia,100,"Outer Regional Australia,Remote Australia"
Australia,6320,Regional,Outer Regional Australia,100,"Outer Regional Australia,Remote Australia"
Australia,6321,Regional,Outer Regional Australia,100,"Outer Regional Australia,Remote Australia"
Australia,6322,Regional,Outer Regional Australia,100,Outer Regional Australia
Australia,6323,Regional,Outer Regional Australia,100,Outer Regional Australia
Australia,6324,Regional,Outer Regional Australia,100,"Outer Regional Australia,Remote Australia"
Australia,6326,Regional,Outer Regional Australia,100,Outer Regional Australia
Australia,6327,Regional,Outer Regional Australia,100,Outer Regional Australia
Australia,6328,Remote,Remote Australia,54.77514014,"Outer Regional Australia,Remote Australia"
Australia,6330,Regional,Outer Regional Australia,100,Outer Regional Australia
Australia,6333,Regional,Outer Regional Australia,100,Outer Regional Australia
Australia,6335,Remote,Remote Australia,100,"Outer Regional Australia,Remote Australia"
Australia,6336,Remote,Remote Australia,100,Remote Australia
Australia,6337,Remote,Remote Australia,99.91600577,"Remote Australia,Very Remote Australia"
Australia,6338,Remote,Remote Australia,69.91178194,"Outer Regional Australia,Remote Australia"
Australia,6341,Remote,Remote Australia,100,"Outer Regional Australia,Remote Australia"
Australia,6343,Remote,Remote Australia,100,"Remote Australia,Very Remote Australia"
Australia,6346,Remote,Very Remote Australia,66.62438218,"Remote Australia,Very Remote Australia"
Australia,6348,Remote,Very Remote Australia,57.17961357,"Remote Australia,Very Remote Australia"
Australia,6350,Remote,Remote Australia,100,"Outer Regional Australia,Remote Australia"
Australia,6351,Remote,Remote Australia,100,Remote Australia
Australia,6352,Remote,Remote Australia,100,Remote Australia
Australia,6353,Remote,Remote Australia,100,Remote Australia
Australia,6355,Remote,Very Remote Australia,62.88711117,"Remote Australia,Very Remote Australia"
Australia,6356,Remote,Very Remote Australia,100,Very Remote Australia
Australia,6357,Remote,Remote Australia,100,"Remote Australia,Very Remote Australia"
Australia,6358,Remote,Remote Australia,100,"Remote Australia,Very Remote Australia"
Australia,6359,Remote,Very Remote Australia,92.6594051,"Remote Australia,Very Remote Australia"
Australia,6361,Remote,Remote Australia,100,"Outer Regional Australia,Remote Australia"
Australia,6363,Remote,Remote Australia,100,Remote Australia
Australia,6365,Remote,Remote Australia,100,Remote Australia
Australia,6367,Remote,Remote Australia,100,Remote Australia
Australia,6368,Remote,Remote Australia,100,Remote Australia
Australia,6369,Remote,Remote Australia,100,"Remote Australia,Very Remote Australia"
Australia,6370,Regional,Outer Regional Australia,65.57999899,"Outer Regional Australia,Remote Australia"
Australia,6372,Remote,Remote Australia,54.93769929,"Outer Regional Australia,Remote Australia"
Australia,6373,Remote,Remote Australia,100,"Outer Regional Australia,Remote Australia"
Australia,6375,Remote,Remote Australia,100,"Outer Regional Australia,Remote Australia"
Australia,6383,Regional,Outer Regional Australia,100,"Outer Regional Australia,Remote Australia,Inner Regional Australia"
Australia,6384,Regional,Outer Regional Australia,100,"Outer Regional Australia,Remote Australia"
Australia,6385,Remote,Remote Australia,100,"Outer Regional Australia,Remote Australia"
Australia,6386,Remote,Remote Australia,100,"Outer Regional Australia,Remote Australia"
Australia,6390,Regional,Inner Regional Australia,56.06357796,"Outer Regional Australia,Inner Regional Australia"
Australia,6391,Regional,Outer Regional Australia,93.3333089,"Outer Regional Australia,Inner Regional Australia"
Australia,6392,Regional,Outer Regional Australia,100,Outer Regional Australia
Australia,6393,Regional,Outer Regional Australia,100,Outer Regional Australia
Australia,6394,Regional,Outer Regional Australia,100,Outer Regional Australia
Australia,6395,Regional,Outer Regional Australia,100,Outer Regional Australia
Australia,6396,Regional,Outer Regional Australia,100,Outer Regional Australia
Australia,6397,Regional,Outer Regional Australia,100,Outer Regional Australia
Australia,6398,Regional,Outer Regional Australia,70.36051683,"Outer Regional Australia,Remote Australia"
Australia,6401,Regional,Inner Regional Australia,67.2194645,"Outer Regional Australia,Inner Regional Australia"
Australia,6403,Regional,Inner Regional Australia,100,Inner Regional Australia
Australia,6405,Regional,Outer Regional Australia,100,"Outer Regional Australia,Inner Regional Australia"
Australia,6407,Regional,Outer Regional Australia,100,Outer Regional Australia
Australia,6409,Regional,Outer Regional Australia,100,Outer Regional Australia
Australia,6410,Regional,Outer Regional Australia,100,"Outer Regional Australia,Remote Australia"
Australia,6411,Regional,Outer Regional Australia,100,"Outer Regional Australia,Remote Australia"
Australia,6412,Regional,Outer Regional Australia,100,"Outer Regional Australia,Remote Australia"
Australia,6413,Regional,Outer Regional Australia,100,"Outer Regional Australia,Remote Australia"
Australia,6414,Regional,Outer Regional Australia,100,"Outer Regional Australia,Remote Australia"
Australia,6415,Remote,Remote Australia,78.95036881,"Outer Regional Australia,Remote Australia"
Australia,6418,Remote,Remote Australia,100,"Outer Regional Australia,Remote Australia"
Australia,6419,Remote,Remote Australia,100,Remote Australia
Australia,6420,Remote,Remote Australia,100,Remote Australia
Australia,6421,Remote,Remote Australia,100,Remote Australia
Australia,6422,Remote,Remote Australia,100,Remote Australia
Australia,6423,Remote,Remote Australia,100,Remote Australia
Australia,6424,Remote,Remote Australia,100,Remote Australia
Australia,6425,Remote,Remote Australia,100,Remote Australia
Australia,6426,Remote,Remote Australia,100,"Remote Australia,Very Remote Australia"
Australia,6427,Remote,Remote Australia,100,Remote Australia
Australia,6428,Remote,Remote Australia,100,Remote Australia
Australia,6429,Remote,Very Remote Australia,100,"Remote Australia,Very Remote Australia"
Australia,6430,Remote,Very Remote Australia,59.29833614,"Outer Regional Australia,Very Remote Australia"
Australia,6431,Remote,Very Remote Australia,99.97749337,"Outer Regional Australia,Very Remote Australia"
Australia,6432,Regional,Outer Regional Australia,100,"Outer Regional Australia,Very Remote Australia"
Australia,6434,Remote,Very Remote Australia,99.99637404,"Outer Regional Australia,Very Remote Australia"
Australia,6436,Remote,Very Remote Australia,100,"Remote Australia,Very Remote Australia"
Australia,6437,Remote,Very Remote Australia,100,Very Remote Australia
Australia,6438,Remote,Very Remote Australia,100,Very Remote Australia
Australia,6440,Remote,Very Remote Australia,100,Very Remote Australia
Australia,6442,Remote,Very Remote Australia,74.88288585,"Outer Regional Australia,Very Remote Australia"
Australia,6443,Remote,Very Remote Australia,100,"Outer Regional Australia,Remote Australia,Very Remote Australia"
Australia,6445,Remote,Very Remote Australia,100,"Remote Australia,Very Remote Australia"
Australia,6446,Remote,Remote Australia,100,"Remote Australia,Very Remote Australia"
Australia,6447,Remote,Remote Australia,56.16737018,"Remote Australia,Very Remote Australia"
Australia,6448,Remote,Remote Australia,100,"Remote Australia,Very Remote Australia"
Australia,6450,Remote,Very Remote Australia,54.7288756,"Remote Australia,Very Remote Australia"
Australia,6452,Remote,Very Remote Australia,100,"Remote Australia,Very Remote Australia"
Australia,6460,Regional,Outer Regional Australia,100,Outer Regional Australia
Australia,6461,Regional,Outer Regional Australia,100,Outer Regional Australia
Australia,6462,Regional,Outer Regional Australia,100,"Outer Regional Australia,Remote Australia"
Australia,6463,Regional,Outer Regional Australia,100,Outer Regional Australia
Australia,6465,Regional,Outer Regional Australia,100,"Outer Regional Australia,Remote Australia"
Australia,6466,Remote,Remote Australia,100,"Outer Regional Australia,Remote Australia"
Australia,6467,Remote,Remote Australia,100,Remote Australia
Australia,6468,Remote,Remote Australia,100,"Remote Australia,Very Remote Australia"
Australia,6470,Remote,Remote Australia,100,Remote Australia
Australia,6472,Remote,Remote Australia,100,"Remote Australia,Very Remote Australia"
Australia,6473,Remote,Remote Australia,100,Remote Australia
Australia,6475,Remote,Remote Australia,100,"Outer Regional Australia,Remote Australia"
Australia,6476,Remote,Remote Australia,100,"Outer Regional Australia,Remote Australia"
Australia,6477,Remote,Remote Australia,100,Remote Australia
Australia,6479,Remote,Remote Australia,100,Remote Australia
Australia,6480,Remote,Remote Australia,100,"Outer Regional Australia,Remote Australia"
Australia,6484,Remote,Remote Australia,100,"Remote Australia,Very Remote Australia"
Australia,6485,Regional,Outer Regional Australia,100,"Outer Regional Australia,Remote Australia"
Australia,6487,Remote,Remote Australia,100,"Outer Regional Australia,Remote Australia"
Australia,6488,Remote,Remote Australia,100,"Outer Regional Australia,Remote Australia"
Australia,6489,Remote,Remote Australia,100,"Outer Regional Australia,Remote Australia"
Australia,6490,Remote,Remote Australia,100,"Outer Regional Australia,Remote Australia"
Australia,6501,Regional,Inner Regional Australia,100,Inner Regional Australia
Australia,6502,Regional,Outer Regional Australia,95.22548363,"Outer Regional Australia,Inner Regional Australia"
Australia,6503,Regional,Outer Regional Australia,73.74854483,"Outer Regional Australia,Inner Regional Australia"
Australia,6504,Regional,Outer Regional Australia,100,"Outer Regional Australia,Inner Regional Australia"
Australia,6505,Regional,Outer Regional Australia,100,Outer Regional Australia
Australia,6506,Regional,Outer Regional Australia,100,Outer Regional Australia
Australia,6507,Regional,Outer Regional Australia,100,Outer Regional Australia
Australia,6509,Regional,Outer Regional Australia,100,Outer Regional Australia
Australia,6510,Regional,Outer Regional Australia,100,Outer Regional Australia
Australia,6511,Regional,Outer Regional Australia,100,Outer Regional Australia
Australia,6512,Regional,Outer Regional Australia,100,"Outer Regional Australia,Remote Australia"
Australia,6513,Remote,Remote Australia,100,"Outer Regional Australia,Remote Australia"
Australia,6514,Remote,Remote Australia,100,"Outer Regional Australia,Remote Australia"
Australia,6515,Remote,Remote Australia,100,"Outer Regional Australia,Remote Australia"
Australia,6516,Regional,Outer Regional Australia,100,"Outer Regional Australia,Remote Australia"
Australia,6517,Remote,Remote Australia,100,Remote Australia
Australia,6518,Remote,Remote Australia,100,"Outer Regional Australia,Remote Australia"
Australia,6519,Remote,Remote Australia,100,"Outer Regional Australia,Remote Australia"
Australia,6521,Regional,Outer Regional Australia,100,"Outer Regional Australia,Remote Australia"
Australia,6522,Regional,Outer Regional Australia,100,"Outer Regional Australia,Remote Australia"
Australia,6525,Regional,Outer Regional Australia,100,"Outer Regional Australia,Remote Australia"
Australia,6528,Regional,Outer Regional Australia,100,Outer Regional Australia
Australia,6530,Regional,Outer Regional Australia,86.35867318,"Outer Regional Australia,Very Remote Australia"
Australia,6532,Remote,Very Remote Australia,49.52265284,"Outer Regional Australia,Remote Australia,Very Remote Australia"
Australia,6535,Remote,Remote Australia,71.44605728,"Outer Regional Australia,Remote Australia"
Australia,6536,Remote,Remote Australia,100,"Remote Australia,Very Remote Australia"
Australia,6537,Remote,Very Remote Australia,100,Very Remote Australia
Australia,6556,Regional,Inner Regional Australia,100,"Major Cities of Australia,Inner Regional Australia"
Australia,6558,Regional,Inner Regional Australia,100,Inner Regional Australia
Australia,6560,Regional,Inner Regional Australia,100,Inner Regional Australia
Australia,6562,Regional,Inner Regional Australia,100,Inner Regional Australia
Australia,6564,Regional,Inner Regional Australia,100,Inner Regional Australia
Australia,6566,Regional,Inner Regional Australia,71.76522579,"Outer Regional Australia,Inner Regional Australia"
Australia,6567,Regional,Inner Regional Australia,83.6621496,"Outer Regional Australia,Inner Regional Australia"
Australia,6568,Regional,Outer Regional Australia,100,Outer Regional Australia
Australia,6569,Regional,Outer Regional Australia,100,Outer Regional Australia
Australia,6571,Regional,Outer Regional Australia,100,Outer Regional Australia
Australia,6572,Regional,Outer Regional Australia,100,Outer Regional Australia
Australia,6574,Regional,Outer Regional Australia,100,"Outer Regional Australia,Remote Australia"
Australia,6575,Regional,Outer Regional Australia,100,"Outer Regional Australia,Remote Australia"
Australia,6603,Regional,Outer Regional Australia,100,"Outer Regional Australia,Remote Australia"
Australia,6605,Remote,Remote Australia,100,"Outer Regional Australia,Remote Australia"
Australia,6606,Remote,Remote Australia,100,"Outer Regional Australia,Remote Australia"
Australia,6608,Remote,Remote Australia,100,"Outer Regional Australia,Remote Australia"
Australia,6609,Remote,Remote Australia,100,"Outer Regional Australia,Remote Australia"
Australia,6612,Remote,Very Remote Australia,86.66697855,"Remote Australia,Very Remote Australia"
Australia,6613,Remote,Remote Australia,100,Remote Australia
Australia,6614,Remote,Remote Australia,100,Remote Australia
Australia,6616,Remote,Remote Australia,100,Remote Australia
Australia,6620,Remote,Remote Australia,100,"Remote Australia,Very Remote Australia"
Australia,6623,Remote,Remote Australia,100,"Outer Regional Australia,Remote Australia,Very Remote Australia"
Australia,6625,Remote,Remote Australia,100,"Outer Regional Australia,Remote Australia"
Australia,6627,Remote,Remote Australia,100,"Outer Regional Australia,Remote Australia,Very Remote Australia"
Australia,6628,Remote,Remote Australia,100,Remote Australia
Australia,6630,Remote,Very Remote Australia,85.62789853,"Outer Regional Australia,Remote Australia,Very Remote Australia"
Australia,6631,Remote,Remote Australia,100,"Remote Australia,Very Remote Australia"
Australia,6632,Remote,Remote Australia,100,"Outer Regional Australia,Remote Australia"
Australia,6635,Remote,Very Remote Australia,100,"Remote Australia,Very Remote Australia"
Australia,6638,Remote,Very Remote Australia,100,Very Remote Australia
Australia,6639,Remote,Very Remote Australia,100,"Remote Australia,Very Remote Australia"
Australia,6640,Remote,Very Remote Australia,100,Very Remote Australia
Australia,6642,Remote,Very Remote Australia,100,Very Remote Australia
Australia,6646,Remote,Very Remote Australia,100,Very Remote Australia
Australia,6701,Remote,Very Remote Australia,100,Very Remote Australia
Australia,6705,Remote,Very Remote Australia,100,Very Remote Australia
Australia,6707,Remote,Very Remote Australia,100,Very Remote Australia
Australia,6710,Remote,Very Remote Australia,100,Very Remote Australia
Australia,6712,Remote,Very Remote Australia,100,Very Remote Australia
Australia,6713,Remote,Very Remote Australia,97.35620139,"Remote Australia,Very Remote Australia"
Australia,6714,Remote,Very Remote Australia,98.62393607,"Remote Australia,Very Remote Australia"
Australia,6716,Remote,Very Remote Australia,100,Very Remote Australia
Australia,6718,Remote,Remote Australia,84.20556898,"Remote Australia,Very Remote Australia"
Australia,6720,Remote,Remote Australia,100,"Remote Australia,Very Remote Australia"
Australia,6721,Remote,Very Remote Australia,98.83565248,"Remote Australia,Very Remote Australia"
Australia,6722,Remote,Very Remote Australia,99.54270846,"Remote Australia,Very Remote Australia"
Australia,6725,Remote,Very Remote Australia,99.55007133,"Remote Australia,Very Remote Australia"
Australia,6726,Remote,Remote Australia,100,Remote Australia
Australia,6728,Remote,Very Remote Australia,100,Very Remote Australia
Australia,6740,Remote,Very Remote Australia,100,Very Remote Australia
Australia,6743,Remote,Very Remote Australia,100,Very Remote Australia
Australia,6751,Remote,Very Remote Australia,100,Very Remote Australia
Australia,6753,Remote,Very Remote Australia,100,Very Remote Australia
Australia,6754,Remote,Very Remote Australia,100,Very Remote Australia
Australia,6758,Remote,Very Remote Australia,100,Very Remote Australia
Australia,6760,Remote,Very Remote Australia,100,Very Remote Australia
Australia,6762,Remote,Very Remote Australia,100,Very Remote Australia
Australia,6765,Remote,Very Remote Australia,100,Very Remote Australia
Australia,6770,Remote,Very Remote Australia,100,Very Remote Australia
Australia,6798,Remote,Very Remote Australia,100,Very Remote Australia
Australia,6799,Remote,Very Remote Australia,100,Very Remote Australia
Australia,7000,Regional,Inner Regional Australia,100,Inner Regional Australia
Australia,7004,Regional,Inner Regional Australia,100,Inner Regional Australia
Australia,7005,Regional,Inner Regional Australia,100,Inner Regional Australia
Australia,7007,Regional,Inner Regional Australia,100,Inner Regional Australia
Australia,7008,Regional,Inner Regional Australia,100,Inner Regional Australia
Australia,7009,Regional,Inner Regional Australia,100,Inner Regional Australia
Australia,7010,Regional,Inner Regional Australia,100,Inner Regional Australia
Australia,7011,Regional,Inner Regional Australia,100,Inner Regional Australia
Australia,7012,Regional,Inner Regional Australia,100,Inner Regional Australia
Australia,7015,Regional,Inner Regional Australia,100,Inner Regional Australia
Australia,7016,Regional,Inner Regional Australia,100,Inner Regional Australia
Australia,7017,Regional,Inner Regional Australia,80.54058298,"Outer Regional Australia,Inner Regional Australia"
Australia,7018,Regional,Inner Regional Australia,100,Inner Regional Australia
Australia,7019,Regional,Inner Regional Australia,100,Inner Regional Australia
Australia,7020,Regional,Inner Regional Australia,88.59614753,"Outer Regional Australia,Inner Regional Australia"
Australia,7021,Regional,Inner Regional Australia,100,Inner Regional Australia
Australia,7022,Regional,Outer Regional Australia,100,Outer Regional Australia
Australia,7023,Regional,Outer Regional Australia,100,Outer Regional Australia
Australia,7024,Regional,Inner Regional Australia,100,Inner Regional Australia
Australia,7025,Regional,Inner Regional Australia,72.40950748,"Outer Regional Australia,Inner Regional Australia"
Australia,7026,Regional,Outer Regional Australia,100,"Outer Regional Australia,Inner Regional Australia"
Australia,7027,Regional,Outer Regional Australia,100,Outer Regional Australia
Australia,7030,Regional,Outer Regional Australia,81.66432231,"Outer Regional Australia,Remote Australia,Inner Regional Australia"
Australia,7050,Regional,Inner Regional Australia,100,Inner Regional Australia
Australia,7052,Regional,Inner Regional Australia,100,Inner Regional Australia
Australia,7053,Regional,Inner Regional Australia,100,Inner Regional Australia
Australia,7054,Regional,Inner Regional Australia,100,"Outer Regional Australia,Inner Regional Australia"
Australia,7055,Regional,Inner Regional Australia,100,Inner Regional Australia
Australia,7109,Regional,Outer Regional Australia,99.06788761,"Outer Regional Australia,Remote Australia,Inner Regional Australia"
Australia,7112,Regional,Outer Regional Australia,100,"Outer Regional Australia,Inner Regional Australia"
Australia,7113,Regional,Outer Regional Australia,100,Outer Regional Australia
Australia,7116,Remote,Remote Australia,97.77131869,"Outer Regional Australia,Remote Australia"
Australia,7117,Regional,Outer Regional Australia,100,Outer Regional Australia
Australia,7119,Regional,Outer Regional Australia,100,Outer Regional Australia
Australia,7120,Regional,Outer Regional Australia,100,"Outer Regional Australia,Remote Australia"
Australia,7139,Remote,Remote Australia,100,Remote Australia
Australia,7140,Regional,Outer Regional Australia,52.10520768,"Outer Regional Australia,Remote Australia,Inner Regional Australia"
Australia,7150,Regional,Outer Regional Australia,88.1942559,"Outer Regional Australia,Inner Regional Australia"
Australia,7155,Regional,Outer Regional Australia,70.9088415,"Outer Regional Australia,Inner Regional Australia"
Australia,7162,Regional,Outer Regional Australia,100,Outer Regional Australia
Australia,7163,Regional,Outer Regional Australia,100,Outer Regional Australia
Australia,7170,Regional,Inner Regional Australia,100,Inner Regional Australia
Australia,7171,Regional,Inner Regional Australia,100,Inner Regional Australia
Australia,7172,Regional,Outer Regional Australia,71.43508708,"Outer Regional Australia,Inner Regional Australia"
Australia,7173,Regional,Outer Regional Australia,78.01011947,"Outer Regional Australia,Inner Regional Australia"
Australia,7174,Regional,Outer Regional Australia,100,Outer Regional Australia
Australia,7175,Regional,Outer Regional Australia,100,Outer Regional Australia
Australia,7176,Regional,Outer Regional Australia,100,Outer Regional Australia
Australia,7177,Regional,Outer Regional Australia,100,Outer Regional Australia
Australia,7178,Regional,Outer Regional Australia,100,Outer Regional Australia
Australia,7179,Regional,Outer Regional Australia,100,Outer Regional Australia
Australia,7180,Regional,Outer Regional Australia,100,Outer Regional Australia
Australia,7182,Regional,Outer Regional Australia,100,Outer Regional Australia
Australia,7183,Regional,Outer Regional Australia,100,Outer Regional Australia
Australia,7184,Regional,Outer Regional Australia,100,Outer Regional Australia
Australia,7185,Regional,Outer Regional Australia,100,Outer Regional Australia
Australia,7186,Regional,Outer Regional Australia,100,Outer Regional Australia
Australia,7187,Regional,Outer Regional Australia,100,Outer Regional Australia
Australia,7190,Regional,Outer Regional Australia,65.21355908,"Outer Regional Australia,Remote Australia,Inner Regional Australia"
Australia,7209,Regional,Outer Regional Australia,86.78394203,"Outer Regional Australia,Remote Australia"
Australia,7210,Regional,Outer Regional Australia,84.80817187,"Outer Regional Australia,Remote Australia"
Australia,7211,Regional,Outer Regional Australia,100,Outer Regional Australia
Australia,7212,Regional,Outer Regional Australia,88.64248365,"Outer Regional Australia,Inner Regional Australia"
Australia,7213,Regional,Outer Regional Australia,85.22268379,"Outer Regional Australia,Remote Australia"
Australia,7214,Regional,Outer Regional Australia,100,Outer Regional Australia
Australia,7215,Remote,Remote Australia,62.57296927,"Outer Regional Australia,Remote Australia"
Australia,7216,Regional,Outer Regional Australia,100,Outer Regional Australia
Australia,7248,Regional,Inner Regional Australia,100,"Outer Regional Australia,Inner Regional Australia"
Australia,7249,Regional,Inner Regional Australia,100,Inner Regional Australia
Australia,7250,Regional,Inner Regional Australia,100,"Outer Regional Australia,Inner Regional Australia"
Australia,7252,Regional,Outer Regional Australia,99.87831354,"Outer Regional Australia,Inner Regional Australia"
Australia,7253,Regional,Outer Regional Australia,100,Outer Regional Australia
Australia,7254,Regional,Outer Regional Australia,100,Outer Regional Australia
Australia,7255,Remote,Very Remote Australia,100,Very Remote Australia
Australia,7256,Remote,Very Remote Australia,100,Very Remote Australia
Australia,7257,Remote,Very Remote Australia,100,Very Remote Australia
Australia,7258,Regional,Outer Regional Australia,61.49755824,"Outer Regional Australia,Inner Regional Australia"
Australia,7259,Regional,Outer Regional Australia,99.63458872,"Outer Regional Australia,Inner Regional Australia"
Australia,7260,Regional,Outer Regional Australia,100,"Outer Regional Australia,Inner Regional Australia"
Australia,7261,Regional,Outer Regional Australia,100,Outer Regional Australia
Australia,7262,Regional,Outer Regional Australia,100,Outer Regional Australia
Australia,7263,Regional,Outer Regional Australia,100,Outer Regional Australia
Australia,7264,Regional,Outer Regional Australia,90.87044525,"Outer Regional Australia,Remote Australia"
Australia,7265,Regional,Outer Regional Australia,100,Outer Regional Australia
Australia,7267,Regional,Outer Regional Australia,100,"Outer Regional Australia,Inner Regional Australia"
Australia,7268,Regional,Inner Regional Australia,63.98800104,"Outer Regional Australia,Inner Regional Australia"
Australia,7270,Regional,Outer Regional Australia,100,Outer Regional Australia
Australia,7275,Regional,Outer Regional Australia,100,"Outer Regional Australia,Inner Regional Australia"
Australia,7276,Regional,Outer Regional Australia,100,Outer Regional Australia
Australia,7277,Regional,Inner Regional Australia,50.61038044,"Outer Regional Australia,Inner Regional Australia"
Australia,7290,Regional,Inner Regional Australia,100,Inner Regional Australia
Australia,7291,Regional,Inner Regional Australia,100,"Outer Regional Australia,Inner Regional Australia"
Australia,7292,Regional,Outer Regional Australia,65.23550495,"Outer Regional Australia,Inner Regional Australia"
Australia,7300,Regional,Inner Regional Australia,69.19762179,"Outer Regional Australia,Inner Regional Australia"
Australia,7301,Regional,Outer Regional Australia,88.60605889,"Outer Regional Australia,Remote Australia,Inner Regional Australia"
Australia,7302,Regional,Outer Regional Australia,100,"Outer Regional Australia,Inner Regional Australia"
Australia,7303,Regional,Outer Regional Australia,95.41472701,"Outer Regional Australia,Inner Regional Australia"
Australia,7304,Regional,Outer Regional Australia,74.3415994,"Outer Regional Australia,Remote Australia"
Australia,7305,Regional,Outer Regional Australia,100,Outer Regional Australia
Australia,7306,Regional,Outer Regional Australia,75.13110619,"Outer Regional Australia,Remote Australia"
Australia,7307,Regional,Outer Regional Australia,100,Outer Regional Australia
Australia,7310,Regional,Outer Regional Australia,100,Outer Regional Australia
Australia,7315,Regional,Outer Regional Australia,100,Outer Regional Australia
Australia,7316,Regional,Outer Regional Australia,100,Outer Regional Australia
Australia,7320,Regional,Outer Regional Australia,100,Outer Regional Australia
Australia,7321,Regional,Outer Regional Australia,98.02253155,"Outer Regional Australia,Remote Australia"
Australia,7322,Regional,Outer Regional Australia,100,Outer Regional Australia
Australia,7325,Regional,Outer Regional Australia,100,"Outer Regional Australia,Remote Australia"
Australia,7330,Remote,Remote Australia,57.60378295,"Outer Regional Australia,Remote Australia"
Australia,7331,Regional,Outer Regional Australia,100,Outer Regional Australia
Australia,7466,Remote,Remote Australia,100,Remote Australia
Australia,7467,Remote,Remote Australia,100,Remote Australia
Australia,7468,Remote,Remote Australia,100,Remote Australia
Australia,7469,Remote,Remote Australia,74.82627549,"Outer Regional Australia,Remote Australia"
Australia,7470,Remote,Remote Australia,100,Remote Australia
New Zealand,110,Regional,,,
New Zealand,110,Regional,,,
New Zealand,110,Regional,,,
New Zealand,110,Regional,,,
New Zealand,110,Regional,,,
New Zealand,110,Regional,,,
New Zealand,110,Regional,,,
New Zealand,110,Regional,,,
New Zealand,110,Regional,,,
New Zealand,112,Regional,,,
New Zealand,112,Regional,,,
New Zealand,112,Regional,,,
New Zealand,112,Regional,,,
New Zealand,112,Regional,,,
New Zealand,112,Regional,,,
New Zealand,112,Regional,,,
New Zealand,112,Regional,,,
New Zealand,112,Regional,,,
New Zealand,114,Regional,,,
New Zealand,114,Regional,,,
New Zealand,140,Regional,,,
New Zealand,141,Regional,,,
New Zealand,142,Regional,,,
New Zealand,143,Regional,,,
New Zealand,144,Regional,,,
New Zealand,145,Regional,,,
New Zealand,146,Regional,,,
New Zealand,147,Regional,,,
New Zealand,148,Regional,,,
New Zealand,149,Regional,,,
New Zealand,150,Regional,,,
New Zealand,151,Regional,,,
New Zealand,152,Regional,,,
New Zealand,153,Regional,,,
New Zealand,154,Regional,,,
New Zealand,170,Regional,,,
New Zealand,171,Regional,,,
New Zealand,172,Rural,,,
New Zealand,173,Regional,,,
New Zealand,174,Rural,,,
New Zealand,175,Regional,,,
New Zealand,176,Rural,,,
New Zealand,178,Regional,,,
New Zealand,179,Regional,,,
New Zealand,181,Regional,,,
New Zealand,182,Rural,,,
New Zealand,184,Rural,,,
New Zealand,185,Regional,,,
New Zealand,192,Regional,,,
New Zealand,193,Rural,,,
New Zealand,200,Rural,,,
New Zealand,241,Rural,,,
New Zealand,242,Rural,,,
New Zealand,243,Rural,,,
New Zealand,244,Rural,,,
New Zealand,245,Regional,,,
New Zealand,246,Regional,,,
New Zealand,247,Rural,,,
New Zealand,271,Rural,,,
New Zealand,272,Rural,,,
New Zealand,281,Rural,,,
New Zealand,282,Rural,,,
New Zealand,283,Rural,,,
New Zealand,293,Regional,,,
New Zealand,294,Rural,,,
New Zealand,295,Regional,,,
New Zealand,310,Rural,,,
New Zealand,310,Rural,,,
New Zealand,340,Rural,,,
New Zealand,341,Rural,,,
New Zealand,370,Rural,,,
New Zealand,371,Rural,,,
New Zealand,372,Rural,,,
New Zealand,373,Rural,,,
New Zealand,374,Rural,,,
New Zealand,376,Rural,,,
New Zealand,377,Rural,,,
New Zealand,379,Rural,,,
New Zealand,381,Rural,,,
New Zealand,391,Rural,,,
New Zealand,420,Rural,,,
New Zealand,420,Rural,,,
New Zealand,420,Rural,,,
New Zealand,420,Rural,,,
New Zealand,440,Rural,,,
New Zealand,441,Regional,,,
New Zealand,442,Rural,,,
New Zealand,443,Rural,,,
New Zealand,444,Rural,,,
New Zealand,445,Rural,,,
New Zealand,446,Rural,,,
New Zealand,447,Rural,,,
New Zealand,448,Rural,,,
New Zealand,449,Regional,,,
New Zealand,451,Regional,,,
New Zealand,453,Rural,,,
New Zealand,460,Rural,,,
New Zealand,462,Rural,,,
New Zealand,472,Rural,,,
New Zealand,473,Rural,,,
New Zealand,474,Rural,,,
New Zealand,475,Rural,,,
New Zealand,476,Rural,,,
New Zealand,478,Rural,,,
New Zealand,479,Rural,,,
New Zealand,481,Regional,,,
New Zealand,482,Regional,,,
New Zealand,483,Rural,,,
New Zealand,484,Rural,,,
New Zealand,486,Regional,,,
New Zealand,491,Rural,,,
New Zealand,492,Rural,,,
New Zealand,494,Rural,,,
New Zealand,496,Rural,,,
New Zealand,505,Rural,,,
New Zealand,520,Rural,,,
New Zealand,520,Rural,,,
New Zealand,540,Rural,,,
New Zealand,541,Rural,,,
New Zealand,542,Rural,,,
New Zealand,543,Rural,,,
New Zealand,545,Rural,,,
New Zealand,547,Rural,,,
New Zealand,549,Rural,,,
New Zealand,550,Rural,,,
New Zealand,571,Rural,,,
New Zealand,573,Rural,,,
New Zealand,582,Rural,,,
New Zealand,583,Rural,,,
New Zealand,587,Rural,,,
New Zealand,588,Rural,,,
New Zealand,589,Rural,,,
New Zealand,591,Rural,,,
New Zealand,592,Rural,,,
New Zealand,593,Rural,,,
New Zealand,594,Rural,,,
New Zealand,600,Metropolitan,,,
New Zealand,600,Metropolitan,,,
New Zealand,602,Metropolitan,,,
New Zealand,602,Metropolitan,,,
New Zealand,602,Metropolitan,,,
New Zealand,604,Metropolitan,,,
New Zealand,604,Metropolitan,,,
New Zealand,604,Metropolitan,,,
New Zealand,604,Metropolitan,,,
New Zealand,604,Metropolitan,,,
New Zealand,604,Metropolitan,,,
New Zealand,604,Metropolitan,,,
New Zealand,604,Metropolitan,,,
New Zealand,610,Metropolitan,,,
New Zealand,610,Metropolitan,,,
New Zealand,610,Metropolitan,,,
New Zealand,612,Metropolitan,,,
New Zealand,612,Metropolitan,,,
New Zealand,612,Metropolitan,,,
New Zealand,612,Metropolitan,,,
New Zealand,612,Metropolitan,,,
New Zealand,612,Metropolitan,,,
New Zealand,612,Metropolitan,,,
New Zealand,612,Metropolitan,,,
New Zealand,614,Metropolitan,,,
New Zealand,614,Metropolitan,,,
New Zealand,614,Metropolitan,,,
New Zealand,614,Metropolitan,,,
New Zealand,618,Metropolitan,,,
New Zealand,618,Metropolitan,,,
New Zealand,618,Metropolitan,,,
New Zealand,620,Metropolitan,,,
New Zealand,620,Metropolitan,,,
New Zealand,620,Metropolitan,,,
New Zealand,620,Metropolitan,,,
New Zealand,620,Metropolitan,,,
New Zealand,622,Metropolitan,,,
New Zealand,622,Metropolitan,,,
New Zealand,622,Metropolitan,,,
New Zealand,622,Metropolitan,,,
New Zealand,624,Metropolitan,,,
New Zealand,624,Metropolitan,,,
New Zealand,626,Metropolitan,,,
New Zealand,626,Metropolitan,,,
New Zealand,626,Metropolitan,,,
New Zealand,627,Metropolitan,,,
New Zealand,627,Metropolitan,,,
New Zealand,627,Metropolitan,,,
New Zealand,627,Metropolitan,,,
New Zealand,629,Metropolitan,,,
New Zealand,629,Metropolitan,,,
New Zealand,630,Metropolitan,,,
New Zealand,630,Metropolitan,,,
New Zealand,630,Metropolitan,,,
New Zealand,630,Metropolitan,,,
New Zealand,630,Metropolitan,,,
New Zealand,630,Metropolitan,,,
New Zealand,632,Metropolitan,,,
New Zealand,632,Metropolitan,,,
New Zealand,632,Metropolitan,,,
New Zealand,632,Metropolitan,,,
New Zealand,632,Metropolitan,,,
New Zealand,632,Metropolitan,,,
New Zealand,632,Metropolitan,,,
New Zealand,632,Metropolitan,,,
New Zealand,632,Metropolitan,,,
New Zealand,640,Metropolitan,,,
New Zealand,641,Metropolitan,,,
New Zealand,642,Metropolitan,,,
New Zealand,643,Metropolitan,,,
New Zealand,644,Metropolitan,,,
New Zealand,645,Metropolitan,,,
New Zealand,650,Metropolitan,,,
New Zealand,651,Metropolitan,,,
New Zealand,652,Metropolitan,,,
New Zealand,653,Metropolitan,,,
New Zealand,654,Metropolitan,,,
New Zealand,655,Metropolitan,,,
New Zealand,656,Metropolitan,,,
New Zealand,657,Metropolitan,,,
New Zealand,660,Metropolitan,,,
New Zealand,661,Metropolitan,,,
New Zealand,662,Metropolitan,,,
New Zealand,663,Metropolitan,,,
New Zealand,740,Metropolitan,,,
New Zealand,741,Metropolitan,,,
New Zealand,742,Metropolitan,,,
New Zealand,743,Metropolitan,,,
New Zealand,744,Metropolitan,,,
New Zealand,745,Metropolitan,,,
New Zealand,746,Metropolitan,,,
New Zealand,747,Metropolitan,,,
New Zealand,748,Metropolitan,,,
New Zealand,749,Metropolitan,,,
New Zealand,750,Metropolitan,,,
New Zealand,751,Metropolitan,,,
New Zealand,752,Metropolitan,,,
New Zealand,753,Metropolitan,,,
New Zealand,754,Metropolitan,,,
New Zealand,755,Metropolitan,,,
New Zealand,756,Metropolitan,,,
New Zealand,757,Metropolitan,,,
New Zealand,758,Metropolitan,,,
New Zealand,772,Metropolitan,,,
New Zealand,781,Metropolitan,,,
New Zealand,782,Metropolitan,,,
New Zealand,792,Metropolitan,,,
New Zealand,793,Metropolitan,,,
New Zealand,794,Metropolitan,,,
New Zealand,810,Metropolitan,,,
New Zealand,810,Metropolitan,,,
New Zealand,814,Metropolitan,,,
New Zealand,814,Metropolitan,,,
New Zealand,814,Metropolitan,,,
New Zealand,814,Metropolitan,,,
New Zealand,840,Metropolitan,,,
New Zealand,841,Metropolitan,,,
New Zealand,842,Metropolitan,,,
New Zealand,843,Metropolitan,,,
New Zealand,871,Metropolitan,,,
New Zealand,873,Metropolitan,,,
New Zealand,874,Rural,,,
New Zealand,875,Metropolitan,,,
New Zealand,881,Metropolitan,,,
New Zealand,882,Metropolitan,,,
New Zealand,883,Metropolitan,,,
New Zealand,891,Metropolitan,,,
New Zealand,892,Metropolitan,,,
New Zealand,920,Rural,,,
New Zealand,920,Rural,,,
New Zealand,920,Rural,,,
New Zealand,920,Rural,,,
New Zealand,930,Metropolitan,,,
New Zealand,930,Metropolitan,,,
New Zealand,930,Metropolitan,,,
New Zealand,930,Metropolitan,,,
New Zealand,930,Metropolitan,,,
New Zealand,931,Metropolitan,,,
New Zealand,932,Rural,,,
New Zealand,932,Rural,,,
New Zealand,932,Rural,,,
New Zealand,932,Rural,,,
New Zealand,940,Rural,,,
New Zealand,941,Regional,,,
New Zealand,942,Regional,,,
New Zealand,943,Metropolitan,,,
New Zealand,944,Metropolitan,,,
New Zealand,945,Metropolitan,,,
New Zealand,946,Metropolitan,,,
New Zealand,947,Rural,,,
New Zealand,948,Regional,,,
New Zealand,950,Metropolitan,,,
New Zealand,951,Metropolitan,,,
New Zealand,960,Rural,,,
New Zealand,961,Rural,,,
New Zealand,962,Rural,,,
New Zealand,963,Rural,,,
New Zealand,972,Rural,,,
New Zealand,973,Rural,,,
New Zealand,974,Rural,,,
New Zealand,975,Rural,,,
New Zealand,977,Rural,,,
New Zealand,981,Regional,,,
New Zealand,982,Rural,,,
New Zealand,983,Metropolitan,,,
New Zealand,984,Metropolitan,,,
New Zealand,985,Rural,,,
New Zealand,986,Rural,,,
New Zealand,991,Rural,,,
New Zealand,992,Metropolitan,,,
New Zealand,993,Metropolitan,,,
New Zealand,1010,Rural,,,
New Zealand,1010,Rural,,,
New Zealand,1010,Rural,,,
New Zealand,1010,Rural,,,
New Zealand,1010,Rural,,,
New Zealand,1010,Rural,,,
New Zealand,1010,Rural,,,
New Zealand,1011,Metropolitan,,,
New Zealand,1011,Metropolitan,,,
New Zealand,1011,Metropolitan,,,
New Zealand,1011,Metropolitan,,,
New Zealand,1011,Metropolitan,,,
New Zealand,1021,Metropolitan,,,
New Zealand,1021,Metropolitan,,,
New Zealand,1021,Metropolitan,,,
New Zealand,1021,Metropolitan,,,
New Zealand,1021,Metropolitan,,,
New Zealand,1022,Metropolitan,,,
New Zealand,1022,Metropolitan,,,
New Zealand,1022,Metropolitan,,,
New Zealand,1022,Metropolitan,,,
New Zealand,1023,Metropolitan,,,
New Zealand,1023,Metropolitan,,,
New Zealand,1023,Metropolitan,,,
New Zealand,1023,Metropolitan,,,
New Zealand,1024,Metropolitan,,,
New Zealand,1024,Metropolitan,,,
New Zealand,1024,Metropolitan,,,
New Zealand,1025,Metropolitan,,,
New Zealand,1025,Metropolitan,,,
New Zealand,1025,Metropolitan,,,
New Zealand,1025,Metropolitan,,,
New Zealand,1026,Rural,,,
New Zealand,1026,Rural,,,
New Zealand,1041,Metropolitan,,,
New Zealand,1041,Metropolitan,,,
New Zealand,1041,Metropolitan,,,
New Zealand,1041,Metropolitan,,,
New Zealand,1042,Metropolitan,,,
New Zealand,1042,Metropolitan,,,
New Zealand,1042,Metropolitan,,,
New Zealand,1050,Metropolitan,,,
New Zealand,1050,Metropolitan,,,
New Zealand,1051,Metropolitan,,,
New Zealand,1051,Metropolitan,,,
New Zealand,1051,Metropolitan,,,
New Zealand,1051,Metropolitan,,,
New Zealand,1051,Metropolitan,,,
New Zealand,1051,Metropolitan,,,
New Zealand,1052,Metropolitan,,,
New Zealand,1052,Metropolitan,,,
New Zealand,1060,Metropolitan,,,
New Zealand,1060,Metropolitan,,,
New Zealand,1060,Metropolitan,,,
New Zealand,1061,Metropolitan,,,
New Zealand,1061,Metropolitan,,,
New Zealand,1061,Metropolitan,,,
New Zealand,1061,Metropolitan,,,
New Zealand,1061,Metropolitan,,,
New Zealand,1061,Metropolitan,,,
New Zealand,1061,Metropolitan,,,
New Zealand,1061,Metropolitan,,,
New Zealand,1062,Metropolitan,,,
New Zealand,1071,Metropolitan,,,
New Zealand,1071,Metropolitan,,,
New Zealand,1071,Metropolitan,,,
New Zealand,1071,Metropolitan,,,
New Zealand,1071,Metropolitan,,,
New Zealand,1072,Metropolitan,,,
New Zealand,1072,Metropolitan,,,
New Zealand,1072,Metropolitan,,,
New Zealand,1072,Metropolitan,,,
New Zealand,1072,Metropolitan,,,
New Zealand,1072,Metropolitan,,,
New Zealand,1072,Metropolitan,,,
New Zealand,1072,Metropolitan,,,
New Zealand,1081,Rural,,,
New Zealand,1081,Rural,,,
New Zealand,1081,Rural,,,
New Zealand,1081,Rural,,,
New Zealand,1081,Rural,,,
New Zealand,1140,Metropolitan,,,
New Zealand,1141,Metropolitan,,,
New Zealand,1142,Metropolitan,,,
New Zealand,1143,Metropolitan,,,
New Zealand,1144,Metropolitan,,,
New Zealand,1145,Metropolitan,,,
New Zealand,1147,Metropolitan,,,
New Zealand,1148,Metropolitan,,,
New Zealand,1149,Metropolitan,,,
New Zealand,1150,Metropolitan,,,
New Zealand,1151,Metropolitan,,,
New Zealand,1245,Metropolitan,,,
New Zealand,1246,Metropolitan,,,
New Zealand,1340,Metropolitan,,,
New Zealand,1342,Metropolitan,,,
New Zealand,1344,Metropolitan,,,
New Zealand,1345,Metropolitan,,,
New Zealand,1346,Metropolitan,,,
New Zealand,1347,Metropolitan,,,
New Zealand,1348,Metropolitan,,,
New Zealand,1349,Metropolitan,,,
New Zealand,1350,Metropolitan,,,
New Zealand,1351,Metropolitan,,,
New Zealand,1352,Metropolitan,,,
New Zealand,1440,Metropolitan,,,
New Zealand,1443,Metropolitan,,,
New Zealand,1445,Metropolitan,,,
New Zealand,1446,Metropolitan,,,
New Zealand,1541,Metropolitan,,,
New Zealand,1542,Metropolitan,,,
New Zealand,1543,Metropolitan,,,
New Zealand,1544,Metropolitan,,,
New Zealand,1545,Metropolitan,,,
New Zealand,1546,Metropolitan,,,
New Zealand,1640,Metropolitan,,,
New Zealand,1641,Metropolitan,,,
New Zealand,1642,Metropolitan,,,
New Zealand,1643,Metropolitan,,,
New Zealand,1740,Metropolitan,,,
New Zealand,1741,Metropolitan,,,
New Zealand,1742,Metropolitan,,,
New Zealand,1743,Metropolitan,,,
New Zealand,1744,Metropolitan,,,
New Zealand,1745,Metropolitan,,,
New Zealand,1746,Metropolitan,,,
New Zealand,1840,Rural,,,
New Zealand,1841,Rural,,,
New Zealand,1842,Rural,,,
New Zealand,1843,Rural,,,
New Zealand,1971,Rural,,,
New Zealand,2010,Metropolitan,,,
New Zealand,2010,Metropolitan,,,
New Zealand,2010,Metropolitan,,,
New Zealand,2010,Metropolitan,,,
New Zealand,2010,Metropolitan,,,
New Zealand,2012,Rural,,,
New Zealand,2012,Rural,,,
New Zealand,2012,Rural,,,
New Zealand,2012,Rural,,,
New Zealand,2013,Metropolitan,,,
New Zealand,2013,Metropolitan,,,
New Zealand,2013,Metropolitan,,,
New Zealand,2013,Metropolitan,,,
New Zealand,2013,Metropolitan,,,
New Zealand,2013,Metropolitan,,,
New Zealand,2014,Metropolitan,,,
New Zealand,2014,Metropolitan,,,
New Zealand,2014,Metropolitan,,,
New Zealand,2014,Metropolitan,,,
New Zealand,2014,Metropolitan,,,
New Zealand,2014,Metropolitan,,,
New Zealand,2014,Metropolitan,,,
New Zealand,2014,Metropolitan,,,
New Zealand,2016,Metropolitan,,,
New Zealand,2016,Metropolitan,,,
New Zealand,2016,Metropolitan,,,
New Zealand,2016,Metropolitan,,,
New Zealand,2016,Metropolitan,,,
New Zealand,2018,Metropolitan,,,
New Zealand,2018,Metropolitan,,,
New Zealand,2022,Metropolitan,,,
New Zealand,2022,Metropolitan,,,
New Zealand,2022,Metropolitan,,,
New Zealand,2022,Metropolitan,,,
New Zealand,2023,Metropolitan,,,
New Zealand,2023,Metropolitan,,,
New Zealand,2023,Metropolitan,,,
New Zealand,2023,Metropolitan,,,
New Zealand,2024,Metropolitan,,,
New Zealand,2024,Metropolitan,,,
New Zealand,2024,Metropolitan,,,
New Zealand,2025,Metropolitan,,,
New Zealand,2025,Metropolitan,,,
New Zealand,2025,Metropolitan,,,
New Zealand,2025,Metropolitan,,,
New Zealand,2102,Metropolitan,,,
New Zealand,2102,Metropolitan,,,
New Zealand,2103,Metropolitan,,,
New Zealand,2103,Metropolitan,,,
New Zealand,2103,Metropolitan,,,
New Zealand,2104,Metropolitan,,,
New Zealand,2104,Metropolitan,,,
New Zealand,2104,Metropolitan,,,
New Zealand,2105,Metropolitan,,,
New Zealand,2105,Metropolitan,,,
New Zealand,2105,Metropolitan,,,
New Zealand,2105,Metropolitan,,,
New Zealand,2105,Metropolitan,,,
New Zealand,2105,Metropolitan,,,
New Zealand,2105,Metropolitan,,,
New Zealand,2105,Metropolitan,,,
New Zealand,2105,Metropolitan,,,
New Zealand,2110,Metropolitan,,,
New Zealand,2110,Metropolitan,,,
New Zealand,2112,Metropolitan,,,
New Zealand,2112,Metropolitan,,,
New Zealand,2113,Metropolitan,,,
New Zealand,2113,Metropolitan,,,
New Zealand,2113,Metropolitan,,,
New Zealand,2113,Metropolitan,,,
New Zealand,2113,Metropolitan,,,
New Zealand,2120,Metropolitan,,,
New Zealand,2121,Metropolitan,,,
New Zealand,2122,Metropolitan,,,
New Zealand,2122,Metropolitan,,,
New Zealand,2123,Metropolitan,,,
New Zealand,2140,Metropolitan,,,
New Zealand,2141,Metropolitan,,,
New Zealand,2142,Metropolitan,,,
New Zealand,2143,Metropolitan,,,
New Zealand,2144,Metropolitan,,,
New Zealand,2145,Metropolitan,,,
New Zealand,2146,Metropolitan,,,
New Zealand,2147,Metropolitan,,,
New Zealand,2148,Metropolitan,,,
New Zealand,2149,Metropolitan,,,
New Zealand,2150,Metropolitan,,,
New Zealand,2151,Metropolitan,,,
New Zealand,2153,Metropolitan,,,
New Zealand,2154,Metropolitan,,,
New Zealand,2155,Metropolitan,,,
New Zealand,2156,Metropolitan,,,
New Zealand,2157,Metropolitan,,,
New Zealand,2158,Metropolitan,,,
New Zealand,2159,Metropolitan,,,
New Zealand,2160,Metropolitan,,,
New Zealand,2240,Metropolitan,,,
New Zealand,2241,Metropolitan,,,
New Zealand,2242,Metropolitan,,,
New Zealand,2243,Metropolitan,,,
New Zealand,2244,Metropolitan,,,
New Zealand,2245,Metropolitan,,,
New Zealand,2246,Metropolitan,,,
New Zealand,2247,Metropolitan,,,
New Zealand,2248,Metropolitan,,,
New Zealand,2340,Metropolitan,,,
New Zealand,2341,Metropolitan,,,
New Zealand,2342,Metropolitan,,,
New Zealand,2343,Metropolitan,,,
New Zealand,2344,Metropolitan,,,
New Zealand,2345,Metropolitan,,,
New Zealand,2440,Metropolitan,,,
New Zealand,2441,Metropolitan,,,
New Zealand,2471,Rural,,,
New Zealand,2472,Metropolitan,,,
New Zealand,2473,Rural,,,
New Zealand,2474,Rural,,,
New Zealand,2571,Metropolitan,,,
New Zealand,2576,Metropolitan,,,
New Zealand,2577,Metropolitan,,,
New Zealand,2578,Metropolitan,,,
New Zealand,2579,Metropolitan,,,
New Zealand,2580,Metropolitan,,,
New Zealand,2582,Metropolitan,,,
New Zealand,2583,Metropolitan,,,
New Zealand,2584,Metropolitan,,,
New Zealand,2585,Metropolitan,,,
New Zealand,2675,Metropolitan,,,
New Zealand,2676,Metropolitan,,,
New Zealand,2677,Metropolitan,,,
New Zealand,2678,Metropolitan,,,
New Zealand,2679,Metropolitan,,,
New Zealand,2681,Metropolitan,,,
New Zealand,2682,Rural,,,
New Zealand,2683,Rural,,,
New Zealand,2684,Rural,,,
New Zealand,2693,Metropolitan,,,
New Zealand,2694,Metropolitan,,,
New Zealand,2695,Rural,,,
New Zealand,2696,Rural,,,
New Zealand,2697,Rural,,,
New Zealand,3010,Rural,,,
New Zealand,3010,Rural,,,
New Zealand,3010,Rural,,,
New Zealand,3010,Rural,,,
New Zealand,3010,Rural,,,
New Zealand,3010,Rural,,,
New Zealand,3010,Rural,,,
New Zealand,3010,Rural,,,
New Zealand,3010,Rural,,,
New Zealand,3010,Rural,,,
New Zealand,3010,Rural,,,
New Zealand,3015,Regional,,,
New Zealand,3015,Regional,,,
New Zealand,3015,Regional,,,
New Zealand,3015,Regional,,,
New Zealand,3015,Regional,,,
New Zealand,3015,Regional,,,
New Zealand,3015,Regional,,,
New Zealand,3015,Regional,,,
New Zealand,3015,Regional,,,
New Zealand,3015,Regional,,,
New Zealand,3015,Regional,,,
New Zealand,3015,Regional,,,
New Zealand,3015,Regional,,,
New Zealand,3020,Regional,,,
New Zealand,3025,Rural,,,
New Zealand,3040,Regional,,,
New Zealand,3041,Regional,,,
New Zealand,3042,Regional,,,
New Zealand,3043,Regional,,,
New Zealand,3044,Regional,,,
New Zealand,3045,Regional,,,
New Zealand,3046,Regional,,,
New Zealand,3047,Regional,,,
New Zealand,3048,Regional,,,
New Zealand,3049,Regional,,,
New Zealand,3060,Rural,,,
New Zealand,3062,Rural,,,
New Zealand,3072,Regional,,,
New Zealand,3073,Rural,,,
New Zealand,3074,Regional,,,
New Zealand,3076,Regional,,,
New Zealand,3077,Rural,,,
New Zealand,3078,Rural,,,
New Zealand,3079,Rural,,,
New Zealand,3081,Rural,,,
New Zealand,3083,Rural,,,
New Zealand,3110,Rural,,,
New Zealand,3110,Rural,,,
New Zealand,3110,Rural,,,
New Zealand,3110,Rural,,,
New Zealand,3110,Rural,,,
New Zealand,3110,Rural,,,
New Zealand,3110,Rural,,,
New Zealand,3110,Rural,,,
New Zealand,3110,Rural,,,
New Zealand,3110,Rural,,,
New Zealand,3110,Rural,,,
New Zealand,3112,Metropolitan,,,
New Zealand,3112,Metropolitan,,,
New Zealand,3112,Metropolitan,,,
New Zealand,3112,Metropolitan,,,
New Zealand,3112,Metropolitan,,,
New Zealand,3112,Metropolitan,,,
New Zealand,3112,Metropolitan,,,
New Zealand,3112,Metropolitan,,,
New Zealand,3112,Metropolitan,,,
New Zealand,3114,Metropolitan,,,
New Zealand,3114,Metropolitan,,,
New Zealand,3116,Metropolitan,,,
New Zealand,3116,Metropolitan,,,
New Zealand,3118,Metropolitan,,,
New Zealand,3118,Metropolitan,,,
New Zealand,3119,Rural,,,
New Zealand,3120,Rural,,,
New Zealand,3120,Rural,,,
New Zealand,3120,Rural,,,
New Zealand,3120,Rural,,,
New Zealand,3120,Rural,,,
New Zealand,3121,Rural,,,
New Zealand,3121,Rural,,,
New Zealand,3122,Rural,,,
New Zealand,3122,Rural,,,
New Zealand,3122,Rural,,,
New Zealand,3122,Rural,,,
New Zealand,3123,Regional,,,
New Zealand,3127,Regional,,,
New Zealand,3129,Regional,,,
New Zealand,3140,Metropolitan,,,
New Zealand,3141,Metropolitan,,,
New Zealand,3142,Metropolitan,,,
New Zealand,3143,Metropolitan,,,
New Zealand,3144,Metropolitan,,,
New Zealand,3145,Metropolitan,,,
New Zealand,3146,Metropolitan,,,
New Zealand,3147,Metropolitan,,,
New Zealand,3148,Metropolitan,,,
New Zealand,3149,Metropolitan,,,
New Zealand,3150,Metropolitan,,,
New Zealand,3151,Metropolitan,,,
New Zealand,3152,Metropolitan,,,
New Zealand,3153,Regional,,,
New Zealand,3154,Metropolitan,,,
New Zealand,3158,Regional,,,
New Zealand,3159,Regional,,,
New Zealand,3160,Rural,,,
New Zealand,3161,Regional,,,
New Zealand,3162,Rural,,,
New Zealand,3163,Regional,,,
New Zealand,3164,Rural,,,
New Zealand,3166,Regional,,,
New Zealand,3167,Rural,,,
New Zealand,3168,Rural,,,
New Zealand,3169,Regional,,,
New Zealand,3171,Metropolitan,,,
New Zealand,3172,Rural,,,
New Zealand,3173,Metropolitan,,,
New Zealand,3175,Metropolitan,,,
New Zealand,3176,Metropolitan,,,
New Zealand,3177,Rural,,,
New Zealand,3178,Rural,,,
New Zealand,3182,Regional,,,
New Zealand,3183,Metropolitan,,,
New Zealand,3186,Rural,,,
New Zealand,3187,Rural,,,
New Zealand,3188,Metropolitan,,,
New Zealand,3189,Rural,,,
New Zealand,3191,Rural,,,
New Zealand,3192,Rural,,,
New Zealand,3193,Rural,,,
New Zealand,3194,Rural,,,
New Zealand,3196,Rural,,,
New Zealand,3197,Rural,,,
New Zealand,3198,Rural,,,
New Zealand,3199,Rural,,,
New Zealand,3200,Metropolitan,,,
New Zealand,3200,Metropolitan,,,
New Zealand,3200,Metropolitan,,,
New Zealand,3200,Metropolitan,,,
New Zealand,3200,Metropolitan,,,
New Zealand,3200,Metropolitan,,,
New Zealand,3200,Metropolitan,,,
New Zealand,3200,Metropolitan,,,
New Zealand,3200,Metropolitan,,,
New Zealand,3200,Metropolitan,,,
New Zealand,3200,Metropolitan,,,
New Zealand,3200,Metropolitan,,,
New Zealand,3200,Metropolitan,,,
New Zealand,3200,Metropolitan,,,
New Zealand,3200,Metropolitan,,,
New Zealand,3204,Metropolitan,,,
New Zealand,3204,Metropolitan,,,
New Zealand,3204,Metropolitan,,,
New Zealand,3204,Metropolitan,,,
New Zealand,3204,Metropolitan,,,
New Zealand,3204,Metropolitan,,,
New Zealand,3206,Metropolitan,,,
New Zealand,3206,Metropolitan,,,
New Zealand,3206,Metropolitan,,,
New Zealand,3206,Metropolitan,,,
New Zealand,3206,Metropolitan,,,
New Zealand,3206,Metropolitan,,,
New Zealand,3210,Metropolitan,,,
New Zealand,3210,Metropolitan,,,
New Zealand,3210,Metropolitan,,,
New Zealand,3210,Metropolitan,,,
New Zealand,3210,Metropolitan,,,
New Zealand,3210,Metropolitan,,,
New Zealand,3210,Metropolitan,,,
New Zealand,3210,Metropolitan,,,
New Zealand,3210,Metropolitan,,,
New Zealand,3210,Metropolitan,,,
New Zealand,3210,Metropolitan,,,
New Zealand,3210,Metropolitan,,,
New Zealand,3210,Metropolitan,,,
New Zealand,3214,Metropolitan,,,
New Zealand,3214,Metropolitan,,,
New Zealand,3214,Metropolitan,,,
New Zealand,3214,Metropolitan,,,
New Zealand,3214,Metropolitan,,,
New Zealand,3214,Metropolitan,,,
New Zealand,3216,Metropolitan,,,
New Zealand,3216,Metropolitan,,,
New Zealand,3216,Metropolitan,,,
New Zealand,3216,Metropolitan,,,
New Zealand,3216,Metropolitan,,,
New Zealand,3218,Metropolitan,,,
New Zealand,3225,Rural,,,
New Zealand,3240,Metropolitan,,,
New Zealand,3241,Metropolitan,,,
New Zealand,3242,Metropolitan,,,
New Zealand,3243,Metropolitan,,,
New Zealand,3244,Metropolitan,,,
New Zealand,3245,Metropolitan,,,
New Zealand,3246,Metropolitan,,,
New Zealand,3247,Metropolitan,,,
New Zealand,3248,Metropolitan,,,
New Zealand,3249,Metropolitan,,,
New Zealand,3251,Metropolitan,,,
New Zealand,3252,Metropolitan,,,
New Zealand,3253,Metropolitan,,,
New Zealand,3254,Metropolitan,,,
New Zealand,3255,Metropolitan,,,
New Zealand,3256,Metropolitan,,,
New Zealand,3257,Metropolitan,,,
New Zealand,3260,Metropolitan,,,
New Zealand,3261,Metropolitan,,,
New Zealand,3262,Metropolitan,,,
New Zealand,3263,Metropolitan,,,
New Zealand,3264,Rural,,,
New Zealand,3265,Rural,,,
New Zealand,3266,Metropolitan,,,
New Zealand,3281,Metropolitan,,,
New Zealand,3282,Metropolitan,,,
New Zealand,3283,Metropolitan,,,
New Zealand,3284,Metropolitan,,,
New Zealand,3285,Metropolitan,,,
New Zealand,3288,Metropolitan,,,
New Zealand,3289,Metropolitan,,,
New Zealand,3290,Metropolitan,,,
New Zealand,3293,Metropolitan,,,
New Zealand,3295,Metropolitan,,,
New Zealand,3296,Rural,,,
New Zealand,3297,Rural,,,
New Zealand,3300,Regional,,,
New Zealand,3310,Rural,,,
New Zealand,3320,Rural,,,
New Zealand,3330,Rural,,,
New Zealand,3330,Rural,,,
New Zealand,3330,Rural,,,
New Zealand,3330,Rural,,,
New Zealand,3332,Regional,,,
New Zealand,3334,Rural,,,
New Zealand,3334,Rural,,,
New Zealand,3340,Regional,,,
New Zealand,3341,Rural,,,
New Zealand,3342,Rural,,,
New Zealand,3343,Rural,,,
New Zealand,3351,Regional,,,
New Zealand,3352,Regional,,,
New Zealand,3353,Rural,,,
New Zealand,3360,Rural,,,
New Zealand,3371,Rural,,,
New Zealand,3372,Regional,,,
New Zealand,3373,Rural,,,
New Zealand,3374,Rural,,,
New Zealand,3375,Regional,,,
New Zealand,3377,Regional,,,
New Zealand,3378,Regional,,,
New Zealand,3379,Rural,,,
New Zealand,3380,Rural,,,
New Zealand,3381,Rural,,,
New Zealand,3382,Rural,,,
New Zealand,3391,Rural,,,
New Zealand,3392,Rural,,,
New Zealand,3393,Rural,,,
New Zealand,3400,Regional,,,
New Zealand,3401,Rural,,,
New Zealand,3401,Rural,,,
New Zealand,3410,Rural,,,
New Zealand,3410,Rural,,,
New Zealand,3410,Rural,,,
New Zealand,3410,Rural,,,
New Zealand,3411,Rural,,,
New Zealand,3411,Rural,,,
New Zealand,3415,Rural,,,
New Zealand,3420,Regional,,,
New Zealand,3421,Rural,,,
New Zealand,3432,Regional,,,
New Zealand,3434,Regional,,,
New Zealand,3434,Regional,,,
New Zealand,3434,Regional,,,
New Zealand,3440,Regional,,,
New Zealand,3441,Rural,,,
New Zealand,3442,Rural,,,
New Zealand,3443,Rural,,,
New Zealand,3444,Regional,,,
New Zealand,3445,Rural,,,
New Zealand,3450,Regional,,,
New Zealand,3451,Regional,,,
New Zealand,3471,Rural,,,
New Zealand,3472,Rural,,,
New Zealand,3473,Rural,,,
New Zealand,3474,Rural,,,
New Zealand,3475,Rural,,,
New Zealand,3481,Rural,,,
New Zealand,3482,Rural,,,
New Zealand,3483,Rural,,,
New Zealand,3484,Rural,,,
New Zealand,3485,Rural,,,
New Zealand,3491,Rural,,,
New Zealand,3492,Rural,,,
New Zealand,3493,Regional,,,
New Zealand,3494,Rural,,,
New Zealand,3495,Rural,,,
New Zealand,3496,Rural,,,
New Zealand,3500,Regional,,,
New Zealand,3503,Rural,,,
New Zealand,3503,Rural,,,
New Zealand,3506,Rural,,,
New Zealand,3506,Rural,,,
New Zealand,3506,Rural,,,
New Zealand,3506,Rural,,,
New Zealand,3508,Rural,,,
New Zealand,3510,Regional,,,
New Zealand,3540,Regional,,,
New Zealand,3541,Rural,,,
New Zealand,3542,Regional,,,
New Zealand,3543,Rural,,,
New Zealand,3544,Rural,,,
New Zealand,3545,Rural,,,
New Zealand,3546,Rural,,,
New Zealand,3547,Rural,,,
New Zealand,3574,Rural,,,
New Zealand,3575,Rural,,,
New Zealand,3576,Rural,,,
New Zealand,3577,Regional,,,
New Zealand,3578,Rural,,,
New Zealand,3579,Rural,,,
New Zealand,3581,Rural,,,
New Zealand,3582,Rural,,,
New Zealand,3583,Rural,,,
New Zealand,3584,Rural,,,
New Zealand,3591,Rural,,,
New Zealand,3592,Rural,,,
New Zealand,3597,Rural,,,
New Zealand,3600,Rural,,,
New Zealand,3600,Rural,,,
New Zealand,3610,Regional,,,
New Zealand,3611,Rural,,,
New Zealand,3611,Rural,,,
New Zealand,3620,Rural,,,
New Zealand,3640,Rural,,,
New Zealand,3641,Regional,,,
New Zealand,3642,Rural,,,
New Zealand,3643,Rural,,,
New Zealand,3671,Rural,,,
New Zealand,3672,Rural,,,
New Zealand,3673,Rural,,,
New Zealand,3674,Rural,,,
New Zealand,3681,Rural,,,
New Zealand,3682,Rural,,,
New Zealand,3691,Rural,,,
New Zealand,3700,Regional,,,
New Zealand,3700,Regional,,,
New Zealand,3710,Rural,,,
New Zealand,3720,Metropolitan,,,
New Zealand,3721,Metropolitan,,,
New Zealand,3740,Regional,,,
New Zealand,3741,Rural,,,
New Zealand,3742,Metropolitan,,,
New Zealand,3771,Rural,,,
New Zealand,3772,Rural,,,
New Zealand,3781,Rural,,,
New Zealand,3782,Rural,,,
New Zealand,3784,Rural,,,
New Zealand,3791,Metropolitan,,,
New Zealand,3792,Rural,,,
New Zealand,3793,Rural,,,
New Zealand,3794,Rural,,,
New Zealand,3800,Regional,,,
New Zealand,3800,Regional,,,
New Zealand,3802,Regional,,,
New Zealand,3803,Regional,,,
New Zealand,3840,Regional,,,
New Zealand,3841,Regional,,,
New Zealand,3843,Rural,,,
New Zealand,3872,Rural,,,
New Zealand,3873,Rural,,,
New Zealand,3874,Rural,,,
New Zealand,3875,Rural,,,
New Zealand,3876,Metropolitan,,,
New Zealand,3877,Rural,,,
New Zealand,3878,Rural,,,
New Zealand,3879,Rural,,,
New Zealand,3880,Rural,,,
New Zealand,3881,Metropolitan,,,
New Zealand,3882,Metropolitan,,,
New Zealand,3883,Regional,,,
New Zealand,3885,Rural,,,
New Zealand,3886,Rural,,,
New Zealand,3889,Rural,,,
New Zealand,3894,Rural,,,
New Zealand,3895,Rural,,,
New Zealand,3900,Rural,,,
New Zealand,3910,Rural,,,
New Zealand,3912,Rural,,,
New Zealand,3920,Rural,,,
New Zealand,3924,Rural,,,
New Zealand,3926,Rural,,,
New Zealand,3940,Rural,,,
New Zealand,3941,Rural,,,
New Zealand,3942,Rural,,,
New Zealand,3943,Rural,,,
New Zealand,3944,Rural,,,
New Zealand,3945,Rural,,,
New Zealand,3946,Rural,,,
New Zealand,3947,Rural,,,
New Zealand,3948,Rural,,,
New Zealand,3949,Rural,,,
New Zealand,3970,Rural,,,
New Zealand,3971,Rural,,,
New Zealand,3972,Rural,,,
New Zealand,3973,Rural,,,
New Zealand,3974,Rural,,,
New Zealand,3975,Rural,,,
New Zealand,3976,Rural,,,
New Zealand,3977,Rural,,,
New Zealand,3978,Rural,,,
New Zealand,3979,Rural,,,
New Zealand,3980,Rural,,,
New Zealand,3981,Rural,,,
New Zealand,3982,Rural,,,
New Zealand,3983,Rural,,,
New Zealand,3985,Rural,,,
New Zealand,3986,Rural,,,
New Zealand,3987,Rural,,,
New Zealand,3988,Rural,,,
New Zealand,3989,Rural,,,
New Zealand,3990,Rural,,,
New Zealand,3991,Rural,,,
New Zealand,3992,Rural,,,
New Zealand,3993,Rural,,,
New Zealand,3994,Rural,,,
New Zealand,3995,Rural,,,
New Zealand,3996,Rural,,,
New Zealand,3997,Rural,,,
New Zealand,3998,Rural,,,
New Zealand,4010,Regional,,,
New Zealand,4010,Regional,,,
New Zealand,4010,Regional,,,
New Zealand,4010,Regional,,,
New Zealand,4010,Regional,,,
New Zealand,4010,Regional,,,
New Zealand,4010,Regional,,,
New Zealand,4010,Regional,,,
New Zealand,4010,Regional,,,
New Zealand,4010,Regional,,,
New Zealand,4010,Regional,,,
New Zealand,4010,Regional,,,
New Zealand,4010,Regional,,,
New Zealand,4010,Regional,,,
New Zealand,4010,Regional,,,
New Zealand,4022,Rural,,,
New Zealand,4032,Rural,,,
New Zealand,4040,Regional,,,
New Zealand,4041,Regional,,,
New Zealand,4042,Rural,,,
New Zealand,4043,Rural,,,
New Zealand,4044,Rural,,,
New Zealand,4045,Regional,,,
New Zealand,4046,Rural,,,
New Zealand,4047,Rural,,,
New Zealand,4048,Rural,,,
New Zealand,4049,Rural,,,
New Zealand,4050,Rural,,,
New Zealand,4051,Rural,,,
New Zealand,4052,Rural,,,
New Zealand,4071,Regional,,,
New Zealand,4072,Rural,,,
New Zealand,4073,Rural,,,
New Zealand,4075,Rural,,,
New Zealand,4077,Rural,,,
New Zealand,4078,Rural,,,
New Zealand,4079,Rural,,,
New Zealand,4081,Rural,,,
New Zealand,4082,Rural,,,
New Zealand,4083,Rural,,,
New Zealand,4086,Rural,,,
New Zealand,4087,Rural,,,
New Zealand,4091,Rural,,,
New Zealand,4092,Rural,,,
New Zealand,4093,Rural,,,
New Zealand,4094,Rural,,,
New Zealand,4102,Regional,,,
New Zealand,4102,Regional,,,
New Zealand,4102,Regional,,,
New Zealand,4104,Regional,,,
New Zealand,4104,Regional,,,
New Zealand,4108,Rural,,,
New Zealand,4108,Rural,,,
New Zealand,4108,Rural,,,
New Zealand,4110,Regional,,,
New Zealand,4110,Regional,,,
New Zealand,4110,Regional,,,
New Zealand,4110,Regional,,,
New Zealand,4110,Regional,,,
New Zealand,4110,Regional,,,
New Zealand,4110,Regional,,,
New Zealand,4110,Regional,,,
New Zealand,4110,Regional,,,
New Zealand,4110,Regional,,,
New Zealand,4110,Regional,,,
New Zealand,4110,Regional,,,
New Zealand,4110,Regional,,,
New Zealand,4110,Regional,,,
New Zealand,4112,Regional,,,
New Zealand,4112,Regional,,,
New Zealand,4112,Regional,,,
New Zealand,4112,Regional,,,
New Zealand,4112,Regional,,,
New Zealand,4112,Regional,,,
New Zealand,4112,Regional,,,
New Zealand,4112,Regional,,,
New Zealand,4112,Regional,,,
New Zealand,4120,Regional,,,
New Zealand,4120,Regional,,,
New Zealand,4120,Regional,,,
New Zealand,4120,Regional,,,
New Zealand,4120,Regional,,,
New Zealand,4120,Regional,,,
New Zealand,4120,Regional,,,
New Zealand,4120,Regional,,,
New Zealand,4120,Regional,,,
New Zealand,4120,Regional,,,
New Zealand,4120,Regional,,,
New Zealand,4122,Regional,,,
New Zealand,4122,Regional,,,
New Zealand,4122,Regional,,,
New Zealand,4122,Regional,,,
New Zealand,4122,Regional,,,
New Zealand,4122,Regional,,,
New Zealand,4130,Regional,,,
New Zealand,4140,Regional,,,
New Zealand,4141,Regional,,,
New Zealand,4142,Regional,,,
New Zealand,4143,Regional,,,
New Zealand,4144,Regional,,,
New Zealand,4145,Regional,,,
New Zealand,4146,Regional,,,
New Zealand,4147,Regional,,,
New Zealand,4148,Regional,,,
New Zealand,4149,Regional,,,
New Zealand,4153,Regional,,,
New Zealand,4154,Regional,,,
New Zealand,4155,Regional,,,
New Zealand,4156,Regional,,,
New Zealand,4157,Regional,,,
New Zealand,4158,Regional,,,
New Zealand,4159,Regional,,,
New Zealand,4160,Rural,,,
New Zealand,4161,Regional,,,
New Zealand,4162,Rural,,,
New Zealand,4163,Rural,,,
New Zealand,4164,Rural,,,
New Zealand,4165,Rural,,,
New Zealand,4166,Rural,,,
New Zealand,4171,Rural,,,
New Zealand,4172,Regional,,,
New Zealand,4174,Rural,,,
New Zealand,4175,Regional,,,
New Zealand,4178,Regional,,,
New Zealand,4179,Rural,,,
New Zealand,4181,Rural,,,
New Zealand,4182,Rural,,,
New Zealand,4183,Regional,,,
New Zealand,4184,Rural,,,
New Zealand,4186,Rural,,,
New Zealand,4188,Rural,,,
New Zealand,4189,Rural,,,
New Zealand,4191,Rural,,,
New Zealand,4193,Rural,,,
New Zealand,4195,Rural,,,
New Zealand,4196,Rural,,,
New Zealand,4197,Rural,,,
New Zealand,4198,Rural,,,
New Zealand,4200,Rural,,,
New Zealand,4202,Rural,,,
New Zealand,4203,Rural,,,
New Zealand,4203,Rural,,,
New Zealand,4210,Rural,,,
New Zealand,4240,Rural,,,
New Zealand,4241,Rural,,,
New Zealand,4242,Rural,,,
New Zealand,4243,Rural,,,
New Zealand,4244,Rural,,,
New Zealand,4245,Rural,,,
New Zealand,4271,Rural,,,
New Zealand,4272,Rural,,,
New Zealand,4273,Rural,,,
New Zealand,4274,Rural,,,
New Zealand,4275,Rural,,,
New Zealand,4276,Rural,,,
New Zealand,4277,Rural,,,
New Zealand,4278,Rural,,,
New Zealand,4279,Rural,,,
New Zealand,4281,Rural,,,
New Zealand,4282,Rural,,,
New Zealand,4283,Rural,,,
New Zealand,4284,Rural,,,
New Zealand,4285,Rural,,,
New Zealand,4286,Rural,,,
New Zealand,4287,Rural,,,
New Zealand,4288,Rural,,,
New Zealand,4291,Rural,,,
New Zealand,4292,Rural,,,
New Zealand,4293,Rural,,,
New Zealand,4294,Regional,,,
New Zealand,4295,Regional,,,
New Zealand,4310,Regional,,,
New Zealand,4310,Regional,,,
New Zealand,4310,Regional,,,
New Zealand,4310,Regional,,,
New Zealand,4310,Regional,,,
New Zealand,4310,Regional,,,
New Zealand,4310,Regional,,,
New Zealand,4310,Regional,,,
New Zealand,4310,Regional,,,
New Zealand,4310,Regional,,,
New Zealand,4310,Regional,,,
New Zealand,4310,Regional,,,
New Zealand,4310,Regional,,,
New Zealand,4310,Regional,,,
New Zealand,4310,Regional,,,
New Zealand,4310,Regional,,,
New Zealand,4310,Regional,,,
New Zealand,4312,Regional,,,
New Zealand,4312,Regional,,,
New Zealand,4312,Regional,,,
New Zealand,4312,Regional,,,
New Zealand,4312,Regional,,,
New Zealand,4312,Regional,,,
New Zealand,4312,Regional,,,
New Zealand,4312,Regional,,,
New Zealand,4312,Regional,,,
New Zealand,4314,Regional,,,
New Zealand,4320,Regional,,,
New Zealand,4322,Rural,,,
New Zealand,4330,Regional,,,
New Zealand,4332,Regional,,,
New Zealand,4335,Regional,,,
New Zealand,4340,Regional,,,
New Zealand,4341,Regional,,,
New Zealand,4342,Regional,,,
New Zealand,4343,Regional,,,
New Zealand,4344,Regional,,,
New Zealand,4345,Regional,,,
New Zealand,4346,Regional,,,
New Zealand,4347,Regional,,,
New Zealand,4348,Regional,,,
New Zealand,4349,Regional,,,
New Zealand,4350,Rural,,,
New Zealand,4351,Regional,,,
New Zealand,4352,Regional,,,
New Zealand,4353,Rural,,,
New Zealand,4360,Regional,,,
New Zealand,4371,Regional,,,
New Zealand,4372,Regional,,,
New Zealand,4373,Regional,,,
New Zealand,4374,Regional,,,
New Zealand,4375,Rural,,,
New Zealand,4376,Rural,,,
New Zealand,4377,Rural,,,
New Zealand,4378,Rural,,,
New Zealand,4379,Rural,,,
New Zealand,4381,Rural,,,
New Zealand,4382,Regional,,,
New Zealand,4383,Regional,,,
New Zealand,4386,Regional,,,
New Zealand,4387,Rural,,,
New Zealand,4388,Regional,,,
New Zealand,4389,Regional,,,
New Zealand,4390,Rural,,,
New Zealand,4391,Rural,,,
New Zealand,4392,Rural,,,
New Zealand,4393,Rural,,,
New Zealand,4394,Regional,,,
New Zealand,4395,Rural,,,
New Zealand,4396,Rural,,,
New Zealand,4397,Rural,,,
New Zealand,4398,Rural,,,
New Zealand,4399,Rural,,,
New Zealand,4410,Regional,,,
New Zealand,4410,Regional,,,
New Zealand,4410,Regional,,,
New Zealand,4410,Regional,,,
New Zealand,4410,Regional,,,
New Zealand,4412,Regional,,,
New Zealand,4412,Regional,,,
New Zealand,4412,Regional,,,
New Zealand,4412,Regional,,,
New Zealand,4412,Regional,,,
New Zealand,4414,Regional,,,
New Zealand,4414,Regional,,,
New Zealand,4414,Regional,,,
New Zealand,4440,Regional,,,
New Zealand,4441,Regional,,,
New Zealand,4442,Regional,,,
New Zealand,4443,Regional,,,
New Zealand,4444,Regional,,,
New Zealand,4445,Regional,,,
New Zealand,4446,Regional,,,
New Zealand,4448,Regional,,,
New Zealand,4470,Regional,,,
New Zealand,4471,Regional,,,
New Zealand,4473,Rural,,,
New Zealand,4474,Regional,,,
New Zealand,4475,Regional,,,
New Zealand,4476,Regional,,,
New Zealand,4477,Rural,,,
New Zealand,4478,Regional,,,
New Zealand,4479,Regional,,,
New Zealand,4481,Regional,,,
New Zealand,4500,Regional,,,
New Zealand,4500,Regional,,,
New Zealand,4500,Regional,,,
New Zealand,4500,Regional,,,
New Zealand,4500,Regional,,,
New Zealand,4500,Regional,,,
New Zealand,4500,Regional,,,
New Zealand,4500,Regional,,,
New Zealand,4500,Regional,,,
New Zealand,4500,Regional,,,
New Zealand,4500,Regional,,,
New Zealand,4501,Regional,,,
New Zealand,4501,Regional,,,
New Zealand,4501,Regional,,,
New Zealand,4501,Regional,,,
New Zealand,4501,Regional,,,
New Zealand,4501,Regional,,,
New Zealand,4501,Regional,,,
New Zealand,4501,Regional,,,
New Zealand,4501,Regional,,,
New Zealand,4501,Regional,,,
New Zealand,4501,Regional,,,
New Zealand,4510,Rural,,,
New Zealand,4520,Rural,,,
New Zealand,4520,Rural,,,
New Zealand,4540,Regional,,,
New Zealand,4541,Regional,,,
New Zealand,4542,Regional,,,
New Zealand,4543,Regional,,,
New Zealand,4544,Rural,,,
New Zealand,4545,Rural,,,
New Zealand,4547,Rural,,,
New Zealand,4548,Rural,,,
New Zealand,4549,Rural,,,
New Zealand,4571,Rural,,,
New Zealand,4572,Regional,,,
New Zealand,4573,Rural,,,
New Zealand,4574,Rural,,,
New Zealand,4575,Regional,,,
New Zealand,4576,Rural,,,
New Zealand,4577,Rural,,,
New Zealand,4578,Rural,,,
New Zealand,4581,Rural,,,
New Zealand,4582,Regional,,,
New Zealand,4584,Rural,,,
New Zealand,4585,Rural,,,
New Zealand,4586,Rural,,,
New Zealand,4587,Rural,,,
New Zealand,4588,Rural,,,
New Zealand,4591,Rural,,,
New Zealand,4592,Rural,,,
New Zealand,4597,Rural,,,
New Zealand,4598,Rural,,,
New Zealand,4610,Regional,,,
New Zealand,4612,Rural,,,
New Zealand,4614,Regional,,,
New Zealand,4616,Rural,,,
New Zealand,4625,Rural,,,
New Zealand,4632,Rural,,,
New Zealand,4640,Regional,,,
New Zealand,4641,Rural,,,
New Zealand,4642,Rural,,,
New Zealand,4645,Rural,,,
New Zealand,4646,Rural,,,
New Zealand,4660,Rural,,,
New Zealand,4671,Rural,,,
New Zealand,4672,Rural,,,
New Zealand,4673,Rural,,,
New Zealand,4674,Rural,,,
New Zealand,4675,Rural,,,
New Zealand,4678,Rural,,,
New Zealand,4679,Rural,,,
New Zealand,4681,Rural,,,
New Zealand,4682,Rural,,,
New Zealand,4684,Rural,,,
New Zealand,4685,Rural,,,
New Zealand,4691,Rural,,,
New Zealand,4694,Rural,,,
New Zealand,4696,Rural,,,
New Zealand,4702,Regional,,,
New Zealand,4710,Regional,,,
New Zealand,4720,Rural,,,
New Zealand,4730,Rural,,,
New Zealand,4740,Regional,,,
New Zealand,4741,Regional,,,
New Zealand,4742,Rural,,,
New Zealand,4744,Rural,,,
New Zealand,4745,Rural,,,
New Zealand,4746,Rural,,,
New Zealand,4771,Rural,,,
New Zealand,4774,Rural,,,
New Zealand,4775,Regional,,,
New Zealand,4777,Rural,,,
New Zealand,4779,Rural,,,
New Zealand,4780,Rural,,,
New Zealand,4781,Rural,,,
New Zealand,4782,Rural,,,
New Zealand,4783,Rural,,,
New Zealand,4784,Rural,,,
New Zealand,4785,Rural,,,
New Zealand,4786,Rural,,,
New Zealand,4787,Rural,,,
New Zealand,4788,Rural,,,
New Zealand,4789,Rural,,,
New Zealand,4791,Rural,,,
New Zealand,4792,Rural,,,
New Zealand,4793,Rural,,,
New Zealand,4794,Rural,,,
New Zealand,4795,Rural,,,
New Zealand,4796,Rural,,,
New Zealand,4797,Rural,,,
New Zealand,4810,Regional,,,
New Zealand,4814,Rural,,,
New Zealand,4815,Rural,,,
New Zealand,4816,Rural,,,
New Zealand,4817,Regional,,,
New Zealand,4818,Rural,,,
New Zealand,4820,Regional,,,
New Zealand,4820,Regional,,,
New Zealand,4821,Rural,,,
New Zealand,4822,Rural,,,
New Zealand,4825,Rural,,,
New Zealand,4825,Rural,,,
New Zealand,4825,Rural,,,
New Zealand,4826,Rural,,,
New Zealand,4826,Rural,,,
New Zealand,4847,Regional,,,
New Zealand,4848,Rural,,,
New Zealand,4849,Rural,,,
New Zealand,4860,Regional,,,
New Zealand,4861,Rural,,,
New Zealand,4862,Regional,,,
New Zealand,4863,Rural,,,
New Zealand,4864,Regional,,,
New Zealand,4865,Regional,,,
New Zealand,4866,Regional,,,
New Zealand,4867,Regional,,,
New Zealand,4884,Rural,,,
New Zealand,4891,Rural,,,
New Zealand,4893,Rural,,,
New Zealand,4894,Rural,,,
New Zealand,4900,Rural,,,
New Zealand,4910,Rural,,,
New Zealand,4920,Rural,,,
New Zealand,4930,Regional,,,
New Zealand,4940,Rural,,,
New Zealand,4941,Rural,,,
New Zealand,4942,Regional,,,
New Zealand,4943,Rural,,,
New Zealand,4944,Rural,,,
New Zealand,4945,Rural,,,
New Zealand,4970,Rural,,,
New Zealand,4971,Rural,,,
New Zealand,4972,Rural,,,
New Zealand,4973,Rural,,,
New Zealand,4974,Rural,,,
New Zealand,4975,Rural,,,
New Zealand,4976,Regional,,,
New Zealand,4977,Rural,,,
New Zealand,4978,Rural,,,
New Zealand,4979,Rural,,,
New Zealand,4981,Rural,,,
New Zealand,4982,Rural,,,
New Zealand,4983,Rural,,,
New Zealand,4984,Rural,,,
New Zealand,4985,Rural,,,
New Zealand,4986,Rural,,,
New Zealand,4987,Rural,,,
New Zealand,4988,Rural,,,
New Zealand,4989,Rural,,,
New Zealand,4990,Rural,,,
New Zealand,4991,Rural,,,
New Zealand,4992,Rural,,,
New Zealand,4993,Rural,,,
New Zealand,4994,Rural,,,
New Zealand,4995,Rural,,,
New Zealand,4996,Rural,,,
New Zealand,4997,Rural,,,
New Zealand,4998,Rural,,,
New Zealand,4999,Rural,,,
New Zealand,5010,Metropolitan,,,
New Zealand,5010,Metropolitan,,,
New Zealand,5010,Metropolitan,,,
New Zealand,5010,Metropolitan,,,
New Zealand,5010,Metropolitan,,,
New Zealand,5010,Metropolitan,,,
New Zealand,5010,Metropolitan,,,
New Zealand,5010,Metropolitan,,,
New Zealand,5010,Metropolitan,,,
New Zealand,5010,Metropolitan,,,
New Zealand,5010,Metropolitan,,,
New Zealand,5010,Metropolitan,,,
New Zealand,5010,Metropolitan,,,
New Zealand,5010,Metropolitan,,,
New Zealand,5010,Metropolitan,,,
New Zealand,5010,Metropolitan,,,
New Zealand,5010,Metropolitan,,,
New Zealand,5011,Metropolitan,,,
New Zealand,5011,Metropolitan,,,
New Zealand,5011,Metropolitan,,,
New Zealand,5011,Metropolitan,,,
New Zealand,5011,Metropolitan,,,
New Zealand,5011,Metropolitan,,,
New Zealand,5012,Rural,,,
New Zealand,5012,Rural,,,
New Zealand,5013,Metropolitan,,,
New Zealand,5013,Metropolitan,,,
New Zealand,5013,Metropolitan,,,
New Zealand,5013,Metropolitan,,,
New Zealand,5013,Metropolitan,,,
New Zealand,5013,Metropolitan,,,
New Zealand,5013,Metropolitan,,,
New Zealand,5013,Metropolitan,,,
New Zealand,5014,Metropolitan,,,
New Zealand,5016,Metropolitan,,,
New Zealand,5016,Metropolitan,,,
New Zealand,5018,Metropolitan,,,
New Zealand,5018,Metropolitan,,,
New Zealand,5018,Metropolitan,,,
New Zealand,5018,Metropolitan,,,
New Zealand,5018,Metropolitan,,,
New Zealand,5018,Metropolitan,,,
New Zealand,5018,Metropolitan,,,
New Zealand,5018,Metropolitan,,,
New Zealand,5018,Metropolitan,,,
New Zealand,5018,Metropolitan,,,
New Zealand,5018,Metropolitan,,,
New Zealand,5018,Metropolitan,,,
New Zealand,5018,Metropolitan,,,
New Zealand,5018,Metropolitan,,,
New Zealand,5018,Metropolitan,,,
New Zealand,5018,Metropolitan,,,
New Zealand,5018,Metropolitan,,,
New Zealand,5018,Metropolitan,,,
New Zealand,5019,Metropolitan,,,
New Zealand,5019,Metropolitan,,,
New Zealand,5019,Metropolitan,,,
New Zealand,5019,Metropolitan,,,
New Zealand,5019,Metropolitan,,,
New Zealand,5022,Metropolitan,,,
New Zealand,5022,Metropolitan,,,
New Zealand,5022,Metropolitan,,,
New Zealand,5022,Metropolitan,,,
New Zealand,5024,Metropolitan,,,
New Zealand,5024,Metropolitan,,,
New Zealand,5024,Metropolitan,,,
New Zealand,5024,Metropolitan,,,
New Zealand,5024,Metropolitan,,,
New Zealand,5024,Metropolitan,,,
New Zealand,5024,Metropolitan,,,
New Zealand,5024,Metropolitan,,,
New Zealand,5024,Metropolitan,,,
New Zealand,5024,Metropolitan,,,
New Zealand,5026,Metropolitan,,,
New Zealand,5026,Metropolitan,,,
New Zealand,5026,Metropolitan,,,
New Zealand,5026,Metropolitan,,,
New Zealand,5026,Metropolitan,,,
New Zealand,5028,Metropolitan,,,
New Zealand,5028,Metropolitan,,,
New Zealand,5028,Metropolitan,,,
New Zealand,5028,Metropolitan,,,
New Zealand,5032,Rural,,,
New Zealand,5032,Rural,,,
New Zealand,5032,Rural,,,
New Zealand,5032,Rural,,,
New Zealand,5032,Rural,,,
New Zealand,5032,Rural,,,
New Zealand,5034,Regional,,,
New Zealand,5034,Regional,,,
New Zealand,5034,Regional,,,
New Zealand,5036,Regional,,,
New Zealand,5036,Regional,,,
New Zealand,5036,Regional,,,
New Zealand,5036,Regional,,,
New Zealand,5040,Metropolitan,,,
New Zealand,5041,Metropolitan,,,
New Zealand,5042,Metropolitan,,,
New Zealand,5043,Metropolitan,,,
New Zealand,5044,Metropolitan,,,
New Zealand,5045,Metropolitan,,,
New Zealand,5046,Metropolitan,,,
New Zealand,5047,Metropolitan,,,
New Zealand,5048,Metropolitan,,,
New Zealand,5049,Metropolitan,,,
New Zealand,5050,Metropolitan,,,
New Zealand,5140,Metropolitan,,,
New Zealand,5141,Metropolitan,,,
New Zealand,5142,Metropolitan,,,
New Zealand,5143,Metropolitan,,,
New Zealand,5240,Metropolitan,,,
New Zealand,5242,Metropolitan,,,
New Zealand,5243,Metropolitan,,,
New Zealand,5245,Metropolitan,,,
New Zealand,5247,Metropolitan,,,
New Zealand,5249,Metropolitan,,,
New Zealand,5250,Regional,,,
New Zealand,5252,Regional,,,
New Zealand,5254,Regional,,,
New Zealand,5255,Regional,,,
New Zealand,5258,Regional,,,
New Zealand,5371,Metropolitan,,,
New Zealand,5372,Metropolitan,,,
New Zealand,5373,Metropolitan,,,
New Zealand,5381,Metropolitan,,,
New Zealand,5391,Regional,,,
New Zealand,5510,Regional,,,
New Zealand,5510,Regional,,,
New Zealand,5510,Regional,,,
New Zealand,5512,Regional,,,
New Zealand,5512,Regional,,,
New Zealand,5540,Regional,,,
New Zealand,5541,Regional,,,
New Zealand,5542,Regional,,,
New Zealand,5543,Regional,,,
New Zealand,5544,Regional,,,
New Zealand,5570,Regional,,,
New Zealand,5571,Regional,,,
New Zealand,5572,Regional,,,
New Zealand,5573,Regional,,,
New Zealand,5574,Regional,,,
New Zealand,5575,Regional,,,
New Zealand,5581,Rural,,,
New Zealand,5710,Rural,,,
New Zealand,5710,Rural,,,
New Zealand,5711,Rural,,,
New Zealand,5712,Metropolitan,,,
New Zealand,5713,Regional,,,
New Zealand,5713,Regional,,,
New Zealand,5740,Metropolitan,,,
New Zealand,5741,Rural,,,
New Zealand,5742,Metropolitan,,,
New Zealand,5743,Regional,,,
New Zealand,5771,Rural,,,
New Zealand,5772,Rural,,,
New Zealand,5773,Rural,,,
New Zealand,5781,Rural,,,
New Zealand,5782,Rural,,,
New Zealand,5783,Rural,,,
New Zealand,5784,Rural,,,
New Zealand,5791,Regional,,,
New Zealand,5792,Rural,,,
New Zealand,5794,Metropolitan,,,
New Zealand,5810,Regional,,,
New Zealand,5810,Regional,,,
New Zealand,5810,Regional,,,
New Zealand,5810,Regional,,,
New Zealand,5810,Regional,,,
New Zealand,5840,Regional,,,
New Zealand,5842,Regional,,,
New Zealand,5871,Rural,,,
New Zealand,5872,Rural,,,
New Zealand,5881,Regional,,,
New Zealand,5882,Regional,,,
New Zealand,5883,Rural,,,
New Zealand,5884,Rural,,,
New Zealand,5885,Regional,,,
New Zealand,5886,Regional,,,
New Zealand,5887,Regional,,,
New Zealand,5888,Regional,,,
New Zealand,5889,Rural,,,
New Zealand,5890,Rural,,,
New Zealand,5894,Rural,,,
New Zealand,6011,Rural,,,
New Zealand,6011,Rural,,,
New Zealand,6011,Rural,,,
New Zealand,6011,Rural,,,
New Zealand,6011,Rural,,,
New Zealand,6011,Rural,,,
New Zealand,6011,Rural,,,
New Zealand,6011,Rural,,,
New Zealand,6011,Rural,,,
New Zealand,6011,Rural,,,
New Zealand,6012,Metropolitan,,,
New Zealand,6012,Metropolitan,,,
New Zealand,6012,Metropolitan,,,
New Zealand,6012,Metropolitan,,,
New Zealand,6012,Metropolitan,,,
New Zealand,6012,Metropolitan,,,
New Zealand,6012,Metropolitan,,,
New Zealand,6021,Metropolitan,,,
New Zealand,6021,Metropolitan,,,
New Zealand,6021,Metropolitan,,,
New Zealand,6021,Metropolitan,,,
New Zealand,6021,Metropolitan,,,
New Zealand,6021,Metropolitan,,,
New Zealand,6021,Metropolitan,,,
New Zealand,6021,Metropolitan,,,
New Zealand,6021,Metropolitan,,,
New Zealand,6021,Metropolitan,,,
New Zealand,6021,Metropolitan,,,
New Zealand,6021,Metropolitan,,,
New Zealand,6022,Metropolitan,,,
New Zealand,6022,Metropolitan,,,
New Zealand,6022,Metropolitan,,,
New Zealand,6022,Metropolitan,,,
New Zealand,6022,Metropolitan,,,
New Zealand,6022,Metropolitan,,,
New Zealand,6022,Metropolitan,,,
New Zealand,6022,Metropolitan,,,
New Zealand,6022,Metropolitan,,,
New Zealand,6022,Metropolitan,,,
New Zealand,6023,Metropolitan,,,
New Zealand,6023,Metropolitan,,,
New Zealand,6023,Metropolitan,,,
New Zealand,6023,Metropolitan,,,
New Zealand,6023,Metropolitan,,,
New Zealand,6023,Metropolitan,,,
New Zealand,6035,Metropolitan,,,
New Zealand,6035,Metropolitan,,,
New Zealand,6035,Metropolitan,,,
New Zealand,6035,Metropolitan,,,
New Zealand,6035,Metropolitan,,,
New Zealand,6035,Metropolitan,,,
New Zealand,6035,Metropolitan,,,
New Zealand,6037,Metropolitan,,,
New Zealand,6037,Metropolitan,,,
New Zealand,6037,Metropolitan,,,
New Zealand,6037,Metropolitan,,,
New Zealand,6037,Metropolitan,,,
New Zealand,6037,Metropolitan,,,
New Zealand,6037,Metropolitan,,,
New Zealand,6037,Metropolitan,,,
New Zealand,6140,Metropolitan,,,
New Zealand,6141,Metropolitan,,,
New Zealand,6142,Metropolitan,,,
New Zealand,6143,Metropolitan,,,
New Zealand,6144,Metropolitan,,,
New Zealand,6145,Metropolitan,,,
New Zealand,6146,Metropolitan,,,
New Zealand,6147,Metropolitan,,,
New Zealand,6148,Metropolitan,,,
New Zealand,6149,Metropolitan,,,
New Zealand,6150,Metropolitan,,,
New Zealand,6160,Metropolitan,,,
New Zealand,6241,Metropolitan,,,
New Zealand,6242,Metropolitan,,,
New Zealand,6243,Metropolitan,,,
New Zealand,6244,Metropolitan,,,
New Zealand,6440,Metropolitan,,,
New Zealand,6441,Metropolitan,,,
New Zealand,6442,Metropolitan,,,
New Zealand,6443,Metropolitan,,,
New Zealand,6972,Metropolitan,,,
New Zealand,7005,Regional,,,
New Zealand,7005,Regional,,,
New Zealand,7007,Rural,,,
New Zealand,7010,Regional,,,
New Zealand,7010,Regional,,,
New Zealand,7010,Regional,,,
New Zealand,7010,Regional,,,
New Zealand,7010,Regional,,,
New Zealand,7010,Regional,,,
New Zealand,7010,Regional,,,
New Zealand,7010,Regional,,,
New Zealand,7010,Regional,,,
New Zealand,7010,Regional,,,
New Zealand,7010,Regional,,,
New Zealand,7010,Regional,,,
New Zealand,7010,Regional,,,
New Zealand,7010,Regional,,,
New Zealand,7010,Regional,,,
New Zealand,7011,Regional,,,
New Zealand,7011,Regional,,,
New Zealand,7011,Regional,,,
New Zealand,7011,Regional,,,
New Zealand,7011,Regional,,,
New Zealand,7011,Regional,,,
New Zealand,7011,Regional,,,
New Zealand,7011,Regional,,,
New Zealand,7011,Regional,,,
New Zealand,7020,Regional,,,
New Zealand,7020,Regional,,,
New Zealand,7022,Regional,,,
New Zealand,7025,Regional,,,
New Zealand,7025,Regional,,,
New Zealand,7025,Regional,,,
New Zealand,7040,Regional,,,
New Zealand,7041,Regional,,,
New Zealand,7042,Regional,,,
New Zealand,7043,Regional,,,
New Zealand,7044,Regional,,,
New Zealand,7045,Regional,,,
New Zealand,7046,Regional,,,
New Zealand,7047,Regional,,,
New Zealand,7048,Regional,,,
New Zealand,7049,Rural,,,
New Zealand,7050,Regional,,,
New Zealand,7051,Regional,,,
New Zealand,7052,Regional,,,
New Zealand,7053,Rural,,,
New Zealand,7054,Rural,,,
New Zealand,7055,Rural,,,
New Zealand,7071,Regional,,,
New Zealand,7072,Rural,,,
New Zealand,7073,Rural,,,
New Zealand,7077,Rural,,,
New Zealand,7081,Regional,,,
New Zealand,7091,Regional,,,
New Zealand,7095,Regional,,,
New Zealand,7096,Rural,,,
New Zealand,7100,Rural,,,
New Zealand,7110,Rural,,,
New Zealand,7120,Regional,,,
New Zealand,7120,Regional,,,
New Zealand,7120,Regional,,,
New Zealand,7142,Rural,,,
New Zealand,7143,Regional,,,
New Zealand,7144,Rural,,,
New Zealand,7145,Rural,,,
New Zealand,7146,Regional,,,
New Zealand,7150,Rural,,,
New Zealand,7173,Regional,,,
New Zealand,7175,Rural,,,
New Zealand,7178,Rural,,,
New Zealand,7182,Rural,,,
New Zealand,7183,Rural,,,
New Zealand,7192,Rural,,,
New Zealand,7193,Rural,,,
New Zealand,7194,Rural,,,
New Zealand,7195,Rural,,,
New Zealand,7196,Rural,,,
New Zealand,7197,Rural,,,
New Zealand,7198,Rural,,,
New Zealand,7201,Regional,,,
New Zealand,7201,Regional,,,
New Zealand,7201,Regional,,,
New Zealand,7201,Regional,,,
New Zealand,7201,Regional,,,
New Zealand,7201,Regional,,,
New Zealand,7201,Regional,,,
New Zealand,7201,Regional,,,
New Zealand,7201,Regional,,,
New Zealand,7201,Regional,,,
New Zealand,7201,Regional,,,
New Zealand,7202,Regional,,,
New Zealand,7202,Regional,,,
New Zealand,7204,Rural,,,
New Zealand,7204,Rural,,,
New Zealand,7206,Regional,,,
New Zealand,7206,Regional,,,
New Zealand,7210,Rural,,,
New Zealand,7220,Rural,,,
New Zealand,7220,Rural,,,
New Zealand,7240,Regional,,,
New Zealand,7241,Regional,,,
New Zealand,7242,Regional,,,
New Zealand,7243,Rural,,,
New Zealand,7244,Regional,,,
New Zealand,7246,Rural,,,
New Zealand,7247,Rural,,,
New Zealand,7248,Rural,,,
New Zealand,7250,Rural,,,
New Zealand,7251,Rural,,,
New Zealand,7260,Rural,,,
New Zealand,7271,Rural,,,
New Zealand,7272,Rural,,,
New Zealand,7273,Rural,,,
New Zealand,7274,Rural,,,
New Zealand,7275,Rural,,,
New Zealand,7276,Rural,,,
New Zealand,7281,Rural,,,
New Zealand,7282,Rural,,,
New Zealand,7284,Rural,,,
New Zealand,7285,Rural,,,
New Zealand,7300,Rural,,,
New Zealand,7300,Rural,,,
New Zealand,7300,Rural,,,
New Zealand,7300,Rural,,,
New Zealand,7300,Rural,,,
New Zealand,7310,Rural,,,
New Zealand,7332,Rural,,,
New Zealand,7334,Rural,,,
New Zealand,7334,Rural,,,
New Zealand,7340,Rural,,,
New Zealand,7341,Rural,,,
New Zealand,7343,Rural,,,
New Zealand,7345,Rural,,,
New Zealand,7348,Rural,,,
New Zealand,7360,Rural,,,
New Zealand,7371,Rural,,,
New Zealand,7373,Rural,,,
New Zealand,7374,Rural,,,
New Zealand,7379,Rural,,,
New Zealand,7381,Rural,,,
New Zealand,7382,Rural,,,
New Zealand,7383,Rural,,,
New Zealand,7384,Rural,,,
New Zealand,7385,Rural,,,
New Zealand,7387,Rural,,,
New Zealand,7391,Rural,,,
New Zealand,7392,Rural,,,
New Zealand,7395,Rural,,,
New Zealand,7400,Metropolitan,,,
New Zealand,7400,Metropolitan,,,
New Zealand,7400,Metropolitan,,,
New Zealand,7400,Metropolitan,,,
New Zealand,7400,Metropolitan,,,
New Zealand,7402,Metropolitan,,,
New Zealand,7402,Metropolitan,,,
New Zealand,7410,Rural,,,
New Zealand,7420,Rural,,,
New Zealand,7430,Rural,,,
New Zealand,7430,Rural,,,
New Zealand,7440,Metropolitan,,,
New Zealand,7441,Rural,,,
New Zealand,7442,Rural,,,
New Zealand,7443,Rural,,,
New Zealand,7444,Metropolitan,,,
New Zealand,7445,Metropolitan,,,
New Zealand,7446,Metropolitan,,,
New Zealand,7447,Rural,,,
New Zealand,7448,Metropolitan,,,
New Zealand,7471,Metropolitan,,,
New Zealand,7472,Metropolitan,,,
New Zealand,7473,Metropolitan,,,
New Zealand,7474,Metropolitan,,,
New Zealand,7481,Rural,,,
New Zealand,7482,Rural,,,
New Zealand,7483,Rural,,,
New Zealand,7491,Rural,,,
New Zealand,7495,Rural,,,
New Zealand,7500,Rural,,,
New Zealand,7510,Rural,,,
New Zealand,7520,Rural,,,
New Zealand,7540,Rural,,,
New Zealand,7541,Rural,,,
New Zealand,7542,Rural,,,
New Zealand,7543,Metropolitan,,,
New Zealand,7544,Rural,,,
New Zealand,7545,Rural,,,
New Zealand,7546,Rural,,,
New Zealand,7548,Metropolitan,,,
New Zealand,7571,Rural,,,
New Zealand,7572,Rural,,,
New Zealand,7580,Rural,,,
New Zealand,7581,Rural,,,
New Zealand,7582,Rural,,,
New Zealand,7583,Rural,,,
New Zealand,7591,Rural,,,
New Zealand,7600,Metropolitan,,,
New Zealand,7602,Rural,,,
New Zealand,7604,Metropolitan,,,
New Zealand,7608,Metropolitan,,,
New Zealand,7610,Metropolitan,,,
New Zealand,7610,Metropolitan,,,
New Zealand,7610,Metropolitan,,,
New Zealand,7614,Metropolitan,,,
New Zealand,7616,Metropolitan,,,
New Zealand,7630,Metropolitan,,,
New Zealand,7630,Metropolitan,,,
New Zealand,7630,Metropolitan,,,
New Zealand,7630,Metropolitan,,,
New Zealand,7632,Metropolitan,,,
New Zealand,7640,Metropolitan,,,
New Zealand,7641,Metropolitan,,,
New Zealand,7642,Rural,,,
New Zealand,7643,Metropolitan,,,
New Zealand,7644,Metropolitan,,,
New Zealand,7645,Metropolitan,,,
New Zealand,7646,Rural,,,
New Zealand,7647,Metropolitan,,,
New Zealand,7649,Rural,,,
New Zealand,7656,Metropolitan,,,
New Zealand,7657,Rural,,,
New Zealand,7670,Metropolitan,,,
New Zealand,7671,Rural,,,
New Zealand,7672,Metropolitan,,,
New Zealand,7673,Rural,,,
New Zealand,7674,Metropolitan,,,
New Zealand,7675,Metropolitan,,,
New Zealand,7676,Metropolitan,,,
New Zealand,7681,Rural,,,
New Zealand,7682,Rural,,,
New Zealand,7683,Rural,,,
New Zealand,7691,Metropolitan,,,
New Zealand,7692,Metropolitan,,,
New Zealand,7700,Regional,,,
New Zealand,7700,Regional,,,
New Zealand,7700,Regional,,,
New Zealand,7700,Regional,,,
New Zealand,7700,Regional,,,
New Zealand,7710,Rural,,,
New Zealand,7730,Rural,,,
New Zealand,7740,Regional,,,
New Zealand,7741,Regional,,,
New Zealand,7742,Regional,,,
New Zealand,7743,Rural,,,
New Zealand,7745,Rural,,,
New Zealand,7746,Rural,,,
New Zealand,7747,Regional,,,
New Zealand,7748,Rural,,,
New Zealand,7771,Rural,,,
New Zealand,7772,Rural,,,
New Zealand,7773,Rural,,,
New Zealand,7774,Rural,,,
New Zealand,7775,Rural,,,
New Zealand,7776,Rural,,,
New Zealand,7777,Rural,,,
New Zealand,7778,Rural,,,
New Zealand,7781,Rural,,,
New Zealand,7782,Rural,,,
New Zealand,7783,Rural,,,
New Zealand,7784,Rural,,,
New Zealand,7791,Rural,,,
New Zealand,7802,Regional,,,
New Zealand,7802,Regional,,,
New Zealand,7802,Regional,,,
New Zealand,7802,Regional,,,
New Zealand,7803,Regional,,,
New Zealand,7803,Regional,,,
New Zealand,7803,Regional,,,
New Zealand,7803,Regional,,,
New Zealand,7804,Regional,,,
New Zealand,7804,Regional,,,
New Zealand,7804,Regional,,,
New Zealand,7805,Regional,,,
New Zealand,7805,Regional,,,
New Zealand,7805,Regional,,,
New Zealand,7805,Regional,,,
New Zealand,7805,Regional,,,
New Zealand,7805,Regional,,,
New Zealand,7805,Regional,,,
New Zealand,7805,Regional,,,
New Zealand,7805,Regional,,,
New Zealand,7805,Regional,,,
New Zealand,7805,Regional,,,
New Zealand,7805,Regional,,,
New Zealand,7810,Rural,,,
New Zealand,7811,Rural,,,
New Zealand,7811,Rural,,,
New Zealand,7812,Rural,,,
New Zealand,7822,Rural,,,
New Zealand,7822,Rural,,,
New Zealand,7823,Rural,,,
New Zealand,7823,Rural,,,
New Zealand,7825,Rural,,,
New Zealand,7825,Rural,,,
New Zealand,7825,Rural,,,
New Zealand,7830,Rural,,,
New Zealand,7832,Regional,,,
New Zealand,7832,Regional,,,
New Zealand,7832,Regional,,,
New Zealand,7840,Regional,,,
New Zealand,7841,Regional,,,
New Zealand,7842,Rural,,,
New Zealand,7843,Rural,,,
New Zealand,7844,Rural,,,
New Zealand,7845,Rural,,,
New Zealand,7846,Rural,,,
New Zealand,7847,Rural,,,
New Zealand,7848,Rural,,,
New Zealand,7851,Rural,,,
New Zealand,7856,Rural,,,
New Zealand,7857,Rural,,,
New Zealand,7859,Rural,,,
New Zealand,7860,Rural,,,
New Zealand,7861,Regional,,,
New Zealand,7862,Rural,,,
New Zealand,7863,Rural,,,
New Zealand,7864,Rural,,,
New Zealand,7865,Rural,,,
New Zealand,7866,Rural,,,
New Zealand,7867,Rural,,,
New Zealand,7871,Rural,,,
New Zealand,7872,Rural,,,
New Zealand,7873,Rural,,,
New Zealand,7875,Rural,,,
New Zealand,7881,Rural,,,
New Zealand,7882,Rural,,,
New Zealand,7883,Rural,,,
New Zealand,7884,Rural,,,
New Zealand,7885,Rural,,,
New Zealand,7886,Rural,,,
New Zealand,7891,Rural,,,
New Zealand,7892,Rural,,,
New Zealand,7893,Rural,,,
New Zealand,7895,Rural,,,
New Zealand,7901,Rural,,,
New Zealand,7901,Rural,,,
New Zealand,7901,Rural,,,
New Zealand,7903,Regional,,,
New Zealand,7903,Regional,,,
New Zealand,7910,Regional,,,
New Zealand,7910,Regional,,,
New Zealand,7910,Regional,,,
New Zealand,7910,Regional,,,
New Zealand,7910,Regional,,,
New Zealand,7910,Regional,,,
New Zealand,7910,Regional,,,
New Zealand,7910,Regional,,,
New Zealand,7910,Regional,,,
New Zealand,7910,Regional,,,
New Zealand,7910,Regional,,,
New Zealand,7910,Regional,,,
New Zealand,7910,Regional,,,
New Zealand,7910,Regional,,,
New Zealand,7910,Regional,,,
New Zealand,7910,Regional,,,
New Zealand,7910,Regional,,,
New Zealand,7910,Regional,,,
New Zealand,7910,Regional,,,
New Zealand,7910,Regional,,,
New Zealand,7912,Regional,,,
New Zealand,7912,Regional,,,
New Zealand,7920,Regional,,,
New Zealand,7924,Rural,,,
New Zealand,7925,Rural,,,
New Zealand,7930,Rural,,,
New Zealand,7930,Rural,,,
New Zealand,7940,Regional,,,
New Zealand,7941,Regional,,,
New Zealand,7942,Regional,,,
New Zealand,7943,Regional,,,
New Zealand,7944,Rural,,,
New Zealand,7945,Rural,,,
New Zealand,7946,Rural,,,
New Zealand,7947,Regional,,,
New Zealand,7948,Regional,,,
New Zealand,7949,Rural,,,
New Zealand,7956,Rural,,,
New Zealand,7957,Rural,,,
New Zealand,7958,Rural,,,
New Zealand,7960,Rural,,,
New Zealand,7971,Rural,,,
New Zealand,7972,Rural,,,
New Zealand,7973,Regional,,,
New Zealand,7974,Regional,,,
New Zealand,7977,Rural,,,
New Zealand,7978,Rural,,,
New Zealand,7979,Rural,,,
New Zealand,7980,Rural,,,
New Zealand,7982,Rural,,,
New Zealand,7983,Rural,,,
New Zealand,7984,Rural,,,
New Zealand,7985,Rural,,,
New Zealand,7986,Rural,,,
New Zealand,7987,Rural,,,
New Zealand,7988,Rural,,,
New Zealand,7990,Rural,,,
New Zealand,7991,Rural,,,
New Zealand,7992,Rural,,,
New Zealand,7999,Rural,,,
New Zealand,7999,Rural,,,
New Zealand,7999,Rural,,,
New Zealand,7999,Rural,,,
New Zealand,7999,Rural,,,
New Zealand,7999,Rural,,,
New Zealand,7999,Rural,,,
New Zealand,7999,Rural,,,
New Zealand,7999,Rural,,,
New Zealand,7999,Rural,,,
New Zealand,8011,Metropolitan,,,
New Zealand,8011,Metropolitan,,,
New Zealand,8011,Metropolitan,,,
New Zealand,8011,Metropolitan,,,
New Zealand,8011,Metropolitan,,,
New Zealand,8011,Metropolitan,,,
New Zealand,8011,Metropolitan,,,
New Zealand,8011,Metropolitan,,,
New Zealand,8013,Metropolitan,,,
New Zealand,8013,Metropolitan,,,
New Zealand,8013,Metropolitan,,,
New Zealand,8013,Metropolitan,,,
New Zealand,8013,Metropolitan,,,
New Zealand,8013,Metropolitan,,,
New Zealand,8014,Metropolitan,,,
New Zealand,8014,Metropolitan,,,
New Zealand,8014,Metropolitan,,,
New Zealand,8014,Metropolitan,,,
New Zealand,8014,Metropolitan,,,
New Zealand,8014,Metropolitan,,,
New Zealand,8022,Metropolitan,,,
New Zealand,8022,Metropolitan,,,
New Zealand,8022,Metropolitan,,,
New Zealand,8022,Metropolitan,,,
New Zealand,8022,Metropolitan,,,
New Zealand,8022,Metropolitan,,,
New Zealand,8022,Metropolitan,,,
New Zealand,8023,Metropolitan,,,
New Zealand,8023,Metropolitan,,,
New Zealand,8023,Metropolitan,,,
New Zealand,8023,Metropolitan,,,
New Zealand,8023,Metropolitan,,,
New Zealand,8023,Metropolitan,,,
New Zealand,8023,Metropolitan,,,
New Zealand,8023,Metropolitan,,,
New Zealand,8024,Metropolitan,,,
New Zealand,8024,Metropolitan,,,
New Zealand,8024,Metropolitan,,,
New Zealand,8024,Metropolitan,,,
New Zealand,8024,Metropolitan,,,
New Zealand,8024,Metropolitan,,,
New Zealand,8024,Metropolitan,,,
New Zealand,8024,Metropolitan,,,
New Zealand,8024,Metropolitan,,,
New Zealand,8025,Metropolitan,,,
New Zealand,8025,Metropolitan,,,
New Zealand,8025,Metropolitan,,,
New Zealand,8025,Metropolitan,,,
New Zealand,8025,Metropolitan,,,
New Zealand,8025,Metropolitan,,,
New Zealand,8025,Metropolitan,,,
New Zealand,8041,Metropolitan,,,
New Zealand,8041,Metropolitan,,,
New Zealand,8041,Metropolitan,,,
New Zealand,8041,Metropolitan,,,
New Zealand,8041,Metropolitan,,,
New Zealand,8041,Metropolitan,,,
New Zealand,8041,Metropolitan,,,
New Zealand,8042,Metropolitan,,,
New Zealand,8042,Metropolitan,,,
New Zealand,8042,Metropolitan,,,
New Zealand,8042,Metropolitan,,,
New Zealand,8042,Metropolitan,,,
New Zealand,8042,Metropolitan,,,
New Zealand,8042,Metropolitan,,,
New Zealand,8042,Metropolitan,,,
New Zealand,8042,Metropolitan,,,
New Zealand,8042,Metropolitan,,,
New Zealand,8042,Metropolitan,,,
New Zealand,8042,Metropolitan,,,
New Zealand,8042,Metropolitan,,,
New Zealand,8042,Metropolitan,,,
New Zealand,8051,Metropolitan,,,
New Zealand,8051,Metropolitan,,,
New Zealand,8051,Metropolitan,,,
New Zealand,8051,Metropolitan,,,
New Zealand,8051,Metropolitan,,,
New Zealand,8051,Metropolitan,,,
New Zealand,8051,Metropolitan,,,
New Zealand,8051,Metropolitan,,,
New Zealand,8051,Metropolitan,,,
New Zealand,8051,Metropolitan,,,
New Zealand,8052,Metropolitan,,,
New Zealand,8052,Metropolitan,,,
New Zealand,8052,Metropolitan,,,
New Zealand,8052,Metropolitan,,,
New Zealand,8052,Metropolitan,,,
New Zealand,8052,Metropolitan,,,
New Zealand,8052,Metropolitan,,,
New Zealand,8052,Metropolitan,,,
New Zealand,8052,Metropolitan,,,
New Zealand,8052,Metropolitan,,,
New Zealand,8053,Metropolitan,,,
New Zealand,8053,Metropolitan,,,
New Zealand,8053,Metropolitan,,,
New Zealand,8053,Metropolitan,,,
New Zealand,8053,Metropolitan,,,
New Zealand,8053,Metropolitan,,,
New Zealand,8053,Metropolitan,,,
New Zealand,8053,Metropolitan,,,
New Zealand,8053,Metropolitan,,,
New Zealand,8053,Metropolitan,,,
New Zealand,8053,Metropolitan,,,
New Zealand,8061,Metropolitan,,,
New Zealand,8061,Metropolitan,,,
New Zealand,8061,Metropolitan,,,
New Zealand,8061,Metropolitan,,,
New Zealand,8061,Metropolitan,,,
New Zealand,8061,Metropolitan,,,
New Zealand,8061,Metropolitan,,,
New Zealand,8061,Metropolitan,,,
New Zealand,8061,Metropolitan,,,
New Zealand,8061,Metropolitan,,,
New Zealand,8062,Metropolitan,,,
New Zealand,8062,Metropolitan,,,
New Zealand,8062,Metropolitan,,,
New Zealand,8062,Metropolitan,,,
New Zealand,8062,Metropolitan,,,
New Zealand,8062,Metropolitan,,,
New Zealand,8062,Metropolitan,,,
New Zealand,8062,Metropolitan,,,
New Zealand,8081,Metropolitan,,,
New Zealand,8081,Metropolitan,,,
New Zealand,8081,Metropolitan,,,
New Zealand,8081,Metropolitan,,,
New Zealand,8081,Metropolitan,,,
New Zealand,8082,Metropolitan,,,
New Zealand,8082,Metropolitan,,,
New Zealand,8082,Metropolitan,,,
New Zealand,8083,Metropolitan,,,
New Zealand,8083,Metropolitan,,,
New Zealand,8083,Metropolitan,,,
New Zealand,8083,Metropolitan,,,
New Zealand,8083,Metropolitan,,,
New Zealand,8083,Metropolitan,,,
New Zealand,8083,Metropolitan,,,
New Zealand,8083,Metropolitan,,,
New Zealand,8083,Metropolitan,,,
New Zealand,8083,Metropolitan,,,
New Zealand,8083,Metropolitan,,,
New Zealand,8083,Metropolitan,,,
New Zealand,8083,Metropolitan,,,
New Zealand,8083,Metropolitan,,,
New Zealand,8140,Metropolitan,,,
New Zealand,8141,Metropolitan,,,
New Zealand,8142,Metropolitan,,,
New Zealand,8143,Metropolitan,,,
New Zealand,8144,Metropolitan,,,
New Zealand,8145,Metropolitan,,,
New Zealand,8146,Metropolitan,,,
New Zealand,8147,Metropolitan,,,
New Zealand,8148,Metropolitan,,,
New Zealand,8149,Metropolitan,,,
New Zealand,8240,Metropolitan,,,
New Zealand,8241,Metropolitan,,,
New Zealand,8242,Metropolitan,,,
New Zealand,8243,Metropolitan,,,
New Zealand,8244,Metropolitan,,,
New Zealand,8245,Metropolitan,,,
New Zealand,8246,Metropolitan,,,
New Zealand,8247,Metropolitan,,,
New Zealand,8440,Metropolitan,,,
New Zealand,8441,Metropolitan,,,
New Zealand,8442,Metropolitan,,,
New Zealand,8443,Metropolitan,,,
New Zealand,8444,Metropolitan,,,
New Zealand,8445,Metropolitan,,,
New Zealand,8540,Metropolitan,,,
New Zealand,8542,Metropolitan,,,
New Zealand,8543,Metropolitan,,,
New Zealand,8544,Metropolitan,,,
New Zealand,8545,Metropolitan,,,
New Zealand,8546,Metropolitan,,,
New Zealand,8640,Metropolitan,,,
New Zealand,8641,Metropolitan,,,
New Zealand,8642,Metropolitan,,,
New Zealand,8643,Metropolitan,,,
New Zealand,8840,Metropolitan,,,
New Zealand,8841,Metropolitan,,,
New Zealand,8842,Metropolitan,,,
New Zealand,8941,Metropolitan,,,
New Zealand,8942,Metropolitan,,,
New Zealand,8971,Rural,,,
New Zealand,8972,Rural,,,
New Zealand,9010,Metropolitan,,,
New Zealand,9010,Metropolitan,,,
New Zealand,9010,Metropolitan,,,
New Zealand,9010,Metropolitan,,,
New Zealand,9010,Metropolitan,,,
New Zealand,9010,Metropolitan,,,
New Zealand,9010,Metropolitan,,,
New Zealand,9010,Metropolitan,,,
New Zealand,9010,Metropolitan,,,
New Zealand,9010,Metropolitan,,,
New Zealand,9010,Metropolitan,,,
New Zealand,9010,Metropolitan,,,
New Zealand,9010,Metropolitan,,,
New Zealand,9010,Metropolitan,,,
New Zealand,9010,Metropolitan,,,
New Zealand,9010,Metropolitan,,,
New Zealand,9011,Metropolitan,,,
New Zealand,9011,Metropolitan,,,
New Zealand,9011,Metropolitan,,,
New Zealand,9011,Metropolitan,,,
New Zealand,9011,Metropolitan,,,
New Zealand,9011,Metropolitan,,,
New Zealand,9011,Metropolitan,,,
New Zealand,9011,Metropolitan,,,
New Zealand,9011,Metropolitan,,,
New Zealand,9011,Metropolitan,,,
New Zealand,9011,Metropolitan,,,
New Zealand,9011,Metropolitan,,,
New Zealand,9011,Metropolitan,,,
New Zealand,9011,Metropolitan,,,
New Zealand,9012,Metropolitan,,,
New Zealand,9012,Metropolitan,,,
New Zealand,9012,Metropolitan,,,
New Zealand,9012,Metropolitan,,,
New Zealand,9012,Metropolitan,,,
New Zealand,9012,Metropolitan,,,
New Zealand,9012,Metropolitan,,,
New Zealand,9012,Metropolitan,,,
New Zealand,9012,Metropolitan,,,
New Zealand,9012,Metropolitan,,,
New Zealand,9012,Metropolitan,,,
New Zealand,9013,Metropolitan,,,
New Zealand,9013,Metropolitan,,,
New Zealand,9013,Metropolitan,,,
New Zealand,9013,Metropolitan,,,
New Zealand,9013,Metropolitan,,,
New Zealand,9013,Metropolitan,,,
New Zealand,9013,Metropolitan,,,
New Zealand,9013,Metropolitan,,,
New Zealand,9013,Metropolitan,,,
New Zealand,9013,Metropolitan,,,
New Zealand,9014,Rural,,,
New Zealand,9014,Rural,,,
New Zealand,9014,Rural,,,
New Zealand,9014,Rural,,,
New Zealand,9016,Metropolitan,,,
New Zealand,9016,Metropolitan,,,
New Zealand,9016,Metropolitan,,,
New Zealand,9016,Metropolitan,,,
New Zealand,9016,Metropolitan,,,
New Zealand,9016,Metropolitan,,,
New Zealand,9016,Metropolitan,,,
New Zealand,9016,Metropolitan,,,
New Zealand,9018,Metropolitan,,,
New Zealand,9018,Metropolitan,,,
New Zealand,9018,Metropolitan,,,
New Zealand,9018,Metropolitan,,,
New Zealand,9018,Metropolitan,,,
New Zealand,9018,Metropolitan,,,
New Zealand,9018,Metropolitan,,,
New Zealand,9018,Metropolitan,,,
New Zealand,9018,Metropolitan,,,
New Zealand,9018,Metropolitan,,,
New Zealand,9018,Metropolitan,,,
New Zealand,9019,Metropolitan,,,
New Zealand,9022,Metropolitan,,,
New Zealand,9022,Metropolitan,,,
New Zealand,9022,Metropolitan,,,
New Zealand,9022,Metropolitan,,,
New Zealand,9023,Metropolitan,,,
New Zealand,9023,Metropolitan,,,
New Zealand,9023,Metropolitan,,,
New Zealand,9023,Metropolitan,,,
New Zealand,9023,Metropolitan,,,
New Zealand,9024,Metropolitan,,,
New Zealand,9024,Metropolitan,,,
New Zealand,9024,Metropolitan,,,
New Zealand,9024,Metropolitan,,,
New Zealand,9035,Metropolitan,,,
New Zealand,9035,Metropolitan,,,
New Zealand,9040,Metropolitan,,,
New Zealand,9041,Metropolitan,,,
New Zealand,9042,Metropolitan,,,
New Zealand,9043,Metropolitan,,,
New Zealand,9044,Metropolitan,,,
New Zealand,9045,Metropolitan,,,
New Zealand,9046,Metropolitan,,,
New Zealand,9047,Metropolitan,,,
New Zealand,9048,Metropolitan,,,
New Zealand,9049,Metropolitan,,,
New Zealand,9050,Metropolitan,,,
New Zealand,9052,Metropolitan,,,
New Zealand,9053,Metropolitan,,,
New Zealand,9054,Metropolitan,,,
New Zealand,9058,Metropolitan,,,
New Zealand,9059,Metropolitan,,,
New Zealand,9062,Metropolitan,,,
New Zealand,9067,Rural,,,
New Zealand,9069,Metropolitan,,,
New Zealand,9073,Rural,,,
New Zealand,9074,Rural,,,
New Zealand,9076,Metropolitan,,,
New Zealand,9077,Metropolitan,,,
New Zealand,9081,Metropolitan,,,
New Zealand,9082,Rural,,,
New Zealand,9085,Metropolitan,,,
New Zealand,9091,Rural,,,
New Zealand,9092,Metropolitan,,,
New Zealand,9210,Rural,,,
New Zealand,9220,Rural,,,
New Zealand,9230,Rural,,,
New Zealand,9230,Rural,,,
New Zealand,9231,Rural,,,
New Zealand,9231,Rural,,,
New Zealand,9231,Rural,,,
New Zealand,9240,Rural,,,
New Zealand,9241,Rural,,,
New Zealand,9242,Rural,,,
New Zealand,9271,Rural,,,
New Zealand,9272,Rural,,,
New Zealand,9273,Rural,,,
New Zealand,9274,Rural,,,
New Zealand,9281,Rural,,,
New Zealand,9282,Rural,,,
New Zealand,9291,Rural,,,
New Zealand,9292,Rural,,,
New Zealand,9300,Rural,,,
New Zealand,9300,Rural,,,
New Zealand,9300,Rural,,,
New Zealand,9300,Rural,,,
New Zealand,9300,Rural,,,
New Zealand,9302,Regional,,,
New Zealand,9304,Regional,,,
New Zealand,9305,Rural,,,
New Zealand,9310,Regional,,,
New Zealand,9320,Regional,,,
New Zealand,9320,Regional,,,
New Zealand,9330,Regional,,,
New Zealand,9332,Rural,,,
New Zealand,9340,Regional,,,
New Zealand,9341,Regional,,,
New Zealand,9342,Regional,,,
New Zealand,9343,Regional,,,
New Zealand,9344,Regional,,,
New Zealand,9345,Regional,,,
New Zealand,9346,Rural,,,
New Zealand,9347,Rural,,,
New Zealand,9348,Regional,,,
New Zealand,9349,Regional,,,
New Zealand,9350,Rural,,,
New Zealand,9351,Regional,,,
New Zealand,9352,Rural,,,
New Zealand,9353,Rural,,,
New Zealand,9354,Rural,,,
New Zealand,9355,Rural,,,
New Zealand,9356,Regional,,,
New Zealand,9371,Rural,,,
New Zealand,9372,Rural,,,
New Zealand,9376,Rural,,,
New Zealand,9377,Rural,,,
New Zealand,9381,Rural,,,
New Zealand,9382,Rural,,,
New Zealand,9383,Rural,,,
New Zealand,9384,Rural,,,
New Zealand,9386,Rural,,,
New Zealand,9387,Rural,,,
New Zealand,9391,Rural,,,
New Zealand,9392,Rural,,,
New Zealand,9393,Regional,,,
New Zealand,9395,Rural,,,
New Zealand,9396,Rural,,,
New Zealand,9397,Rural,,,
New Zealand,9398,Rural,,,
New Zealand,9400,Regional,,,
New Zealand,9400,Regional,,,
New Zealand,9400,Regional,,,
New Zealand,9400,Regional,,,
New Zealand,9400,Regional,,,
New Zealand,9400,Regional,,,
New Zealand,9401,Regional,,,
New Zealand,9401,Regional,,,
New Zealand,9401,Regional,,,
New Zealand,9401,Regional,,,
New Zealand,9401,Regional,,,
New Zealand,9410,Rural,,,
New Zealand,9410,Rural,,,
New Zealand,9410,Rural,,,
New Zealand,9410,Rural,,,
New Zealand,9410,Rural,,,
New Zealand,9410,Rural,,,
New Zealand,9410,Rural,,,
New Zealand,9412,Rural,,,
New Zealand,9412,Rural,,,
New Zealand,9412,Rural,,,
New Zealand,9412,Rural,,,
New Zealand,9412,Rural,,,
New Zealand,9430,Rural,,,
New Zealand,9435,Rural,,,
New Zealand,9435,Rural,,,
New Zealand,9435,Rural,,,
New Zealand,9435,Rural,,,
New Zealand,9435,Rural,,,
New Zealand,9441,Rural,,,
New Zealand,9442,Rural,,,
New Zealand,9443,Rural,,,
New Zealand,9444,Regional,,,
New Zealand,9445,Rural,,,
New Zealand,9446,Rural,,,
New Zealand,9447,Rural,,,
New Zealand,9448,Rural,,,
New Zealand,9471,Metropolitan,,,
New Zealand,9472,Rural,,,
New Zealand,9481,Rural,,,
New Zealand,9482,Rural,,,
New Zealand,9483,Rural,,,
New Zealand,9491,Rural,,,
New Zealand,9492,Rural,,,
New Zealand,9493,Rural,,,
New Zealand,9494,Rural,,,
New Zealand,9495,Rural,,,
New Zealand,9498,Rural,,,
New Zealand,9500,Rural,,,
New Zealand,9500,Rural,,,
New Zealand,9500,Rural,,,
New Zealand,9510,Metropolitan,,,
New Zealand,9522,Rural,,,
New Zealand,9532,Rural,,,
New Zealand,9532,Rural,,,
New Zealand,9534,Rural,,,
New Zealand,9535,Rural,,,
New Zealand,9541,Metropolitan,,,
New Zealand,9542,Rural,,,
New Zealand,9543,Rural,,,
New Zealand,9544,Rural,,,
New Zealand,9546,Rural,,,
New Zealand,9548,Rural,,,
New Zealand,9571,Rural,,,
New Zealand,9572,Rural,,,
New Zealand,9583,Rural,,,
New Zealand,9584,Rural,,,
New Zealand,9585,Rural,,,
New Zealand,9586,Rural,,,
New Zealand,9587,Rural,,,
New Zealand,9588,Rural,,,
New Zealand,9591,Rural,,,
New Zealand,9593,Rural,,,
New Zealand,9596,Rural,,,
New Zealand,9597,Rural,,,
New Zealand,9598,Rural,,,
New Zealand,9600,Rural,,,
New Zealand,9610,Rural,,,
New Zealand,9620,Rural,,,
New Zealand,9630,Rural,,,
New Zealand,9635,Rural,,,
New Zealand,9635,Rural,,,
New Zealand,9640,Rural,,,
New Zealand,9641,Rural,,,
New Zealand,9642,Rural,,,
New Zealand,9643,Rural,,,
New Zealand,9644,Rural,,,
New Zealand,9645,Rural,,,
New Zealand,9672,Rural,,,
New Zealand,9679,Rural,,,
New Zealand,9682,Rural,,,
New Zealand,9683,Rural,,,
New Zealand,9689,Rural,,,
New Zealand,9691,Rural,,,
New Zealand,9710,Regional,,,
New Zealand,9710,Regional,,,
New Zealand,9710,Regional,,,
New Zealand,9710,Regional,,,
New Zealand,9712,Regional,,,
New Zealand,9720,Rural,,,
New Zealand,9730,Rural,,,
New Zealand,9740,Regional,,,
New Zealand,9741,Rural,,,
New Zealand,9742,Rural,,,
New Zealand,9743,Rural,,,
New Zealand,9744,Rural,,,
New Zealand,9745,Rural,,,
New Zealand,9746,Rural,,,
New Zealand,9747,Rural,,,
New Zealand,9748,Rural,,,
New Zealand,9749,Rural,,,
New Zealand,9750,Rural,,,
New Zealand,9752,Rural,,,
New Zealand,9771,Rural,,,
New Zealand,9772,Rural,,,
New Zealand,9773,Rural,,,
New Zealand,9774,Rural,,,
New Zealand,9775,Rural,,,
New Zealand,9776,Rural,,,
New Zealand,9777,Rural,,,
New Zealand,9778,Rural,,,
New Zealand,9779,Rural,,,
New Zealand,9781,Rural,,,
New Zealand,9782,Rural,,,
New Zealand,9783,Rural,,,
New Zealand,9791,Rural,,,
New Zealand,9792,Rural,,,
New Zealand,9793,Rural,,,
New Zealand,9794,Rural,,,
New Zealand,9810,Regional,,,
New Zealand,9810,Regional,,,
New Zealand,9810,Regional,,,
New Zealand,9810,Regional,,,
New Zealand,9810,Regional,,,
New Zealand,9810,Regional,,,
New Zealand,9810,Regional,,,
New Zealand,9810,Regional,,,
New Zealand,9810,Regional,,,
New Zealand,9810,Regional,,,
New Zealand,9810,Regional,,,
New Zealand,9810,Regional,,,
New Zealand,9810,Regional,,,
New Zealand,9810,Regional,,,
New Zealand,9810,Regional,,,
New Zealand,9810,Regional,,,
New Zealand,9810,Regional,,,
New Zealand,9810,Regional,,,
New Zealand,9810,Regional,,,
New Zealand,9810,Regional,,,
New Zealand,9810,Regional,,,
New Zealand,9812,Regional,,,
New Zealand,9812,Regional,,,
New Zealand,9812,Regional,,,
New Zealand,9812,Regional,,,
New Zealand,9812,Regional,,,
New Zealand,9812,Regional,,,
New Zealand,9812,Regional,,,
New Zealand,9812,Regional,,,
New Zealand,9812,Regional,,,
New Zealand,9812,Regional,,,
New Zealand,9812,Regional,,,
New Zealand,9812,Regional,,,
New Zealand,9812,Regional,,,
New Zealand,9812,Regional,,,
New Zealand,9814,Rural,,,
New Zealand,9814,Rural,,,
New Zealand,9816,Regional,,,
New Zealand,9818,Rural,,,
New Zealand,9818,Rural,,,
New Zealand,9822,Rural,,,
New Zealand,9822,Rural,,,
New Zealand,9822,Rural,,,
New Zealand,9822,Rural,,,
New Zealand,9825,Rural,,,
New Zealand,9831,Rural,,,
New Zealand,9840,Regional,,,
New Zealand,9841,Regional,,,
New Zealand,9842,Rural,,,
New Zealand,9843,Regional,,,
New Zealand,9844,Regional,,,
New Zealand,9845,Regional,,,
New Zealand,9846,Rural,,,
New Zealand,9847,Rural,,,
New Zealand,9848,Rural,,,
New Zealand,9849,Rural,,,
New Zealand,9871,Rural,,,
New Zealand,9872,Rural,,,
New Zealand,9874,Rural,,,
New Zealand,9875,Rural,,,
New Zealand,9876,Regional,,,
New Zealand,9877,Regional,,,
New Zealand,9879,Regional,,,
New Zealand,9881,Rural,,,
New Zealand,9883,Rural,,,
New Zealand,9884,Rural,,,
New Zealand,9891,Rural,,,
New Zealand,9892,Rural,,,
New Zealand,9893,Rural,,,
