Jurisdiction,Emissions Category,Emissions Sub-Category,Emissions Source,Density,Material Density Unit,Source
Australia,Preliminaries,Principal's Project Accommodation,Establishment of Principals Project Site Buildings,0.185197788,t/m2,TfNSW Engineering Carbon and Cost Library (ECCL) L5
Australia,Preliminaries,Principal's Project Accommodation,Establishment of Principals Site Compound,0.243534499,t/m2,TfNSW Engineering Carbon and Cost Library (ECCL) L5
Australia,Preliminaries,Principal's Project Accommodation,Principals Project Site Buildings,0,t/m2/week,TfNSW Engineering Carbon and Cost Library (ECCL) L5
Australia,Preliminaries,Principal's Project Accommodation,Principals Site Compound,6.64336E-05,t/m2/week,TfNSW Engineering Carbon and Cost Library (ECCL) L5
Australia,Preliminaries,Principal's Project Accommodation,Principals Project Site Buildings,0,t/m2/week,TfNSW Engineering Carbon and Cost Library (ECCL) L5
Australia,Preliminaries,Principal's Project Accommodation,Principals Site Compound,8.63636E-05,t/m2/week,TfNSW Engineering Carbon and Cost Library (ECCL) L5
Australia,Preliminaries,Principal's Project Accommodation,Principals Project Site Buildings,0,t/m2,TfNSW Engineering Carbon and Cost Library (ECCL) L5
Australia,Preliminaries,Principal's Project Accommodation,Principals Site Compound,0.01530125,t/m2,TfNSW Engineering Carbon and Cost Library (ECCL) L5
Australia,"Demolition, site preparation and formation",Soil and Water Management,Kerb Inlet Protection,0.01406875,t/each,TfNSW Engineering Carbon and Cost Library (ECCL) L5
Australia,"Demolition, site preparation and formation",Soil and Water Management,Drop Inlet Protection,0.204,t/each,TfNSW Engineering Carbon and Cost Library (ECCL) L5
Australia,"Demolition, site preparation and formation",Soil and Water Management,Silt / Sediment Fence,0.00005966,t/m,TfNSW Engineering Carbon and Cost Library (ECCL) L5
Australia,"Demolition, site preparation and formation",Soil and Water Management,Clean water Diversion Drain,0,t/m,TfNSW Engineering Carbon and Cost Library (ECCL) L5
Australia,"Demolition, site preparation and formation",Soil and Water Management,Sediment -laden water diversion drain,0,t/m,TfNSW Engineering Carbon and Cost Library (ECCL) L5
Australia,"Demolition, site preparation and formation",Soil and Water Management,Site Exit Point - Shaker ramp,1.4,t/each,TfNSW Engineering Carbon and Cost Library (ECCL) L5
Australia,"Demolition, site preparation and formation",Soil and Water Management,Site Exit Point - Wheel Wash,0,t/each,TfNSW Engineering Carbon and Cost Library (ECCL) L5
Australia,"Demolition, site preparation and formation",Soil and Water Management,Maintenance of Soil and Water Management Control Measures,0,t/week,TfNSW Engineering Carbon and Cost Library (ECCL) L5
Australia,"Demolition, site preparation and formation",Soil and Water Management,Site Water Quality Monitoring,0,t/each/week,TfNSW Engineering Carbon and Cost Library (ECCL) L5
Australia,"Demolition, site preparation and formation",Soil and Water Management,Basin Volume <100 m3,23.43649954,t/each,TfNSW Engineering Carbon and Cost Library (ECCL) L5
Australia,"Demolition, site preparation and formation",Soil and Water Management,Basin Volume 100 - 200 m3,28.09117844,t/each,TfNSW Engineering Carbon and Cost Library (ECCL) L5
Australia,"Demolition, site preparation and formation",Soil and Water Management,Basin Volume 200 - 500 m3,32.74638435,t/each,TfNSW Engineering Carbon and Cost Library (ECCL) L5
Australia,"Demolition, site preparation and formation",Soil and Water Management,Basin Volume 500 - 1000 m3,37.40106325,t/each,TfNSW Engineering Carbon and Cost Library (ECCL) L5
Australia,"Demolition, site preparation and formation",Soil and Water Management,Basin Volume 1000 - 2000 m3,42.05626916,t/each,TfNSW Engineering Carbon and Cost Library (ECCL) L5
Australia,"Demolition, site preparation and formation",Soil and Water Management,Basin Volume 2000 - 5000 m3,46.71094806,t/each,TfNSW Engineering Carbon and Cost Library (ECCL) L5
Australia,"Demolition, site preparation and formation",Soil and Water Management,Basin Volume >5000 m3,56.60311122,t/each,TfNSW Engineering Carbon and Cost Library (ECCL) L5
Australia,"Demolition, site preparation and formation",Soil and Water Management,Basin Volume <100 m3,22.73629665,t/each,TfNSW Engineering Carbon and Cost Library (ECCL) L5
Australia,"Demolition, site preparation and formation",Soil and Water Management,Basin Volume 100 - 200 m3,27.25121278,t/each,TfNSW Engineering Carbon and Cost Library (ECCL) L5
Australia,"Demolition, site preparation and formation",Soil and Water Management,Basin Volume 200 - 500 m3,31.76619291,t/each,TfNSW Engineering Carbon and Cost Library (ECCL) L5
Australia,"Demolition, site preparation and formation",Soil and Water Management,Basin Volume 500 - 1000 m3,36.28110904,t/each,TfNSW Engineering Carbon and Cost Library (ECCL) L5
Australia,"Demolition, site preparation and formation",Soil and Water Management,Basin Volume 1000 - 2000 m3,40.79608918,t/each,TfNSW Engineering Carbon and Cost Library (ECCL) L5
Australia,"Demolition, site preparation and formation",Soil and Water Management,Basin Volume 2000 - 5000 m3,45.3110053,t/each,TfNSW Engineering Carbon and Cost Library (ECCL) L5
Australia,"Demolition, site preparation and formation",Soil and Water Management,Basin Volume >5000 m3,56.60311122,t/each,TfNSW Engineering Carbon and Cost Library (ECCL) L5
Australia,"Demolition, site preparation and formation",Clearing and Grubbing,Production and Stockpiling of Mulch,0,t/m3,TfNSW Engineering Carbon and Cost Library (ECCL) L5
Australia,Surface and Underground Drainage,Open Drains,Excavation for Open Drains,0,t/m3,TfNSW Engineering Carbon and Cost Library (ECCL) L5
Australia,Surface and Underground Drainage,Open Drains,Embankment for Open Drains,0,t/m3,TfNSW Engineering Carbon and Cost Library (ECCL) L5
Australia,Surface and Underground Drainage,Excavation,Excavation for Pipe Culverts,0,t/m3,TfNSW Engineering Carbon and Cost Library (ECCL) L5
Australia,Surface and Underground Drainage,Excavation,Excavation for Box Culverts,0,t/m3,TfNSW Engineering Carbon and Cost Library (ECCL) L5
Australia,Surface and Underground Drainage,Excavation,Excavation for Other Drainage Structures,0,t/m3,TfNSW Engineering Carbon and Cost Library (ECCL) L5
Australia,Surface and Underground Drainage,Excavation,Inadequate Foundation Material under Drainage Structures and Open Drains (Item with provisional quantity),1.1495,t/m3,TfNSW Engineering Carbon and Cost Library (ECCL) L5
Australia,Surface and Underground Drainage,Lining of Catch Drains,Plain Concrete,0.1,t/m2,TfNSW Engineering Carbon and Cost Library (ECCL) L5
Australia,Surface and Underground Drainage,Lining of Catch Drains,Reinforced Concrete,0.1,t/m2,TfNSW Engineering Carbon and Cost Library (ECCL) L5
Australia,Surface and Underground Drainage,Lining of Catch Drains,Rock,0.1,t/m2,TfNSW Engineering Carbon and Cost Library (ECCL) L5
Australia,Surface and Underground Drainage,Stormwater Drainage Pipe,100mm Diameter,0.854454666,t/m,TfNSW Engineering Carbon and Cost Library (ECCL) L5
Australia,Surface and Underground Drainage,Stormwater Drainage Pipe,150mm Diameter,1.043252174,t/m,TfNSW Engineering Carbon and Cost Library (ECCL) L5
Australia,Surface and Underground Drainage,Stormwater Drainage Pipe,200mm Diameter,1.192101396,t/m,TfNSW Engineering Carbon and Cost Library (ECCL) L5
Australia,Surface and Underground Drainage,Stormwater Drainage Pipe,225mm Diameter,1.252122878,t/m,TfNSW Engineering Carbon and Cost Library (ECCL) L5
Australia,Surface and Underground Drainage,Stormwater Drainage Pipe,300mm Diameter,1.523915394,t/m,TfNSW Engineering Carbon and Cost Library (ECCL) L5
Australia,Surface and Underground Drainage,Stormwater Drainage Pipe,375mm Class 3 RRJ,1.776399985,t/m,TfNSW Engineering Carbon and Cost Library (ECCL) L5
Australia,Surface and Underground Drainage,Stormwater Drainage Pipe,375mm Class 4 RRJ,1.778551624,t/m,TfNSW Engineering Carbon and Cost Library (ECCL) L5
Australia,Surface and Underground Drainage,Stormwater Drainage Pipe,450mm Class 3 RRJ,2.068769329,t/m,TfNSW Engineering Carbon and Cost Library (ECCL) L5
Australia,Surface and Underground Drainage,Stormwater Drainage Pipe,450mm Class 4 RRJ,2.073072608,t/m,TfNSW Engineering Carbon and Cost Library (ECCL) L5
Australia,Surface and Underground Drainage,Stormwater Drainage Pipe,525mm Class 3 RRJ,2.362525231,t/m,TfNSW Engineering Carbon and Cost Library (ECCL) L5
Australia,Surface and Underground Drainage,Stormwater Drainage Pipe,525mm Class 4 RRJ,2.39695146,t/m,TfNSW Engineering Carbon and Cost Library (ECCL) L5
Australia,Surface and Underground Drainage,Stormwater Drainage Pipe,600mm Class 3 RRJ,2.63692146,t/m,TfNSW Engineering Carbon and Cost Library (ECCL) L5
Australia,Surface and Underground Drainage,Stormwater Drainage Pipe,600mm Class 4 RRJ,2.67134769,t/m,TfNSW Engineering Carbon and Cost Library (ECCL) L5
Australia,Surface and Underground Drainage,Stormwater Drainage Pipe,675mm Class 3 RRJ,2.945602526,t/m,TfNSW Engineering Carbon and Cost Library (ECCL) L5
Australia,Surface and Underground Drainage,Stormwater Drainage Pipe,675mm Class 4 RRJ,2.995090231,t/m,TfNSW Engineering Carbon and Cost Library (ECCL) L5
Australia,Surface and Underground Drainage,Stormwater Drainage Pipe,750mm Class 3 RRJ,3.254530149,t/m,TfNSW Engineering Carbon and Cost Library (ECCL) L5
Australia,Surface and Underground Drainage,Stormwater Drainage Pipe,750mm Class 4 RRJ,3.331989165,t/m,TfNSW Engineering Carbon and Cost Library (ECCL) L5
Australia,Surface and Underground Drainage,Stormwater Drainage Pipe,825mm Class 3 RRJ,3.550029411,t/m,TfNSW Engineering Carbon and Cost Library (ECCL) L5
Australia,Surface and Underground Drainage,Stormwater Drainage Pipe,825mm Class 4 RRJ,3.638246624,t/m,TfNSW Engineering Carbon and Cost Library (ECCL) L5
Australia,Surface and Underground Drainage,Stormwater Drainage Pipe,900mm Class 3 RRJ,3.946934985,t/m,TfNSW Engineering Carbon and Cost Library (ECCL) L5
Australia,Surface and Underground Drainage,Stormwater Drainage Pipe,900mm Class 4 RRJ,4.020090722,t/m,TfNSW Engineering Carbon and Cost Library (ECCL) L5
Australia,Surface and Underground Drainage,Stormwater Drainage Pipe,900mm Class 6 RRJ,4.02869728,t/m,TfNSW Engineering Carbon and Cost Library (ECCL) L5
Australia,Surface and Underground Drainage,Stormwater Drainage Pipe,1050mm Class 4 RRJ,4.719261542,t/m,TfNSW Engineering Carbon and Cost Library (ECCL) L5
Australia,Surface and Underground Drainage,Stormwater Drainage Pipe,1050mm Class 6 RRJ,4.730019739,t/m,TfNSW Engineering Carbon and Cost Library (ECCL) L5
Australia,Surface and Underground Drainage,Stormwater Drainage Pipe,1200mm Class 4 RRJ,5.490837608,t/m,TfNSW Engineering Carbon and Cost Library (ECCL) L5
Australia,Surface and Underground Drainage,Stormwater Drainage Pipe,1200mm Class 6 RRJ,5.538173673,t/m,TfNSW Engineering Carbon and Cost Library (ECCL) L5
Australia,Surface and Underground Drainage,Stormwater Drainage Pipe,1200mm Class 8 RRJ,5.835099903,t/m,TfNSW Engineering Carbon and Cost Library (ECCL) L5
Australia,Surface and Underground Drainage,Stormwater Drainage Pipe,1200mm Class 10 RRJ,6.065325312,t/m,TfNSW Engineering Carbon and Cost Library (ECCL) L5
Australia,Surface and Underground Drainage,Stormwater Drainage Pipe,1350mm Class 3 RRJ,6.149788755,t/m,TfNSW Engineering Carbon and Cost Library (ECCL) L5
Australia,Surface and Underground Drainage,Stormwater Drainage Pipe,1350mm Class 4 RRJ,6.304706788,t/m,TfNSW Engineering Carbon and Cost Library (ECCL) L5
Australia,Surface and Underground Drainage,Stormwater Drainage Pipe,1350mm Class 6 RRJ,6.532780558,t/m,TfNSW Engineering Carbon and Cost Library (ECCL) L5
Australia,Surface and Underground Drainage,Stormwater Drainage Pipe,1500mm Class 4 RRJ,8.05833646,t/m,TfNSW Engineering Carbon and Cost Library (ECCL) L5
Australia,Surface and Underground Drainage,Stormwater Drainage Pipe,1500mm Class 6 RRJ,7.744197116,t/m,TfNSW Engineering Carbon and Cost Library (ECCL) L5
Australia,Surface and Underground Drainage,Stormwater Drainage Pipe,1500mm Class 8 RRJ,8.05833646,t/m,TfNSW Engineering Carbon and Cost Library (ECCL) L5
Australia,Surface and Underground Drainage,Stormwater Drainage Pipe,1650mm Class 10 RRJ,9.925980067,t/m,TfNSW Engineering Carbon and Cost Library (ECCL) L5
Australia,Surface and Underground Drainage,Stormwater Drainage Pipe,1800mm Class 4 RRJ,10.40439416,t/m,TfNSW Engineering Carbon and Cost Library (ECCL) L5
Australia,Surface and Underground Drainage,Stormwater Drainage Pipe,1800mm Class 6 RRJ,10.78953761,t/m,TfNSW Engineering Carbon and Cost Library (ECCL) L5
Australia,Surface and Underground Drainage,Box Culvert (<1m span),300mm x 225mm Class B1 - 1 Cell,1.913648743,t/m,TfNSW Engineering Carbon and Cost Library (ECCL) L5
Australia,Surface and Underground Drainage,Box Culvert (<1m span),375mm x 225mm Class B1 - 1 Cell,2.050806244,t/m,TfNSW Engineering Carbon and Cost Library (ECCL) L5
Australia,Surface and Underground Drainage,Box Culvert (<1m span),375mm x 300mm Class B1 - 1 Cell,2.201315802,t/m,TfNSW Engineering Carbon and Cost Library (ECCL) L5
Australia,Surface and Underground Drainage,Box Culvert (<1m span),450mm x 150mm Class B1 - 1 Cell,2.036830767,t/m,TfNSW Engineering Carbon and Cost Library (ECCL) L5
Australia,Surface and Underground Drainage,Box Culvert (<1m span),450mm x 160mm Class B1 - 1 Cell,2.056987375,t/m,TfNSW Engineering Carbon and Cost Library (ECCL) L5
Australia,Surface and Underground Drainage,Box Culvert (<1m span),450mm x 300mm Class B1 - 1 Cell,2.338039883,t/m,TfNSW Engineering Carbon and Cost Library (ECCL) L5
Australia,Surface and Underground Drainage,Box Culvert (<1m span),450mm x 325mm Class B1 - 1 Cell,2.388336403,t/m,TfNSW Engineering Carbon and Cost Library (ECCL) L5
Australia,Surface and Underground Drainage,Box Culvert (<1m span),450mm x 450mm Class B1 - 1 Cell,2.639249,t/m,TfNSW Engineering Carbon and Cost Library (ECCL) L5
Australia,Surface and Underground Drainage,Box Culvert (<1m span),600mm x 225mm Class B1 - 1 Cell,2.462226459,t/m,TfNSW Engineering Carbon and Cost Library (ECCL) L5
Australia,Surface and Underground Drainage,Box Culvert (<1m span),600mm x 300mm Class B1 - 1 Cell,2.612736017,t/m,TfNSW Engineering Carbon and Cost Library (ECCL) L5
Australia,Surface and Underground Drainage,Box Culvert (<1m span),600mm x 380mm Class B1 - 1 Cell,2.773418879,t/m,TfNSW Engineering Carbon and Cost Library (ECCL) L5
Australia,Surface and Underground Drainage,Box Culvert (<1m span),600mm x 450mm Class B1 - 1 Cell,2.913945133,t/m,TfNSW Engineering Carbon and Cost Library (ECCL) L5
Australia,Surface and Underground Drainage,Box Culvert (<1m span),600mm x 600mm Class B1 - 1 Cell,3.21515425,t/m,TfNSW Engineering Carbon and Cost Library (ECCL) L5
Australia,Surface and Underground Drainage,Box Culvert (<1m span),750mm x 375mm Class B1 - 1 Cell,3.511448332,t/m,TfNSW Engineering Carbon and Cost Library (ECCL) L5
Australia,Surface and Underground Drainage,Box Culvert (<1m span),750mm x 450mm Class B1 - 1 Cell,3.66195789,t/m,TfNSW Engineering Carbon and Cost Library (ECCL) L5
Australia,Surface and Underground Drainage,Box Culvert (<1m span),750mm x 600mm Class B1 - 1 Cell,3.963167006,t/m,TfNSW Engineering Carbon and Cost Library (ECCL) L5
Australia,Surface and Underground Drainage,Box Culvert (<1m span),750mm x 600mm Class B1 - 2 Cell,6.232116753,t/m,TfNSW Engineering Carbon and Cost Library (ECCL) L5
Australia,Surface and Underground Drainage,Box Culvert (<1m span),900mm x 300mm Class B1 - 1 Cell,3.672347903,t/m,TfNSW Engineering Carbon and Cost Library (ECCL) L5
Australia,Surface and Underground Drainage,Box Culvert (<1m span),900mm x 300mm Class B1 - 2 Cell,6.064375651,t/m,TfNSW Engineering Carbon and Cost Library (ECCL) L5
Australia,Surface and Underground Drainage,Box Culvert (<1m span),900mm x 375mm Class B1 - 1 Cell,3.823047461,t/m,TfNSW Engineering Carbon and Cost Library (ECCL) L5
Australia,Surface and Underground Drainage,Box Culvert (<1m span),900mm x 450mm Class B1 - 1 Cell,3.97355702,t/m,TfNSW Engineering Carbon and Cost Library (ECCL) L5
Australia,Surface and Underground Drainage,Box Culvert (<1m span),900mm x 450mm Class B1 - 2 Cell,6.459824034,t/m,TfNSW Engineering Carbon and Cost Library (ECCL) L5
Australia,Surface and Underground Drainage,Box Culvert (<1m span),900mm x 600mm Class B1 - 1 Cell,4.274766136,t/m,TfNSW Engineering Carbon and Cost Library (ECCL) L5
Australia,Surface and Underground Drainage,Box Culvert (<1m span),900mm x 600mm Class B1 - 2 Cell,6.855272417,t/m,TfNSW Engineering Carbon and Cost Library (ECCL) L5
Australia,Surface and Underground Drainage,Box Culvert (<1m span),900mm x 600mm Class B1 - 5 Cell,14.42034126,t/m,TfNSW Engineering Carbon and Cost Library (ECCL) L5
Australia,Surface and Underground Drainage,Box Culvert (1-2m span),1050mm x 225mm Class B1 - 2 Cell,7.291026975,t/m,TfNSW Engineering Carbon and Cost Library (ECCL) L5
Australia,Surface and Underground Drainage,Box Culvert (1-2m span),1050mm x 300mm Class B1 - 1 Cell,4.323993608,t/m,TfNSW Engineering Carbon and Cost Library (ECCL) L5
Australia,Surface and Underground Drainage,Box Culvert (1-2m span),1200mm x 225mm Class B1 - 1 Cell,4.489857829,t/m,TfNSW Engineering Carbon and Cost Library (ECCL) L5
Australia,Surface and Underground Drainage,Box Culvert (1-2m span),1200mm x 300mm Class B1 - 1 Cell,4.663927204,t/m,TfNSW Engineering Carbon and Cost Library (ECCL) L5
Australia,Surface and Underground Drainage,Box Culvert (1-2m span),1200mm x 300mm Class B1 - 2 Cell,8.166406046,t/m,TfNSW Engineering Carbon and Cost Library (ECCL) L5
Australia,Surface and Underground Drainage,Box Culvert (1-2m span),1200mm x 450mm Class B1 - 1 Cell,5.012255954,t/m,TfNSW Engineering Carbon and Cost Library (ECCL) L5
Australia,Surface and Underground Drainage,Box Culvert (1-2m span),1200mm x 450mm Class B1 - 2 Cell,8.656093695,t/m,TfNSW Engineering Carbon and Cost Library (ECCL) L5
Australia,Surface and Underground Drainage,Box Culvert (1-2m span),1200mm x 450mm Class B1 - 3 Cell,12.1991701,t/m,TfNSW Engineering Carbon and Cost Library (ECCL) L5
Australia,Surface and Underground Drainage,Box Culvert (1-2m span),1200mm x 450mm Class B1 - 4 Cell,15.84321785,t/m,TfNSW Engineering Carbon and Cost Library (ECCL) L5
Australia,Surface and Underground Drainage,Box Culvert (1-2m span),1200mm x 450mm Class B1 - 6 Cell,23.02970333,t/m,TfNSW Engineering Carbon and Cost Library (ECCL) L5
Australia,Surface and Underground Drainage,Box Culvert (1-2m span),1200mm x 600mm Class B1 - 1 Cell,5.360584703,t/m,TfNSW Engineering Carbon and Cost Library (ECCL) L5
Australia,Surface and Underground Drainage,Box Culvert (1-2m span),1200mm x 600mm Class B1 - 2 Cell,9.145781344,t/m,TfNSW Engineering Carbon and Cost Library (ECCL) L5
Australia,Surface and Underground Drainage,Box Culvert (1-2m span),1200mm x 600mm Class B1 - 3 Cell,12.83021665,t/m,TfNSW Engineering Carbon and Cost Library (ECCL) L5
Australia,Surface and Underground Drainage,Box Culvert (1-2m span),1200mm x 675mm Class B1 - 6 Cell,24.6124832,t/m,TfNSW Engineering Carbon and Cost Library (ECCL) L5
Australia,Surface and Underground Drainage,Box Culvert (1-2m span),1200mm x 750mm Class B1 - 1 Cell,5.708913453,t/m,TfNSW Engineering Carbon and Cost Library (ECCL) L5
Australia,Surface and Underground Drainage,Box Culvert (1-2m span),1200mm x 900mm Class B1 - 1 Cell,6.057242202,t/m,TfNSW Engineering Carbon and Cost Library (ECCL) L5
Australia,Surface and Underground Drainage,Box Culvert (1-2m span),1200mm x 900mm Class B1 - 2 Cell,10.12515664,t/m,TfNSW Engineering Carbon and Cost Library (ECCL) L5
Australia,Surface and Underground Drainage,Box Culvert (1-2m span),1200mm x 900mm Class B1 - 4 Cell,18.16043419,t/m,TfNSW Engineering Carbon and Cost Library (ECCL) L5
Australia,Surface and Underground Drainage,Box Culvert (1-2m span),1200mm x 900mm Class B1 - 6 Cell,26.19507307,t/m,TfNSW Engineering Carbon and Cost Library (ECCL) L5
Australia,Surface and Underground Drainage,Box Culvert (1-2m span),1200mm x 1200mm Class B1 - 1 Cell,6.753899701,t/m,TfNSW Engineering Carbon and Cost Library (ECCL) L5
Australia,Surface and Underground Drainage,Box Culvert (1-2m span),1200mm x 1200mm Class B1 - 2 Cell,11.10453194,t/m,TfNSW Engineering Carbon and Cost Library (ECCL) L5
Australia,Surface and Underground Drainage,Box Culvert (1-2m span),1500mm x 300mm Class B1 - 1 Cell,6.807095469,t/m,TfNSW Engineering Carbon and Cost Library (ECCL) L5
Australia,Surface and Underground Drainage,Box Culvert (1-2m span),1500mm x 300mm Class B1 - 2 Cell,11.86794155,t/m,TfNSW Engineering Carbon and Cost Library (ECCL) L5
Australia,Surface and Underground Drainage,Box Culvert (1-2m span),1500mm x 375mm Class B1 - 1 Cell,7.027524752,t/m,TfNSW Engineering Carbon and Cost Library (ECCL) L5
Australia,Surface and Underground Drainage,Box Culvert (1-2m span),1500mm x 450mm Class B1 - 1 Cell,7.247954035,t/m,TfNSW Engineering Carbon and Cost Library (ECCL) L5
Australia,Surface and Underground Drainage,Box Culvert (1-2m span),1500mm x 450mm Class B1 - 2 Cell,12.47371883,t/m,TfNSW Engineering Carbon and Cost Library (ECCL) L5
Australia,Surface and Underground Drainage,Box Culvert (1-2m span),1500mm x 600mm Class B1 - 1 Cell,7.688812601,t/m,TfNSW Engineering Carbon and Cost Library (ECCL) L5
Australia,Surface and Underground Drainage,Box Culvert (1-2m span),1500mm x 600mm Class B1 - 2 Cell,13.07949611,t/m,TfNSW Engineering Carbon and Cost Library (ECCL) L5
Australia,Surface and Underground Drainage,Box Culvert (1-2m span),1500mm x 600mm Class B1 - 5 Cell,28.60841585,t/m,TfNSW Engineering Carbon and Cost Library (ECCL) L5
Australia,Surface and Underground Drainage,Box Culvert (1-2m span),1500mm x 750mm Class B1 - 2 Cell,13.68527339,t/m,TfNSW Engineering Carbon and Cost Library (ECCL) L5
Australia,Surface and Underground Drainage,Box Culvert (1-2m span),1500mm x 900mm Class B1 - 1 Cell,8.570529733,t/m,TfNSW Engineering Carbon and Cost Library (ECCL) L5
Australia,Surface and Underground Drainage,Box Culvert (1-2m span),1500mm x 900mm Class B1 - 2 Cell,14.29105068,t/m,TfNSW Engineering Carbon and Cost Library (ECCL) L5
Australia,Surface and Underground Drainage,Box Culvert (1-2m span),1500mm x 900mm Class B1 - 6 Cell,36.52937995,t/m,TfNSW Engineering Carbon and Cost Library (ECCL) L5
Australia,Surface and Underground Drainage,Box Culvert (1-2m span),1500mm x 1200mm Class B1 - 1 Cell,9.452246866,t/m,TfNSW Engineering Carbon and Cost Library (ECCL) L5
Australia,Surface and Underground Drainage,Box Culvert (1-2m span),1500mm x 1200mm Class B1 - 2 Cell,15.50260524,t/m,TfNSW Engineering Carbon and Cost Library (ECCL) L5
Australia,Surface and Underground Drainage,Box Culvert (1-2m span),1500mm x 1200mm Class B1 - 3 Cell,21.23190874,t/m,TfNSW Engineering Carbon and Cost Library (ECCL) L5
Australia,Surface and Underground Drainage,Box Culvert (1-2m span),1500mm x 1500mm Class B1 - 4 Cell,29.15287532,t/m,TfNSW Engineering Carbon and Cost Library (ECCL) L5
Australia,Surface and Underground Drainage,Box Culvert (1-2m span),1800mm x 300mm Class B1 - 1 Cell,7.264051768,t/m,TfNSW Engineering Carbon and Cost Library (ECCL) L5
Australia,Surface and Underground Drainage,Box Culvert (1-2m span),1800mm x 450mm Class B1 - 1 Cell,7.635940334,t/m,TfNSW Engineering Carbon and Cost Library (ECCL) L5
Australia,Surface and Underground Drainage,Box Culvert (1-2m span),1800mm x 450mm Class B1 - 8 Cell,48.86494447,t/m,TfNSW Engineering Carbon and Cost Library (ECCL) L5
Australia,Surface and Underground Drainage,Box Culvert (1-2m span),1800mm x 450mm Class B1 - 12 Cell,72.33149779,t/m,TfNSW Engineering Carbon and Cost Library (ECCL) L5
Australia,Surface and Underground Drainage,Box Culvert (1-2m span),1800mm x 600mm Class B1 - 1 Cell,8.0078289,t/m,TfNSW Engineering Carbon and Cost Library (ECCL) L5
Australia,Surface and Underground Drainage,Box Culvert (1-2m span),1800mm x 600mm Class B1 - 5 Cell,32.13464709,t/m,TfNSW Engineering Carbon and Cost Library (ECCL) L5
Australia,Surface and Underground Drainage,Box Culvert (1-2m span),1800mm x 600mm Class B1 - 8 Cell,50.39126405,t/m,TfNSW Engineering Carbon and Cost Library (ECCL) L5
Australia,Surface and Underground Drainage,Box Culvert (1-2m span),1800mm x 750mm Class B1 - 1 Cell,8.379717466,t/m,TfNSW Engineering Carbon and Cost Library (ECCL) L5
Australia,Surface and Underground Drainage,Box Culvert (1-2m span),1800mm x 750mm Class B1 - 2 Cell,14.73712096,t/m,TfNSW Engineering Carbon and Cost Library (ECCL) L5
Australia,Surface and Underground Drainage,Box Culvert (1-2m span),1800mm x 750mm Class B1 - 3 Cell,20.7734746,t/m,TfNSW Engineering Carbon and Cost Library (ECCL) L5
Australia,Surface and Underground Drainage,Box Culvert (1-2m span),1800mm x 900mm Class B1 - 1 Cell,8.751606032,t/m,TfNSW Engineering Carbon and Cost Library (ECCL) L5
Australia,Surface and Underground Drainage,Box Culvert (1-2m span),1800mm x 900mm Class B1 - 2 Cell,15.27392824,t/m,TfNSW Engineering Carbon and Cost Library (ECCL) L5
Australia,Surface and Underground Drainage,Box Culvert (1-2m span),1800mm x 900mm Class B1 - 3 Cell,21.4752006,t/m,TfNSW Engineering Carbon and Cost Library (ECCL) L5
Australia,Surface and Underground Drainage,Box Culvert (1-2m span),1800mm x 900mm Class B1 - 4 Cell,27.9973351,t/m,TfNSW Engineering Carbon and Cost Library (ECCL) L5
Australia,Surface and Underground Drainage,Box Culvert (1-2m span),1800mm x 900mm Class B1 - 12 Cell,78.88948112,t/m,TfNSW Engineering Carbon and Cost Library (ECCL) L5
Australia,Surface and Underground Drainage,Box Culvert (1-2m span),1800mm x 1200mm Class B1 - 1 Cell,9.495383164,t/m,TfNSW Engineering Carbon and Cost Library (ECCL) L5
Australia,Surface and Underground Drainage,Box Culvert (1-2m span),1800mm x 1200mm Class B1 - 2 Cell,16.3475428,t/m,TfNSW Engineering Carbon and Cost Library (ECCL) L5
Australia,Surface and Underground Drainage,Box Culvert (1-2m span),1800mm x 1200mm Class B1 - 4 Cell,29.73062453,t/m,TfNSW Engineering Carbon and Cost Library (ECCL) L5
Australia,Surface and Underground Drainage,Box Culvert (1-2m span),1800mm x 1500mm Class B1 - 1 Cell,10.2391603,t/m,TfNSW Engineering Carbon and Cost Library (ECCL) L5
Australia,Surface and Underground Drainage,Box Culvert (1-2m span),1800mm x 1500mm Class B1 - 2 Cell,17.42115737,t/m,TfNSW Engineering Carbon and Cost Library (ECCL) L5
Australia,Surface and Underground Drainage,Box Culvert (1-2m span),1800mm x 1500mm Class B1 - 5 Cell,38.32402767,t/m,TfNSW Engineering Carbon and Cost Library (ECCL) L5
Australia,Surface and Underground Drainage,Box Culvert (1-2m span),1800mm x 1800mm Class B1 - 1 Cell,12.01748743,t/m,TfNSW Engineering Carbon and Cost Library (ECCL) L5
Australia,Surface and Underground Drainage,Box Culvert (1-2m span),1800mm x 1800mm Class B1 - 3 Cell,26.72010659,t/m,TfNSW Engineering Carbon and Cost Library (ECCL) L5
Australia,Surface and Underground Drainage,Box Culvert (1-2m span),1840mm x 625mm Class B1 - 1 Cell,8.176917495,t/m,TfNSW Engineering Carbon and Cost Library (ECCL) L5
Australia,Surface and Underground Drainage,Box Culvert (2-3m span),2100mm x 450mm Class B1 - 1 Cell,9.370311076,t/m,TfNSW Engineering Carbon and Cost Library (ECCL) L5
Australia,Surface and Underground Drainage,Box Culvert (2-3m span),2100mm x 450mm Class B1 - 2 Cell,16.7179994,t/m,TfNSW Engineering Carbon and Cost Library (ECCL) L5
Australia,Surface and Underground Drainage,Box Culvert (2-3m span),2100mm x 600mm Class B1 - 1 Cell,9.834729459,t/m,TfNSW Engineering Carbon and Cost Library (ECCL) L5
Australia,Surface and Underground Drainage,Box Culvert (2-3m span),2100mm x 600mm Class B1 - 2 Cell,17.37089631,t/m,TfNSW Engineering Carbon and Cost Library (ECCL) L5
Australia,Surface and Underground Drainage,Box Culvert (2-3m span),2100mm x 750mm Class B1 - 1 Cell,10.29914784,t/m,TfNSW Engineering Carbon and Cost Library (ECCL) L5
Australia,Surface and Underground Drainage,Box Culvert (2-3m span),2100mm x 900mm Class B1 - 1 Cell,10.76356622,t/m,TfNSW Engineering Carbon and Cost Library (ECCL) L5
Australia,Surface and Underground Drainage,Box Culvert (2-3m span),2100mm x 900mm Class B1 - 2 Cell,18.67669015,t/m,TfNSW Engineering Carbon and Cost Library (ECCL) L5
Australia,Surface and Underground Drainage,Box Culvert (2-3m span),2100mm x 900mm Class B1 - 3 Cell,26.26875919,t/m,TfNSW Engineering Carbon and Cost Library (ECCL) L5
Australia,Surface and Underground Drainage,Box Culvert (2-3m span),2100mm x 1200mm Class B1 - 1 Cell,11.69240299,t/m,TfNSW Engineering Carbon and Cost Library (ECCL) L5
Australia,Surface and Underground Drainage,Box Culvert (2-3m span),2100mm x 1200mm Class B1 - 10 Cell,85.01794712,t/m,TfNSW Engineering Carbon and Cost Library (ECCL) L5
Australia,Surface and Underground Drainage,Box Culvert (2-3m span),2100mm x 1200mm Class B1 - 24 Cell,198.8300185,t/m,TfNSW Engineering Carbon and Cost Library (ECCL) L5
Australia,Surface and Underground Drainage,Box Culvert (2-3m span),2100mm x 1200mm Class B1 - 57 Cell,466.9407542,t/m,TfNSW Engineering Carbon and Cost Library (ECCL) L5
Australia,Surface and Underground Drainage,Box Culvert (2-3m span),2100mm x 1500mm Class B1 - 1 Cell,12.62123976,t/m,TfNSW Engineering Carbon and Cost Library (ECCL) L5
Australia,Surface and Underground Drainage,Box Culvert (2-3m span),2100mm x 1800mm Class B1 - 1 Cell,13.55007652,t/m,TfNSW Engineering Carbon and Cost Library (ECCL) L5
Australia,Surface and Underground Drainage,Box Culvert (2-3m span),2100mm x 2100mm Class B1 - 1 Cell,14.47891329,t/m,TfNSW Engineering Carbon and Cost Library (ECCL) L5
Australia,Surface and Underground Drainage,Box Culvert (2-3m span),2400mm x 450mm Class B1 - 1 Cell,10.26703533,t/m,TfNSW Engineering Carbon and Cost Library (ECCL) L5
Australia,Surface and Underground Drainage,Box Culvert (2-3m span),2400mm x 450mm Class B1 - 2 Cell,18.51128886,t/m,TfNSW Engineering Carbon and Cost Library (ECCL) L5
Australia,Surface and Underground Drainage,Box Culvert (2-3m span),2400mm x 600mm Class B1 - 1 Cell,10.73145371,t/m,TfNSW Engineering Carbon and Cost Library (ECCL) L5
Australia,Surface and Underground Drainage,Box Culvert (2-3m span),2400mm x 600mm Class B1 - 2 Cell,19.16418577,t/m,TfNSW Engineering Carbon and Cost Library (ECCL) L5
Australia,Surface and Underground Drainage,Box Culvert (2-3m span),2400mm x 750mm Class B1 - 6 Cell,53.5651674,t/m,TfNSW Engineering Carbon and Cost Library (ECCL) L5
Australia,Surface and Underground Drainage,Box Culvert (2-3m span),2400mm x 900mm Class B1 - 1 Cell,11.66029048,t/m,TfNSW Engineering Carbon and Cost Library (ECCL) L5
Australia,Surface and Underground Drainage,Box Culvert (2-3m span),2400mm x 900mm Class B1 - 2 Cell,20.4699796,t/m,TfNSW Engineering Carbon and Cost Library (ECCL) L5
Australia,Surface and Underground Drainage,Box Culvert (2-3m span),2400mm x 900mm Class B1 - 3 Cell,28.91098056,t/m,TfNSW Engineering Carbon and Cost Library (ECCL) L5
Australia,Surface and Underground Drainage,Box Culvert (2-3m span),2400mm x 900mm Class B1 - 5 Cell,46.16228932,t/m,TfNSW Engineering Carbon and Cost Library (ECCL) L5
Australia,Surface and Underground Drainage,Box Culvert (2-3m span),2400mm x 1200mm Class B1 - 1 Cell,12.58912724,t/m,TfNSW Engineering Carbon and Cost Library (ECCL) L5
Australia,Surface and Underground Drainage,Box Culvert (2-3m span),2400mm x 1200mm Class B1 - 2 Cell,21.77577343,t/m,TfNSW Engineering Carbon and Cost Library (ECCL) L5
Australia,Surface and Underground Drainage,Box Culvert (2-3m span),2400mm x 1200mm Class B1 - 3 Cell,30.59373146,t/m,TfNSW Engineering Carbon and Cost Library (ECCL) L5
Australia,Surface and Underground Drainage,Box Culvert (2-3m span),2400mm x 1200mm Class B1 - 7 Cell,66.60395857,t/m,TfNSW Engineering Carbon and Cost Library (ECCL) L5
Australia,Surface and Underground Drainage,Box Culvert (2-3m span),2400mm x 1500mm Class B1 - 1 Cell,13.51796401,t/m,TfNSW Engineering Carbon and Cost Library (ECCL) L5
Australia,Surface and Underground Drainage,Box Culvert (2-3m span),2400mm x 1500mm Class B1 - 2 Cell,23.08156727,t/m,TfNSW Engineering Carbon and Cost Library (ECCL) L5
Australia,Surface and Underground Drainage,Box Culvert (2-3m span),2400mm x 1500mm Class B1 - 3 Cell,32.27648236,t/m,TfNSW Engineering Carbon and Cost Library (ECCL) L5
Australia,Surface and Underground Drainage,Box Culvert (2-3m span),2400mm x 1500mm Class B1 - 5 Cell,51.03561937,t/m,TfNSW Engineering Carbon and Cost Library (ECCL) L5
Australia,Surface and Underground Drainage,Box Culvert (2-3m span),2400mm x 1500mm Class B1 - 8 Cell,79.35814098,t/m,TfNSW Engineering Carbon and Cost Library (ECCL) L5
Australia,Surface and Underground Drainage,Box Culvert (2-3m span),2400mm x 1800mm Class B1 - 1 Cell,14.44680077,t/m,TfNSW Engineering Carbon and Cost Library (ECCL) L5
Australia,Surface and Underground Drainage,Box Culvert (2-3m span),2400mm  x 2100mm Class B1 - 1 Cell,18.98916902,t/m,TfNSW Engineering Carbon and Cost Library (ECCL) L5
Australia,Surface and Underground Drainage,Box Culvert (2-3m span),2400mm x 2400mm Class B1 - 1 Cell,20.33182579,t/m,TfNSW Engineering Carbon and Cost Library (ECCL) L5
Australia,Surface and Underground Drainage,Box Culvert (2-3m span),2400mm x 2400mm Class B1 - 2 Cell,31.12153287,t/m,TfNSW Engineering Carbon and Cost Library (ECCL) L5
Australia,Surface and Underground Drainage,Box Culvert (2-3m span),2400mm x 2400mm Class B1 - 3 Cell,41.44813113,t/m,TfNSW Engineering Carbon and Cost Library (ECCL) L5
Australia,Surface and Underground Drainage,Box Culvert (2-3m span),2400mm x 2400mm Class B1 - 6 Cell,73.3537389,t/m,TfNSW Engineering Carbon and Cost Library (ECCL) L5
Australia,Surface and Underground Drainage,Box Culvert (2-3m span),2450mm x 1200mm Class B1 - 1 Cell,12.73078423,t/m,TfNSW Engineering Carbon and Cost Library (ECCL) L5
Australia,Surface and Underground Drainage,Box Culvert (2-3m span),2700mm x 600mm Class B1 - 1 Cell,12.7154199,t/m,TfNSW Engineering Carbon and Cost Library (ECCL) L5
Australia,Surface and Underground Drainage,Box Culvert (2-3m span),2700mm x 600mm Class B1 - 2 Cell,22.6488993,t/m,TfNSW Engineering Carbon and Cost Library (ECCL) L5
Australia,Surface and Underground Drainage,Box Culvert (2-3m span),2700mm x 600mm Class B1 - 4 Cell,42.14778394,t/m,TfNSW Engineering Carbon and Cost Library (ECCL) L5
Australia,Surface and Underground Drainage,Box Culvert (2-3m span),2700mm x 750mm Class B1 - 2 Cell,23.41788585,t/m,TfNSW Engineering Carbon and Cost Library (ECCL) L5
Australia,Surface and Underground Drainage,Box Culvert (2-3m span),2700mm x 900mm Class B1 - 1 Cell,13.8293163,t/m,TfNSW Engineering Carbon and Cost Library (ECCL) L5
Australia,Surface and Underground Drainage,Box Culvert (2-3m span),2700mm x 900mm Class B1 - 2 Cell,24.1868724,t/m,TfNSW Engineering Carbon and Cost Library (ECCL) L5
Australia,Surface and Underground Drainage,Box Culvert (2-3m span),2700mm x 900mm Class B1 - 4 Cell,44.53391043,t/m,TfNSW Engineering Carbon and Cost Library (ECCL) L5
Australia,Surface and Underground Drainage,Box Culvert (2-3m span),2700mm x 900mm Class B1 - 8 Cell,85.22758268,t/m,TfNSW Engineering Carbon and Cost Library (ECCL) L5
Australia,Surface and Underground Drainage,Box Culvert (2-3m span),2700mm x 1200mm Class B1 - 1 Cell,14.9432127,t/m,TfNSW Engineering Carbon and Cost Library (ECCL) L5
Australia,Surface and Underground Drainage,Box Culvert (2-3m span),2700mm x 1200mm Class B1 - 2 Cell,25.72484549,t/m,TfNSW Engineering Carbon and Cost Library (ECCL) L5
Australia,Surface and Underground Drainage,Box Culvert (2-3m span),2700mm x 1200mm Class B1 - 4 Cell,46.92003693,t/m,TfNSW Engineering Carbon and Cost Library (ECCL) L5
Australia,Surface and Underground Drainage,Box Culvert (2-3m span),2700mm x 1500mm Class B1 - 1 Cell,16.0571091,t/m,TfNSW Engineering Carbon and Cost Library (ECCL) L5
Australia,Surface and Underground Drainage,Box Culvert (2-3m span),2700mm x 1500mm Class B1 - 2 Cell,27.26281859,t/m,TfNSW Engineering Carbon and Cost Library (ECCL) L5
Australia,Surface and Underground Drainage,Box Culvert (2-3m span),2700mm  x 1500mm Class B1 - 5 Cell,60.14318494,t/m,TfNSW Engineering Carbon and Cost Library (ECCL) L5
Australia,Surface and Underground Drainage,Box Culvert (2-3m span),2700mm x 1800mm Class B1 - 1 Cell,17.1710055,t/m,TfNSW Engineering Carbon and Cost Library (ECCL) L5
Australia,Surface and Underground Drainage,Box Culvert (2-3m span),2700mm x 2100mm Class B1 - 1 Cell,18.2849019,t/m,TfNSW Engineering Carbon and Cost Library (ECCL) L5
Australia,Surface and Underground Drainage,Box Culvert (2-3m span),2700mm x 2100mm Class B1 - 2 Cell,30.33876479,t/m,TfNSW Engineering Carbon and Cost Library (ECCL) L5
Australia,Surface and Underground Drainage,Box Culvert (2-3m span),2700mm x 2400mm Class B1 - 1 Cell,22.11529092,t/m,TfNSW Engineering Carbon and Cost Library (ECCL) L5
Australia,Surface and Underground Drainage,Box Culvert (2-3m span),2700mm x 2400mm Class B1 - 2 Cell,34.68845849,t/m,TfNSW Engineering Carbon and Cost Library (ECCL) L5
Australia,Surface and Underground Drainage,Box Culvert (2-3m span),2700mm x 2400mm Class B1 - 3 Cell,46.79895073,t/m,TfNSW Engineering Carbon and Cost Library (ECCL) L5
Australia,Surface and Underground Drainage,Box Culvert (2-3m span),2700mm x 2400mm Class B1 - 4 Cell,59.3717183,t/m,TfNSW Engineering Carbon and Cost Library (ECCL) L5
Australia,Surface and Underground Drainage,Box Culvert (2-3m span),2700mm x 2400mm Class B1 - 5 Cell,71.48178169,t/m,TfNSW Engineering Carbon and Cost Library (ECCL) L5
Australia,Surface and Underground Drainage,Box Culvert (2-3m span),2700mm x 2700mm Class B1 - 2 Cell,36.50231158,t/m,TfNSW Engineering Carbon and Cost Library (ECCL) L5
Australia,Surface and Underground Drainage,Box Culvert (2-3m span),2700mm x 2700mm Class B1 - 3 Cell,49.03688053,t/m,TfNSW Engineering Carbon and Cost Library (ECCL) L5
Australia,Surface and Underground Drainage,Box Culvert (2-3m span),2800mm x 900mm Class B1 - 1 Cell,15.46523212,t/m,TfNSW Engineering Carbon and Cost Library (ECCL) L5
Australia,Surface and Underground Drainage,Box Culvert (3-4m span),3000mm x 0450mm Class B1 - 1 Cell,13.97778505,t/m,TfNSW Engineering Carbon and Cost Library (ECCL) L5
Australia,Surface and Underground Drainage,Box Culvert (3-4m span),3000mm x 0600mm Class B1 - 1 Cell,14.67267325,t/m,TfNSW Engineering Carbon and Cost Library (ECCL) L5
Australia,Surface and Underground Drainage,Box Culvert (3-4m span),3000mm x 0600mm Class B1 - 4 Cell,46.98428503,t/m,TfNSW Engineering Carbon and Cost Library (ECCL) L5
Australia,Surface and Underground Drainage,Box Culvert (3-4m span),3000mm x 0750mm Class B1 - 1 Cell,15.36756145,t/m,TfNSW Engineering Carbon and Cost Library (ECCL) L5
Australia,Surface and Underground Drainage,Box Culvert (3-4m span),3000mm x 0900mm Class B1 - 1 Cell,16.06244965,t/m,TfNSW Engineering Carbon and Cost Library (ECCL) L5
Australia,Surface and Underground Drainage,Box Culvert (3-4m span),3000mm x 0900mm Class B1 - 2 Cell,27.41171261,t/m,TfNSW Engineering Carbon and Cost Library (ECCL) L5
Australia,Surface and Underground Drainage,Box Culvert (3-4m span),3000mm x 0900mm Class B1 - 4 Cell,49.64629153,t/m,TfNSW Engineering Carbon and Cost Library (ECCL) L5
Australia,Surface and Underground Drainage,Box Culvert (3-4m span),3000mm x 1200mm Class B1 - 1 Cell,17.45222605,t/m,TfNSW Engineering Carbon and Cost Library (ECCL) L5
Australia,Surface and Underground Drainage,Box Culvert (3-4m span),3000mm x 1200mm Class B1 - 2 Cell,29.22556571,t/m,TfNSW Engineering Carbon and Cost Library (ECCL) L5
Australia,Surface and Underground Drainage,Box Culvert (3-4m span),3000mm x 1200mm Class B1 - 3 Cell,40.53536302,t/m,TfNSW Engineering Carbon and Cost Library (ECCL) L5
Australia,Surface and Underground Drainage,Box Culvert (3-4m span),3000mm x 1200mm Class B1 - 4 Cell,52.30829802,t/m,TfNSW Engineering Carbon and Cost Library (ECCL) L5
Australia,Surface and Underground Drainage,Box Culvert (3-4m span),3000mm x 1200mm Class B1 - 5 Cell,63.61852885,t/m,TfNSW Engineering Carbon and Cost Library (ECCL) L5
Australia,Surface and Underground Drainage,Box Culvert (3-4m span),3000mm x 1500mm Class B1 - 1 Cell,18.84200245,t/m,TfNSW Engineering Carbon and Cost Library (ECCL) L5
Australia,Surface and Underground Drainage,Box Culvert (3-4m span),3000mm x 1500mm Class B1 - 2 Cell,31.0394188,t/m,TfNSW Engineering Carbon and Cost Library (ECCL) L5
Australia,Surface and Underground Drainage,Box Culvert (3-4m span),3000mm x 1500mm Class B1 - 3 Cell,42.77329282,t/m,TfNSW Engineering Carbon and Cost Library (ECCL) L5
Australia,Surface and Underground Drainage,Box Culvert (3-4m span),3000mm x 1500mm Class B1 - 4 Cell,54.97030452,t/m,TfNSW Engineering Carbon and Cost Library (ECCL) L5
Australia,Surface and Underground Drainage,Box Culvert (3-4m span),3000mm x 1800mm Class B1 - 1 Cell,20.23177885,t/m,TfNSW Engineering Carbon and Cost Library (ECCL) L5
Australia,Surface and Underground Drainage,Box Culvert (3-4m span),3000mm x 2400mm Class B1 - 1 Cell,23.01133164,t/m,TfNSW Engineering Carbon and Cost Library (ECCL) L5
Australia,Surface and Underground Drainage,Box Culvert (3-4m span),3000mm x 2400mm Class B1 - 2 Cell,36.48097809,t/m,TfNSW Engineering Carbon and Cost Library (ECCL) L5
Australia,Surface and Underground Drainage,Box Culvert (3-4m span),3000mm  x 2400mm Class B1 - 3 Cell,49.48708221,t/m,TfNSW Engineering Carbon and Cost Library (ECCL) L5
Australia,Surface and Underground Drainage,Box Culvert (3-4m span),3000mm x 2400mm Class B1 - 4 Cell,62.956324,t/m,TfNSW Engineering Carbon and Cost Library (ECCL) L5
Australia,Surface and Underground Drainage,Box Culvert (3-4m span),3000mm x 2400mm Class B1 - 5 Cell,75.96286163,t/m,TfNSW Engineering Carbon and Cost Library (ECCL) L5
Australia,Surface and Underground Drainage,Box Culvert (3-4m span),3000mm x 2700mm Class B1 - 1 Cell,24.40110804,t/m,TfNSW Engineering Carbon and Cost Library (ECCL) L5
Australia,Surface and Underground Drainage,Box Culvert (3-4m span),3000mm x 2700mm Class B1 - 2 Cell,38.29483119,t/m,TfNSW Engineering Carbon and Cost Library (ECCL) L5
Australia,Surface and Underground Drainage,Box Culvert (3-4m span),3000mm x 3000mm Class B1 - 1 Cell,25.79088444,t/m,TfNSW Engineering Carbon and Cost Library (ECCL) L5
Australia,Surface and Underground Drainage,Box Culvert (3-4m span),3000mm x 3000mm Class B1 - 2 Cell,40.10868429,t/m,TfNSW Engineering Carbon and Cost Library (ECCL) L5
Australia,Surface and Underground Drainage,Box Culvert (3-4m span),3000mm x 3000mm Class B1 - 3 Cell,53.9629418,t/m,TfNSW Engineering Carbon and Cost Library (ECCL) L5
Australia,Surface and Underground Drainage,Box Culvert (3-4m span),3000mm x 3000mm Class B1 - 4 Cell,68.28033699,t/m,TfNSW Engineering Carbon and Cost Library (ECCL) L5
Australia,Surface and Underground Drainage,Box Culvert (3-4m span),3100mm x 1800mm Class B1 - 1 Cell,20.53060669,t/m,TfNSW Engineering Carbon and Cost Library (ECCL) L5
Australia,Surface and Underground Drainage,Box Culvert (3-4m span),3300mm x 0600mm Class B1 - 1 Cell,15.56871863,t/m,TfNSW Engineering Carbon and Cost Library (ECCL) L5
Australia,Surface and Underground Drainage,Box Culvert (3-4m span),3300mm x 0600mm Class B1 - 3 Cell,38.74806376,t/m,TfNSW Engineering Carbon and Cost Library (ECCL) L5
Australia,Surface and Underground Drainage,Box Culvert (3-4m span),3300mm x 1200mm Class B1 - 1 Cell,18.34827142,t/m,TfNSW Engineering Carbon and Cost Library (ECCL) L5
Australia,Surface and Underground Drainage,Box Culvert (3-4m span),3300mm x 1200mm Class B1 - 4 Cell,55.89290373,t/m,TfNSW Engineering Carbon and Cost Library (ECCL) L5
Australia,Surface and Underground Drainage,Box Culvert (3-4m span),3300mm x 1200mm Class B1 - 6 Cell,80.76856031,t/m,TfNSW Engineering Carbon and Cost Library (ECCL) L5
Australia,Surface and Underground Drainage,Box Culvert (3-4m span),3300mm x 3000mm Class B1 - 1 Cell,26.68692982,t/m,TfNSW Engineering Carbon and Cost Library (ECCL) L5
Australia,Surface and Underground Drainage,Box Culvert (3-4m span),3300mm x 1500mm Class B1 - 3 Cell,45.46185315,t/m,TfNSW Engineering Carbon and Cost Library (ECCL) L5
Australia,Surface and Underground Drainage,Box Culvert (3-4m span),3300mm x 1800mm Class B1 - 1 Cell,21.12782422,t/m,TfNSW Engineering Carbon and Cost Library (ECCL) L5
Australia,Surface and Underground Drainage,Box Culvert (3-4m span),3300mm x 2400mm Class B1 - 1 Cell,23.90737702,t/m,TfNSW Engineering Carbon and Cost Library (ECCL) L5
Australia,Surface and Underground Drainage,Box Culvert (3-4m span),3300mm x 2400mm Class B1 - 3 Cell,52.17564254,t/m,TfNSW Engineering Carbon and Cost Library (ECCL) L5
Australia,Surface and Underground Drainage,Box Culvert (3-4m span),3300mm x 3300mm Class B1 - 1 Cell,28.17273903,t/m,TfNSW Engineering Carbon and Cost Library (ECCL) L5
Australia,Surface and Underground Drainage,Box Culvert (3-4m span),3348mm x 3004mm Class B1 - 1 Cell,26.78296263,t/m,TfNSW Engineering Carbon and Cost Library (ECCL) L5
Australia,Surface and Underground Drainage,Box Culvert (3-4m span),3353mm x 1500mm Class B1 - 3 Cell,46.12773672,t/m,TfNSW Engineering Carbon and Cost Library (ECCL) L5
Australia,Surface and Underground Drainage,Box Culvert (3-4m span),3540mm x 3520mm Class B1 - 2 Cell,74.12333539,t/m,TfNSW Engineering Carbon and Cost Library (ECCL) L5
Australia,Surface and Underground Drainage,Box Culvert (3-4m span),3600mm x 600mm Class B1 - 3 Cell,44.05456243,t/m,TfNSW Engineering Carbon and Cost Library (ECCL) L5
Australia,Surface and Underground Drainage,Box Culvert (3-4m span),3600mm x 600mm Class B1 - 4 Cell,57.67576464,t/m,TfNSW Engineering Carbon and Cost Library (ECCL) L5
Australia,Surface and Underground Drainage,Box Culvert (3-4m span),3600mm x 900mm Class B1 - 1 Cell,18.80700856,t/m,TfNSW Engineering Carbon and Cost Library (ECCL) L5
Australia,Surface and Underground Drainage,Box Culvert (3-4m span),3600mm x 900mm Class B1 - 15 Cell,212.1973697,t/m,TfNSW Engineering Carbon and Cost Library (ECCL) L5
Australia,Surface and Underground Drainage,Box Culvert (3-4m span),3600mm x 1200mm Class B1 - 1 Cell,20.24390459,t/m,TfNSW Engineering Carbon and Cost Library (ECCL) L5
Australia,Surface and Underground Drainage,Box Culvert (3-4m span),3600mm x 1200mm Class B1 - 2 Cell,34.80728462,t/m,TfNSW Engineering Carbon and Cost Library (ECCL) L5
Australia,Surface and Underground Drainage,Box Culvert (3-4m span),3600mm x 1200mm Class B1 - 3 Cell,48.81313982,t/m,TfNSW Engineering Carbon and Cost Library (ECCL) L5
Australia,Surface and Underground Drainage,Box Culvert (3-4m span),3600mm x 1200mm Class B1 - 6 Cell,91.94596992,t/m,TfNSW Engineering Carbon and Cost Library (ECCL) L5
Australia,Surface and Underground Drainage,Box Culvert (3-4m span),3600mm x 1500mm Class B1 - 1 Cell,21.68080062,t/m,TfNSW Engineering Carbon and Cost Library (ECCL) L5
Australia,Surface and Underground Drainage,Box Culvert (3-4m span),3600mm x 1500mm Class B1 - 2 Cell,36.71537698,t/m,TfNSW Engineering Carbon and Cost Library (ECCL) L5
Australia,Surface and Underground Drainage,Box Culvert (3-4m span),3600mm x 1500mm Class B1 - 3 Cell,51.19242851,t/m,TfNSW Engineering Carbon and Cost Library (ECCL) L5
Australia,Surface and Underground Drainage,Box Culvert (3-4m span),3600mm x 1500mm Class B1 - 9 Cell,139.7287605,t/m,TfNSW Engineering Carbon and Cost Library (ECCL) L5
Australia,Surface and Underground Drainage,Box Culvert (3-4m span),3600mm x 1500mm Class B1 - 15 Cell,228.2646591,t/m,TfNSW Engineering Carbon and Cost Library (ECCL) L5
Australia,Surface and Underground Drainage,Box Culvert (3-4m span),3600mm x 1800mm Class B1 - 2 Cell,38.62346935,t/m,TfNSW Engineering Carbon and Cost Library (ECCL) L5
Australia,Surface and Underground Drainage,Box Culvert (3-4m span),3600mm x 1800mm Class B1 - 6 Cell,99.5317253,t/m,TfNSW Engineering Carbon and Cost Library (ECCL) L5
Australia,Surface and Underground Drainage,Box Culvert (3-4m span),3600mm x 1800mm Class B1 - 9 Cell,144.9352272,t/m,TfNSW Engineering Carbon and Cost Library (ECCL) L5
Australia,Surface and Underground Drainage,Box Culvert (3-4m span),3600mm x 2100mm Class B1 - 1 Cell,24.55459268,t/m,TfNSW Engineering Carbon and Cost Library (ECCL) L5
Australia,Surface and Underground Drainage,Box Culvert (3-4m span),3600mm x 2100mm Class B1 - 2 Cell,40.53156171,t/m,TfNSW Engineering Carbon and Cost Library (ECCL) L5
Australia,Surface and Underground Drainage,Box Culvert (3-4m span),3600mm x 2400mm Class B1 - 1 Cell,25.99148872,t/m,TfNSW Engineering Carbon and Cost Library (ECCL) L5
Australia,Surface and Underground Drainage,Box Culvert (3-4m span),3600mm x 2400mm Class B1 - 7 Cell,123.0089212,t/m,TfNSW Engineering Carbon and Cost Library (ECCL) L5
Australia,Surface and Underground Drainage,Box Culvert (3-4m span),3600mm x 2700mm Class B1 - 1 Cell,27.42838475,t/m,TfNSW Engineering Carbon and Cost Library (ECCL) L5
Australia,Surface and Underground Drainage,Box Culvert (3-4m span),3600mm x 2700mm Class B1 - 4 Cell,77.62915983,t/m,TfNSW Engineering Carbon and Cost Library (ECCL) L5
Australia,Surface and Underground Drainage,Box Culvert (3-4m span),3600mm x 3000mm Class B1 - 1 Cell,28.86528078,t/m,TfNSW Engineering Carbon and Cost Library (ECCL) L5
Australia,Surface and Underground Drainage,Box Culvert (3-4m span),3600mm x 3600mm Class B1 - 1 Cell,31.73907284,t/m,TfNSW Engineering Carbon and Cost Library (ECCL) L5
Australia,Surface and Underground Drainage,Box Culvert (>4m span),4000mm  x 1500mm Class B1 - 1 Cell,22.93849537,t/m,TfNSW Engineering Carbon and Cost Library (ECCL) L5
Australia,Surface and Underground Drainage,Box Culvert (>4m span),4000mm x 4000mm Class B1 - 1 Cell,34.91262897,t/m,TfNSW Engineering Carbon and Cost Library (ECCL) L5
Australia,Surface and Underground Drainage,Box Culvert (>4m span),4200mm x 0900mm Class B1 - 4 Cell,68.07241814,t/m,TfNSW Engineering Carbon and Cost Library (ECCL) L5
Australia,Surface and Underground Drainage,Box Culvert (>4m span),4200mm x 2700mm Class B1 - 1 Cell,29.31471011,t/m,TfNSW Engineering Carbon and Cost Library (ECCL) L5
Australia,Surface and Underground Drainage,Box Culvert (>4m span),4200mm x 2750mm Class B1 - 7 Cell,141.1896858,t/m,TfNSW Engineering Carbon and Cost Library (ECCL) L5
Australia,Surface and Underground Drainage,Box Culvert (>4m span),4200mm x 3600mm Class B1 - 2 Cell,53.84510776,t/m,TfNSW Engineering Carbon and Cost Library (ECCL) L5
Australia,Surface and Underground Drainage,Box Culvert (>4m span),4200mm x 3650mm Class B1 - 7 Cell,153.9819079,t/m,TfNSW Engineering Carbon and Cost Library (ECCL) L5
Australia,Surface and Underground Drainage,Box Culvert (>4m span),4600mm x 4600mm Class B1 - 1 Cell,39.67274639,t/m,TfNSW Engineering Carbon and Cost Library (ECCL) L5
Australia,Surface and Underground Drainage,Box Culvert (>4m span),4800mm  x 3000mm Class B1 - 1 Cell,32.63836502,t/m,TfNSW Engineering Carbon and Cost Library (ECCL) L5
Australia,Surface and Underground Drainage,Pit,SA1 Pit,4.023583587,t/each,TfNSW Engineering Carbon and Cost Library (ECCL) L5
Australia,Surface and Underground Drainage,Pit,SA2 Pit,4.588252678,t/each,TfNSW Engineering Carbon and Cost Library (ECCL) L5
Australia,Surface and Underground Drainage,Pit,SA3 Pit,5.081588102,t/each,TfNSW Engineering Carbon and Cost Library (ECCL) L5
Australia,Surface and Underground Drainage,Pit,SAS Pit,5.081588102,t/each,TfNSW Engineering Carbon and Cost Library (ECCL) L5
Australia,Surface and Underground Drainage,Pit,SE Pit,6.671208421,t/each,TfNSW Engineering Carbon and Cost Library (ECCL) L5
Australia,Surface and Underground Drainage,Pit,SF1 Pit,6.671208421,t/each,TfNSW Engineering Carbon and Cost Library (ECCL) L5
Australia,Surface and Underground Drainage,Pit,SF2 Pit,6.897284771,t/each,TfNSW Engineering Carbon and Cost Library (ECCL) L5
Australia,Surface and Underground Drainage,Pit,SL1 Pit,4.023583587,t/each,TfNSW Engineering Carbon and Cost Library (ECCL) L5
Australia,Surface and Underground Drainage,Pit,SL2 Pit,4.588252678,t/each,TfNSW Engineering Carbon and Cost Library (ECCL) L5
Australia,Surface and Underground Drainage,Pit,SL3 Pit,5.081588102,t/each,TfNSW Engineering Carbon and Cost Library (ECCL) L5
Australia,Surface and Underground Drainage,Pit,SO1 Pit,2.789563139,t/each,TfNSW Engineering Carbon and Cost Library (ECCL) L5
Australia,Surface and Underground Drainage,Pit,SO2 Pit,4.260636957,t/each,TfNSW Engineering Carbon and Cost Library (ECCL) L5
Australia,Surface and Underground Drainage,Pit,FBTO Pit,9.444951595,t/each,TfNSW Engineering Carbon and Cost Library (ECCL) L5
Australia,Surface and Underground Drainage,Pit,FDG Pit,2.886930679,t/each,TfNSW Engineering Carbon and Cost Library (ECCL) L5
Australia,Surface and Underground Drainage,Pit,Gully Pit,5.081588102,t/each,TfNSW Engineering Carbon and Cost Library (ECCL) L5
Australia,Surface and Underground Drainage,Pit,MGDG Pit,3.441655175,t/each,TfNSW Engineering Carbon and Cost Library (ECCL) L5
Australia,Surface and Underground Drainage,Pit,MGSG Pit,2.412854105,t/each,TfNSW Engineering Carbon and Cost Library (ECCL) L5
Australia,Surface and Underground Drainage,Pit,MGTG Pit,4.028595148,t/each,TfNSW Engineering Carbon and Cost Library (ECCL) L5
Australia,Surface and Underground Drainage,Pit,SATO Pit,9.444951595,t/each,TfNSW Engineering Carbon and Cost Library (ECCL) L5
Australia,Surface and Underground Drainage,Pit,SOTO1 BC Pit,9.444951595,t/each,TfNSW Engineering Carbon and Cost Library (ECCL) L5
Australia,Surface and Underground Drainage,Pit,SOTO2 CTF Pit,9.444951595,t/each,TfNSW Engineering Carbon and Cost Library (ECCL) L5
Australia,Surface and Underground Drainage,Pit,SOTO Verge Pit,9.444951595,t/each,TfNSW Engineering Carbon and Cost Library (ECCL) L5
Australia,Surface and Underground Drainage,Pit,TD1 Pit,3.09804197,t/each,TfNSW Engineering Carbon and Cost Library (ECCL) L5
Australia,Surface and Underground Drainage,Pit,Inspection Pit,3.837662151,t/each,TfNSW Engineering Carbon and Cost Library (ECCL) L5
Australia,Surface and Underground Drainage,Drainage box,Junction Box,3.484635875,t/each,TfNSW Engineering Carbon and Cost Library (ECCL) L5
Australia,Surface and Underground Drainage,Drainage box,Inlet Sump,1.996129207,t/each,TfNSW Engineering Carbon and Cost Library (ECCL) L5
Australia,Surface and Underground Drainage,Drainage box,Blind,5.015263587,t/each,TfNSW Engineering Carbon and Cost Library (ECCL) L5
Australia,Surface and Underground Drainage,Drainage box,Raised Inlet (letterbox),2.678510912,t/each,TfNSW Engineering Carbon and Cost Library (ECCL) L5
Australia,Surface and Underground Drainage,Pit,Junction Pit,3.140351995,t/each,TfNSW Engineering Carbon and Cost Library (ECCL) L5
Australia,Surface and Underground Drainage,Pit,Dummy Pit,3.140351995,t/each,TfNSW Engineering Carbon and Cost Library (ECCL) L5
Australia,Surface and Underground Drainage,Pit,SB Pit,6.423205133,t/each,TfNSW Engineering Carbon and Cost Library (ECCL) L5
Australia,Surface and Underground Drainage,Pit,SM1 Pit,6.671208421,t/each,TfNSW Engineering Carbon and Cost Library (ECCL) L5
Australia,Surface and Underground Drainage,Pit,SM2 Pit,6.671208421,t/each,TfNSW Engineering Carbon and Cost Library (ECCL) L5
Australia,Surface and Underground Drainage,Pit,SM3 Pit,6.671208421,t/each,TfNSW Engineering Carbon and Cost Library (ECCL) L5
Australia,Surface and Underground Drainage,Grate,Type F Single Grate,2.831444096,t/each,TfNSW Engineering Carbon and Cost Library (ECCL) L5
Australia,Surface and Underground Drainage,Grate,Type F Double Grate,2.887494096,t/each,TfNSW Engineering Carbon and Cost Library (ECCL) L5
Australia,Surface and Underground Drainage,Pit,SA1 Bowe Pit,4.023583587,t/each,TfNSW Engineering Carbon and Cost Library (ECCL) L5
Australia,Surface and Underground Drainage,Pit,SA2 Bowe Pit,4.588252678,t/each,TfNSW Engineering Carbon and Cost Library (ECCL) L5
Australia,Surface and Underground Drainage,Pit,SA3 Bowe Pit,5.081588102,t/each,TfNSW Engineering Carbon and Cost Library (ECCL) L5
Australia,Surface and Underground Drainage,Pit,SAS Bowe Pit,5.081588102,t/each,TfNSW Engineering Carbon and Cost Library (ECCL) L5
Australia,Surface and Underground Drainage,Pit,FDG Bowe Pit,2.886930679,t/each,TfNSW Engineering Carbon and Cost Library (ECCL) L5
Australia,Surface and Underground Drainage,Pit,FSG Bowe Pit,2.830880679,t/each,TfNSW Engineering Carbon and Cost Library (ECCL) L5
Australia,Surface and Underground Drainage,Pipe Headwall Structures,HW to Suit 1 cell x 100mm,0.125270707,t/each,TfNSW Engineering Carbon and Cost Library (ECCL) L5
Australia,Surface and Underground Drainage,Pipe Headwall Structures,HW to Suit 1 cell x 150mm,0.151356062,t/each,TfNSW Engineering Carbon and Cost Library (ECCL) L5
Australia,Surface and Underground Drainage,Pipe Headwall Structures,HW to Suit 1 cell x 200mm,0.201353201,t/each,TfNSW Engineering Carbon and Cost Library (ECCL) L5
Australia,Surface and Underground Drainage,Pipe Headwall Structures,HW to Suit 1 cell x 225mm,0.225889006,t/each,TfNSW Engineering Carbon and Cost Library (ECCL) L5
Australia,Surface and Underground Drainage,Pipe Headwall Structures,HW to Suit 1 cell x 250mm,0.262123421,t/each,TfNSW Engineering Carbon and Cost Library (ECCL) L5
Australia,Surface and Underground Drainage,Pipe Headwall Structures,HW to Suit 1 cell x 300mm,0.386069869,t/each,TfNSW Engineering Carbon and Cost Library (ECCL) L5
Australia,Surface and Underground Drainage,Pipe Headwall Structures,HW to Suit 1 cell x 375mm,1.359937286,t/each,TfNSW Engineering Carbon and Cost Library (ECCL) L5
Australia,Surface and Underground Drainage,Pipe Headwall Structures,HW to Suit 1 cell x 450mm,1.457211124,t/each,TfNSW Engineering Carbon and Cost Library (ECCL) L5
Australia,Surface and Underground Drainage,Pipe Headwall Structures,HW to Suit 1 cell x 525mm,2.160097971,t/each,TfNSW Engineering Carbon and Cost Library (ECCL) L5
Australia,Surface and Underground Drainage,Pipe Headwall Structures,HW to Suit 1 cell x 600mm,2.413894581,t/each,TfNSW Engineering Carbon and Cost Library (ECCL) L5
Australia,Surface and Underground Drainage,Pipe Headwall Structures,HW to Suit 1 cell x 675mm,2.902504226,t/each,TfNSW Engineering Carbon and Cost Library (ECCL) L5
Australia,Surface and Underground Drainage,Pipe Headwall Structures,HW to Suit 1 cell x 750mm,3.391113871,t/each,TfNSW Engineering Carbon and Cost Library (ECCL) L5
Australia,Surface and Underground Drainage,Pipe Headwall Structures,HW to Suit 1 cell x 825mm,4.100413156,t/each,TfNSW Engineering Carbon and Cost Library (ECCL) L5
Australia,Surface and Underground Drainage,Pipe Headwall Structures,HW to Suit 1 cell x 900mm,4.352756423,t/each,TfNSW Engineering Carbon and Cost Library (ECCL) L5
Australia,Surface and Underground Drainage,Pipe Headwall Structures,HW to Suit 1 cell x 1050mm,9.892646726,t/each,TfNSW Engineering Carbon and Cost Library (ECCL) L5
Australia,Surface and Underground Drainage,Pipe Headwall Structures,HW to Suit 1 cell x 1200mm,11.81816818,t/each,TfNSW Engineering Carbon and Cost Library (ECCL) L5
Australia,Surface and Underground Drainage,Pipe Headwall Structures,HW to Suit 1 cell x 1350mm,13.76216589,t/each,TfNSW Engineering Carbon and Cost Library (ECCL) L5
Australia,Surface and Underground Drainage,Pipe Headwall Structures,HW to Suit 1 cell x 1500mm,17.88575303,t/each,TfNSW Engineering Carbon and Cost Library (ECCL) L5
Australia,Surface and Underground Drainage,Pipe Headwall Structures,HW to Suit 1 cell x 1650mm,20.29989138,t/each,TfNSW Engineering Carbon and Cost Library (ECCL) L5
Australia,Surface and Underground Drainage,Pipe Headwall Structures,HW to Suit 1 cell x 1800mm,22.97640337,t/each,TfNSW Engineering Carbon and Cost Library (ECCL) L5
Australia,Surface and Underground Drainage,Pipe Headwall Structures,HW to Suit 2 cells x 225mm,0.524677801,t/each,TfNSW Engineering Carbon and Cost Library (ECCL) L5
Australia,Surface and Underground Drainage,Pipe Headwall Structures,HW to Suit 2 cells x 250mm,0.575253502,t/each,TfNSW Engineering Carbon and Cost Library (ECCL) L5
Australia,Surface and Underground Drainage,Pipe Headwall Structures,HW to Suit 2 cells x 300mm,0.665103021,t/each,TfNSW Engineering Carbon and Cost Library (ECCL) L5
Australia,Surface and Underground Drainage,Pipe Headwall Structures,HW to Suit 2 cells x 375mm,1.694236908,t/each,TfNSW Engineering Carbon and Cost Library (ECCL) L5
Australia,Surface and Underground Drainage,Pipe Headwall Structures,HW to Suit 2 cells x 450mm,2.400989536,t/each,TfNSW Engineering Carbon and Cost Library (ECCL) L5
Australia,Surface and Underground Drainage,Pipe Headwall Structures,HW to Suit 2 cells x 525mm,2.88959918,t/each,TfNSW Engineering Carbon and Cost Library (ECCL) L5
Australia,Surface and Underground Drainage,Pipe Headwall Structures,HW to Suit 2 cells x 600mm,3.145328681,t/each,TfNSW Engineering Carbon and Cost Library (ECCL) L5
Australia,Surface and Underground Drainage,Pipe Headwall Structures,HW to Suit 2 cells x 675mm,3.853454482,t/each,TfNSW Engineering Carbon and Cost Library (ECCL) L5
Australia,Surface and Underground Drainage,Pipe Headwall Structures,HW to Suit 2 cells x 750mm,4.344823533,t/each,TfNSW Engineering Carbon and Cost Library (ECCL) L5
Australia,Surface and Underground Drainage,Pipe Headwall Structures,HW to Suit 2 cells x 825mm,5.296174806,t/each,TfNSW Engineering Carbon and Cost Library (ECCL) L5
Australia,Surface and Underground Drainage,Pipe Headwall Structures,HW to Suit 2 cells x 900mm,6.007060013,t/each,TfNSW Engineering Carbon and Cost Library (ECCL) L5
Australia,Surface and Underground Drainage,Pipe Headwall Structures,HW to Suit 2 cells x 1050mm,13.96930878,t/each,TfNSW Engineering Carbon and Cost Library (ECCL) L5
Australia,Surface and Underground Drainage,Pipe Headwall Structures,HW to Suit 2 cells x 1200 mm,15.68221912,t/each,TfNSW Engineering Carbon and Cost Library (ECCL) L5
Australia,Surface and Underground Drainage,Pipe Headwall Structures,HW to Suit 2 cells x 1350mm,18.8052474,t/each,TfNSW Engineering Carbon and Cost Library (ECCL) L5
Australia,Surface and Underground Drainage,Pipe Headwall Structures,HW to Suit 2 cells x 1500mm,24.14198459,t/each,TfNSW Engineering Carbon and Cost Library (ECCL) L5
Australia,Surface and Underground Drainage,Pipe Headwall Structures,HW to Suit 2 cells x 1650mm,27.28127312,t/each,TfNSW Engineering Carbon and Cost Library (ECCL) L5
Australia,Surface and Underground Drainage,Pipe Headwall Structures,HW to Suit 2 cells x 1800mm,30.20462997,t/each,TfNSW Engineering Carbon and Cost Library (ECCL) L5
Australia,Surface and Underground Drainage,Pipe Headwall Structures,HW to Suit 3 cells x 225mm,0.659199905,t/each,TfNSW Engineering Carbon and Cost Library (ECCL) L5
Australia,Surface and Underground Drainage,Pipe Headwall Structures,HW to Suit 3 cells x 250mm,0.721795553,t/each,TfNSW Engineering Carbon and Cost Library (ECCL) L5
Australia,Surface and Underground Drainage,Pipe Headwall Structures,HW to Suit 3 cells x 300mm,0.828727089,t/each,TfNSW Engineering Carbon and Cost Library (ECCL) L5
Australia,Surface and Underground Drainage,Pipe Headwall Structures,HW to Suit 3 cells x 375mm,2.397056645,t/each,TfNSW Engineering Carbon and Cost Library (ECCL) L5
Australia,Surface and Underground Drainage,Pipe Headwall Structures,HW to Suit 3 cells x 450mm,2.650239489,t/each,TfNSW Engineering Carbon and Cost Library (ECCL) L5
Australia,Surface and Underground Drainage,Pipe Headwall Structures,HW to Suit 3 cells x 525mm,3.357818632,t/each,TfNSW Engineering Carbon and Cost Library (ECCL) L5
Australia,Surface and Underground Drainage,Pipe Headwall Structures,HW to Suit 3 cells x 600mm,4.09351953,t/each,TfNSW Engineering Carbon and Cost Library (ECCL) L5
Australia,Surface and Underground Drainage,Pipe Headwall Structures,HW to Suit 3 cells x 750mm,5.53727912,t/each,TfNSW Engineering Carbon and Cost Library (ECCL) L5
Australia,Surface and Underground Drainage,Pipe Headwall Structures,HW to Suit 3 cells x 900mm,7.445153511,t/each,TfNSW Engineering Carbon and Cost Library (ECCL) L5
Australia,Surface and Underground Drainage,Pipe Headwall Structures,HW to Suit 3 cells x 1200mm,20.98982172,t/each,TfNSW Engineering Carbon and Cost Library (ECCL) L5
Australia,Surface and Underground Drainage,Pipe Headwall Structures,HW to Suit 3 cells x 1350mm,24.62689356,t/each,TfNSW Engineering Carbon and Cost Library (ECCL) L5
Australia,Surface and Underground Drainage,Pipe Headwall Structures,HW to Suit 3 cells x 1500mm,31.64071486,t/each,TfNSW Engineering Carbon and Cost Library (ECCL) L5
Australia,Surface and Underground Drainage,Pipe Headwall Structures,HW to Suit 3 cells x 1800mm,39.63033793,t/each,TfNSW Engineering Carbon and Cost Library (ECCL) L5
Australia,Surface and Underground Drainage,Pipe Headwall Structures,HW to Suit 4 cells x 600mm,4.802964455,t/each,TfNSW Engineering Carbon and Cost Library (ECCL) L5
Australia,Surface and Underground Drainage,Pipe Headwall Structures,HW to Suit 4 cells x 750mm,6.730281364,t/each,TfNSW Engineering Carbon and Cost Library (ECCL) L5
Australia,Surface and Underground Drainage,Pipe Headwall Structures,HW to Suit 4 cells x 1500mm,38.87077841,t/each,TfNSW Engineering Carbon and Cost Library (ECCL) L5
Australia,Surface and Underground Drainage,Pipe Headwall Structures,HW to Suit 5 cell x 675mm,6.726361534,t/each,TfNSW Engineering Carbon and Cost Library (ECCL) L5
Australia,Surface and Underground Drainage,Pipe Headwall Structures,HW to Suit 5 cells x 1500mm,43.71750597,t/each,TfNSW Engineering Carbon and Cost Library (ECCL) L5
Australia,Surface and Underground Drainage,Pipe Headwall Structures,HW to Suit 7 cells x 600mm,7.190927954,t/each,TfNSW Engineering Carbon and Cost Library (ECCL) L5
Australia,Surface and Underground Drainage,Construct RCBC Headwall Structures,HW to suit 300mm x 225mm Class B1 - 1 Cell,2.460453255,t/each,TfNSW Engineering Carbon and Cost Library (ECCL) L5
Australia,Surface and Underground Drainage,Construct RCBC Headwall Structures,HW to suit 375mm x 225mm Class B1 - 1 Cell,2.589985218,t/each,TfNSW Engineering Carbon and Cost Library (ECCL) L5
Australia,Surface and Underground Drainage,Construct RCBC Headwall Structures,HW to suit 375mm x 300mm Class B1 - 1 Cell,2.600490861,t/each,TfNSW Engineering Carbon and Cost Library (ECCL) L5
Australia,Surface and Underground Drainage,Construct RCBC Headwall Structures,HW to suit 450mm x 150mm Class B1 - 1 Cell,2.758933488,t/each,TfNSW Engineering Carbon and Cost Library (ECCL) L5
Australia,Surface and Underground Drainage,Construct RCBC Headwall Structures,HW to suit 450mm x 160mm Class B1 - 1 Cell,2.759073995,t/each,TfNSW Engineering Carbon and Cost Library (ECCL) L5
Australia,Surface and Underground Drainage,Construct RCBC Headwall Structures,HW to suit 450mm x 300mm Class B1 - 1 Cell,4.703947754,t/each,TfNSW Engineering Carbon and Cost Library (ECCL) L5
Australia,Surface and Underground Drainage,Construct RCBC Headwall Structures,HW to suit 450mm x 325mm Class B1 - 1 Cell,4.962069114,t/each,TfNSW Engineering Carbon and Cost Library (ECCL) L5
Australia,Surface and Underground Drainage,Construct RCBC Headwall Structures,HW to suit 450mm x 450mm Class B1 - 1 Cell,5.71962302,t/each,TfNSW Engineering Carbon and Cost Library (ECCL) L5
Australia,Surface and Underground Drainage,Construct RCBC Headwall Structures,HW to suit 600mm x 225mm Class B1 - 1 Cell,4.452412399,t/each,TfNSW Engineering Carbon and Cost Library (ECCL) L5
Australia,Surface and Underground Drainage,Construct RCBC Headwall Structures,HW to suit 600mm x 300mm Class B1 - 1 Cell,4.960669821,t/each,TfNSW Engineering Carbon and Cost Library (ECCL) L5
Australia,Surface and Underground Drainage,Construct RCBC Headwall Structures,HW to suit 600mm x 380mm Class B1 - 1 Cell,5.460941942,t/each,TfNSW Engineering Carbon and Cost Library (ECCL) L5
Australia,Surface and Underground Drainage,Construct RCBC Headwall Structures,HW to suit 600mm x 450mm Class B1 - 1 Cell,5.720182738,t/each,TfNSW Engineering Carbon and Cost Library (ECCL) L5
Australia,Surface and Underground Drainage,Construct RCBC Headwall Structures,HW to suit 600mm x 600mm Class B1 - 1 Cell,6.728712281,t/each,TfNSW Engineering Carbon and Cost Library (ECCL) L5
Australia,Surface and Underground Drainage,Construct RCBC Headwall Structures,HW to suit 750mm x 375mm Class B1 - 1 Cell,5.461221801,t/each,TfNSW Engineering Carbon and Cost Library (ECCL) L5
Australia,Surface and Underground Drainage,Construct RCBC Headwall Structures,HW to suit 750mm x 450mm Class B1 - 1 Cell,5.968639647,t/each,TfNSW Engineering Carbon and Cost Library (ECCL) L5
Australia,Surface and Underground Drainage,Construct RCBC Headwall Structures,HW to suit 750mm x 600mm Class B1 - 1 Cell,6.985434348,t/each,TfNSW Engineering Carbon and Cost Library (ECCL) L5
Australia,Surface and Underground Drainage,Construct RCBC Headwall Structures,HW to suit 750mm x 600mm Class B1 - 2 Cell,8.237663202,t/each,TfNSW Engineering Carbon and Cost Library (ECCL) L5
Australia,Surface and Underground Drainage,Construct RCBC Headwall Structures,HW to suit 900mm x 300mm Class B1 - 1 Cell,5.209686447,t/each,TfNSW Engineering Carbon and Cost Library (ECCL) L5
Australia,Surface and Underground Drainage,Construct RCBC Headwall Structures,HW to suit 900mm x 300mm Class B1 - 2 Cell,6.46219516,t/each,TfNSW Engineering Carbon and Cost Library (ECCL) L5
Australia,Surface and Underground Drainage,Construct RCBC Headwall Structures,HW to suit 900mm x 375mm Class B1 - 1 Cell,5.718223727,t/each,TfNSW Engineering Carbon and Cost Library (ECCL) L5
Australia,Surface and Underground Drainage,Construct RCBC Headwall Structures,HW to suit 900mm x 450mm Class B1 - 1 Cell,6.217376414,t/each,TfNSW Engineering Carbon and Cost Library (ECCL) L5
Australia,Surface and Underground Drainage,Construct RCBC Headwall Structures,HW to suit 900mm x 450mm Class B1 - 2 Cell,7.478150285,t/each,TfNSW Engineering Carbon and Cost Library (ECCL) L5
Australia,Surface and Underground Drainage,Construct RCBC Headwall Structures,HW to suit 900mm x 600mm Class B1 - 1 Cell,7.234171116,t/each,TfNSW Engineering Carbon and Cost Library (ECCL) L5
Australia,Surface and Underground Drainage,Construct RCBC Headwall Structures,HW to suit 900mm x 600mm Class B1 - 2 Cell,8.734856878,t/each,TfNSW Engineering Carbon and Cost Library (ECCL) L5
Australia,Surface and Underground Drainage,Construct RCBC Headwall Structures,HW to suit 900mm x 600mm Class B1 - 5 Cell,13.00526743,t/each,TfNSW Engineering Carbon and Cost Library (ECCL) L5
Australia,Surface and Underground Drainage,Construct RCBC Headwall Structures,HW to suit 1050mm x 225mm Class B1 - 2 Cell,6.211219522,t/each,TfNSW Engineering Carbon and Cost Library (ECCL) L5
Australia,Surface and Underground Drainage,Construct RCBC Headwall Structures,HW to suit 1050mm x 300mm Class B1 - 1 Cell,5.458423214,t/each,TfNSW Engineering Carbon and Cost Library (ECCL) L5
Australia,Surface and Underground Drainage,Construct RCBC Headwall Structures,HW to suit 1200mm x 225mm Class B1 - 1 Cell,4.95871081,t/each,TfNSW Engineering Carbon and Cost Library (ECCL) L5
Australia,Surface and Underground Drainage,Construct RCBC Headwall Structures,HW to suit 1200mm x 300mm Class B1 - 1 Cell,5.458703073,t/each,TfNSW Engineering Carbon and Cost Library (ECCL) L5
Australia,Surface and Underground Drainage,Construct RCBC Headwall Structures,HW to suit 1200mm x 300mm Class B1 - 2 Cell,6.96849357,t/each,TfNSW Engineering Carbon and Cost Library (ECCL) L5
Australia,Surface and Underground Drainage,Construct RCBC Headwall Structures,HW to suit 1200mm x 450mm Class B1 - 1 Cell,6.46639304,t/each,TfNSW Engineering Carbon and Cost Library (ECCL) L5
Australia,Surface and Underground Drainage,Construct RCBC Headwall Structures,HW to suit 1200mm x 450mm Class B1 - 2 Cell,7.976183537,t/each,TfNSW Engineering Carbon and Cost Library (ECCL) L5
Australia,Surface and Underground Drainage,Construct RCBC Headwall Structures,HW to suit 1200mm x 450mm Class B1 - 3 Cell,9.734151085,t/each,TfNSW Engineering Carbon and Cost Library (ECCL) L5
Australia,Surface and Underground Drainage,Construct RCBC Headwall Structures,HW to suit 1200mm x 450mm Class B1 - 4 Cell,11.24394158,t/each,TfNSW Engineering Carbon and Cost Library (ECCL) L5
Australia,Surface and Underground Drainage,Construct RCBC Headwall Structures,HW to suit 1200mm x 450mm Class B1 - 6 Cell,14.50343447,t/each,TfNSW Engineering Carbon and Cost Library (ECCL) L5
Australia,Surface and Underground Drainage,Construct RCBC Headwall Structures,HW to suit 1200mm x 600mm Class B1 - 1 Cell,7.483187742,t/each,TfNSW Engineering Carbon and Cost Library (ECCL) L5
Australia,Surface and Underground Drainage,Construct RCBC Headwall Structures,HW to suit 1200mm x 600mm Class B1 - 2 Cell,9.241155289,t/each,TfNSW Engineering Carbon and Cost Library (ECCL) L5
Australia,Surface and Underground Drainage,Construct RCBC Headwall Structures,HW to suit 1200mm x 600mm Class B1 - 3 Cell,11.24729989,t/each,TfNSW Engineering Carbon and Cost Library (ECCL) L5
Australia,Surface and Underground Drainage,Construct RCBC Headwall Structures,HW to suit 1200mm x 675mm Class B1 - 6 Cell,17.51754889,t/each,TfNSW Engineering Carbon and Cost Library (ECCL) L5
Australia,Surface and Underground Drainage,Construct RCBC Headwall Structures,HW to suit 1200mm x 750mm Class B1 - 1 Cell,8.747040059,t/each,TfNSW Engineering Carbon and Cost Library (ECCL) L5
Australia,Surface and Underground Drainage,Construct RCBC Headwall Structures,HW to suit 1200mm x 900mm Class B1 - 1 Cell,11.25289706,t/each,TfNSW Engineering Carbon and Cost Library (ECCL) L5
Australia,Surface and Underground Drainage,Construct RCBC Headwall Structures,HW to suit 1200mm x 900mm Class B1 - 2 Cell,13.75539576,t/each,TfNSW Engineering Carbon and Cost Library (ECCL) L5
Australia,Surface and Underground Drainage,Construct RCBC Headwall Structures,HW to suit 1200mm x 900mm Class B1 - 4 Cell,18.75212799,t/each,TfNSW Engineering Carbon and Cost Library (ECCL) L5
Australia,Surface and Underground Drainage,Construct RCBC Headwall Structures,HW to suit 1200mm x 900mm Class B1 - 6 Cell,25.92469289,t/each,TfNSW Engineering Carbon and Cost Library (ECCL) L5
Australia,Surface and Underground Drainage,Construct RCBC Headwall Structures,HW to suit 1200mm x 1200mm Class B1 - 1 Cell,14.82117449,t/each,TfNSW Engineering Carbon and Cost Library (ECCL) L5
Australia,Surface and Underground Drainage,Construct RCBC Headwall Structures,HW to suit 1200mm x 1200mm Class B1 - 2 Cell,17.57320508,t/each,TfNSW Engineering Carbon and Cost Library (ECCL) L5
Australia,Surface and Underground Drainage,Construct RCBC Headwall Structures,HW to suit 1500mm x 300mm Class B1 - 1 Cell,5.715984857,t/each,TfNSW Engineering Carbon and Cost Library (ECCL) L5
Australia,Surface and Underground Drainage,Construct RCBC Headwall Structures,HW to suit 1500mm x 300mm Class B1 - 2 Cell,7.474791981,t/each,TfNSW Engineering Carbon and Cost Library (ECCL) L5
Australia,Surface and Underground Drainage,Construct RCBC Headwall Structures,HW to suit 1500mm x 375mm Class B1 - 1 Cell,6.216256979,t/each,TfNSW Engineering Carbon and Cost Library (ECCL) L5
Australia,Surface and Underground Drainage,Construct RCBC Headwall Structures,HW to suit 1500mm x 450mm Class B1 - 1 Cell,6.723674825,t/each,TfNSW Engineering Carbon and Cost Library (ECCL) L5
Australia,Surface and Underground Drainage,Construct RCBC Headwall Structures,HW to suit 1500mm x 450mm Class B1 - 2 Cell,8.730658998,t/each,TfNSW Engineering Carbon and Cost Library (ECCL) L5
Australia,Surface and Underground Drainage,Construct RCBC Headwall Structures,HW to suit 1500mm x 600mm Class B1 - 1 Cell,7.988646576,t/each,TfNSW Engineering Carbon and Cost Library (ECCL) L5
Australia,Surface and Underground Drainage,Construct RCBC Headwall Structures,HW to suit 1500mm x 600mm Class B1 - 2 Cell,9.99563075,t/each,TfNSW Engineering Carbon and Cost Library (ECCL) L5
Australia,Surface and Underground Drainage,Construct RCBC Headwall Structures,HW to suit 1500mm x 600mm Class B1 - 5 Cell,16.51293737,t/each,TfNSW Engineering Carbon and Cost Library (ECCL) L5
Australia,Surface and Underground Drainage,Construct RCBC Headwall Structures,HW to suit 1500mm x 750mm Class B1 - 2 Cell,11.49939496,t/each,TfNSW Engineering Carbon and Cost Library (ECCL) L5
Australia,Surface and Underground Drainage,Construct RCBC Headwall Structures,HW to suit 1500mm x 900mm Class B1 - 1 Cell,11.75009074,t/each,TfNSW Engineering Carbon and Cost Library (ECCL) L5
Australia,Surface and Underground Drainage,Construct RCBC Headwall Structures,HW to suit 1500mm x 900mm Class B1 - 2 Cell,14.74978311,t/each,TfNSW Engineering Carbon and Cost Library (ECCL) L5
Australia,Surface and Underground Drainage,Construct RCBC Headwall Structures,HW to suit 1500mm x 900mm Class B1 - 6 Cell,28.67620821,t/each,TfNSW Engineering Carbon and Cost Library (ECCL) L5
Australia,Surface and Underground Drainage,Construct RCBC Headwall Structures,HW to suit 1500mm x 1200mm Class B1 - 1 Cell,15.32317816,t/each,TfNSW Engineering Carbon and Cost Library (ECCL) L5
Australia,Surface and Underground Drainage,Construct RCBC Headwall Structures,HW to suit 1500mm x 1200mm Class B1 - 2 Cell,20.99160214,t/each,TfNSW Engineering Carbon and Cost Library (ECCL) L5
Australia,Surface and Underground Drainage,Construct RCBC Headwall Structures,HW to suit 1500mm x 1200mm Class B1 - 3 Cell,24.49726861,t/each,TfNSW Engineering Carbon and Cost Library (ECCL) L5
Australia,Surface and Underground Drainage,Construct RCBC Headwall Structures,HW to suit 1500mm x 1500mm Class B1 - 4 Cell,40.66261243,t/each,TfNSW Engineering Carbon and Cost Library (ECCL) L5
Australia,Surface and Underground Drainage,Construct RCBC Headwall Structures,HW to suit 1800mm x 300mm Class B1 - 1 Cell,6.213178533,t/each,TfNSW Engineering Carbon and Cost Library (ECCL) L5
Australia,Surface and Underground Drainage,Construct RCBC Headwall Structures,HW to suit 1800mm x 450mm Class B1 - 1 Cell,6.972691451,t/each,TfNSW Engineering Carbon and Cost Library (ECCL) L5
Australia,Surface and Underground Drainage,Construct RCBC Headwall Structures,HW to suit 1800mm x 450mm Class B1 - 8 Cell,25.21350223,t/each,TfNSW Engineering Carbon and Cost Library (ECCL) L5
Australia,Surface and Underground Drainage,Construct RCBC Headwall Structures,HW to suit 1800mm x 450mm Class B1 - 12 Cell,34.50221279,t/each,TfNSW Engineering Carbon and Cost Library (ECCL) L5
Australia,Surface and Underground Drainage,Construct RCBC Headwall Structures,HW to suit 1800mm x 600mm Class B1 - 1 Cell,8.237663202,t/each,TfNSW Engineering Carbon and Cost Library (ECCL) L5
Australia,Surface and Underground Drainage,Construct RCBC Headwall Structures,HW to suit 1800mm x 600mm Class B1 - 5 Cell,18.27090492,t/each,TfNSW Engineering Carbon and Cost Library (ECCL) L5
Australia,Surface and Underground Drainage,Construct RCBC Headwall Structures,HW to suit 1800mm x 600mm Class B1 - 8 Cell,28.21571333,t/each,TfNSW Engineering Carbon and Cost Library (ECCL) L5
Australia,Surface and Underground Drainage,Construct RCBC Headwall Structures,HW to suit 1800mm x 750mm Class B1 - 1 Cell,9.493250361,t/each,TfNSW Engineering Carbon and Cost Library (ECCL) L5
Australia,Surface and Underground Drainage,Construct RCBC Headwall Structures,HW to suit 1800mm x 750mm Class B1 - 2 Cell,12.25387042,t/each,TfNSW Engineering Carbon and Cost Library (ECCL) L5
Australia,Surface and Underground Drainage,Construct RCBC Headwall Structures,HW to suit 1800mm x 750mm Class B1 - 3 Cell,15.01449048,t/each,TfNSW Engineering Carbon and Cost Library (ECCL) L5
Australia,Surface and Underground Drainage,Construct RCBC Headwall Structures,HW to suit 1800mm x 900mm Class B1 - 1 Cell,12.25554957,t/each,TfNSW Engineering Carbon and Cost Library (ECCL) L5
Australia,Surface and Underground Drainage,Construct RCBC Headwall Structures,HW to suit 1800mm x 900mm Class B1 - 2 Cell,15.75243562,t/each,TfNSW Engineering Carbon and Cost Library (ECCL) L5
Australia,Surface and Underground Drainage,Construct RCBC Headwall Structures,HW to suit 1800mm x 900mm Class B1 - 3 Cell,21.42515433,t/each,TfNSW Engineering Carbon and Cost Library (ECCL) L5
Australia,Surface and Underground Drainage,Construct RCBC Headwall Structures,HW to suit 1800mm x 900mm Class B1 - 4 Cell,24.92204038,t/each,TfNSW Engineering Carbon and Cost Library (ECCL) L5
Australia,Surface and Underground Drainage,Construct RCBC Headwall Structures,HW to suit 1800mm x 900mm Class B1 - 12 Cell,56.76897031,t/each,TfNSW Engineering Carbon and Cost Library (ECCL) L5
Australia,Surface and Underground Drainage,Construct RCBC Headwall Structures,HW to suit 1800mm x 1200mm Class B1 - 1 Cell,15.82037184,t/each,TfNSW Engineering Carbon and Cost Library (ECCL) L5
Australia,Surface and Underground Drainage,Construct RCBC Headwall Structures,HW to suit 1800mm x 1200mm Class B1 - 2 Cell,22.2472417,t/each,TfNSW Engineering Carbon and Cost Library (ECCL) L5
Australia,Surface and Underground Drainage,Construct RCBC Headwall Structures,HW to suit 1800mm x 1200mm Class B1 - 4 Cell,30.26122715,t/each,TfNSW Engineering Carbon and Cost Library (ECCL) L5
Australia,Surface and Underground Drainage,Construct RCBC Headwall Structures,HW to suit 1800mm x 1500mm Class B1 - 1 Cell,25.00557048,t/each,TfNSW Engineering Carbon and Cost Library (ECCL) L5
Australia,Surface and Underground Drainage,Construct RCBC Headwall Structures,HW to suit 1800mm x 1500mm Class B1 - 2 Cell,30.49749293,t/each,TfNSW Engineering Carbon and Cost Library (ECCL) L5
Australia,Surface and Underground Drainage,Construct RCBC Headwall Structures,HW to suit 1800mm x 1500mm Class B1 - 5 Cell,49.41034515,t/each,TfNSW Engineering Carbon and Cost Library (ECCL) L5
Australia,Surface and Underground Drainage,Construct RCBC Headwall Structures,HW to suit 1800mm x 1800mm Class B1 - 1 Cell,25.76663195,t/each,TfNSW Engineering Carbon and Cost Library (ECCL) L5
Australia,Surface and Underground Drainage,Construct RCBC Headwall Structures,HW to suit 1800mm x 1800mm Class B1 - 3 Cell,36.75874201,t/each,TfNSW Engineering Carbon and Cost Library (ECCL) L5
Australia,Surface and Underground Drainage,Construct RCBC Headwall Structures,HW to suit 1840mm x 625mm Class B1 - 1 Cell,8.48639997,t/each,TfNSW Engineering Carbon and Cost Library (ECCL) L5
Australia,Surface and Underground Drainage,Construct RCBC Headwall Structures,HW to suit 2100mm x 450mm Class B1 - 1 Cell,7.478150285,t/each,TfNSW Engineering Carbon and Cost Library (ECCL) L5
Australia,Surface and Underground Drainage,Construct RCBC Headwall Structures,HW to suit 2100mm x 450mm Class B1 - 2 Cell,9.983167711,t/each,TfNSW Engineering Carbon and Cost Library (ECCL) L5
Australia,Surface and Underground Drainage,Construct RCBC Headwall Structures,HW to suit 2100mm x 600mm Class B1 - 1 Cell,8.734856878,t/each,TfNSW Engineering Carbon and Cost Library (ECCL) L5
Australia,Surface and Underground Drainage,Construct RCBC Headwall Structures,HW to suit 2100mm x 600mm Class B1 - 2 Cell,11.49631651,t/each,TfNSW Engineering Carbon and Cost Library (ECCL) L5
Australia,Surface and Underground Drainage,Construct RCBC Headwall Structures,HW to suit 2100mm x 750mm Class B1 - 1 Cell,9.750532145,t/each,TfNSW Engineering Carbon and Cost Library (ECCL) L5
Australia,Surface and Underground Drainage,Construct RCBC Headwall Structures,HW to suit 2100mm x 900mm Class B1 - 1 Cell,12.75274325,t/each,TfNSW Engineering Carbon and Cost Library (ECCL) L5
Australia,Surface and Underground Drainage,Construct RCBC Headwall Structures,HW to suit 2100mm x 900mm Class B1 - 2 Cell,16.75508813,t/each,TfNSW Engineering Carbon and Cost Library (ECCL) L5
Australia,Surface and Underground Drainage,Construct RCBC Headwall Structures,HW to suit 2100mm x 900mm Class B1 - 3 Cell,22.92500051,t/each,TfNSW Engineering Carbon and Cost Library (ECCL) L5
Australia,Surface and Underground Drainage,Construct RCBC Headwall Structures,HW to suit 2100mm x 1200mm Class B1 - 1 Cell,16.57400772,t/each,TfNSW Engineering Carbon and Cost Library (ECCL) L5
Australia,Surface and Underground Drainage,Construct RCBC Headwall Structures,HW to suit 2100mm x 1200mm Class B1 - 10 Cell,67.31918572,t/each,TfNSW Engineering Carbon and Cost Library (ECCL) L5
Australia,Surface and Underground Drainage,Construct RCBC Headwall Structures,HW to suit 2100mm x 1200mm Class B1 - 24 Cell,143.7627792,t/each,TfNSW Engineering Carbon and Cost Library (ECCL) L5
Australia,Surface and Underground Drainage,Construct RCBC Headwall Structures,HW to suit 2100mm x 1200mm Class B1 - 57 Cell,322.3710767,t/each,TfNSW Engineering Carbon and Cost Library (ECCL) L5
Australia,Surface and Underground Drainage,Construct RCBC Headwall Structures,HW to suit 2100mm x 1500mm Class B1 - 1 Cell,26.00392826,t/each,TfNSW Engineering Carbon and Cost Library (ECCL) L5
Australia,Surface and Underground Drainage,Construct RCBC Headwall Structures,HW to suit 2100mm x 1800mm Class B1 - 1 Cell,26.51681268,t/each,TfNSW Engineering Carbon and Cost Library (ECCL) L5
Australia,Surface and Underground Drainage,Construct RCBC Headwall Structures,HW to suit 2100mm x 2100mm Class B1 - 1 Cell,27.27787414,t/each,TfNSW Engineering Carbon and Cost Library (ECCL) L5
Australia,Surface and Underground Drainage,Construct RCBC Headwall Structures,HW to suit 2400mm x 450mm Class B1 - 1 Cell,7.727166911,t/each,TfNSW Engineering Carbon and Cost Library (ECCL) L5
Australia,Surface and Underground Drainage,Construct RCBC Headwall Structures,HW to suit 2400mm x 450mm Class B1 - 2 Cell,10.73764317,t/each,TfNSW Engineering Carbon and Cost Library (ECCL) L5
Australia,Surface and Underground Drainage,Construct RCBC Headwall Structures,HW to suit 2400mm x 600mm Class B1 - 1 Cell,8.992138663,t/each,TfNSW Engineering Carbon and Cost Library (ECCL) L5
Australia,Surface and Underground Drainage,Construct RCBC Headwall Structures,HW to suit 2400mm x 600mm Class B1 - 2 Cell,12.25079197,t/each,TfNSW Engineering Carbon and Cost Library (ECCL) L5
Australia,Surface and Underground Drainage,Construct RCBC Headwall Structures,HW to suit 2400mm x 750mm Class B1 - 6 Cell,30.20588733,t/each,TfNSW Engineering Carbon and Cost Library (ECCL) L5
Australia,Surface and Underground Drainage,Construct RCBC Headwall Structures,HW to suit 2400mm x 900mm Class B1 - 1 Cell,13.24993692,t/each,TfNSW Engineering Carbon and Cost Library (ECCL) L5
Australia,Surface and Underground Drainage,Construct RCBC Headwall Structures,HW to suit 2400mm x 900mm Class B1 - 2 Cell,17.75774064,t/each,TfNSW Engineering Carbon and Cost Library (ECCL) L5
Australia,Surface and Underground Drainage,Construct RCBC Headwall Structures,HW to suit 2400mm x 900mm Class B1 - 3 Cell,24.4248467,t/each,TfNSW Engineering Carbon and Cost Library (ECCL) L5
Australia,Surface and Underground Drainage,Construct RCBC Headwall Structures,HW to suit 2400mm x 900mm Class B1 - 5 Cell,33.17574677,t/each,TfNSW Engineering Carbon and Cost Library (ECCL) L5
Australia,Surface and Underground Drainage,Construct RCBC Headwall Structures,HW to suit 2400mm x 1200mm Class B1 - 1 Cell,17.0712014,t/each,TfNSW Engineering Carbon and Cost Library (ECCL) L5
Australia,Surface and Underground Drainage,Construct RCBC Headwall Structures,HW to suit 2400mm x 1200mm Class B1 - 2 Cell,24.49726861,t/each,TfNSW Engineering Carbon and Cost Library (ECCL) L5
Australia,Surface and Underground Drainage,Construct RCBC Headwall Structures,HW to suit 2400mm x 1200mm Class B1 - 3 Cell,29.75576832,t/each,TfNSW Engineering Carbon and Cost Library (ECCL) L5
Australia,Surface and Underground Drainage,Construct RCBC Headwall Structures,HW to suit 2400mm x 1200mm Class B1 - 7 Cell,55.12835732,t/each,TfNSW Engineering Carbon and Cost Library (ECCL) L5
Australia,Surface and Underground Drainage,Construct RCBC Headwall Structures,HW to suit 2400mm x 1500mm Class B1 - 1 Cell,26.74929899,t/each,TfNSW Engineering Carbon and Cost Library (ECCL) L5
Australia,Surface and Underground Drainage,Construct RCBC Headwall Structures,HW to suit 2400mm x 1500mm Class B1 - 2 Cell,33.7533032,t/each,TfNSW Engineering Carbon and Cost Library (ECCL) L5
Australia,Surface and Underground Drainage,Construct RCBC Headwall Structures,HW to suit 2400mm x 1500mm Class B1 - 3 Cell,42.91179976,t/each,TfNSW Engineering Carbon and Cost Library (ECCL) L5
Australia,Surface and Underground Drainage,Construct RCBC Headwall Structures,HW to suit 2400mm x 1500mm Class B1 - 5 Cell,59.31902243,t/each,TfNSW Engineering Carbon and Cost Library (ECCL) L5
Australia,Surface and Underground Drainage,Construct RCBC Headwall Structures,HW to suit 2400mm x 1500mm Class B1 - 8 Cell,82.72543932,t/each,TfNSW Engineering Carbon and Cost Library (ECCL) L5
Australia,Surface and Underground Drainage,Construct RCBC Headwall Structures,HW to suit 2400mm x 1800mm Class B1 - 1 Cell,27.27044856,t/each,TfNSW Engineering Carbon and Cost Library (ECCL) L5
Australia,Surface and Underground Drainage,Construct RCBC Headwall Structures,HW to suit 2400mm  x 2100mm Class B1 - 1 Cell,28.03151003,t/each,TfNSW Engineering Carbon and Cost Library (ECCL) L5
Australia,Surface and Underground Drainage,Construct RCBC Headwall Structures,HW to suit 2400mm x 2400mm Class B1 - 1 Cell,32.26705019,t/each,TfNSW Engineering Carbon and Cost Library (ECCL) L5
Australia,Surface and Underground Drainage,Construct RCBC Headwall Structures,HW to suit 2400mm x 2400mm Class B1 - 2 Cell,40.5036745,t/each,TfNSW Engineering Carbon and Cost Library (ECCL) L5
Australia,Surface and Underground Drainage,Construct RCBC Headwall Structures,HW to suit 2400mm x 2400mm Class B1 - 3 Cell,50.65487926,t/each,TfNSW Engineering Carbon and Cost Library (ECCL) L5
Australia,Surface and Underground Drainage,Construct RCBC Headwall Structures,HW to suit 2400mm x 2400mm Class B1 - 6 Cell,77.03942075,t/each,TfNSW Engineering Carbon and Cost Library (ECCL) L5
Australia,Surface and Underground Drainage,Construct RCBC Headwall Structures,HW to suit 2450mm x 1200mm Class B1 - 1 Cell,17.07629126,t/each,TfNSW Engineering Carbon and Cost Library (ECCL) L5
Australia,Surface and Underground Drainage,Construct RCBC Headwall Structures,HW to suit 2700mm x 600mm Class B1 - 1 Cell,9.241155289,t/each,TfNSW Engineering Carbon and Cost Library (ECCL) L5
Australia,Surface and Underground Drainage,Construct RCBC Headwall Structures,HW to suit 2700mm x 600mm Class B1 - 2 Cell,13.00526743,t/each,TfNSW Engineering Carbon and Cost Library (ECCL) L5
Australia,Surface and Underground Drainage,Construct RCBC Headwall Structures,HW to suit 2700mm x 600mm Class B1 - 4 Cell,22.44461701,t/each,TfNSW Engineering Carbon and Cost Library (ECCL) L5
Australia,Surface and Underground Drainage,Construct RCBC Headwall Structures,HW to suit 2700mm x 750mm Class B1 - 2 Cell,14.50903164,t/each,TfNSW Engineering Carbon and Cost Library (ECCL) L5
Australia,Surface and Underground Drainage,Construct RCBC Headwall Structures,HW to suit 2700mm x 900mm Class B1 - 1 Cell,13.75539576,t/each,TfNSW Engineering Carbon and Cost Library (ECCL) L5
Australia,Surface and Underground Drainage,Construct RCBC Headwall Structures,HW to suit 2700mm x 900mm Class B1 - 2 Cell,18.75212799,t/each,TfNSW Engineering Carbon and Cost Library (ECCL) L5
Australia,Surface and Underground Drainage,Construct RCBC Headwall Structures,HW to suit 2700mm x 900mm Class B1 - 4 Cell,30.68151323,t/each,TfNSW Engineering Carbon and Cost Library (ECCL) L5
Australia,Surface and Underground Drainage,Construct RCBC Headwall Structures,HW to suit 2700mm x 900mm Class B1 - 8 Cell,55.02010749,t/each,TfNSW Engineering Carbon and Cost Library (ECCL) L5
Australia,Surface and Underground Drainage,Construct RCBC Headwall Structures,HW to suit 2700mm x 1200mm Class B1 - 1 Cell,17.57320508,t/each,TfNSW Engineering Carbon and Cost Library (ECCL) L5
Australia,Surface and Underground Drainage,Construct RCBC Headwall Structures,HW to suit 2700mm x 1200mm Class B1 - 2 Cell,25.75290817,t/each,TfNSW Engineering Carbon and Cost Library (ECCL) L5
Australia,Surface and Underground Drainage,Construct RCBC Headwall Structures,HW to suit 2700mm x 1200mm Class B1 - 4 Cell,39.4401276,t/each,TfNSW Engineering Carbon and Cost Library (ECCL) L5
Australia,Surface and Underground Drainage,Construct RCBC Headwall Structures,HW to suit 2700mm x 1500mm Class B1 - 1 Cell,27.50293487,t/each,TfNSW Engineering Carbon and Cost Library (ECCL) L5
Australia,Surface and Underground Drainage,Construct RCBC Headwall Structures,HW to suit 2700mm x 1500mm Class B1 - 2 Cell,35.24404466,t/each,TfNSW Engineering Carbon and Cost Library (ECCL) L5
Australia,Surface and Underground Drainage,Construct RCBC Headwall Structures,HW to suit 2700mm  x 1500mm Class B1 - 5 Cell,63.31539343,t/each,TfNSW Engineering Carbon and Cost Library (ECCL) L5
Australia,Surface and Underground Drainage,Construct RCBC Headwall Structures,HW to suit 2700mm x 1800mm Class B1 - 1 Cell,28.26399634,t/each,TfNSW Engineering Carbon and Cost Library (ECCL) L5
Australia,Surface and Underground Drainage,Construct RCBC Headwall Structures,HW to suit 2700mm x 2100mm Class B1 - 1 Cell,28.77688075,t/each,TfNSW Engineering Carbon and Cost Library (ECCL) L5
Australia,Surface and Underground Drainage,Construct RCBC Headwall Structures,HW to suit 2700mm x 2100mm Class B1 - 2 Cell,36.77443275,t/each,TfNSW Engineering Carbon and Cost Library (ECCL) L5
Australia,Surface and Underground Drainage,Construct RCBC Headwall Structures,HW to suit 2700mm x 2400mm Class B1 - 1 Cell,33.26059797,t/each,TfNSW Engineering Carbon and Cost Library (ECCL) L5
Australia,Surface and Underground Drainage,Construct RCBC Headwall Structures,HW to suit 2700mm x 2400mm Class B1 - 2 Cell,42.25085816,t/each,TfNSW Engineering Carbon and Cost Library (ECCL) L5
Australia,Surface and Underground Drainage,Construct RCBC Headwall Structures,HW to suit 2700mm x 2400mm Class B1 - 3 Cell,53.4004207,t/each,TfNSW Engineering Carbon and Cost Library (ECCL) L5
Australia,Surface and Underground Drainage,Construct RCBC Headwall Structures,HW to suit 2700mm x 2400mm Class B1 - 4 Cell,62.3906809,t/each,TfNSW Engineering Carbon and Cost Library (ECCL) L5
Australia,Surface and Underground Drainage,Construct RCBC Headwall Structures,HW to suit 2700mm x 2400mm Class B1 - 5 Cell,73.54850859,t/each,TfNSW Engineering Carbon and Cost Library (ECCL) L5
Australia,Surface and Underground Drainage,Construct RCBC Headwall Structures,HW to suit 2700mm x 2700mm Class B1 - 2 Cell,43.01191963,t/each,TfNSW Engineering Carbon and Cost Library (ECCL) L5
Australia,Surface and Underground Drainage,Construct RCBC Headwall Structures,HW to suit 2700mm x 2700mm Class B1 - 3 Cell,54.16148217,t/each,TfNSW Engineering Carbon and Cost Library (ECCL) L5
Australia,Surface and Underground Drainage,Construct RCBC Headwall Structures,HW to suit 2800mm x 900mm Class B1 - 1 Cell,14.00385267,t/each,TfNSW Engineering Carbon and Cost Library (ECCL) L5
Australia,Surface and Underground Drainage,Construct RCBC Headwall Structures,HW to suit 3000mm x 0450mm Class B1 - 1 Cell,8.481642372,t/each,TfNSW Engineering Carbon and Cost Library (ECCL) L5
Australia,Surface and Underground Drainage,Construct RCBC Headwall Structures,HW to suit 3000mm x 0600mm Class B1 - 1 Cell,9.738348965,t/each,TfNSW Engineering Carbon and Cost Library (ECCL) L5
Australia,Surface and Underground Drainage,Construct RCBC Headwall Structures,HW to suit 3000mm x 0600mm Class B1 - 4 Cell,23.69712573,t/each,TfNSW Engineering Carbon and Cost Library (ECCL) L5
Australia,Surface and Underground Drainage,Construct RCBC Headwall Structures,HW to suit 3000mm x 0750mm Class B1 - 1 Cell,11.00220128,t/each,TfNSW Engineering Carbon and Cost Library (ECCL) L5
Australia,Surface and Underground Drainage,Construct RCBC Headwall Structures,HW to suit 3000mm x 0900mm Class B1 - 1 Cell,14.25258943,t/each,TfNSW Engineering Carbon and Cost Library (ECCL) L5
Australia,Surface and Underground Drainage,Construct RCBC Headwall Structures,HW to suit 3000mm x 0900mm Class B1 - 2 Cell,21.922348,t/each,TfNSW Engineering Carbon and Cost Library (ECCL) L5
Australia,Surface and Underground Drainage,Construct RCBC Headwall Structures,HW to suit 3000mm x 0900mm Class B1 - 4 Cell,32.6785531,t/each,TfNSW Engineering Carbon and Cost Library (ECCL) L5
Australia,Surface and Underground Drainage,Construct RCBC Headwall Structures,HW to suit 3000mm x 1200mm Class B1 - 1 Cell,18.32684096,t/each,TfNSW Engineering Carbon and Cost Library (ECCL) L5
Australia,Surface and Underground Drainage,Construct RCBC Headwall Structures,HW to suit 3000mm x 1200mm Class B1 - 2 Cell,26.75556068,t/each,TfNSW Engineering Carbon and Cost Library (ECCL) L5
Australia,Surface and Underground Drainage,Construct RCBC Headwall Structures,HW to suit 3000mm x 1200mm Class B1 - 3 Cell,33.26969995,t/each,TfNSW Engineering Carbon and Cost Library (ECCL) L5
Australia,Surface and Underground Drainage,Construct RCBC Headwall Structures,HW to suit 3000mm x 1200mm Class B1 - 4 Cell,41.94659672,t/each,TfNSW Engineering Carbon and Cost Library (ECCL) L5
Australia,Surface and Underground Drainage,Construct RCBC Headwall Structures,HW to suit 3000mm x 1200mm Class B1 - 5 Cell,48.45592599,t/each,TfNSW Engineering Carbon and Cost Library (ECCL) L5
Australia,Surface and Underground Drainage,Construct RCBC Headwall Structures,HW to suit 3000mm x 1500mm Class B1 - 1 Cell,28.2483056,t/each,TfNSW Engineering Carbon and Cost Library (ECCL) L5
Australia,Surface and Underground Drainage,Construct RCBC Headwall Structures,HW to suit 3000mm x 1500mm Class B1 - 2 Cell,36.99603832,t/each,TfNSW Engineering Carbon and Cost Library (ECCL) L5
Australia,Surface and Underground Drainage,Construct RCBC Headwall Structures,HW to suit 3000mm x 1500mm Class B1 - 3 Cell,47.65835149,t/each,TfNSW Engineering Carbon and Cost Library (ECCL) L5
Australia,Surface and Underground Drainage,Construct RCBC Headwall Structures,HW to suit 3000mm x 1500mm Class B1 - 4 Cell,58.56884171,t/each,TfNSW Engineering Carbon and Cost Library (ECCL) L5
Australia,Surface and Underground Drainage,Construct RCBC Headwall Structures,HW to suit 3000mm x 1800mm Class B1 - 1 Cell,29.00936706,t/each,TfNSW Engineering Carbon and Cost Library (ECCL) L5
Australia,Surface and Underground Drainage,Construct RCBC Headwall Structures,HW to suit 3000mm x 2400mm Class B1 - 1 Cell,34.0059687,t/each,TfNSW Engineering Carbon and Cost Library (ECCL) L5
Australia,Surface and Underground Drainage,Construct RCBC Headwall Structures,HW to suit 3000mm x 2400mm Class B1 - 2 Cell,43.99458667,t/each,TfNSW Engineering Carbon and Cost Library (ECCL) L5
Australia,Surface and Underground Drainage,Construct RCBC Headwall Structures,HW to suit 3000mm  x 2400mm Class B1 - 3 Cell,56.14596214,t/each,TfNSW Engineering Carbon and Cost Library (ECCL) L5
Australia,Surface and Underground Drainage,Construct RCBC Headwall Structures,HW to suit 3000mm x 2400mm Class B1 - 4 Cell,68.04916056,t/each,TfNSW Engineering Carbon and Cost Library (ECCL) L5
Australia,Surface and Underground Drainage,Construct RCBC Headwall Structures,HW to suit 3000mm x 2400mm Class B1 - 5 Cell,78.03777853,t/each,TfNSW Engineering Carbon and Cost Library (ECCL) L5
Australia,Surface and Underground Drainage,Construct RCBC Headwall Structures,HW to suit 3000mm x 2700mm Class B1 - 1 Cell,35.02347237,t/each,TfNSW Engineering Carbon and Cost Library (ECCL) L5
Australia,Surface and Underground Drainage,Construct RCBC Headwall Structures,HW to suit 3000mm x 2700mm Class B1 - 2 Cell,44.76391329,t/each,TfNSW Engineering Carbon and Cost Library (ECCL) L5
Australia,Surface and Underground Drainage,Construct RCBC Headwall Structures,HW to suit 3000mm x 3000mm Class B1 - 1 Cell,35.78453384,t/each,TfNSW Engineering Carbon and Cost Library (ECCL) L5
Australia,Surface and Underground Drainage,Construct RCBC Headwall Structures,HW to suit 3000mm x 3000mm Class B1 - 2 Cell,45.52497476,t/each,TfNSW Engineering Carbon and Cost Library (ECCL) L5
Australia,Surface and Underground Drainage,Construct RCBC Headwall Structures,HW to suit 3000mm x 3000mm Class B1 - 3 Cell,57.67635023,t/each,TfNSW Engineering Carbon and Cost Library (ECCL) L5
Australia,Surface and Underground Drainage,Construct RCBC Headwall Structures,HW to suit 3000mm x 3000mm Class B1 - 4 Cell,69.57954865,t/each,TfNSW Engineering Carbon and Cost Library (ECCL) L5
Australia,Surface and Underground Drainage,Construct RCBC Headwall Structures,HW to suit 3100mm x 1800mm Class B1 - 1 Cell,29.26263397,t/each,TfNSW Engineering Carbon and Cost Library (ECCL) L5
Australia,Surface and Underground Drainage,Construct RCBC Headwall Structures,HW to suit 3300mm x 0600mm Class B1 - 1 Cell,9.99563075,t/each,TfNSW Engineering Carbon and Cost Library (ECCL) L5
Australia,Surface and Underground Drainage,Construct RCBC Headwall Structures,HW to suit 3300mm x 0600mm Class B1 - 3 Cell,18.76809859,t/each,TfNSW Engineering Carbon and Cost Library (ECCL) L5
Australia,Surface and Underground Drainage,Construct RCBC Headwall Structures,HW to suit 3300mm x 1200mm Class B1 - 1 Cell,20.99160214,t/each,TfNSW Engineering Carbon and Cost Library (ECCL) L5
Australia,Surface and Underground Drainage,Construct RCBC Headwall Structures,HW to suit 3300mm x 1200mm Class B1 - 4 Cell,44.19662364,t/each,TfNSW Engineering Carbon and Cost Library (ECCL) L5
Australia,Surface and Underground Drainage,Construct RCBC Headwall Structures,HW to suit 3100mm x 1800mm Class B1 - 1 Cell,29.26263397,t/each,TfNSW Engineering Carbon and Cost Library (ECCL) L5
Australia,Surface and Underground Drainage,Construct RCBC Headwall Structures,HW to suit 3300mm x 3000mm Class B1 - 1 Cell,36.53471456,t/each,TfNSW Engineering Carbon and Cost Library (ECCL) L5
Australia,Surface and Underground Drainage,Construct RCBC Headwall Structures,HW to suit 3300mm x 1500mm Class B1 - 3 Cell,50.15571587,t/each,TfNSW Engineering Carbon and Cost Library (ECCL) L5
Australia,Surface and Underground Drainage,Construct RCBC Headwall Structures,HW to suit 3300mm x 1800mm Class B1 - 1 Cell,29.76781295,t/each,TfNSW Engineering Carbon and Cost Library (ECCL) L5
Australia,Surface and Underground Drainage,Construct RCBC Headwall Structures,HW to suit 3300mm x 2400mm Class B1 - 1 Cell,35.01259163,t/each,TfNSW Engineering Carbon and Cost Library (ECCL) L5
Australia,Surface and Underground Drainage,Construct RCBC Headwall Structures,HW to suit 3300mm x 2400mm Class B1 - 3 Cell,58.64332652,t/each,TfNSW Engineering Carbon and Cost Library (ECCL) L5
Australia,Surface and Underground Drainage,Construct RCBC Headwall Structures,HW to suit 3300mm x 3300mm Class B1 - 1 Cell,37.29577603,t/each,TfNSW Engineering Carbon and Cost Library (ECCL) L5
Australia,Surface and Underground Drainage,Construct RCBC Headwall Structures,HW to suit 3348mm x 3004mm Class B1 - 1 Cell,36.78289161,t/each,TfNSW Engineering Carbon and Cost Library (ECCL) L5
Australia,Surface and Underground Drainage,Construct RCBC Headwall Structures,HW to suit 3353mm x 1500mm Class B1 - 3 Cell,50.40417278,t/each,TfNSW Engineering Carbon and Cost Library (ECCL) L5
Australia,Surface and Underground Drainage,Construct RCBC Headwall Structures,HW to suit 3540mm x 3520mm Class B1 - 2 Cell,52.45712045,t/each,TfNSW Engineering Carbon and Cost Library (ECCL) L5
Australia,Surface and Underground Drainage,Construct RCBC Headwall Structures,HW to suit 3600mm x 600mm Class B1 - 3 Cell,21.93915818,t/each,TfNSW Engineering Carbon and Cost Library (ECCL) L5
Australia,Surface and Underground Drainage,Construct RCBC Headwall Structures,HW to suit 3600mm x 600mm Class B1 - 4 Cell,26.70676241,t/each,TfNSW Engineering Carbon and Cost Library (ECCL) L5
Australia,Surface and Underground Drainage,Construct RCBC Headwall Structures,HW to suit 3600mm x 900mm Class B1 - 1 Cell,15.25524194,t/each,TfNSW Engineering Carbon and Cost Library (ECCL) L5
Australia,Surface and Underground Drainage,Construct RCBC Headwall Structures,HW to suit 3600mm x 900mm Class B1 - 15 Cell,118.2944231,t/each,TfNSW Engineering Carbon and Cost Library (ECCL) L5
Australia,Surface and Underground Drainage,Construct RCBC Headwall Structures,HW to suit 3600mm x 1200mm Class B1 - 1 Cell,21.49360581,t/each,TfNSW Engineering Carbon and Cost Library (ECCL) L5
Australia,Surface and Underground Drainage,Construct RCBC Headwall Structures,HW to suit 3600mm x 1200mm Class B1 - 2 Cell,29.25857464,t/each,TfNSW Engineering Carbon and Cost Library (ECCL) L5
Australia,Surface and Underground Drainage,Construct RCBC Headwall Structures,HW to suit 3600mm x 1200mm Class B1 - 3 Cell,38.93812393,t/each,TfNSW Engineering Carbon and Cost Library (ECCL) L5
Australia,Surface and Underground Drainage,Construct RCBC Headwall Structures,HW to suit 3600mm x 1200mm Class B1 - 6 Cell,63.89597866,t/each,TfNSW Engineering Carbon and Cost Library (ECCL) L5
Australia,Surface and Underground Drainage,Construct RCBC Headwall Structures,HW to suit 3600mm x 1500mm Class B1 - 1 Cell,29.75212221,t/each,TfNSW Engineering Carbon and Cost Library (ECCL) L5
Australia,Surface and Underground Drainage,Construct RCBC Headwall Structures,HW to suit 3600mm x 1500mm Class B1 - 2 Cell,42.16642904,t/each,TfNSW Engineering Carbon and Cost Library (ECCL) L5
Australia,Surface and Underground Drainage,Construct RCBC Headwall Structures,HW to suit 3600mm x 1500mm Class B1 - 3 Cell,52.40490321,t/each,TfNSW Engineering Carbon and Cost Library (ECCL) L5
Australia,Surface and Underground Drainage,Construct RCBC Headwall Structures,HW to suit 3600mm x 1500mm Class B1 - 9 Cell,124.7018364,t/each,TfNSW Engineering Carbon and Cost Library (ECCL) L5
Australia,Surface and Underground Drainage,Construct RCBC Headwall Structures,HW to suit 3600mm x 1500mm Class B1 - 15 Cell,194.8360121,t/each,TfNSW Engineering Carbon and Cost Library (ECCL) L5
Australia,Surface and Underground Drainage,Construct RCBC Headwall Structures,HW to suit 3600mm x 1800mm Class B1 - 2 Cell,42.9274905,t/each,TfNSW Engineering Carbon and Cost Library (ECCL) L5
Australia,Surface and Underground Drainage,Construct RCBC Headwall Structures,HW to suit 3600mm x 1800mm Class B1 - 6 Cell,90.40062001,t/each,TfNSW Engineering Carbon and Cost Library (ECCL) L5
Australia,Surface and Underground Drainage,Construct RCBC Headwall Structures,HW to suit 3600mm x 1800mm Class B1 - 9 Cell,125.4628978,t/each,TfNSW Engineering Carbon and Cost Library (ECCL) L5
Australia,Surface and Underground Drainage,Construct RCBC Headwall Structures,HW to suit 3600mm x 2100mm Class B1 - 1 Cell,31.27424514,t/each,TfNSW Engineering Carbon and Cost Library (ECCL) L5
Australia,Surface and Underground Drainage,Construct RCBC Headwall Structures,HW to suit 3600mm x 2100mm Class B1 - 2 Cell,43.68855197,t/each,TfNSW Engineering Carbon and Cost Library (ECCL) L5
Australia,Surface and Underground Drainage,Construct RCBC Headwall Structures,HW to suit 3600mm x 2400mm Class B1 - 1 Cell,36.00613941,t/each,TfNSW Engineering Carbon and Cost Library (ECCL) L5
Australia,Surface and Underground Drainage,Construct RCBC Headwall Structures,HW to suit 3600mm x 2400mm Class B1 - 7 Cell,114.5735248,t/each,TfNSW Engineering Carbon and Cost Library (ECCL) L5
Australia,Surface and Underground Drainage,Construct RCBC Headwall Structures,HW to suit 3600mm x 2700mm Class B1 - 1 Cell,36.76720087,t/each,TfNSW Engineering Carbon and Cost Library (ECCL) L5
Australia,Surface and Underground Drainage,Construct RCBC Headwall Structures,HW to suit 3600mm x 2700mm Class B1 - 4 Cell,76.05329856,t/each,TfNSW Engineering Carbon and Cost Library (ECCL) L5
Australia,Surface and Underground Drainage,Construct RCBC Headwall Structures,HW to suit 3600mm x 3000mm Class B1 - 1 Cell,37.52826234,t/each,TfNSW Engineering Carbon and Cost Library (ECCL) L5
Australia,Surface and Underground Drainage,Construct RCBC Headwall Structures,HW to suit 3600mm x 3600mm Class B1 - 1 Cell,39.05865043,t/each,TfNSW Engineering Carbon and Cost Library (ECCL) L5
Australia,Surface and Underground Drainage,Construct RCBC Headwall Structures,HW to suit 4000mm  x 1500mm Class B1 - 1 Cell,30.99412689,t/each,TfNSW Engineering Carbon and Cost Library (ECCL) L5
Australia,Surface and Underground Drainage,Construct RCBC Headwall Structures,HW to suit 4000mm x 4000mm Class B1 - 1 Cell,41.31815879,t/each,TfNSW Engineering Carbon and Cost Library (ECCL) L5
Australia,Surface and Underground Drainage,Construct RCBC Headwall Structures,HW to suit 4200mm x 0900mm Class B1 - 4 Cell,42.85081036,t/each,TfNSW Engineering Carbon and Cost Library (ECCL) L5
Australia,Surface and Underground Drainage,Construct RCBC Headwall Structures,HW to suit 4200mm x 2700mm Class B1 - 1 Cell,38.51919453,t/each,TfNSW Engineering Carbon and Cost Library (ECCL) L5
Australia,Surface and Underground Drainage,Construct RCBC Headwall Structures,HW to suit 4200mm x 2750mm Class B1 - 7 Cell,130.2445783,t/each,TfNSW Engineering Carbon and Cost Library (ECCL) L5
Australia,Surface and Underground Drainage,Construct RCBC Headwall Structures,HW to suit 4200mm x 3600mm Class B1 - 2 Cell,56.45293173,t/each,TfNSW Engineering Carbon and Cost Library (ECCL) L5
Australia,Surface and Underground Drainage,Construct RCBC Headwall Structures,HW to suit 4200mm x 3650mm Class B1 - 7 Cell,132.7759398,t/each,TfNSW Engineering Carbon and Cost Library (ECCL) L5
Australia,Surface and Underground Drainage,Construct RCBC Headwall Structures,HW to suit 4600mm x 4600mm Class B1 - 1 Cell,44.84045244,t/each,TfNSW Engineering Carbon and Cost Library (ECCL) L5
Australia,Surface and Underground Drainage,Construct RCBC Headwall Structures,HW to suit 4800mm  x 3000mm Class B1 - 1 Cell,41.02743966,t/each,TfNSW Engineering Carbon and Cost Library (ECCL) L5
Australia,Surface and Underground Drainage,Stormwater Quality Improvement Devices (SQIDs),Gross Pollutant Trap,19.2029893,t/each,TfNSW Engineering Carbon and Cost Library (ECCL) L5
Australia,Surface and Underground Drainage,Stormwater Quality Improvement Devices (SQIDs),Drainage Pit Inserts,0.049,t/each,TfNSW Engineering Carbon and Cost Library (ECCL) L5
Australia,Surface and Underground Drainage,Stormwater Quality Improvement Devices (SQIDs),Trash Rack,0.0698022,t/m2,TfNSW Engineering Carbon and Cost Library (ECCL) L5
Australia,Surface and Underground Drainage,Stormwater Quality Improvement Devices (SQIDs),Filter / Bio Retention - Subsurface Filters,1.881,t/m3,TfNSW Engineering Carbon and Cost Library (ECCL) L5
Australia,Surface and Underground Drainage,Rip Rap Scour protection,Coarse Aggregate Type 1,1.996072512,t/m3,TfNSW Engineering Carbon and Cost Library (ECCL) L5
Australia,Surface and Underground Drainage,Rip Rap Scour protection,Coarse Aggregate Type 2,1.995842688,t/m3,TfNSW Engineering Carbon and Cost Library (ECCL) L5
Australia,Surface and Underground Drainage,Rip Rap Scour protection,Coarse Aggregate Type 3,1.99576608,t/m3,TfNSW Engineering Carbon and Cost Library (ECCL) L5
Australia,Surface and Underground Drainage,Kerbs,Type SA Kerb,0.363480745,t/m,TfNSW Engineering Carbon and Cost Library (ECCL) L5
Australia,Surface and Underground Drainage,Kerbs,Type SB Kerb,0.399973303,t/m,TfNSW Engineering Carbon and Cost Library (ECCL) L5
Australia,Surface and Underground Drainage,Kerbs,Type SE Kerb,0.236190196,t/m,TfNSW Engineering Carbon and Cost Library (ECCL) L5
Australia,Surface and Underground Drainage,Kerbs,Type SF Kerb,0.110849962,t/m,TfNSW Engineering Carbon and Cost Library (ECCL) L5
Australia,Surface and Underground Drainage,Kerbs,Type SFM Kerb,0.217943917,t/m,TfNSW Engineering Carbon and Cost Library (ECCL) L5
Australia,Surface and Underground Drainage,Kerbs,Type SK Kerb,0.64124892,t/m,TfNSW Engineering Carbon and Cost Library (ECCL) L5
Australia,Surface and Underground Drainage,Kerbs,Type SL Kerb,0.245204985,t/m,TfNSW Engineering Carbon and Cost Library (ECCL) L5
Australia,Surface and Underground Drainage,Kerbs,Type SM Kerb,0.110849962,t/m,TfNSW Engineering Carbon and Cost Library (ECCL) L5
Australia,Surface and Underground Drainage,Kerbs,Type SO Kerb,0.463262783,t/m,TfNSW Engineering Carbon and Cost Library (ECCL) L5
Australia,Surface and Underground Drainage,Kerbs,Type SA to Type SF,0.217272535,t/m,TfNSW Engineering Carbon and Cost Library (ECCL) L5
Australia,Surface and Underground Drainage,Kerbs,Type SA to Type SK,0.484971025,t/m,TfNSW Engineering Carbon and Cost Library (ECCL) L5
Australia,Surface and Underground Drainage,Kerbs,Type SA to Type SM,0.21490987,t/m,TfNSW Engineering Carbon and Cost Library (ECCL) L5
Australia,Surface and Underground Drainage,Kerbs,Type SA to Type SO,0.39495064,t/m,TfNSW Engineering Carbon and Cost Library (ECCL) L5
Australia,Surface and Underground Drainage,Kerbs,Type SE to Type SK,0.428601117,t/m,TfNSW Engineering Carbon and Cost Library (ECCL) L5
Australia,Surface and Underground Drainage,Kerbs,Type SE to Concrete Pavement,0.21490987,t/m,TfNSW Engineering Carbon and Cost Library (ECCL) L5
Australia,Surface and Underground Drainage,Kerbs,Type SF to Type SM,0.091024674,t/m,TfNSW Engineering Carbon and Cost Library (ECCL) L5
Australia,Surface and Underground Drainage,Kerbs,Residential Vehicular Crossing,2.962834093,t/each,TfNSW Engineering Carbon and Cost Library (ECCL) L5
Australia,Surface and Underground Drainage,Kerbs,Commercial Vehicular Crossing,5.90423476,t/each,TfNSW Engineering Carbon and Cost Library (ECCL) L5
Australia,Structure,Ramps,Kerb Ramps at Traffic Signal / Pedestrian Crossing - nominal 3.6m width (excluding wings),3.686576764,t/each,TfNSW Engineering Carbon and Cost Library (ECCL) L5
Australia,Structure,Ramps,Kerb Ramps - nominal 1.2m (excluding wings),2.055223928,t/each,TfNSW Engineering Carbon and Cost Library (ECCL) L5
Australia,Structure,Ramps,Kerb Ramps - nominal 2.4m width  (excluding wings),2.646864797,t/each,TfNSW Engineering Carbon and Cost Library (ECCL) L5
Australia,Structure,Ramps,Kerb Ramps - nominal 3.0m width (excluding wings),3.213867404,t/each,TfNSW Engineering Carbon and Cost Library (ECCL) L5
Australia,Surface and Underground Drainage,Modular Drainage Products Type Drains,QK100,0.02681,t/m,TfNSW Engineering Carbon and Cost Library (ECCL) L5
Australia,Surface and Underground Drainage,Modular Drainage Products Type Drains,QK200SF,0.416122952,t/m,TfNSW Engineering Carbon and Cost Library (ECCL) L5
Australia,Surface and Underground Drainage,Modular Drainage Products Type Drains,QK200SM,0.498627202,t/m,TfNSW Engineering Carbon and Cost Library (ECCL) L5
Australia,Surface and Underground Drainage,Modular Drainage Products Type Drains,QK200B,0.486437202,t/m,TfNSW Engineering Carbon and Cost Library (ECCL) L5
Australia,Surface and Underground Drainage,Modular Drainage Products Type Drains,Qmax 150,0.044361438,t/m,TfNSW Engineering Carbon and Cost Library (ECCL) L5
Australia,Surface and Underground Drainage,Modular Drainage Products Type Drains,Qmax 225,0.057038,t/m,TfNSW Engineering Carbon and Cost Library (ECCL) L5
Australia,Surface and Underground Drainage,Modular Drainage Products Type Drains,Qmax 350,0.05440175,t/m,TfNSW Engineering Carbon and Cost Library (ECCL) L5
Australia,Surface and Underground Drainage,Modular Drainage Products Type Drains,Qmax 550,0.082308,t/m,TfNSW Engineering Carbon and Cost Library (ECCL) L5
Australia,Surface and Underground Drainage,Modular Drainage Products Type Drains,Qmax 700,0.137693,t/m,TfNSW Engineering Carbon and Cost Library (ECCL) L5
Australia,Surface and Underground Drainage,Modular Drainage Products Type Drains,Qmax 900,0.178531125,t/m,TfNSW Engineering Carbon and Cost Library (ECCL) L5
Australia,Surface and Underground Drainage,Modular Drainage Products Type Drains,TD200,0.09608775,t/m,TfNSW Engineering Carbon and Cost Library (ECCL) L5
Australia,Surface and Underground Drainage,Modular Drainage Products Type Drains,TD300,0.15444625,t/m,TfNSW Engineering Carbon and Cost Library (ECCL) L5
Australia,Surface and Underground Drainage,Modular Drainage Products Type Drains,S100K,0.582573717,t/m,TfNSW Engineering Carbon and Cost Library (ECCL) L5
Australia,Surface and Underground Drainage,Modular Drainage Products Type Drains,S200K,0.623638717,t/m,TfNSW Engineering Carbon and Cost Library (ECCL) L5
Australia,Surface and Underground Drainage,Modular Drainage Products Type Drains,S300K,0.654621217,t/m,TfNSW Engineering Carbon and Cost Library (ECCL) L5
Australia,Surface and Underground Drainage,No Fines Concrete Pad (Beneath Kerb and Channel),No Fines Concrete,2.372584663,t/m3,TfNSW Engineering Carbon and Cost Library (ECCL) L5
Australia,Surface and Underground Drainage,No Fines Concrete Pad (Beneath Kerb and Channel),Geotextile,0.000296875,t/m2,TfNSW Engineering Carbon and Cost Library (ECCL) L5
Australia,"Demolition, site preparation and 
formation",Kerb removal,Remove Type SA Kerb,0,t/m,TfNSW Engineering Carbon and Cost Library (ECCL) L5
Australia,"Demolition, site preparation and 
formation",Kerb removal,Remove Type SB Kerb,0,t/m,TfNSW Engineering Carbon and Cost Library (ECCL) L5
Australia,"Demolition, site preparation and 
formation",Kerb removal,Remove Type SE Kerb,0,t/m,TfNSW Engineering Carbon and Cost Library (ECCL) L5
Australia,"Demolition, site preparation and 
formation",Kerb removal,Remove Type SF Kerb,0,t/m,TfNSW Engineering Carbon and Cost Library (ECCL) L5
Australia,"Demolition, site preparation and 
formation",Kerb removal,Remove Type SFM Kerb,0,t/m,TfNSW Engineering Carbon and Cost Library (ECCL) L5
Australia,"Demolition, site preparation and 
formation",Kerb removal,Remove Type SK Kerb,0,t/m,TfNSW Engineering Carbon and Cost Library (ECCL) L5
Australia,"Demolition, site preparation and 
formation",Kerb removal,Remove Type SL Kerb,0,t/m,TfNSW Engineering Carbon and Cost Library (ECCL) L5
Australia,"Demolition, site preparation and 
formation",Kerb removal,Remove Type SM Kerb,0,t/m,TfNSW Engineering Carbon and Cost Library (ECCL) L5
Australia,"Demolition, site preparation and 
formation",Kerb removal,Remove Type SO Kerb,0,t/m,TfNSW Engineering Carbon and Cost Library (ECCL) L5
Australia,"Demolition, site preparation and 
formation",Kerb removal,Remove Type SA to Type SF,0,t/m,TfNSW Engineering Carbon and Cost Library (ECCL) L5
Australia,"Demolition, site preparation and 
formation",Kerb removal,Remove Type SA to Type SK,0,t/m,TfNSW Engineering Carbon and Cost Library (ECCL) L5
Australia,"Demolition, site preparation and 
formation",Kerb removal,Remove Type SA to Type SM,0,t/m,TfNSW Engineering Carbon and Cost Library (ECCL) L5
Australia,"Demolition, site preparation and 
formation",Kerb removal,Remove Type SA to Type SO,0,t/m,TfNSW Engineering Carbon and Cost Library (ECCL) L5
Australia,"Demolition, site preparation and 
formation",Kerb removal,Remove Type SE to Type SK,0,t/m,TfNSW Engineering Carbon and Cost Library (ECCL) L5
Australia,"Demolition, site preparation and 
formation",Kerb removal,Remove Type SE to Concrete Pavement,0,t/m,TfNSW Engineering Carbon and Cost Library (ECCL) L5
Australia,"Demolition, site preparation and 
formation",Kerb removal,Remove Type SF to Type SM,0,t/m,TfNSW Engineering Carbon and Cost Library (ECCL) L5
Australia,"Demolition, site preparation and 
formation",Crossing removal,Residential Vehicular Crossing,0,t/each,TfNSW Engineering Carbon and Cost Library (ECCL) L5
Australia,"Demolition, site preparation and 
formation",Ramp Removal,Commercial Vehicular Crossing,0,t/each,TfNSW Engineering Carbon and Cost Library (ECCL) L5
Australia,"Demolition, site preparation and 
formation",Ramp Removal,Kerb Ramps at Traffic Signal / Pedestrian Crossing - nominal 3.6m width (excluding wings),0,t/each,TfNSW Engineering Carbon and Cost Library (ECCL) L5
Australia,"Demolition, site preparation and 
formation",Ramp Removal,Kerb Ramps - nominal 1.2m (excluding wings),0,t/each,TfNSW Engineering Carbon and Cost Library (ECCL) L5
Australia,"Demolition, site preparation and 
formation",Ramp Removal,Kerb Ramps - nominal 2.4m width  (excluding wings),0,t/each,TfNSW Engineering Carbon and Cost Library (ECCL) L5
Australia,"Demolition, site preparation and 
formation",Ramp Removal,Kerb Ramps - nominal 3.0m width (excluding wings),0,t/each,TfNSW Engineering Carbon and Cost Library (ECCL) L5
Australia,Surface and Underground Drainage,Plastic Flexible Pipes,Excavation for Plastic Flexible Pipes,0,t/m3,TfNSW Engineering Carbon and Cost Library (ECCL) L5
Australia,Surface and Underground Drainage,Plastic Flexible Pipes,Unsuitable Material (Item with provisional quantity),0,t/m3,TfNSW Engineering Carbon and Cost Library (ECCL) L5
Australia,Surface and Underground Drainage,Plastic Flexible Pipes - UPVC,100mm diameter,0.854454666,t/m,TfNSW Engineering Carbon and Cost Library (ECCL) L5
Australia,Surface and Underground Drainage,Plastic Flexible Pipes - UPVC,150mm diameter,1.043252174,t/m,TfNSW Engineering Carbon and Cost Library (ECCL) L5
Australia,Surface and Underground Drainage,Plastic Flexible Pipes - UPVC,200mm diameter,1.192101396,t/m,TfNSW Engineering Carbon and Cost Library (ECCL) L5
Australia,Surface and Underground Drainage,Plastic Flexible Pipes - UPVC,225mm diameter,1.252122878,t/m,TfNSW Engineering Carbon and Cost Library (ECCL) L5
Australia,Surface and Underground Drainage,Plastic Flexible Pipes - UPVC,300mm diameter,1.523915394,t/m,TfNSW Engineering Carbon and Cost Library (ECCL) L5
Australia,Surface and Underground Drainage,Plastic Flexible Pipes - OPVC,100mm diameter,0.854454666,t/m,TfNSW Engineering Carbon and Cost Library (ECCL) L5
Australia,Surface and Underground Drainage,Plastic Flexible Pipes - OPVC,150mm diameter,1.043252174,t/m,TfNSW Engineering Carbon and Cost Library (ECCL) L5
Australia,Surface and Underground Drainage,Plastic Flexible Pipes - OPVC,200mm diameter,1.192101396,t/m,TfNSW Engineering Carbon and Cost Library (ECCL) L5
Australia,Surface and Underground Drainage,Plastic Flexible Pipes - OPVC,225mm diameter,1.252122878,t/m,TfNSW Engineering Carbon and Cost Library (ECCL) L5
Australia,Surface and Underground Drainage,Plastic Flexible Pipes - OPVC,300mm diameter,1.523915394,t/m,TfNSW Engineering Carbon and Cost Library (ECCL) L5
Australia,Surface and Underground Drainage,Plastic Flexible Pipes - ABS,100mm diameter,0.854454666,t/m,TfNSW Engineering Carbon and Cost Library (ECCL) L5
Australia,Surface and Underground Drainage,Plastic Flexible Pipes - ABS,150mm diameter,1.043252174,t/m,TfNSW Engineering Carbon and Cost Library (ECCL) L5
Australia,Surface and Underground Drainage,Plastic Flexible Pipes - ABS,200mm diameter,1.192101396,t/m,TfNSW Engineering Carbon and Cost Library (ECCL) L5
Australia,Surface and Underground Drainage,Plastic Flexible Pipes - ABS,225mm diameter,1.252122878,t/m,TfNSW Engineering Carbon and Cost Library (ECCL) L5
Australia,Surface and Underground Drainage,Plastic Flexible Pipes - ABS,300mm diameter,1.523915394,t/m,TfNSW Engineering Carbon and Cost Library (ECCL) L5
Australia,Surface and Underground Drainage,Plastic Flexible Pipes - GRP,100mm diameter,0.854454666,t/m,TfNSW Engineering Carbon and Cost Library (ECCL) L5
Australia,Surface and Underground Drainage,Plastic Flexible Pipes - GRP,150mm diameter,1.043252174,t/m,TfNSW Engineering Carbon and Cost Library (ECCL) L5
Australia,Surface and Underground Drainage,Plastic Flexible Pipes - GRP,200mm diameter,1.192101396,t/m,TfNSW Engineering Carbon and Cost Library (ECCL) L5
Australia,Surface and Underground Drainage,Plastic Flexible Pipes - GRP,300mm diameter,1.523915394,t/m,TfNSW Engineering Carbon and Cost Library (ECCL) L5
Australia,Surface and Underground Drainage,Plastic Flexible Pipes - PE,100mm diameter,0.854454666,t/m,TfNSW Engineering Carbon and Cost Library (ECCL) L5
Australia,Surface and Underground Drainage,Plastic Flexible Pipes - PE,150mm diameter,1.043252174,t/m,TfNSW Engineering Carbon and Cost Library (ECCL) L5
Australia,Surface and Underground Drainage,Plastic Flexible Pipes - PE,200mm diameter,1.192101396,t/m,TfNSW Engineering Carbon and Cost Library (ECCL) L5
Australia,Surface and Underground Drainage,Plastic Flexible Pipes - PE,225mm diameter,1.252122878,t/m,TfNSW Engineering Carbon and Cost Library (ECCL) L5
Australia,Surface and Underground Drainage,Plastic Flexible Pipes - PE,300mm diameter,1.523915394,t/m,TfNSW Engineering Carbon and Cost Library (ECCL) L5
Australia,Surface and Underground Drainage,Plastic Flexible Pipes - PE,375mm diameter,1.501740301,t/m,TfNSW Engineering Carbon and Cost Library (ECCL) L5
Australia,Surface and Underground Drainage,Plastic Flexible Pipes - PE,450mm diameter,1.717893075,t/m,TfNSW Engineering Carbon and Cost Library (ECCL) L5
Australia,Surface and Underground Drainage,Plastic Flexible Pipes - PE,500mm diameter,1.865763425,t/m,TfNSW Engineering Carbon and Cost Library (ECCL) L5
Australia,Surface and Underground Drainage,Plastic Flexible Pipes - PE,560mm diameter,2.0480138,t/m,TfNSW Engineering Carbon and Cost Library (ECCL) L5
Australia,Surface and Underground Drainage,Plastic Flexible Pipes - PE,630mm diameter,2.26716645,t/m,TfNSW Engineering Carbon and Cost Library (ECCL) L5
Australia,Surface and Underground Drainage,Plastic Flexible Pipes - PE,710mm diameter,2.526074225,t/m,TfNSW Engineering Carbon and Cost Library (ECCL) L5
Australia,Surface and Underground Drainage,Plastic Flexible Pipes - PE,800mm diameter,2.8281595,t/m,TfNSW Engineering Carbon and Cost Library (ECCL) L5
Australia,Surface and Underground Drainage,Plastic Flexible Pipes - PE,900mm diameter,3.177683025,t/m,TfNSW Engineering Carbon and Cost Library (ECCL) L5
Australia,Surface and Underground Drainage,Vertical Wick Drains,Vertical Wick Drains,#DIV/0!,t/,TfNSW Engineering Carbon and Cost Library (ECCL) L5
Australia,Surface and Underground Drainage,Vertical Wick Drains,Drainage Blanket for Wick Drains Working Platform,2.299,t/m3,TfNSW Engineering Carbon and Cost Library (ECCL) L5
Australia,Surface and Underground Drainage,Trench Drains - Pipe,Excavation,0,t/m3,TfNSW Engineering Carbon and Cost Library (ECCL) L5
Australia,Surface and Underground Drainage,Trench Drains - Pipe,100 mm dia Corrugated Perforated Plastic Drainage Pipe,0.0006783,t/m,TfNSW Engineering Carbon and Cost Library (ECCL) L5
Australia,Surface and Underground Drainage,Trench Drains - Pipe,100 mm dia Corrugated Non-perforated Plastic Drainage Pipe,0.0006783,t/m,TfNSW Engineering Carbon and Cost Library (ECCL) L5
Australia,Surface and Underground Drainage,Trench Drains - Perforated Rigid Strip Filter Drains,20mm thick - 100mm height,0.000110995,t/m,TfNSW Engineering Carbon and Cost Library (ECCL) L5
Australia,Surface and Underground Drainage,Trench Drains - Perforated Rigid Strip Filter Drains,20mm thick - 150mm height,0.000194263,t/m,TfNSW Engineering Carbon and Cost Library (ECCL) L5
Australia,Surface and Underground Drainage,Trench Drains - Perforated Rigid Strip Filter Drains,20mm thick - 200mm height,0.000270957,t/m,TfNSW Engineering Carbon and Cost Library (ECCL) L5
Australia,Surface and Underground Drainage,Trench Drains - Perforated Rigid Strip Filter Drains,20mm thick - 300mm height,0.000404622,t/m,TfNSW Engineering Carbon and Cost Library (ECCL) L5
Australia,Surface and Underground Drainage,Trench Drains - Perforated Rigid Strip Filter Drains,40mm thick - 100mm height,0.000269325,t/m,TfNSW Engineering Carbon and Cost Library (ECCL) L5
Australia,Surface and Underground Drainage,Trench Drains - Perforated Rigid Strip Filter Drains,40mm thick - 150mm height,0.000408975,t/m,TfNSW Engineering Carbon and Cost Library (ECCL) L5
Australia,Surface and Underground Drainage,Trench Drains - Perforated Rigid Strip Filter Drains,40mm thick - 200mm height,0.000508725,t/m,TfNSW Engineering Carbon and Cost Library (ECCL) L5
Australia,Surface and Underground Drainage,Trench Drains - Perforated Rigid Strip Filter Drains,40mm thick - 300mm height,0.000648375,t/m,TfNSW Engineering Carbon and Cost Library (ECCL) L5
Australia,Surface and Underground Drainage,Trench Drains - Perforated Rigid Strip Filter Drains,40mm thick - 450mm height,0.00065436,t/m,TfNSW Engineering Carbon and Cost Library (ECCL) L5
Australia,Surface and Underground Drainage,Trench Drains - Perforated Rigid Strip Filter Drains,40mm thick - 500mm height,0.000603941,t/m,TfNSW Engineering Carbon and Cost Library (ECCL) L5
Australia,Surface and Underground Drainage,Trench Drains - Perforated Rigid Strip Filter Drains,20mm thick - 100mm height,0.000110995,t/m,TfNSW Engineering Carbon and Cost Library (ECCL) L5
Australia,Surface and Underground Drainage,Trench Drains - Perforated Rigid Strip Filter Drains,20mm thick - 150mm height,0.000194263,t/m,TfNSW Engineering Carbon and Cost Library (ECCL) L5
Australia,Surface and Underground Drainage,Trench Drains - Perforated Rigid Strip Filter Drains,20mm thick - 200mm height,0.000270957,t/m,TfNSW Engineering Carbon and Cost Library (ECCL) L5
Australia,Surface and Underground Drainage,Trench Drains - Perforated Rigid Strip Filter Drains,20mm thick - 300mm height,0.000404622,t/m,TfNSW Engineering Carbon and Cost Library (ECCL) L5
Australia,Surface and Underground Drainage,Trench Drains - Perforated Rigid Strip Filter Drains,40mm thick - 100mm height,0.000269325,t/m,TfNSW Engineering Carbon and Cost Library (ECCL) L5
Australia,Surface and Underground Drainage,Trench Drains - Perforated Rigid Strip Filter Drains,40mm thick - 150mm height,0.000408975,t/m,TfNSW Engineering Carbon and Cost Library (ECCL) L5
Australia,Surface and Underground Drainage,Trench Drains - Perforated Rigid Strip Filter Drains,40mm thick - 200mm height,0.000508725,t/m,TfNSW Engineering Carbon and Cost Library (ECCL) L5
Australia,Surface and Underground Drainage,Trench Drains - Perforated Rigid Strip Filter Drains,40mm thick - 300mm height,0.000648375,t/m,TfNSW Engineering Carbon and Cost Library (ECCL) L5
Australia,Surface and Underground Drainage,Trench Drains - Perforated Rigid Strip Filter Drains,40mm thick - 450mm height,0.00065436,t/m,TfNSW Engineering Carbon and Cost Library (ECCL) L5
Australia,Surface and Underground Drainage,Trench Drains - Perforated Rigid Strip Filter Drains,40mm thick - 500mm height,0.000603941,t/m,TfNSW Engineering Carbon and Cost Library (ECCL) L5
Australia,Surface and Underground Drainage,Trench Drains - Filter Material,Aggregate Filter Material,4.18,t/m3,TfNSW Engineering Carbon and Cost Library (ECCL) L5
Australia,Surface and Underground Drainage,Trench Drains - Filter Material,No Fines Concrete,2.372584663,t/m3,TfNSW Engineering Carbon and Cost Library (ECCL) L5
Australia,Surface and Underground Drainage,Trench Drains - Filter Material,Supply and Installation of Geotextile,0.0002375,t/m2,TfNSW Engineering Carbon and Cost Library (ECCL) L5
Australia,Surface and Underground Drainage,Trench Drains - Backfill,Selected Fill Material for Plug,2.299,t/m3,TfNSW Engineering Carbon and Cost Library (ECCL) L5
Australia,Surface and Underground Drainage,Trench Drains - Backfill,Selected Material at Batter Outlets,2.299,t/m3,TfNSW Engineering Carbon and Cost Library (ECCL) L5
Australia,Surface and Underground Drainage,Trench Drains - Backfill,Steep Batter Outlet,0.09,t/each,TfNSW Engineering Carbon and Cost Library (ECCL) L5
Australia,Surface and Underground Drainage,Trench Drains - Backfill,Flat Batter Outlet,0.09,t/each,TfNSW Engineering Carbon and Cost Library (ECCL) L5
Australia,Surface and Underground Drainage,Intra-Pavement Drains,Excavation,0,t/m3,TfNSW Engineering Carbon and Cost Library (ECCL) L5
Australia,Surface and Underground Drainage,Intra-Pavement Drains,100 mm Slotted Fibre-reinforced Concrete Pipe,0.0006783,t/m,TfNSW Engineering Carbon and Cost Library (ECCL) L5
Australia,Surface and Underground Drainage,Intra-Pavement Drains,100 mm Unslotted Fibre-reinforced Concrete Pipe,0.0006783,t/m,TfNSW Engineering Carbon and Cost Library (ECCL) L5
Australia,Surface and Underground Drainage,Intra-Pavement Drains,Filter Material - No Fines Concrete,2.372584663,t/m3,TfNSW Engineering Carbon and Cost Library (ECCL) L5
Australia,Surface and Underground Drainage,Intra-Pavement Drains,Supply and Installation of Geotextile,0.0002375,t/m2,TfNSW Engineering Carbon and Cost Library (ECCL) L5
Australia,Surface and Underground Drainage,Intra-Pavement Drains,Selected Material Backfill at Batter Outlets,2.372584663,t/m3,TfNSW Engineering Carbon and Cost Library (ECCL) L5
Australia,Surface and Underground Drainage,Intra-Pavement Drains,Steep Batter Outlet,0.09,t/each,TfNSW Engineering Carbon and Cost Library (ECCL) L5
Australia,Surface and Underground Drainage,Intra-Pavement Drains,Flat Batter Outlet,0.09,t/each,TfNSW Engineering Carbon and Cost Library (ECCL) L5
Australia,Surface and Underground Drainage,Edge Drains,Excavation,0,t/m3,TfNSW Engineering Carbon and Cost Library (ECCL) L5
Australia,Surface and Underground Drainage,Edge Drains,65 mm dia Corrugated Perforated Plastic Drainage Pipe,0.00021945,t/m,TfNSW Engineering Carbon and Cost Library (ECCL) L5
Australia,Surface and Underground Drainage,Edge Drains,65 mm dia Corrugated Non-perforated Plastic Drainage Pipe,0.00021945,t/m,TfNSW Engineering Carbon and Cost Library (ECCL) L5
Australia,Surface and Underground Drainage,Edge Drains,Perforated Rigid Strip Filter Drains,0.00125685,t/m,TfNSW Engineering Carbon and Cost Library (ECCL) L5
Australia,Surface and Underground Drainage,Edge Drains,Non-perforated Rigid Strip Filter Drains,0.00125685,t/m,TfNSW Engineering Carbon and Cost Library (ECCL) L5
Australia,Surface and Underground Drainage,Edge Drains,Filter Material - No Fines Concrete,2.372584663,t/m3,TfNSW Engineering Carbon and Cost Library (ECCL) L5
Australia,Surface and Underground Drainage,Edge Drains,Supply and Installation of Geotextile,0.0002375,t/m2,TfNSW Engineering Carbon and Cost Library (ECCL) L5
Australia,Surface and Underground Drainage,Edge Drains,Selected Material Backfill at Outlets,2.299,t/m3,TfNSW Engineering Carbon and Cost Library (ECCL) L5
Australia,Surface and Underground Drainage,Edge Drains,Steep Batter Outlet,0.09,t/each,TfNSW Engineering Carbon and Cost Library (ECCL) L5
Australia,Surface and Underground Drainage,Edge Drains,Flat Batter Outlet,0.09,t/each,TfNSW Engineering Carbon and Cost Library (ECCL) L5
Australia,"Demolition, site preparation and 
formation",Topsoil,Removal and Stockpiling of Non-contaminated Topsoil (Stockpile Volumes),0,t/m3,TfNSW Engineering Carbon and Cost Library (ECCL) L5
Australia,"Demolition, site preparation and 
formation",Topsoil,Removal and Disposal Off Site of Topsoil (Bank Volume),0,t/m3,TfNSW Engineering Carbon and Cost Library (ECCL) L5
Australia,Substructure,General Earthworks (Cut/Fill),"Cut, load and haul to fill area",0,t/m3,TfNSW Engineering Carbon and Cost Library (ECCL) L5
Australia,Substructure,General Earthworks (Cut/Fill),"Cut, load and haul to stockpile area",0,t/m3,TfNSW Engineering Carbon and Cost Library (ECCL) L5
Australia,Substructure,General Earthworks (Cut/Fill),Cut and load only (disposal directly offsite),0,t/m3,TfNSW Engineering Carbon and Cost Library (ECCL) L5
Australia,Substructure,General Earthworks (Cut/Fill),Spread and compact,0,t/m3,TfNSW Engineering Carbon and Cost Library (ECCL) L5
Australia,Substructure,General Earthworks (Cut/Fill),"Load and Haul from stockpile, spread and compact",0,t/m3,TfNSW Engineering Carbon and Cost Library (ECCL) L5
Australia,Substructure,Earthworks - Imported or Borrowed,Imported material from offsite,2.53,t/m3,TfNSW Engineering Carbon and Cost Library (ECCL) L5
Australia,Substructure,Earthworks - Imported or Borrowed,Borrowed material from site,0,t/m3,TfNSW Engineering Carbon and Cost Library (ECCL) L5
Australia,Substructure,Earthworks - Imported or Borrowed,Unsuitable Material (Item with provisional quantity),0,t/m3,TfNSW Engineering Carbon and Cost Library (ECCL) L5
Australia,Substructure,Earthworks - Imported or Borrowed,Selected Material Zone – Site Won Material,0,t/m3,TfNSW Engineering Carbon and Cost Library (ECCL) L5
Australia,Substructure,Earthworks - Imported or Borrowed,Selected Material Zone – Imported Material,2.53,t/m3,TfNSW Engineering Carbon and Cost Library (ECCL) L5
Australia,Substructure,Earthworks - Imported or Borrowed,Verge – Site Won Material,0,t/m3,TfNSW Engineering Carbon and Cost Library (ECCL) L5
Australia,Substructure,Earthworks - Imported or Borrowed,Verge – Imported Material,2.53,t/m3,TfNSW Engineering Carbon and Cost Library (ECCL) L5
Australia,Substructure,Earthworks - Imported or Borrowed,Disposal Off Site of Non-contaminated Spoil (other than Topsoil),0,t/m3,TfNSW Engineering Carbon and Cost Library (ECCL) L5
Australia,Substructure,Earthworks - Foundation Treatments,Treatment Type E1 – Loosen and Recompact,0,t/m2,TfNSW Engineering Carbon and Cost Library (ECCL) L5
Australia,Substructure,Earthworks - Foundation Treatments,Treatment Type C1 – Loosen and Recompact,0,t/m2,TfNSW Engineering Carbon and Cost Library (ECCL) L5
Australia,Substructure,Earthworks - Foundation Treatments,Treatment Type E2 – Bridging Layer – Site Won Material,0,t/m3,TfNSW Engineering Carbon and Cost Library (ECCL) L5
Australia,Substructure,Earthworks - Foundation Treatments,Treatment Type E2 – Bridging Layer – Imported Material,1.98,t/m3,TfNSW Engineering Carbon and Cost Library (ECCL) L5
Australia,Substructure,Earthworks - Foundation Treatments,Treatment Type C2 – Backfill – Site Won Material,0,t/m3,TfNSW Engineering Carbon and Cost Library (ECCL) L5
Australia,Substructure,Earthworks - Foundation Treatments,Treatment Type C2 – Backfill – Imported Material,2.53,t/m3,TfNSW Engineering Carbon and Cost Library (ECCL) L5
Australia,Substructure,Earthworks - Foundation Treatments,Geotextile,0.000296875,t/m2,TfNSW Engineering Carbon and Cost Library (ECCL) L5
Australia,Substructure,Earthworks - Foundation Treatments,Geogrid,0.000300105,t/m2,TfNSW Engineering Carbon and Cost Library (ECCL) L5
Australia,Substructure,Earthworks - Foundation Treatments,Treatment Type E5 – Drainage Layer – Site Won Material,0,t/m3,TfNSW Engineering Carbon and Cost Library (ECCL) L5
Australia,Substructure,Earthworks - Foundation Treatments,Treatment Type E5 – Drainage Layer – Imported Material,1.98,t/m3,TfNSW Engineering Carbon and Cost Library (ECCL) L5
Australia,Substructure,Earthworks - Foundation Treatments,Treatment Type C5 – Drainage Layer – Site Won Material,0,t/m3,TfNSW Engineering Carbon and Cost Library (ECCL) L5
Australia,Substructure,Earthworks - Foundation Treatments,Asphalt Open Graded AC14,0.9975,t/t,TfNSW Engineering Carbon and Cost Library (ECCL) L5
Australia,Substructure,Earthworks - Foundation Treatments,Granular Material,1.881,t/m3,TfNSW Engineering Carbon and Cost Library (ECCL) L5
Australia,Substructure,Earthworks - Foundation Treatments,Treatment Type E6 – Earth Fill Foundation Treatment Layer,0,t/m3,TfNSW Engineering Carbon and Cost Library (ECCL) L5
Australia,Substructure,Earthworks - Contaminated Material,Material Classified as Special Waste,0,t/t,TfNSW Engineering Carbon and Cost Library (ECCL) L5
Australia,Substructure,Earthworks - Contaminated Material,Material Classified as Hazardous Waste,0,t/t,TfNSW Engineering Carbon and Cost Library (ECCL) L5
Australia,Substructure,Earthworks - Contaminated Material,Material Classified as Restricted Solid Waste,0,t/t,TfNSW Engineering Carbon and Cost Library (ECCL) L5
Australia,Substructure,Construction of Verges,Haul and Place Verge Material from Stockpiles,0,t/m3,TfNSW Engineering Carbon and Cost Library (ECCL) L5
Australia,Substructure,Stabilisation of Earthworks - Binder Supply,Quicklime,0.9975,t/t,TfNSW Engineering Carbon and Cost Library (ECCL) L5
Australia,Substructure,Stabilisation of Earthworks - Binder Supply,Hydrated Lime,0.9975,t/t,TfNSW Engineering Carbon and Cost Library (ECCL) L5
Australia,Substructure,Stabilisation of Earthworks - Binder Supply,Slag/Lime blend,0.9975,t/t,TfNSW Engineering Carbon and Cost Library (ECCL) L5
Australia,Substructure,Stabilisation of Earthworks - Binder Supply,Cement,0.9975,t/t,TfNSW Engineering Carbon and Cost Library (ECCL) L5
Australia,Substructure,Stabilisation of Earthworks by insitu mixing,Quicklime,0,t/m3,TfNSW Engineering Carbon and Cost Library (ECCL) L5
Australia,Substructure,Stabilisation of Earthworks by insitu mixing,Hydrated Lime,0,t/m3,TfNSW Engineering Carbon and Cost Library (ECCL) L5
Australia,Substructure,Stabilisation of Earthworks by insitu mixing,Slag/Lime Blend,0,t/m3,TfNSW Engineering Carbon and Cost Library (ECCL) L5
Australia,Substructure,Stabilisation of Earthworks by insitu mixing,Cement,0,t/m3,TfNSW Engineering Carbon and Cost Library (ECCL) L5
Australia,Substructure,Stabilisation of Earthworks Using Plant Mixed Material,Quicklime,0,t/m3,TfNSW Engineering Carbon and Cost Library (ECCL) L5
Australia,Substructure,Stabilisation of Earthworks Using Plant Mixed Material,Hydrated Lime,0,t/m3,TfNSW Engineering Carbon and Cost Library (ECCL) L5
Australia,Substructure,Stabilisation of Earthworks Using Plant Mixed Material,Slag/Lime Blend,0,t/m3,TfNSW Engineering Carbon and Cost Library (ECCL) L5
Australia,Substructure,Stabilisation of Earthworks Using Plant Mixed Material,Cement,0,t/m3,TfNSW Engineering Carbon and Cost Library (ECCL) L5
Australia,Pavements,General Concrete Paving,N25 Concrete 100mm thick reinforced with SL72,0.267393641,t/m2,TfNSW Engineering Carbon and Cost Library (ECCL) L5
Australia,Pavements,General Concrete Paving,N25 Concrete 125mm thick reinforced with SL72,0.330245937,t/m2,TfNSW Engineering Carbon and Cost Library (ECCL) L5
Australia,Pavements,General Concrete Paving,N25 Concrete 150mm thick reinforced with SL72,0.393098232,t/m2,TfNSW Engineering Carbon and Cost Library (ECCL) L5
Australia,Pavements,General Concrete Paving,N25 Concrete 100mm thick reinforced with SL82,0.268267641,t/m2,TfNSW Engineering Carbon and Cost Library (ECCL) L5
Australia,Pavements,General Concrete Paving,N25 Concrete 125mm thick reinforced with SL82,0.331119937,t/m2,TfNSW Engineering Carbon and Cost Library (ECCL) L5
Australia,Pavements,General Concrete Paving,N25 Concrete 150mm thick reinforced with SL82,0.393972232,t/m2,TfNSW Engineering Carbon and Cost Library (ECCL) L5
Australia,Pavements,General Concrete Paving,N32 Concrete 100mm thick reinforced with SL72,0.264671131,t/m2,TfNSW Engineering Carbon and Cost Library (ECCL) L5
Australia,Pavements,General Concrete Paving,N32 Concrete 125mm thick reinforced with SL72,0.326836881,t/m2,TfNSW Engineering Carbon and Cost Library (ECCL) L5
Australia,Pavements,General Concrete Paving,N32 Concrete 150mm thick reinforced with SL72,0.38900263,t/m2,TfNSW Engineering Carbon and Cost Library (ECCL) L5
Australia,Pavements,General Concrete Paving,N32 Concrete 100mm thick reinforced with SL82,0.265545131,t/m2,TfNSW Engineering Carbon and Cost Library (ECCL) L5
Australia,Pavements,General Concrete Paving,N32 Concrete 125mm thick reinforced with SL82,0.327710881,t/m2,TfNSW Engineering Carbon and Cost Library (ECCL) L5
Australia,Pavements,General Concrete Paving,N32 Concrete 150mm thick reinforced with SL82,0.38987663,t/m2,TfNSW Engineering Carbon and Cost Library (ECCL) L5
Australia,Pavements,General Concrete Paving,N25 Concrete 100mm thick reinforced with SL72,0.267393641,t/m2,TfNSW Engineering Carbon and Cost Library (ECCL) L5
Australia,Pavements,General Concrete Paving,N25 Concrete 125mm thick reinforced with SL72,0.330245937,t/m2,TfNSW Engineering Carbon and Cost Library (ECCL) L5
Australia,Pavements,General Concrete Paving,N25 Concrete 150mm thick reinforced with SL72,0.393098232,t/m2,TfNSW Engineering Carbon and Cost Library (ECCL) L5
Australia,Pavements,General Concrete Paving,N25 Concrete 100mm thick reinforced with SL82,0.268267641,t/m2,TfNSW Engineering Carbon and Cost Library (ECCL) L5
Australia,Pavements,General Concrete Paving,N25 Concrete 125mm thick reinforced with SL82,0.331119937,t/m2,TfNSW Engineering Carbon and Cost Library (ECCL) L5
Australia,Pavements,General Concrete Paving,N25 Concrete 150mm thick reinforced with SL82,0.393972232,t/m2,TfNSW Engineering Carbon and Cost Library (ECCL) L5
Australia,Pavements,General Concrete Paving,N32 Concrete 100mm thick reinforced with SL72,0.264671131,t/m2,TfNSW Engineering Carbon and Cost Library (ECCL) L5
Australia,Pavements,General Concrete Paving,N32 Concrete 125mm thick reinforced with SL72,0.326836881,t/m2,TfNSW Engineering Carbon and Cost Library (ECCL) L5
Australia,Pavements,General Concrete Paving,N32 Concrete 150mm thick reinforced with SL72,0.38900263,t/m2,TfNSW Engineering Carbon and Cost Library (ECCL) L5
Australia,Pavements,General Concrete Paving,N32 Concrete 100mm thick reinforced with SL82,0.265545131,t/m2,TfNSW Engineering Carbon and Cost Library (ECCL) L5
Australia,Pavements,General Concrete Paving,N32 Concrete 125mm thick reinforced with SL82,0.327710881,t/m2,TfNSW Engineering Carbon and Cost Library (ECCL) L5
Australia,Pavements,General Concrete Paving,N32 Concrete 150mm thick reinforced with SL82,0.38987663,t/m2,TfNSW Engineering Carbon and Cost Library (ECCL) L5
Australia,Pavements,General Concrete Paving,Subbase Layer,2.299,t/m3,TfNSW Engineering Carbon and Cost Library (ECCL) L5
Australia,Pavements,General Concrete Paving,Tactile Indicators,0.0323,t/m2,TfNSW Engineering Carbon and Cost Library (ECCL) L5
Australia,Substructure,Rock Filled Gabions and Mattresses,Galvanised wire mesh gabions,1.709280375,t/m3,TfNSW Engineering Carbon and Cost Library (ECCL) L5
Australia,Substructure,Rock Filled Gabions and Mattresses,PVC Coated Galvanised wire mesh gabions,1.713569625,t/m3,TfNSW Engineering Carbon and Cost Library (ECCL) L5
Australia,Substructure,Rock Filled Gabions and Mattresses,Galvanised wire mesh mattresses - 170mm thickness,0.288945785,t/m2,TfNSW Engineering Carbon and Cost Library (ECCL) L5
Australia,Substructure,Rock Filled Gabions and Mattresses,Galvanised wire mesh mattresses - 230mm thickness,0.390702423,t/m2,TfNSW Engineering Carbon and Cost Library (ECCL) L5
Australia,Substructure,Rock Filled Gabions and Mattresses,Galvanised wire mesh mattresses - 300mm thickness,0.511553031,t/m2,TfNSW Engineering Carbon and Cost Library (ECCL) L5
Australia,Substructure,Rock Filled Gabions and Mattresses,PVC coated galvanised wire mesh mattresses - 170mm thickness,0.288992058,t/m2,TfNSW Engineering Carbon and Cost Library (ECCL) L5
Australia,Substructure,Rock Filled Gabions and Mattresses,PVC coated galvanised wire mesh mattresses - 230mm thickness,0.390750358,t/m2,TfNSW Engineering Carbon and Cost Library (ECCL) L5
Australia,Substructure,Rock Filled Gabions and Mattresses,PVC coated galvanised wire mesh mattresses - 300mm thickness,0.511914625,t/m2,TfNSW Engineering Carbon and Cost Library (ECCL) L5
Australia,Substructure,Rock Filled Gabions and Mattresses,Galvanised Wire Terramesh,1.70411532,t/m2,TfNSW Engineering Carbon and Cost Library (ECCL) L5
Australia,Substructure,Rock Filled Gabions and Mattresses,PVC Coated Galvanised wire Terramesh,2.274764455,t/m2,TfNSW Engineering Carbon and Cost Library (ECCL) L5
Australia,Substructure,Rock Filled Gabions and Mattresses,Select Backfill for Terramesh Panels,2.2363,t/m3,TfNSW Engineering Carbon and Cost Library (ECCL) L5
Australia,Substructure,Rock Filled Gabions and Mattresses,Excavation for Gabions,0,t/m3,TfNSW Engineering Carbon and Cost Library (ECCL) L5
Australia,Substructure,Rock Filled Gabions and Mattresses,Excavation for Mattresses,0,t/m3,TfNSW Engineering Carbon and Cost Library (ECCL) L5
Australia,Substructure,Construction of Reinforced Soil Walls (contractor’s design),Supply of Components,0.35775,t/m2,TfNSW Engineering Carbon and Cost Library (ECCL) L5
Australia,Substructure,Construction of Reinforced Soil Walls (contractor’s design),Preparation of Foundation,0,t/m2,TfNSW Engineering Carbon and Cost Library (ECCL) L5
Australia,Substructure,Construction of Reinforced Soil Walls (contractor’s design),Base/Concrete Strip Footings,0.355756502,t/m,TfNSW Engineering Carbon and Cost Library (ECCL) L5
Australia,Substructure,Construction of Reinforced Soil Walls (contractor’s design),Erection of RSW Panels,0,t/m2,TfNSW Engineering Carbon and Cost Library (ECCL) L5
Australia,Substructure,Construction of Reinforced Soil Walls (contractor’s design),Drainage Layer,1.88271285,t/m3,TfNSW Engineering Carbon and Cost Library (ECCL) L5
Australia,Substructure,Construction of Reinforced Soil Walls (contractor’s design),Capping,0.538324531,t/m,TfNSW Engineering Carbon and Cost Library (ECCL) L5
Australia,Substructure,Construction of Reinforced Soil Walls (contractor’s design),Extra Over for Supply and Placing Reinforced Fill Material,2.299,t/m3,TfNSW Engineering Carbon and Cost Library (ECCL) L5
Australia,Substructure,Construction of Reinforced Soil Walls (contractor’s design),Extra Over for Supply and Placing Imported or Borrowed Material for Fill Above and Behind Reinforced Soil Block,2.299,t/m3,TfNSW Engineering Carbon and Cost Library (ECCL) L5
Australia,Substructure,Construction of Reinforced Soil Walls (principal’s design),Supply of Components,0.35775,t/m2,TfNSW Engineering Carbon and Cost Library (ECCL) L5
Australia,Substructure,Construction of Reinforced Soil Walls (principal’s design),Preparation of Foundation,0,t/m2,TfNSW Engineering Carbon and Cost Library (ECCL) L5
Australia,Substructure,Construction of Reinforced Soil Walls (principal’s design),Base/Concrete Strip Footings,0.355756502,t/m,TfNSW Engineering Carbon and Cost Library (ECCL) L5
Australia,Substructure,Construction of Reinforced Soil Walls (principal’s design),Erection of RSW Panels,0,t/m2,TfNSW Engineering Carbon and Cost Library (ECCL) L5
Australia,Substructure,Construction of Reinforced Soil Walls (principal’s design),Drainage Layer,1.88271285,t/m3,TfNSW Engineering Carbon and Cost Library (ECCL) L5
Australia,Substructure,Construction of Reinforced Soil Walls (principal’s design),Capping,0.538324531,t/m,TfNSW Engineering Carbon and Cost Library (ECCL) L5
Australia,Substructure,Construction of Reinforced Soil Walls (principal’s design),Extra Over for Supply and Placing Reinforced Fill Material,2.299,t/m3,TfNSW Engineering Carbon and Cost Library (ECCL) L5
Australia,Substructure,Construction of Reinforced Soil Walls (principal’s design),Extra Over for Supply and Placing Imported or Borrowed Material for Fill Above and Behind Reinforced Soil Block,2.299,t/m3,TfNSW Engineering Carbon and Cost Library (ECCL) L5
Australia,Substructure,Construction of Reinforced Concrete Walls,Excavation to Required Levels,0,t/m3,TfNSW Engineering Carbon and Cost Library (ECCL) L5
Australia,Substructure,Construction of Reinforced Concrete Walls,Preparation of Foundation,0,t/m2,TfNSW Engineering Carbon and Cost Library (ECCL) L5
Australia,Substructure,Construction of Reinforced Concrete Walls,Mass Concrete Blinding Layer,2.912196087,t/m3,TfNSW Engineering Carbon and Cost Library (ECCL) L5
Australia,Substructure,Construction of Reinforced Concrete Walls,Supply and Place Steel Bar Reinforcement,1.045,t/t,TfNSW Engineering Carbon and Cost Library (ECCL) L5
Australia,Substructure,Construction of Reinforced Concrete Walls,Supply and Place Wire Reinforcing Fabric,0.01850695,t/m2,TfNSW Engineering Carbon and Cost Library (ECCL) L5
Australia,Substructure,Construction of Reinforced Concrete Walls,Supply and Placement of N25 Concrete to base slab,2.282612093,t/m3,TfNSW Engineering Carbon and Cost Library (ECCL) L5
Australia,Substructure,Construction of Reinforced Concrete Walls,Supply and Placement of N32 Concrete to base slab,2.257721643,t/m3,TfNSW Engineering Carbon and Cost Library (ECCL) L5
Australia,Substructure,Construction of Reinforced Concrete Walls,Supply and Placement of N40 Concrete to base slab,2.38198652,t/m3,TfNSW Engineering Carbon and Cost Library (ECCL) L5
Australia,Substructure,Construction of Reinforced Concrete Walls,Supply and Placement of N25 Concrete to wall,2.345419949,t/m3,TfNSW Engineering Carbon and Cost Library (ECCL) L5
Australia,Substructure,Construction of Reinforced Concrete Walls,Supply and Placement of N32 Concrete to wall,2.320226026,t/m3,TfNSW Engineering Carbon and Cost Library (ECCL) L5
Australia,Substructure,Construction of Reinforced Concrete Walls,Supply and Placement of N40 Concrete to wall,2.44600598,t/m3,TfNSW Engineering Carbon and Cost Library (ECCL) L5
Australia,Substructure,Construction of Reinforced Concrete Walls,Finish and Cure Concrete,0.000236763,t/m2,TfNSW Engineering Carbon and Cost Library (ECCL) L5
Australia,Substructure,Construction of Reinforced Concrete Walls,100 mm dia Corrugated Perforated Plastic Drainage Pipe,0.0006783,t/m,TfNSW Engineering Carbon and Cost Library (ECCL) L5
Australia,Substructure,Construction of Reinforced Concrete Walls,Geofabric,0.000296875,t/m2,TfNSW Engineering Carbon and Cost Library (ECCL) L5
Australia,Substructure,Construction of Reinforced Concrete Walls,Drainage Aggregate,2.09,t/m3,TfNSW Engineering Carbon and Cost Library (ECCL) L5
Australia,Substructure,Construction of Reinforced Concrete Walls,Expansion Joints,0.000207272,t/m,TfNSW Engineering Carbon and Cost Library (ECCL) L5
Australia,Substructure,Construction of Reinforced Concrete Walls,Isolation Joints,0.000207272,t/m,TfNSW Engineering Carbon and Cost Library (ECCL) L5
Australia,Substructure,Construction of Reinforced Concrete Walls,Contraction Joints,0.000123447,t/m,TfNSW Engineering Carbon and Cost Library (ECCL) L5
Australia,Substructure,Construction of Reinforced Concrete Walls,Select Fill,2.4035,t/m3,TfNSW Engineering Carbon and Cost Library (ECCL) L5
Australia,Substructure,Construction of Reinforced Concrete Walls,Earth Fill,0,t/m3,TfNSW Engineering Carbon and Cost Library (ECCL) L5
Australia,Substructure,Construction of Reinforced Concrete Walls with Piled Foundations,Casing supply - 750mm Diameter,0.316657285,t/m,TfNSW Engineering Carbon and Cost Library (ECCL) L5
Australia,Substructure,Construction of Reinforced Concrete Walls with Piled Foundations,Casing supply - 900mm Diameter,0.384690061,t/m,TfNSW Engineering Carbon and Cost Library (ECCL) L5
Australia,Substructure,Construction of Reinforced Concrete Walls with Piled Foundations,Casing supply - 1050mm Diameter,0.447691817,t/m,TfNSW Engineering Carbon and Cost Library (ECCL) L5
Australia,Substructure,Construction of Reinforced Concrete Walls with Piled Foundations,Casing supply - 1200mm Diameter,0.510693573,t/m,TfNSW Engineering Carbon and Cost Library (ECCL) L5
Australia,Substructure,Construction of Reinforced Concrete Walls with Piled Foundations,Casing supply - 1500mm Diameter,0.636697084,t/m,TfNSW Engineering Carbon and Cost Library (ECCL) L5
Australia,Substructure,Construction of Reinforced Concrete Walls with Piled Foundations,Drilling from Ground Level to Start of Rock Coring,0,t/m,TfNSW Engineering Carbon and Cost Library (ECCL) L5
Australia,Substructure,Construction of Reinforced Concrete Walls with Piled Foundations,Rock Coring,0,t/m,TfNSW Engineering Carbon and Cost Library (ECCL) L5
Australia,Substructure,Construction of Reinforced Concrete Walls with Piled Foundations,Attendance of Professional Geotechnical Engineer During Pile Hole Excavation Inside Casing,0,t/hour,TfNSW Engineering Carbon and Cost Library (ECCL) L5
Australia,Substructure,Construction of Reinforced Concrete Walls with Piled Foundations,Casing to Contract Level - 750mm Diameter,0,t/m,TfNSW Engineering Carbon and Cost Library (ECCL) L5
Australia,Substructure,Construction of Reinforced Concrete Walls with Piled Foundations,Casing to Contract Level - 900mm Diameter,0,t/m,TfNSW Engineering Carbon and Cost Library (ECCL) L5
Australia,Substructure,Construction of Reinforced Concrete Walls with Piled Foundations,Casing to Contract Level - 1050mm Diameter,0,t/m,TfNSW Engineering Carbon and Cost Library (ECCL) L5
Australia,Substructure,Construction of Reinforced Concrete Walls with Piled Foundations,Casing to Contract Level - 1200mm Diameter,0,t/m,TfNSW Engineering Carbon and Cost Library (ECCL) L5
Australia,Substructure,Construction of Reinforced Concrete Walls with Piled Foundations,Casing to Contract Level - 1500mm Diameter,0,t/m,TfNSW Engineering Carbon and Cost Library (ECCL) L5
Australia,Substructure,Construction of Reinforced Concrete Walls with Piled Foundations,Pile exacavation & permanent casing installation - 750mm Diameter,0,t/m,TfNSW Engineering Carbon and Cost Library (ECCL) L5
Australia,Substructure,Construction of Reinforced Concrete Walls with Piled Foundations,Pile exacavation & permanent casing installation - 900mm Diameter,0,t/m,TfNSW Engineering Carbon and Cost Library (ECCL) L5
Australia,Substructure,Construction of Reinforced Concrete Walls with Piled Foundations,Pile exacavation & permanent casing installation - 1050mm Diameter,0,t/m,TfNSW Engineering Carbon and Cost Library (ECCL) L5
Australia,Substructure,Construction of Reinforced Concrete Walls with Piled Foundations,Pile exacavation & permanent casing installation - 1200mm Diameter,0,t/m,TfNSW Engineering Carbon and Cost Library (ECCL) L5
Australia,Substructure,Construction of Reinforced Concrete Walls with Piled Foundations,Pile exacavation & permanent casing installation - 1500mm Diameter,0,t/m,TfNSW Engineering Carbon and Cost Library (ECCL) L5
Australia,Substructure,Construction of Reinforced Concrete Walls with Piled Foundations,Pile exacavation & temporary casing to contract level - 750mm Diameter,0.03135,t/m,TfNSW Engineering Carbon and Cost Library (ECCL) L5
Australia,Substructure,Construction of Reinforced Concrete Walls with Piled Foundations,Pile exacavation & temporary casing to contract level - 900mm Diameter,0.03705,t/m,TfNSW Engineering Carbon and Cost Library (ECCL) L5
Australia,Substructure,Construction of Reinforced Concrete Walls with Piled Foundations,Pile exacavation & temporary casing to contract level - 1050mm Diameter,0.0437,t/m,TfNSW Engineering Carbon and Cost Library (ECCL) L5
Australia,Substructure,Construction of Reinforced Concrete Walls with Piled Foundations,Pile exacavation & temporary casing to contract level - 1200mm Diameter,0.0494,t/m,TfNSW Engineering Carbon and Cost Library (ECCL) L5
Australia,Substructure,Construction of Reinforced Concrete Walls with Piled Foundations,Pile exacavation & temporary casing to contract level - 1500mm Diameter,0.06175,t/m,TfNSW Engineering Carbon and Cost Library (ECCL) L5
Australia,Substructure,Construction of Reinforced Concrete Walls with Piled Foundations,Pile exacavation & temporary casing below contract level - 750mm Diameter,0,t/m,TfNSW Engineering Carbon and Cost Library (ECCL) L5
Australia,Substructure,Construction of Reinforced Concrete Walls with Piled Foundations,Pile exacavation & temporary casing below contract level - 900mm Diameter,0,t/m,TfNSW Engineering Carbon and Cost Library (ECCL) L5
Australia,Substructure,Construction of Reinforced Concrete Walls with Piled Foundations,Pile exacavation & temporary casing below contract level - 1050mm Diameter,0,t/m,TfNSW Engineering Carbon and Cost Library (ECCL) L5
Australia,Substructure,Construction of Reinforced Concrete Walls with Piled Foundations,Pile exacavation & temporary casing below contract level - 1200mm Diameter,0,t/m,TfNSW Engineering Carbon and Cost Library (ECCL) L5
Australia,Substructure,Construction of Reinforced Concrete Walls with Piled Foundations,Pile exacavation & temporary casing below contract level - 1500mm Diameter,0,t/m,TfNSW Engineering Carbon and Cost Library (ECCL) L5
Australia,Substructure,Construction of Reinforced Concrete Walls with Piled Foundations,For Indirect Visual or Other Inspection Method,0,t/each,TfNSW Engineering Carbon and Cost Library (ECCL) L5
Australia,Substructure,Construction of Reinforced Concrete Walls with Piled Foundations,For CCTV Indirect Examination Method - Provisional Quantity,0,t/each,TfNSW Engineering Carbon and Cost Library (ECCL) L5
Australia,Substructure,Construction of Reinforced Concrete Walls with Piled Foundations,Reinforcement to Contract Level,1.067667,t/t,TfNSW Engineering Carbon and Cost Library (ECCL) L5
Australia,Substructure,Construction of Reinforced Concrete Walls with Piled Foundations,Reinforcement to Below Contract Level - Provisional Quantity.,1.037172,t/t,TfNSW Engineering Carbon and Cost Library (ECCL) L5
Australia,Substructure,Construction of Reinforced Concrete Walls with Piled Foundations,Concrete placement to Contract Level,2.492068975,t/m3,TfNSW Engineering Carbon and Cost Library (ECCL) L5
Australia,Substructure,Construction of Reinforced Concrete Walls with Piled Foundations,Concrete placement below Contract Level - Provisional Quantity.,2.492068975,t/m3,TfNSW Engineering Carbon and Cost Library (ECCL) L5
Australia,Substructure,Construction of Reinforced Concrete Walls with Piled Foundations,Pile Integrity Testing,0,t/each,TfNSW Engineering Carbon and Cost Library (ECCL) L5
Australia,Substructure,Construction of Reinforced Concrete Walls with Piled Foundations,Additional Pile Integrity Testing - Provisional Quantity,0,t/each,TfNSW Engineering Carbon and Cost Library (ECCL) L5
Australia,Substructure,Construction of Reinforced Concrete Walls with Piled Foundations,Site Establishment,0,t/each,TfNSW Engineering Carbon and Cost Library (ECCL) L5
Australia,Substructure,Construction of Reinforced Concrete Walls with Piled Foundations,Pile Testing,0,t/each,TfNSW Engineering Carbon and Cost Library (ECCL) L5
Australia,Substructure,Construction of Reinforced Concrete Walls with Piled Foundations,Additional Pile Testing - Provisional Quantity,0,t/each,TfNSW Engineering Carbon and Cost Library (ECCL) L5
Australia,Substructure,Construction of Reinforced Concrete Walls with Piled Foundations,Test Member - Provisional Quantity,0,t/each,TfNSW Engineering Carbon and Cost Library (ECCL) L5
Australia,Substructure,Construction of Reinforced Concrete Walls with Piled Foundations,Excavation to Required Levels,0,t/m3,TfNSW Engineering Carbon and Cost Library (ECCL) L5
Australia,Substructure,Construction of Reinforced Concrete Walls with Piled Foundations,Preparation of Foundation,0,t/m2,TfNSW Engineering Carbon and Cost Library (ECCL) L5
Australia,Substructure,Construction of Reinforced Concrete Walls with Piled Foundations,Mass Concrete Blinding Layer,2.912196087,t/m3,TfNSW Engineering Carbon and Cost Library (ECCL) L5
Australia,Substructure,Construction of Reinforced Concrete Walls with Piled Foundations,Pile Cap - Supply and Place Steel Bar Reinforcement,1.045,t/t,TfNSW Engineering Carbon and Cost Library (ECCL) L5
Australia,Substructure,Construction of Reinforced Concrete Walls with Piled Foundations,Pile Cap - Supply and Placement of N25 Concrete,2.410829408,t/m3,TfNSW Engineering Carbon and Cost Library (ECCL) L5
Australia,Substructure,Construction of Reinforced Concrete Walls with Piled Foundations,Pile Cap - Supply and Placement of N32 Concrete,2.384598578,t/m3,TfNSW Engineering Carbon and Cost Library (ECCL) L5
Australia,Substructure,Construction of Reinforced Concrete Walls with Piled Foundations,Pile Cap - Supply and Placement of N40 Concrete,2.514798968,t/m3,TfNSW Engineering Carbon and Cost Library (ECCL) L5
Australia,Substructure,Construction of Reinforced Concrete Walls with Piled Foundations,Pile Cap - Finish and Cure Concrete,0.000236788,t/m2,TfNSW Engineering Carbon and Cost Library (ECCL) L5
Australia,Substructure,Construction of Reinforced Concrete Walls with Piled Foundations,Wall - Supply and Place Steel Bar Reinforcement,1.045,t/t,TfNSW Engineering Carbon and Cost Library (ECCL) L5
Australia,Substructure,Construction of Reinforced Concrete Walls with Piled Foundations,Wall - Supply and Placement of N25 Concrete to wall,2.345419949,t/m3,TfNSW Engineering Carbon and Cost Library (ECCL) L5
Australia,Substructure,Construction of Reinforced Concrete Walls with Piled Foundations,Wall - Supply and Placement of N32 Concrete to wall,2.320226026,t/m3,TfNSW Engineering Carbon and Cost Library (ECCL) L5
Australia,Substructure,Construction of Reinforced Concrete Walls with Piled Foundations,Wall - Supply and Placement of N40 Concrete to wall,2.44600598,t/m3,TfNSW Engineering Carbon and Cost Library (ECCL) L5
Australia,Substructure,Construction of Reinforced Concrete Walls with Piled Foundations,Wall - Finish and Cure Concrete,0.000236101,t/m2,TfNSW Engineering Carbon and Cost Library (ECCL) L5
Australia,Substructure,Construction of Reinforced Concrete Walls with Piled Foundations,100 mm dia Corrugated Perforated Plastic Drainage Pipe,0.0006783,t/m,TfNSW Engineering Carbon and Cost Library (ECCL) L5
Australia,Substructure,Construction of Reinforced Concrete Walls with Piled Foundations,Geofabric,0.000296875,t/m2,TfNSW Engineering Carbon and Cost Library (ECCL) L5
Australia,Substructure,Construction of Reinforced Concrete Walls with Piled Foundations,Drainage Aggregate,2.09,t/m3,TfNSW Engineering Carbon and Cost Library (ECCL) L5
Australia,Substructure,Construction of Reinforced Concrete Walls with Piled Foundations,Expansion Joints,0.000207272,t/m,TfNSW Engineering Carbon and Cost Library (ECCL) L5
Australia,Substructure,Construction of Reinforced Concrete Walls with Piled Foundations,Isolation Joints,0.000207272,t/m,TfNSW Engineering Carbon and Cost Library (ECCL) L5
Australia,Substructure,Construction of Reinforced Concrete Walls with Piled Foundations,Contraction Joints,0.000123447,t/m,TfNSW Engineering Carbon and Cost Library (ECCL) L5
Australia,Substructure,Construction of Reinforced Concrete Walls with Piled Foundations,Select Fill,2.4035,t/m3,TfNSW Engineering Carbon and Cost Library (ECCL) L5
Australia,Substructure,Construction of Reinforced Concrete Walls with Piled Foundations,Earth Fill,0,t/m3,TfNSW Engineering Carbon and Cost Library (ECCL) L5
Australia,Substructure,Soil Nailing,Test nails up to 6 m length,0,t/each,TfNSW Engineering Carbon and Cost Library (ECCL) L5
Australia,Substructure,Soil Nailing,Test nails >6 to 9 m length,0,t/each,TfNSW Engineering Carbon and Cost Library (ECCL) L5
Australia,Substructure,Soil Nailing,Test nails >9 to 12 m length,0,t/each,TfNSW Engineering Carbon and Cost Library (ECCL) L5
Australia,Substructure,Soil Nailing,Test nails >12 to 15 m length,0,t/each,TfNSW Engineering Carbon and Cost Library (ECCL) L5
Australia,Substructure,Soil Nailing,Test nails >15 m length,0,t/each,TfNSW Engineering Carbon and Cost Library (ECCL) L5
Australia,Substructure,Soil Nailing,Permanent nails up to 6 m length,0.03786,t/each,TfNSW Engineering Carbon and Cost Library (ECCL) L5
Australia,Substructure,Soil Nailing,Permanent nails >6 to 9 m length,0.05679,t/each,TfNSW Engineering Carbon and Cost Library (ECCL) L5
Australia,Substructure,Soil Nailing,Permanent nails >9 to 12 m length,0.07572,t/each,TfNSW Engineering Carbon and Cost Library (ECCL) L5
Australia,Substructure,Soil Nailing,Permanent nails >12 to 15 m length,0.09465,t/each,TfNSW Engineering Carbon and Cost Library (ECCL) L5
Australia,Substructure,Soil Nailing,Permanent nails >15 m length,0.11358,t/each,TfNSW Engineering Carbon and Cost Library (ECCL) L5
Australia,Substructure,Soil Nailing,Shotcrete up to 50mm thick,0.169034028,t/m2,TfNSW Engineering Carbon and Cost Library (ECCL) L5
Australia,Substructure,Soil Nailing,Shotcrete 50mm to 100mm thick,0.242533892,t/m2,TfNSW Engineering Carbon and Cost Library (ECCL) L5
Australia,Substructure,Soil Nailing,Shotcrete 100mm to 150mm thick,0.389533621,t/m2,TfNSW Engineering Carbon and Cost Library (ECCL) L5
Australia,Substructure,Soil Nailing,Shotcrete >150mm thick,0.463033485,t/m2,TfNSW Engineering Carbon and Cost Library (ECCL) L5
Australia,Substructure,Soil Nailing,Strip Drains,0.001197,t/m,TfNSW Engineering Carbon and Cost Library (ECCL) L5
Australia,Substructure,Shotcrete Work without Steel Fibres,Class A up to 100mm thick,0.293544617,t/m2,TfNSW Engineering Carbon and Cost Library (ECCL) L5
Australia,Substructure,Shotcrete Work without Steel Fibres,Class A 100mm to 150mm thick,0.366930771,t/m2,TfNSW Engineering Carbon and Cost Library (ECCL) L5
Australia,Substructure,Shotcrete Work without Steel Fibres,Class A > 150mm thick,0.513703079,t/m2,TfNSW Engineering Carbon and Cost Library (ECCL) L5
Australia,Substructure,Shotcrete Work without Steel Fibres,Class B1 up to 100mm thick,0.293999457,t/m2,TfNSW Engineering Carbon and Cost Library (ECCL) L5
Australia,Substructure,Shotcrete Work without Steel Fibres,Class B1 100mm to 150mm thick,0.367499321,t/m2,TfNSW Engineering Carbon and Cost Library (ECCL) L5
Australia,Substructure,Shotcrete Work without Steel Fibres,Class B1 > 150mm thick,0.514499049,t/m2,TfNSW Engineering Carbon and Cost Library (ECCL) L5
Australia,Substructure,Shotcrete Work without Steel Fibres,Class B2 up to 100mm thick,0.293999457,t/m2,TfNSW Engineering Carbon and Cost Library (ECCL) L5
Australia,Substructure,Shotcrete Work without Steel Fibres,Class B2 100mm to 150mm thick,0.367499321,t/m2,TfNSW Engineering Carbon and Cost Library (ECCL) L5
Australia,Substructure,Shotcrete Work without Steel Fibres,Class B2 > 150mm thick,0.514499049,t/m2,TfNSW Engineering Carbon and Cost Library (ECCL) L5
Australia,Substructure,Shotcrete Work without Steel Fibres,Class C up to 100mm thick,0.293999457,t/m2,TfNSW Engineering Carbon and Cost Library (ECCL) L5
Australia,Substructure,Shotcrete Work without Steel Fibres,Class C 100mm to 150mm thick,0.367499321,t/m2,TfNSW Engineering Carbon and Cost Library (ECCL) L5
Australia,Substructure,Shotcrete Work without Steel Fibres,Class C > 150mm thick,0.514499049,t/m2,TfNSW Engineering Carbon and Cost Library (ECCL) L5
Australia,Pavements,Unbound and Modified Pavement Course,Supply and Place Subbase,2.29425,t/m3,TfNSW Engineering Carbon and Cost Library (ECCL) L5
Australia,Pavements,Unbound and Modified Pavement Course,Supply and Place Base,2.29425,t/m3,TfNSW Engineering Carbon and Cost Library (ECCL) L5
Australia,Pavements,Construction of Plant Mixed Heavily Bound Pavement Course,up to 100mm thick,1.37655,t/m2,TfNSW Engineering Carbon and Cost Library (ECCL) L5
Australia,Pavements,Construction of Plant Mixed Heavily Bound Pavement Course,101 to 150mm thick,1.720716,t/m2,TfNSW Engineering Carbon and Cost Library (ECCL) L5
Australia,Pavements,Construction of Plant Mixed Heavily Bound Pavement Course,151 to 200mm thick,2.408934,t/m2,TfNSW Engineering Carbon and Cost Library (ECCL) L5
Australia,Pavements,Construction of Plant Mixed Heavily Bound Pavement Course,201 to 250mm thick,3.097266,t/m2,TfNSW Engineering Carbon and Cost Library (ECCL) L5
Australia,Pavements,Construction of Plant Mixed Heavily Bound Pavement Course,251 to 300mm thick,3.785541,t/m2,TfNSW Engineering Carbon and Cost Library (ECCL) L5
Australia,Pavements,Construction of Plant Mixed Heavily Bound Pavement Course,301 to 350mm thick,4.473759,t/m2,TfNSW Engineering Carbon and Cost Library (ECCL) L5
Australia,Pavements,Construction of Plant Mixed Heavily Bound Pavement Course,351 to 400mm thick,5.162034,t/m2,TfNSW Engineering Carbon and Cost Library (ECCL) L5
Australia,Pavements,Construction of Plant Mixed Heavily Bound Pavement Course,401 to 450mm thick,5.850366,t/m2,TfNSW Engineering Carbon and Cost Library (ECCL) L5
Australia,Pavements,Construction of Plant Mixed Heavily Bound Pavement Course,451 to 500mm thick,6.538641,t/m2,TfNSW Engineering Carbon and Cost Library (ECCL) L5
Australia,Pavements,Construction of Plant Mixed Heavily Bound Pavement Course,>500mm thick,7.226916,t/m2,TfNSW Engineering Carbon and Cost Library (ECCL) L5
Australia,Pavements,Insitu Pavement Stabilisation Using Slow Setting Binders,up to 100mm thick,0.01147125,t/m2,TfNSW Engineering Carbon and Cost Library (ECCL) L5
Australia,Pavements,Insitu Pavement Stabilisation Using Slow Setting Binders,101 to 150mm thick,0.0143393,t/m2,TfNSW Engineering Carbon and Cost Library (ECCL) L5
Australia,Pavements,Insitu Pavement Stabilisation Using Slow Setting Binders,151 to 200mm thick,0.02007445,t/m2,TfNSW Engineering Carbon and Cost Library (ECCL) L5
Australia,Pavements,Insitu Pavement Stabilisation Using Slow Setting Binders,201 to 250mm thick,0.02581055,t/m2,TfNSW Engineering Carbon and Cost Library (ECCL) L5
Australia,Pavements,Insitu Pavement Stabilisation Using Slow Setting Binders,251 to 300mm thick,0.0315457,t/m2,TfNSW Engineering Carbon and Cost Library (ECCL) L5
Australia,Pavements,Insitu Pavement Stabilisation Using Slow Setting Binders,301 to 350mm thick,0.0372818,t/m2,TfNSW Engineering Carbon and Cost Library (ECCL) L5
Australia,Pavements,Insitu Pavement Stabilisation Using Slow Setting Binders,351 to 400mm thick,0.04301695,t/m2,TfNSW Engineering Carbon and Cost Library (ECCL) L5
Australia,Pavements,Insitu Pavement Stabilisation Using Slow Setting Binders,401 to 450mm thick,0.04875305,t/m2,TfNSW Engineering Carbon and Cost Library (ECCL) L5
Australia,Pavements,Insitu Pavement Stabilisation Using Slow Setting Binders,451 to 500mm thick,0.0544882,t/m2,TfNSW Engineering Carbon and Cost Library (ECCL) L5
Australia,Pavements,Insitu Pavement Stabilisation Using Slow Setting Binders,>500mm thick,0.0602243,t/m2,TfNSW Engineering Carbon and Cost Library (ECCL) L5
Australia,Pavements,Insitu Pavement Stabilisation Using Slow Setting Binders,Supply and Spreading of Imported Material To Be Bound,0.9975,t/t,TfNSW Engineering Carbon and Cost Library (ECCL) L5
Australia,Substructure,No Fines Concrete Subbase,Supply and Place No Fines Concrete in Subbase,2.265933526,t/m3,TfNSW Engineering Carbon and Cost Library (ECCL) L5
Australia,Substructure,No Fines Concrete Subbase,Supply and Place Dental Concrete,3.0338231,t/m3,TfNSW Engineering Carbon and Cost Library (ECCL) L5
Australia,Substructure,No Fines Concrete Subbase,Supply and Place Asphalt Interlayer,0.9975,t/t,TfNSW Engineering Carbon and Cost Library (ECCL) L5
Australia,Substructure,Lean-Mix Concrete Subbase,Supply and Place Concrete in Subbase,5.7892E-05,t/m3,TfNSW Engineering Carbon and Cost Library (ECCL) L5
Australia,Substructure,Lean-Mix Concrete Subbase,Finish and Cure Subbase,0.000198902,t/m2,TfNSW Engineering Carbon and Cost Library (ECCL) L5
Australia,Substructure,Lean-Mix Concrete Subbase,Surface Debonding Treatment,0.007952284,t/m2,TfNSW Engineering Carbon and Cost Library (ECCL) L5
Australia,Substructure,Lean-Mix Concrete Subbase,Subgrade Beams,2.386734069,t/m3,TfNSW Engineering Carbon and Cost Library (ECCL) L5
Australia,Pavements,Jointed Concrete Base,Supply and Place Concrete in Base (other than steel fibre reinforced concrete),2.238955158,t/m3,TfNSW Engineering Carbon and Cost Library (ECCL) L5
Australia,Pavements,Jointed Concrete Base,Supply and Place Steel Fibre Reinforced Concrete in Base,2.278855158,t/m3,TfNSW Engineering Carbon and Cost Library (ECCL) L5
Australia,Pavements,Jointed Concrete Base,"Finish, Cure and Texture Base",0.000198902,t/m2,TfNSW Engineering Carbon and Cost Library (ECCL) L5
Australia,Pavements,Jointed Concrete Base,SL72,0.01763295,t/m2,TfNSW Engineering Carbon and Cost Library (ECCL) L5
Australia,Pavements,Jointed Concrete Base,SL82,0.01850695,t/m2,TfNSW Engineering Carbon and Cost Library (ECCL) L5
Australia,Pavements,Jointed Concrete Base,SL92,0.01959945,t/m2,TfNSW Engineering Carbon and Cost Library (ECCL) L5
Australia,Pavements,Jointed Concrete Base,Supply and Place Steel Bar Reinforcement,1.045,t/t,TfNSW Engineering Carbon and Cost Library (ECCL) L5
Australia,Pavements,Jointed Concrete Base,Longitudinal Joints,0.001540903,t/m,TfNSW Engineering Carbon and Cost Library (ECCL) L5
Australia,Pavements,Jointed Concrete Base,Expansion Joints and Isolation Joints,0.000900772,t/m,TfNSW Engineering Carbon and Cost Library (ECCL) L5
Australia,Pavements,Jointed Concrete Base,Transverse Contraction Joints,0.00029687,t/m,TfNSW Engineering Carbon and Cost Library (ECCL) L5
Australia,Pavements,Jointed Concrete Base,Terminal and Slab Anchors,2.293613263,t/m3,TfNSW Engineering Carbon and Cost Library (ECCL) L5
Australia,Substructure,Roller Compacted Concrete Subbase,"Supply and Delivery, Spread Compact and Finish Roller Compacted Concrete",0,t/m3,TfNSW Engineering Carbon and Cost Library (ECCL) L5
Australia,Substructure,Roller Compacted Concrete Subbase,Emulsion Curing,0.000497254,t/m2,TfNSW Engineering Carbon and Cost Library (ECCL) L5
Australia,Substructure,Roller Compacted Concrete Subbase,Prime or Primer Seal,0.00877266,t/m2,TfNSW Engineering Carbon and Cost Library (ECCL) L5
Australia,Pavements,Cold Milling of Road Pavement Materials,Milling to specified depth of cut <30mm,0,t/m2,TfNSW Engineering Carbon and Cost Library (ECCL) L5
Australia,Pavements,Cold Milling of Road Pavement Materials,Milling to specified depth of cut 30mm,0,t/m2,TfNSW Engineering Carbon and Cost Library (ECCL) L5
Australia,Pavements,Cold Milling of Road Pavement Materials,Milling to specified depth of cut 40mm,0,t/m2,TfNSW Engineering Carbon and Cost Library (ECCL) L5
Australia,Pavements,Cold Milling of Road Pavement Materials,Milling to specified depth of cut 50mm,0,t/m2,TfNSW Engineering Carbon and Cost Library (ECCL) L5
Australia,Pavements,Cold Milling of Road Pavement Materials,Milling to specified depth of cut 60mm,0,t/m2,TfNSW Engineering Carbon and Cost Library (ECCL) L5
Australia,Pavements,Cold Milling of Road Pavement Materials,Milling to specified depth of cut 70mm,0,t/m2,TfNSW Engineering Carbon and Cost Library (ECCL) L5
Australia,Pavements,Cold Milling of Road Pavement Materials,Milling to specified depth of cut 80mm,0,t/m2,TfNSW Engineering Carbon and Cost Library (ECCL) L5
Australia,Pavements,Cold Milling of Road Pavement Materials,Milling to specified depth of cut 90mm,0,t/m2,TfNSW Engineering Carbon and Cost Library (ECCL) L5
Australia,Pavements,Cold Milling of Road Pavement Materials,Milling to specified depth of cut 100mm,0,t/m2,TfNSW Engineering Carbon and Cost Library (ECCL) L5
Australia,Pavements,Cold Milling of Road Pavement Materials,Milling to specified depth of cut >100mm,0,t/m2,TfNSW Engineering Carbon and Cost Library (ECCL) L5
Australia,Pavements,Cold Milling of Road Pavement Materials,Milling to specified level <30mm (average depth),0,t/m2,TfNSW Engineering Carbon and Cost Library (ECCL) L5
Australia,Pavements,Cold Milling of Road Pavement Materials,Milling to specified level 30mm (average depth),0,t/m2,TfNSW Engineering Carbon and Cost Library (ECCL) L5
Australia,Pavements,Cold Milling of Road Pavement Materials,Milling to specified level 40mm (average depth),0,t/m2,TfNSW Engineering Carbon and Cost Library (ECCL) L5
Australia,Pavements,Cold Milling of Road Pavement Materials,Milling to specified level 50mm (average depth),0,t/m2,TfNSW Engineering Carbon and Cost Library (ECCL) L5
Australia,Pavements,Cold Milling of Road Pavement Materials,Milling to specified level 60mm (average depth),0,t/m2,TfNSW Engineering Carbon and Cost Library (ECCL) L5
Australia,Pavements,Cold Milling of Road Pavement Materials,Milling to specified level 70mm (average depth),0,t/m2,TfNSW Engineering Carbon and Cost Library (ECCL) L5
Australia,Pavements,Cold Milling of Road Pavement Materials,Milling to specified level 80mm (average depth),0,t/m2,TfNSW Engineering Carbon and Cost Library (ECCL) L5
Australia,Pavements,Cold Milling of Road Pavement Materials,Milling to specified level 90mm (average depth),0,t/m2,TfNSW Engineering Carbon and Cost Library (ECCL) L5
Australia,Pavements,Cold Milling of Road Pavement Materials,Milling to specified level 100mm (average depth),0,t/m2,TfNSW Engineering Carbon and Cost Library (ECCL) L5
Australia,Pavements,Cold Milling of Road Pavement Materials,Milling to specified level >100mm (average depth),0,t/m2,TfNSW Engineering Carbon and Cost Library (ECCL) L5
Australia,Pavements,Cold Milling of Road Pavement Materials,Milling to Retexture a Surface,0,t/m2,TfNSW Engineering Carbon and Cost Library (ECCL) L5
Australia,Pavements,Cold Milling of Road Pavement Materials,Milling to Optimise Final Ride Quality,0,t/m2,TfNSW Engineering Carbon and Cost Library (ECCL) L5
Australia,Pavements,Cold Milling of Road Pavement Materials,Milling over concrete structures <30mm (average depth),0,t/m2,TfNSW Engineering Carbon and Cost Library (ECCL) L5
Australia,Pavements,Cold Milling of Road Pavement Materials,Milling over concrete structures 30mm (average depth),0,t/m2,TfNSW Engineering Carbon and Cost Library (ECCL) L5
Australia,Pavements,Cold Milling of Road Pavement Materials,Milling over concrete structures 40mm (average depth),0,t/m2,TfNSW Engineering Carbon and Cost Library (ECCL) L5
Australia,Pavements,Cold Milling of Road Pavement Materials,Milling over concrete structures 50mm (average depth),0,t/m2,TfNSW Engineering Carbon and Cost Library (ECCL) L5
Australia,Pavements,Cold Milling of Road Pavement Materials,Milling over concrete structures 60mm (average depth),0,t/m2,TfNSW Engineering Carbon and Cost Library (ECCL) L5
Australia,Pavements,Cold Milling of Road Pavement Materials,Milling over concrete structures 70mm (average depth),0,t/m2,TfNSW Engineering Carbon and Cost Library (ECCL) L5
Australia,Pavements,Cold Milling of Road Pavement Materials,Milling over concrete structures 80mm (average depth),0,t/m2,TfNSW Engineering Carbon and Cost Library (ECCL) L5
Australia,Pavements,Cold Milling of Road Pavement Materials,Milling over concrete structures 90mm (average depth),0,t/m2,TfNSW Engineering Carbon and Cost Library (ECCL) L5
Australia,Pavements,Cold Milling of Road Pavement Materials,Milling over concrete structures 100mm (average depth),0,t/m2,TfNSW Engineering Carbon and Cost Library (ECCL) L5
Australia,Pavements,Cold Milling of Road Pavement Materials,Milling over concrete structures >100mm (average depth),0,t/m2,TfNSW Engineering Carbon and Cost Library (ECCL) L5
Australia,Pavements,Cold Milling of Road Pavement Materials,Affected Area Up to 10 Square Metres,0,t/m2,TfNSW Engineering Carbon and Cost Library (ECCL) L5
Australia,Pavements,Cold Milling of Road Pavement Materials,Affected Area Over 10 and Up to 25 Square Metres,0,t/m2,TfNSW Engineering Carbon and Cost Library (ECCL) L5
Australia,Pavements,Cold Milling of Road Pavement Materials,Affected Area Over 25 and Up to 50 Square Metres,0,t/m2,TfNSW Engineering Carbon and Cost Library (ECCL) L5
Australia,Pavements,Cold Milling of Road Pavement Materials,Affected Area Over 50 Square Metres,0,t/m2,TfNSW Engineering Carbon and Cost Library (ECCL) L5
Australia,Pavements,Cold Milling of Road Pavement Materials,Surcharge for Milling Base Concrete,0,t/m2,TfNSW Engineering Carbon and Cost Library (ECCL) L5
Australia,Pavements,Cold Milling of Road Pavement Materials,Investigation Visit Undertaken,0,t/each,TfNSW Engineering Carbon and Cost Library (ECCL) L5
Australia,Pavements,Cold Milling of Road Pavement Materials,Cores Taken,0,t/each,TfNSW Engineering Carbon and Cost Library (ECCL) L5
Australia,Pavements,Sprayed Bituminous Surfacing (with cutback bitumen),AMC00,0.000959539,t/litre,TfNSW Engineering Carbon and Cost Library (ECCL) L5
Australia,Pavements,Sprayed Bituminous Surfacing (with cutback bitumen),AMC0,0.000934602,t/litre,TfNSW Engineering Carbon and Cost Library (ECCL) L5
Australia,Pavements,Sprayed Bituminous Surfacing (with cutback bitumen),AMC1,0.000989464,t/litre,TfNSW Engineering Carbon and Cost Library (ECCL) L5
Australia,Pavements,Sprayed Bituminous Surfacing (with cutback bitumen),AMC2,0.00100692,t/litre,TfNSW Engineering Carbon and Cost Library (ECCL) L5
Australia,Pavements,Sprayed Bituminous Surfacing (with cutback bitumen),AMC3,0.001021883,t/litre,TfNSW Engineering Carbon and Cost Library (ECCL) L5
Australia,Pavements,Sprayed Bituminous Surfacing (with cutback bitumen),AMC4,0.001034352,t/litre,TfNSW Engineering Carbon and Cost Library (ECCL) L5
Australia,Pavements,Sprayed Bituminous Surfacing (with cutback bitumen),Field Cutback Primer/Primerbinder,0.000994053,t/litre,TfNSW Engineering Carbon and Cost Library (ECCL) L5
Australia,Pavements,Sprayed Bituminous Surfacing (with cutback bitumen),Supply and Spray Binder - Class 170 Bitumen (including Adhesion Agent where required and Preparation of Surface),0.001074252,t/litre,TfNSW Engineering Carbon and Cost Library (ECCL) L5
Australia,Pavements,Sprayed Bituminous Surfacing (with cutback bitumen),Supply and Spray Binder - Class 320 Bitumen (including Adhesion Agent where required and Preparation of Surface),0.001074252,t/litre,TfNSW Engineering Carbon and Cost Library (ECCL) L5
Australia,Pavements,Sprayed Bituminous Surfacing (with cutback bitumen),Supply and Spray Binder – Multigrade 600/170 Bitumen (including Adhesion Agent where required and Preparation of Surface),0.001074252,t/litre,TfNSW Engineering Carbon and Cost Library (ECCL) L5
Australia,Pavements,Sprayed Bituminous Surfacing (with cutback bitumen),"Supply, Incorporate and Spray Cutter Oil in Binder",0.000798,t/litre,TfNSW Engineering Carbon and Cost Library (ECCL) L5
Australia,Pavements,Sprayed Bituminous Surfacing (with cutback bitumen),"Supply, Incorporate and Spray Flux Oil in Binder",0.000798,t/litre,TfNSW Engineering Carbon and Cost Library (ECCL) L5
Australia,Pavements,Sprayed Bituminous Surfacing (with cutback bitumen),5 mm Aggregate (Precoated),1.805050265,t/m3,TfNSW Engineering Carbon and Cost Library (ECCL) L5
Australia,Pavements,Sprayed Bituminous Surfacing (with cutback bitumen),7 mm Aggregate (Precoated),1.805050265,t/m3,TfNSW Engineering Carbon and Cost Library (ECCL) L5
Australia,Pavements,Sprayed Bituminous Surfacing (with cutback bitumen),10 mm Aggregate (Precoated),1.805050265,t/m3,TfNSW Engineering Carbon and Cost Library (ECCL) L5
Australia,Pavements,Sprayed Bituminous Surfacing (with cutback bitumen),14 mm Aggregate (Precoated),1.805050265,t/m3,TfNSW Engineering Carbon and Cost Library (ECCL) L5
Australia,Pavements,Sprayed Bituminous Surfacing (with cutback bitumen),Geotextile,0.0002375,t/m2,TfNSW Engineering Carbon and Cost Library (ECCL) L5
Australia,Pavements,Sprayed Bituminous Surfacing (with polymer modified bitumen),Supply and Spray Polymer Modified Bitumen (including Adhesion Agent where required and Preparation of Surface),0.001062577,t/litre,TfNSW Engineering Carbon and Cost Library (ECCL) L5
Australia,Pavements,Sprayed Bituminous Surfacing (with polymer modified bitumen),"Supply, Incorporate and Spray Cutter Oil in Binder",0.000798,t/litre,TfNSW Engineering Carbon and Cost Library (ECCL) L5
Australia,Pavements,Sprayed Bituminous Surfacing (with polymer modified bitumen),Supply and Spray Binder - Class 170 Bitumen (including Adhesion Agent where required and Preparation of Surface),0.001074252,t/litre,TfNSW Engineering Carbon and Cost Library (ECCL) L5
Australia,Pavements,Sprayed Bituminous Surfacing (with polymer modified bitumen),5 mm Aggregate (Precoated),1.805050265,t/m3,TfNSW Engineering Carbon and Cost Library (ECCL) L5
Australia,Pavements,Sprayed Bituminous Surfacing (with polymer modified bitumen),7 mm Aggregate (Precoated),1.805050265,t/m3,TfNSW Engineering Carbon and Cost Library (ECCL) L5
Australia,Pavements,Sprayed Bituminous Surfacing (with polymer modified bitumen),10 mm Aggregate (Precoated),1.805050265,t/m3,TfNSW Engineering Carbon and Cost Library (ECCL) L5
Australia,Pavements,Sprayed Bituminous Surfacing (with polymer modified bitumen),14 mm Aggregate (Precoated),1.805050265,t/m3,TfNSW Engineering Carbon and Cost Library (ECCL) L5
Australia,Pavements,Sprayed Bituminous Surfacing (with polymer modified bitumen),Supply and Incorporate Geotextile,0.0002375,t/m2,TfNSW Engineering Carbon and Cost Library (ECCL) L5
Australia,Pavements,Bituminous Slurry Surfacing,Surface Preparation,0,t/m2,TfNSW Engineering Carbon and Cost Library (ECCL) L5
Australia,Pavements,Bituminous Slurry Surfacing,Supply of material - 3 mm Nominal Size,1.52,t/m3,TfNSW Engineering Carbon and Cost Library (ECCL) L5
Australia,Pavements,Bituminous Slurry Surfacing,Supply of material - 4 mm Nominal Size,1.52,t/m3,TfNSW Engineering Carbon and Cost Library (ECCL) L5
Australia,Pavements,Bituminous Slurry Surfacing,Supply of material - 5 mm Nominal Size,1.52,t/m3,TfNSW Engineering Carbon and Cost Library (ECCL) L5
Australia,Pavements,Bituminous Slurry Surfacing,Supply of material - 7 mm Nominal Size,1.52,t/m3,TfNSW Engineering Carbon and Cost Library (ECCL) L5
Australia,Pavements,Bituminous Slurry Surfacing,Supply of material - 10 mm Nominal Size,1.52,t/m3,TfNSW Engineering Carbon and Cost Library (ECCL) L5
Australia,Pavements,Bituminous Slurry Surfacing,Laying and spreading - 3 mm Nominal Size,0,t/m2,TfNSW Engineering Carbon and Cost Library (ECCL) L5
Australia,Pavements,Bituminous Slurry Surfacing,Laying and spreading - 4 mm Nominal Size,0,t/m2,TfNSW Engineering Carbon and Cost Library (ECCL) L5
Australia,Pavements,Bituminous Slurry Surfacing,Laying and spreading - 5 mm Nominal Size,0,t/m2,TfNSW Engineering Carbon and Cost Library (ECCL) L5
Australia,Pavements,Bituminous Slurry Surfacing,Laying and spreading - 7 mm Nominal Size,0,t/m2,TfNSW Engineering Carbon and Cost Library (ECCL) L5
Australia,Pavements,Bituminous Slurry Surfacing,Laying and spreading - 10 mm Nominal Size,0,t/m2,TfNSW Engineering Carbon and Cost Library (ECCL) L5
Australia,Pavements,Coloured Surface Coatings for Bus Lanes and Cycleways,Preparation of Surface,0,t/m2,TfNSW Engineering Carbon and Cost Library (ECCL) L5
Australia,Pavements,Coloured Surface Coatings for Bus Lanes and Cycleways,Red,0.011913,t/m2,TfNSW Engineering Carbon and Cost Library (ECCL) L5
Australia,Pavements,Coloured Surface Coatings for Bus Lanes and Cycleways,Green,0.011913,t/m2,TfNSW Engineering Carbon and Cost Library (ECCL) L5
Australia,Pavements,Sprayed Bituminous Surfacing (with bitumen emulsion),Seal or Reseal (1.2 litres per m2),0.00126,t/litre,TfNSW Engineering Carbon and Cost Library (ECCL) L5
Australia,Pavements,Sprayed Bituminous Surfacing (with bitumen emulsion),Curing Membrane,0.00126,t/litre,TfNSW Engineering Carbon and Cost Library (ECCL) L5
Australia,Pavements,Sprayed Bituminous Surfacing (with bitumen emulsion),5 mm Aggregate (Precoated),2.004550265,t/m3,TfNSW Engineering Carbon and Cost Library (ECCL) L5
Australia,Pavements,Sprayed Bituminous Surfacing (with bitumen emulsion),7 mm Aggregate (Precoated),2.004550265,t/m3,TfNSW Engineering Carbon and Cost Library (ECCL) L5
Australia,Pavements,Sprayed Bituminous Surfacing (with bitumen emulsion),10 mm Aggregate (Precoated),2.004550265,t/m3,TfNSW Engineering Carbon and Cost Library (ECCL) L5
Australia,Pavements,Sprayed Bituminous Surfacing (with bitumen emulsion),14 mm Aggregate (Precoated),2.004550265,t/m3,TfNSW Engineering Carbon and Cost Library (ECCL) L5
Australia,Pavements,Sprayed Bituminous Surfacing (for enrichment & rejuvenation),AMC00,0.000963785,t/litre,TfNSW Engineering Carbon and Cost Library (ECCL) L5
Australia,Pavements,Sprayed Bituminous Surfacing (for enrichment & rejuvenation),AMC0,0.000938847,t/litre,TfNSW Engineering Carbon and Cost Library (ECCL) L5
Australia,Pavements,Sprayed Bituminous Surfacing (for enrichment & rejuvenation),AMC1,0.00099371,t/litre,TfNSW Engineering Carbon and Cost Library (ECCL) L5
Australia,Pavements,Sprayed Bituminous Surfacing (for enrichment & rejuvenation),AMC2,0.001011166,t/litre,TfNSW Engineering Carbon and Cost Library (ECCL) L5
Australia,Pavements,Sprayed Bituminous Surfacing (for enrichment & rejuvenation),AMC3,0.001026128,t/litre,TfNSW Engineering Carbon and Cost Library (ECCL) L5
Australia,Pavements,Sprayed Bituminous Surfacing (for enrichment & rejuvenation),Supply and Spray Binder - Class 170 Bitumen (Including Preparation of Surface),0.001075844,t/litre,TfNSW Engineering Carbon and Cost Library (ECCL) L5
Australia,Pavements,Sprayed Bituminous Surfacing (for enrichment & rejuvenation),Supply and Spray Bitumen Emulsion (Including Preparation of Surface),0.001075844,t/litre,TfNSW Engineering Carbon and Cost Library (ECCL) L5
Australia,Pavements,Sprayed Bituminous Surfacing (for enrichment & rejuvenation),"Supply, Incorporate and Spray Cutter Oil in Binder",0.000798,t/litre,TfNSW Engineering Carbon and Cost Library (ECCL) L5
Australia,Pavements,Sprayed Bituminous Surfacing (for enrichment & rejuvenation),Supply and Spray Rejuvenating Agent (Including Preparation of Surface),2.84687E-05,t/litre,TfNSW Engineering Carbon and Cost Library (ECCL) L5
Australia,Pavements,Sprayed Bituminous Surfacing (for enrichment & rejuvenation),"Supply, Apply and Incorporate Sand",1.69575,t/m3,TfNSW Engineering Carbon and Cost Library (ECCL) L5
Australia,Pavements,Sprayed Bituminous Surfacing (with fibre reinforcement),Supply and Spray Emulsion Binder (Including Preparation of Surface and Incorporation of Fibre Reinforcement),2.84687E-05,t/litre,TfNSW Engineering Carbon and Cost Library (ECCL) L5
Australia,Pavements,Sprayed Bituminous Surfacing (with fibre reinforcement),5 mm Aggregate,2.004550265,t/m3,TfNSW Engineering Carbon and Cost Library (ECCL) L5
Australia,Pavements,Sprayed Bituminous Surfacing (with fibre reinforcement),7 mm Aggregate,2.004550265,t/m3,TfNSW Engineering Carbon and Cost Library (ECCL) L5
Australia,Pavements,Sprayed Bituminous Surfacing (with fibre reinforcement),10 mm Aggregate,2.004550265,t/m3,TfNSW Engineering Carbon and Cost Library (ECCL) L5
Australia,Pavements,Sprayed Bituminous Surfacing (with fibre reinforcement),14 mm Aggregate,2.004550265,t/m3,TfNSW Engineering Carbon and Cost Library (ECCL) L5
Australia,Pavements,Heavy Duty Dense Graded Asphalt,Tackcoat,0.001084522,t/litre,TfNSW Engineering Carbon and Cost Library (ECCL) L5
Australia,Pavements,Heavy Duty Dense Graded Asphalt,Corrective courses - 5 mm Nominal Size,0.9975,t/t,TfNSW Engineering Carbon and Cost Library (ECCL) L5
Australia,Pavements,Heavy Duty Dense Graded Asphalt,Corrective courses - 7 mm Nominal size,0.9975,t/t,TfNSW Engineering Carbon and Cost Library (ECCL) L5
Australia,Pavements,Heavy Duty Dense Graded Asphalt,Corrective courses - 10 mm Nominal Size,0.9975,t/t,TfNSW Engineering Carbon and Cost Library (ECCL) L5
Australia,Pavements,Heavy Duty Dense Graded Asphalt,Corrective courses - 14 mm Nominal Size,0.9975,t/t,TfNSW Engineering Carbon and Cost Library (ECCL) L5
Australia,Pavements,Heavy Duty Dense Graded Asphalt,Corrective courses - 20 mm Nominal Size,0.9975,t/t,TfNSW Engineering Carbon and Cost Library (ECCL) L5
Australia,Pavements,Heavy Duty Dense Graded Asphalt,"Intermediate courses - 10 mm Nominal Size, … mm thick",0.9975,t/t,TfNSW Engineering Carbon and Cost Library (ECCL) L5
Australia,Pavements,Heavy Duty Dense Graded Asphalt,"Intermediate courses - 14 mm Nominal Size, … mm thick",0.9975,t/t,TfNSW Engineering Carbon and Cost Library (ECCL) L5
Australia,Pavements,Heavy Duty Dense Graded Asphalt,"Intermediate courses - 20 mm Nominal Size, … mm thick",0.9975,t/t,TfNSW Engineering Carbon and Cost Library (ECCL) L5
Australia,Pavements,Heavy Duty Dense Graded Asphalt,"Intermediate courses - 28 mm Nominal Size, … mm thick",0.9975,t/t,TfNSW Engineering Carbon and Cost Library (ECCL) L5
Australia,Pavements,Heavy Duty Dense Graded Asphalt,Cold Mix,0,t/t,TfNSW Engineering Carbon and Cost Library (ECCL) L5
Australia,Pavements,Heavy Duty Dense Graded Asphalt,Fine Gap Graded,0,t/t,TfNSW Engineering Carbon and Cost Library (ECCL) L5
Australia,Pavements,Heavy Duty Dense Graded Asphalt,Proprietary Mix,0,t/t,TfNSW Engineering Carbon and Cost Library (ECCL) L5
Australia,Pavements,Heavy Duty Dense Graded Asphalt,"Wearing course - 5 mm Nominal Size, … mm thick",0.9975,t/t,TfNSW Engineering Carbon and Cost Library (ECCL) L5
Australia,Pavements,Heavy Duty Dense Graded Asphalt,"Wearing course - 7 mm Nominal Size, … mm thick",0.9975,t/t,TfNSW Engineering Carbon and Cost Library (ECCL) L5
Australia,Pavements,Heavy Duty Dense Graded Asphalt,"Wearing course - 10 mm Nominal Size, … mm thick",0.9975,t/t,TfNSW Engineering Carbon and Cost Library (ECCL) L5
Australia,Pavements,Heavy Duty Dense Graded Asphalt,"Wearing course - 14 mm Nominal Size, … mm thick",0.9975,t/t,TfNSW Engineering Carbon and Cost Library (ECCL) L5
Australia,Pavements,Heavy Duty Dense Graded Asphalt,Cold Mix,0,t/t,TfNSW Engineering Carbon and Cost Library (ECCL) L5
Australia,Pavements,Heavy Duty Dense Graded Asphalt,Fine Gap Graded,0,t/t,TfNSW Engineering Carbon and Cost Library (ECCL) L5
Australia,Pavements,Heavy Duty Dense Graded Asphalt,Proprietary Mix,0,t/t,TfNSW Engineering Carbon and Cost Library (ECCL) L5
Australia,Pavements,Heavy Duty Dense Graded Asphalt,Over existing pavement (no levels specified) - 5 mm Nominal Size,0.9975,t/t,TfNSW Engineering Carbon and Cost Library (ECCL) L5
Australia,Pavements,Heavy Duty Dense Graded Asphalt,Over existing pavement (no levels specified) - 7 mm Nominal Size,0.9975,t/t,TfNSW Engineering Carbon and Cost Library (ECCL) L5
Australia,Pavements,Heavy Duty Dense Graded Asphalt,Over existing pavement (no levels specified) - 10 mm Nominal Size,0.9975,t/t,TfNSW Engineering Carbon and Cost Library (ECCL) L5
Australia,Pavements,Heavy Duty Dense Graded Asphalt,Over existing pavement (no levels specified) - 14 mm Nominal Size,0.9975,t/t,TfNSW Engineering Carbon and Cost Library (ECCL) L5
Australia,Pavements,Heavy Duty Dense Graded Asphalt,Over existing pavement (levels specified) - 5 mm Nominal Size,0.9975,t/t,TfNSW Engineering Carbon and Cost Library (ECCL) L5
Australia,Pavements,Heavy Duty Dense Graded Asphalt,Over existing pavement (levels specified) - 7 mm Nominal Size,0.9975,t/t,TfNSW Engineering Carbon and Cost Library (ECCL) L5
Australia,Pavements,Heavy Duty Dense Graded Asphalt,Over existing pavement (levels specified) - 10 mm Nominal Size,0.9975,t/t,TfNSW Engineering Carbon and Cost Library (ECCL) L5
Australia,Pavements,Heavy Duty Dense Graded Asphalt,Over existing pavement (levels specified) - 14 mm Nominal Size,0.9975,t/t,TfNSW Engineering Carbon and Cost Library (ECCL) L5
Australia,Pavements,Heavy Duty Dense Graded Asphalt,Resilient Modulus Test,0,t/each mix,TfNSW Engineering Carbon and Cost Library (ECCL) L5
Australia,Pavements,Heavy Duty Dense Graded Asphalt,Wheel Tracking Test,0,t/each mix,TfNSW Engineering Carbon and Cost Library (ECCL) L5
Australia,Pavements,Light Duty Dense Graded Asphalt,Supply and Application of Tackcoat (Including Preparation of Surface),0.001084522,t/litre,TfNSW Engineering Carbon and Cost Library (ECCL) L5
Australia,Pavements,Light Duty Dense Graded Asphalt,Corrective courses - 5 mm Nominal Size,0.9975,t/t,TfNSW Engineering Carbon and Cost Library (ECCL) L5
Australia,Pavements,Light Duty Dense Graded Asphalt,Corrective courses - 7 mm Nominal Size,0.9975,t/t,TfNSW Engineering Carbon and Cost Library (ECCL) L5
Australia,Pavements,Light Duty Dense Graded Asphalt,Corrective courses - 10 mm Nominal Size,0.9975,t/t,TfNSW Engineering Carbon and Cost Library (ECCL) L5
Australia,Pavements,Light Duty Dense Graded Asphalt,Corrective courses - 14 mm Nominal Size,0.9975,t/t,TfNSW Engineering Carbon and Cost Library (ECCL) L5
Australia,Pavements,Light Duty Dense Graded Asphalt,Corrective courses - 20 mm Nominal Size,0.9975,t/t,TfNSW Engineering Carbon and Cost Library (ECCL) L5
Australia,Pavements,Light Duty Dense Graded Asphalt,Intermediate courses - 10 mm Nominal Size,0.9975,t/t,TfNSW Engineering Carbon and Cost Library (ECCL) L5
Australia,Pavements,Light Duty Dense Graded Asphalt,Intermediate courses - 14 mm Nominal Size,0.9975,t/t,TfNSW Engineering Carbon and Cost Library (ECCL) L5
Australia,Pavements,Light Duty Dense Graded Asphalt,Intermediate courses - 20 mm Nominal Size,0.9975,t/t,TfNSW Engineering Carbon and Cost Library (ECCL) L5
Australia,Pavements,Light Duty Dense Graded Asphalt,Wearing course - 5 mm Nominal Size,0.9975,t/t,TfNSW Engineering Carbon and Cost Library (ECCL) L5
Australia,Pavements,Light Duty Dense Graded Asphalt,Wearing course - 7 mm Nominal Size,0.9975,t/t,TfNSW Engineering Carbon and Cost Library (ECCL) L5
Australia,Pavements,Light Duty Dense Graded Asphalt,Wearing course - 10 mm Nominal Size,0.9975,t/t,TfNSW Engineering Carbon and Cost Library (ECCL) L5
Australia,Pavements,Light Duty Dense Graded Asphalt,Wearing course - 14 mm Nominal Size,0.9975,t/t,TfNSW Engineering Carbon and Cost Library (ECCL) L5
Australia,Pavements,Light Duty Dense Graded Asphalt,Footpath mix,0.9975,t/t,TfNSW Engineering Carbon and Cost Library (ECCL) L5
Australia,Pavements,Light Duty Dense Graded Asphalt,Over existing pavement (no levels specified) - 5 mm Nominal Size,0.9975,t/t,TfNSW Engineering Carbon and Cost Library (ECCL) L5
Australia,Pavements,Light Duty Dense Graded Asphalt,Over existing pavement (no levels specified) - 7 mm Nominal Size,0.9975,t/t,TfNSW Engineering Carbon and Cost Library (ECCL) L5
Australia,Pavements,Light Duty Dense Graded Asphalt,Over existing pavement (no levels specified) - 10 mm Nominal Size,0.9975,t/t,TfNSW Engineering Carbon and Cost Library (ECCL) L5
Australia,Pavements,Light Duty Dense Graded Asphalt,Over existing pavement (no levels specified) - 14 mm Nominal Size,0.9975,t/t,TfNSW Engineering Carbon and Cost Library (ECCL) L5
Australia,Pavements,Light Duty Dense Graded Asphalt,Footpath mix,0.9975,t/t,TfNSW Engineering Carbon and Cost Library (ECCL) L5
Australia,Pavements,Light Duty Dense Graded Asphalt,Over existing pavement (levels specified) - 5 mm Nominal Size,0.9975,t/t,TfNSW Engineering Carbon and Cost Library (ECCL) L5
Australia,Pavements,Light Duty Dense Graded Asphalt,Over existing pavement (levels specified) - 7 mm Nominal Size,0.9975,t/t,TfNSW Engineering Carbon and Cost Library (ECCL) L5
Australia,Pavements,Light Duty Dense Graded Asphalt,Over existing pavement (levels specified) - 10 mm Nominal Size,0.9975,t/t,TfNSW Engineering Carbon and Cost Library (ECCL) L5
Australia,Pavements,Light Duty Dense Graded Asphalt,Over existing pavement (levels specified) - 14 mm Nominal Size,0.9975,t/t,TfNSW Engineering Carbon and Cost Library (ECCL) L5
Australia,Pavements,Light Duty Dense Graded Asphalt,Footpath mix,0.9975,t/t,TfNSW Engineering Carbon and Cost Library (ECCL) L5
Australia,Pavements,Crumb Rubber Asphalt,Supply and Application of Tackcoat (Including Preparation of Surface),0.001084522,t/litre,TfNSW Engineering Carbon and Cost Library (ECCL) L5
Australia,Pavements,Crumb Rubber Asphalt,Intermediate course - 10 mm Nominal Size,0.9975,t/t,TfNSW Engineering Carbon and Cost Library (ECCL) L5
Australia,Pavements,Crumb Rubber Asphalt,Intermediate course - 14 mm Nominal Size,0.9975,t/t,TfNSW Engineering Carbon and Cost Library (ECCL) L5
Australia,Pavements,Crumb Rubber Asphalt,Wearing course - 10 mm Nominal Size,0.9975,t/t,TfNSW Engineering Carbon and Cost Library (ECCL) L5
Australia,Pavements,Crumb Rubber Asphalt,Wearing course - 14 mm Nominal Size,0.9975,t/t,TfNSW Engineering Carbon and Cost Library (ECCL) L5
Australia,Pavements,Crumb Rubber Asphalt,Over existing pavement (no levels specified) - 10 mm Nominal Size,0.9975,t/t,TfNSW Engineering Carbon and Cost Library (ECCL) L5
Australia,Pavements,Crumb Rubber Asphalt,Over existing pavement (no levels specified) - 14 mm Nominal Size,0.9975,t/t,TfNSW Engineering Carbon and Cost Library (ECCL) L5
Australia,Pavements,Crumb Rubber Asphalt,Over existing pavement (levels specified) - 10 mm Nominal Size,0.9975,t/t,TfNSW Engineering Carbon and Cost Library (ECCL) L5
Australia,Pavements,Crumb Rubber Asphalt,Over existing pavement (levels specified) - 14 mm Nominal Size,0.9975,t/t,TfNSW Engineering Carbon and Cost Library (ECCL) L5
Australia,Pavements,Crumb Rubber Asphalt,Wheel Tracking Test,0,t/each mix,TfNSW Engineering Carbon and Cost Library (ECCL) L5
Australia,Pavements,Open Graded Asphalt,Supply and Application of Tack Coat (Including Preparation of Surface),0.001084522,t/litre,TfNSW Engineering Carbon and Cost Library (ECCL) L5
Australia,Pavements,Open Graded Asphalt,Wearing course - 10 mm Nominal Size,0.9975,t/t,TfNSW Engineering Carbon and Cost Library (ECCL) L5
Australia,Pavements,Open Graded Asphalt,Wearing course - 14 mm Nominal Size,0.9975,t/t,TfNSW Engineering Carbon and Cost Library (ECCL) L5
Australia,Pavements,Open Graded Asphalt,Intermediate course - 10 mm Nominal Size,0.9975,t/t,TfNSW Engineering Carbon and Cost Library (ECCL) L5
Australia,Pavements,Open Graded Asphalt,Intermediate course - 14 mm Nominal Size,0.9975,t/t,TfNSW Engineering Carbon and Cost Library (ECCL) L5
Australia,Pavements,Stone Mastic Asphalt,Preparation of Surface,0,t/m2,TfNSW Engineering Carbon and Cost Library (ECCL) L5
Australia,Pavements,Stone Mastic Asphalt,10 mm Nominal Size,0.9975,t/t,TfNSW Engineering Carbon and Cost Library (ECCL) L5
Australia,Pavements,Stone Mastic Asphalt,14 mm Nominal Size,0.9975,t/t,TfNSW Engineering Carbon and Cost Library (ECCL) L5
Australia,Pavements,Thin Open Graded Asphalt Surfacing,Preparation of Surface,0,t/m2,TfNSW Engineering Carbon and Cost Library (ECCL) L5
Australia,Pavements,Thin Open Graded Asphalt Surfacing,10 mm Nominal Size,1.016465906,t/t,TfNSW Engineering Carbon and Cost Library (ECCL) L5
Australia,Pavements,High Modulus Asphalt (EME2),Tackcoat,0.001084522,t/litre,TfNSW Engineering Carbon and Cost Library (ECCL) L5
Australia,Pavements,High Modulus Asphalt (EME2),Intermediate course - 14 mm Nominal Size,0.969,t/t,TfNSW Engineering Carbon and Cost Library (ECCL) L5
Australia,Pavements,High Modulus Asphalt (EME2),Over existing pavement (no levels specified) - 14 mm Nominal Size,0.969,t/t,TfNSW Engineering Carbon and Cost Library (ECCL) L5
Australia,Pavements,High Modulus Asphalt (EME2),Over existing pavement (levels specified) - 14 mm Nominal Size,0.969,t/t,TfNSW Engineering Carbon and Cost Library (ECCL) L5
Australia,Non-structural works,Safety Barrier Systems,MASH TL 3 Steel Rail Safety Barrier,0.0283,t/m,TfNSW Engineering Carbon and Cost Library (ECCL) L5
Australia,Non-structural works,Safety Barrier Systems,MASH TL4 Steel Rail Safety Barrier,0.026885,t/m,TfNSW Engineering Carbon and Cost Library (ECCL) L5
Australia,Non-structural works,Safety Barrier Systems,Post Holes at 400mm Diameter (Item with provisional quantity),0.285,t/each,TfNSW Engineering Carbon and Cost Library (ECCL) L5
Australia,Non-structural works,Safety Barrier Systems,MASH TL 3 Wire Rope Safety Barrier,0.0082,t/m,TfNSW Engineering Carbon and Cost Library (ECCL) L5
Australia,Non-structural works,Safety Barrier Systems,MASH TL 4 Wire Rope Safety Barrier,0.0082,t/m,TfNSW Engineering Carbon and Cost Library (ECCL) L5
Australia,Non-structural works,Safety Barrier Systems,Construction of Plastic Safety Barriers,1.24138E-05,t/m,TfNSW Engineering Carbon and Cost Library (ECCL) L5
Australia,Non-structural works,Safety Barrier Systems,Concrete Barrier - Type F Full,0.748860983,t/m,TfNSW Engineering Carbon and Cost Library (ECCL) L5
Australia,Non-structural works,Safety Barrier Systems,Concrete Barrier - Type F Half,0.701600281,t/m,TfNSW Engineering Carbon and Cost Library (ECCL) L5
Australia,Non-structural works,Safety Barrier Systems,Concrete Barrier - Type F Single,0.748860983,t/m,TfNSW Engineering Carbon and Cost Library (ECCL) L5
Australia,Non-structural works,Safety Barrier Systems,Concrete Barrier - Vertical Full,0.748860983,t/m,TfNSW Engineering Carbon and Cost Library (ECCL) L5
Australia,Non-structural works,Safety Barrier Systems,Concrete Barrier - Vertical Half,0.701600281,t/m,TfNSW Engineering Carbon and Cost Library (ECCL) L5
Australia,Non-structural works,Bowe Kerbs,Concrete Barrier - Bowe Kerb - nearside,0.525373031,t/m,TfNSW Engineering Carbon and Cost Library (ECCL) L5
Australia,Non-structural works,Bowe Kerbs,Bowe Kerb - median (continuous keyed foundation),0.763319531,t/m,TfNSW Engineering Carbon and Cost Library (ECCL) L5
Australia,Non-structural works,Bowe Kerbs,Bowe Kerb - median (dowels),0.526062731,t/m,TfNSW Engineering Carbon and Cost Library (ECCL) L5
Australia,Non-structural works,Terminal,ET-SS Terminal,0.37677,t/each,TfNSW Engineering Carbon and Cost Library (ECCL) L5
Australia,Non-structural works,Terminal,Trailing Terminal,0.06226,t/each,TfNSW Engineering Carbon and Cost Library (ECCL) L5
Australia,Non-structural works,Terminal,MSKT (MASH Sequential Kinking Terminal),0.39,t/each,TfNSW Engineering Carbon and Cost Library (ECCL) L5
Australia,Non-structural works,Terminal,Max-Tension Terminal,0.55,t/each,TfNSW Engineering Carbon and Cost Library (ECCL) L5
Australia,Non-structural works,Terminal,Trend Median Terminal,0.692,t/each,TfNSW Engineering Carbon and Cost Library (ECCL) L5
Australia,Non-structural works,Safety Barrier Systems,UNIVERSAL TAU-M Crash Cushion,1.5806,t/each,TfNSW Engineering Carbon and Cost Library (ECCL) L5
Australia,Non-structural works,Safety Barrier Systems,HERCULES Crash Cushion,1.02,t/each,TfNSW Engineering Carbon and Cost Library (ECCL) L5
Australia,Non-structural works,Safety Barrier Systems,QUADGUARD Elite M10 Crash Cushion,2,t/each,TfNSW Engineering Carbon and Cost Library (ECCL) L5
Australia,Non-structural works,Safety Barrier Systems,QUADGUARD M10 Crash Cushion,2,t/each,TfNSW Engineering Carbon and Cost Library (ECCL) L5
Australia,Non-structural works,Safety Barrier Systems,SMART Crash Cushion,1.57,t/each,TfNSW Engineering Carbon and Cost Library (ECCL) L5
Australia,Non-structural works,Safety Barrier Systems,Ingal RBT (Rigid Barrier Transition),0.251,t/each,TfNSW Engineering Carbon and Cost Library (ECCL) L5
Australia,Non-structural works,Safety Barrier Systems,RAMSHIELD Transition,0.13698,t/each,TfNSW Engineering Carbon and Cost Library (ECCL) L5
Australia,Non-structural works,Safety Barrier Systems,HighwayGuard Safety Barrier,0.099,t/m,TfNSW Engineering Carbon and Cost Library (ECCL) L5
Australia,Non-structural works,Safety Barrier Systems,HighwayGuard LDS Steel Safety Barrier,0.099,t/m,TfNSW Engineering Carbon and Cost Library (ECCL) L5
Australia,Non-structural works,Safety Barrier Systems,SafeZone LDS Safety Barrier,0.0922,t/m,TfNSW Engineering Carbon and Cost Library (ECCL) L5
Australia,Non-structural works,Safety Barrier Systems,SafeZone Safety Barrier,0.0922,t/m,TfNSW Engineering Carbon and Cost Library (ECCL) L5
Australia,Non-structural works,Safety Barrier Systems,BG800 Safety Barrier,0.09,t/m,TfNSW Engineering Carbon and Cost Library (ECCL) L5
Australia,Non-structural works,Safety Barrier Systems,BG800 MDS Safety Barrier,0.09,t/m,TfNSW Engineering Carbon and Cost Library (ECCL) L5
Australia,Non-structural works,Safety Barrier Systems,HighwayGuard MDS Steel Safety Barrier,0.099,t/m,TfNSW Engineering Carbon and Cost Library (ECCL) L5
Australia,Non-structural works,Safety Barrier Systems,SafeZone MDS Safety Barrier,0.0922,t/m,TfNSW Engineering Carbon and Cost Library (ECCL) L5
Australia,Non-structural works,Safety Barrier Systems,BG800 LDS Safety Barrier,0.09,t/m,TfNSW Engineering Carbon and Cost Library (ECCL) L5
Australia,Non-structural works,Sign removal,Remove Regulatory Sign - 300mm x 300mm,0,t/each,TfNSW Engineering Carbon and Cost Library (ECCL) L5
Australia,Non-structural works,Sign removal,Remove Regulatory Sign - 450mm x 450mm,0,t/each,TfNSW Engineering Carbon and Cost Library (ECCL) L5
Australia,Non-structural works,Sign removal,Remove Regulatory Sign - 600mm x 600mm,0,t/each,TfNSW Engineering Carbon and Cost Library (ECCL) L5
Australia,Non-structural works,Sign removal,Remove Regulatory Sign - 750mm x 750mm,0,t/each,TfNSW Engineering Carbon and Cost Library (ECCL) L5
Australia,Non-structural works,Sign removal,Remove Regulatory Sign - 900mm x 900mm,0,t/each,TfNSW Engineering Carbon and Cost Library (ECCL) L5
Australia,Non-structural works,Sign removal,Remove Regulatory Sign - 1200mm x 1200mm,0,t/each,TfNSW Engineering Carbon and Cost Library (ECCL) L5
Australia,Non-structural works,Sign removal,Remove Warning Sign - 600mm x 600mm,0,t/each,TfNSW Engineering Carbon and Cost Library (ECCL) L5
Australia,Non-structural works,Sign removal,Remove Warning Sign - 750mm x 750mm,0,t/each,TfNSW Engineering Carbon and Cost Library (ECCL) L5
Australia,Non-structural works,Sign removal,Remove Warning Sign - 900mm x 900mm,0,t/each,TfNSW Engineering Carbon and Cost Library (ECCL) L5
Australia,Non-structural works,Sign removal,Remove Warning Sign - 1200mm x 1200mm,0,t/each,TfNSW Engineering Carbon and Cost Library (ECCL) L5
Australia,Non-structural works,Sign removal,Remove Warning Sign - 1400mm x 1800mm,0,t/each,TfNSW Engineering Carbon and Cost Library (ECCL) L5
Australia,Non-structural works,Sign removal,Remove Warning Sign - 1500mm x 3000mm,0,t/each,TfNSW Engineering Carbon and Cost Library (ECCL) L5
Australia,Non-structural works,Sign removal,Remove Guide Sign - <500mm x <500mm,0,t/each,TfNSW Engineering Carbon and Cost Library (ECCL) L5
Australia,Non-structural works,Sign removal,Remove Guide Sign - <1000mm x <500mm,0,t/each,TfNSW Engineering Carbon and Cost Library (ECCL) L5
Australia,Non-structural works,Sign removal,Remove Guide Sign - <1000mm x <1000mm,0,t/each,TfNSW Engineering Carbon and Cost Library (ECCL) L5
Australia,Non-structural works,Sign removal,Remove Guide Sign - <2000mm x <500mm,0,t/each,TfNSW Engineering Carbon and Cost Library (ECCL) L5
Australia,Non-structural works,Sign removal,Remove Guide Sign - <2000mm x <1000mm,0,t/each,TfNSW Engineering Carbon and Cost Library (ECCL) L5
Australia,Non-structural works,Sign removal,Remove Guide Sign - <2000mm x <2000mm,0,t/each,TfNSW Engineering Carbon and Cost Library (ECCL) L5
Australia,Non-structural works,Sign removal,Remove Guide Sign - <3000mm x <500mm,0,t/each,TfNSW Engineering Carbon and Cost Library (ECCL) L5
Australia,Non-structural works,Sign removal,Remove Guide Sign - <3000mm x <1000mm,0,t/each,TfNSW Engineering Carbon and Cost Library (ECCL) L5
Australia,Non-structural works,Sign removal,Remove Guide Sign - <3000mm x <2000mm,0,t/each,TfNSW Engineering Carbon and Cost Library (ECCL) L5
Australia,Non-structural works,Sign removal,Remove Guide Sign - <3000mm x <3000mm,0,t/each,TfNSW Engineering Carbon and Cost Library (ECCL) L5
Australia,Non-structural works,Sign removal,Remove Guide Sign - <4000mm x <1000mm,0,t/each,TfNSW Engineering Carbon and Cost Library (ECCL) L5
Australia,Non-structural works,Sign removal,Remove Guide Sign - <4000mm x <2000mm,0,t/each,TfNSW Engineering Carbon and Cost Library (ECCL) L5
Australia,Non-structural works,Sign removal,Remove Guide Sign - <4000mm x <4000mm,0,t/each,TfNSW Engineering Carbon and Cost Library (ECCL) L5
Australia,Non-structural works,Sign removal,Remove Guide Sign - <5000mm x <1000mm,0,t/each,TfNSW Engineering Carbon and Cost Library (ECCL) L5
Australia,Non-structural works,Sign removal,Remove Guide Sign - <5000mm x <2000mm,0,t/each,TfNSW Engineering Carbon and Cost Library (ECCL) L5
Australia,Non-structural works,Sign removal,Remove Guide Sign - <5000mm x <3000mm,0,t/each,TfNSW Engineering Carbon and Cost Library (ECCL) L5
Australia,Non-structural works,Sign removal,Remove Expressway Guide Sign - <500mm x <500mm,0,t/each,TfNSW Engineering Carbon and Cost Library (ECCL) L5
Australia,Non-structural works,Sign removal,Remove Expressway Guide Sign - <1000mm x <500mm,0,t/each,TfNSW Engineering Carbon and Cost Library (ECCL) L5
Australia,Non-structural works,Sign removal,Remove Expressway Guide Sign - <1000mm x <1000mm,0,t/each,TfNSW Engineering Carbon and Cost Library (ECCL) L5
Australia,Non-structural works,Sign removal,Remove Expressway Guide Sign - <2000mm x <500mm,0,t/each,TfNSW Engineering Carbon and Cost Library (ECCL) L5
Australia,Non-structural works,Sign removal,Remove Expressway Guide Sign - <2000mm x <1000mm,0,t/each,TfNSW Engineering Carbon and Cost Library (ECCL) L5
Australia,Non-structural works,Sign removal,Remove Expressway Guide Sign - <2000mm x <2000mm,0,t/each,TfNSW Engineering Carbon and Cost Library (ECCL) L5
Australia,Non-structural works,Sign removal,Remove Expressway Guide Sign - <3000mm x <500mm,0,t/each,TfNSW Engineering Carbon and Cost Library (ECCL) L5
Australia,Non-structural works,Sign removal,Remove Expressway Guide Sign - <3000mm x <1000mm,0,t/each,TfNSW Engineering Carbon and Cost Library (ECCL) L5
Australia,Non-structural works,Sign removal,Remove Expressway Guide Sign - <3000mm x <2000mm,0,t/each,TfNSW Engineering Carbon and Cost Library (ECCL) L5
Australia,Non-structural works,Sign removal,Remove Expressway Guide Sign - <3000mm x <3000mm,0,t/each,TfNSW Engineering Carbon and Cost Library (ECCL) L5
Australia,Non-structural works,Sign removal,Remove Expressway Guide Sign - <4000mm x <1000mm,0,t/each,TfNSW Engineering Carbon and Cost Library (ECCL) L5
Australia,Non-structural works,Sign removal,Remove Expressway Guide Sign - <4000mm x <2000mm,0,t/each,TfNSW Engineering Carbon and Cost Library (ECCL) L5
Australia,Non-structural works,Sign removal,Remove Expressway Guide Sign - <4000mm x <4000mm,0,t/each,TfNSW Engineering Carbon and Cost Library (ECCL) L5
Australia,Non-structural works,Sign removal,Remove Expressway Guide Sign - <5000mm x <1000mm,0,t/each,TfNSW Engineering Carbon and Cost Library (ECCL) L5
Australia,Non-structural works,Sign removal,Remove Expressway Guide Sign - <5000mm x <2000mm,0,t/each,TfNSW Engineering Carbon and Cost Library (ECCL) L5
Australia,Non-structural works,Sign removal,Remove Expressway Guide Sign - <5000mm x <3000mm,0,t/each,TfNSW Engineering Carbon and Cost Library (ECCL) L5
Australia,Non-structural works,Sign removal,Remove D Series Sign - <500mm x <500mm,0,t/each,TfNSW Engineering Carbon and Cost Library (ECCL) L5
Australia,Non-structural works,Sign removal,Remove D Series Sign - <1000mm x <500mm,0,t/each,TfNSW Engineering Carbon and Cost Library (ECCL) L5
Australia,Non-structural works,Sign removal,Remove D Series Sign - <1000mm x <1000mm,0,t/each,TfNSW Engineering Carbon and Cost Library (ECCL) L5
Australia,Non-structural works,Sign removal,Remove D Series Sign - <2000mm x <500mm,0,t/each,TfNSW Engineering Carbon and Cost Library (ECCL) L5
Australia,Non-structural works,Sign removal,Remove D Series Sign - <2000mm x <1000mm,0,t/each,TfNSW Engineering Carbon and Cost Library (ECCL) L5
Australia,Non-structural works,Sign removal,Remove D Series Sign - <2000mm x <2000mm,0,t/each,TfNSW Engineering Carbon and Cost Library (ECCL) L5
Australia,Non-structural works,Sign removal,Remove D Series Sign - <3000mm x <500mm,0,t/each,TfNSW Engineering Carbon and Cost Library (ECCL) L5
Australia,Non-structural works,Sign removal,Remove D Series Sign - <3000mm x <1000mm,0,t/each,TfNSW Engineering Carbon and Cost Library (ECCL) L5
Australia,Non-structural works,Sign removal,Remove D Series Sign - <4000mm x <1000mm,0,t/each,TfNSW Engineering Carbon and Cost Library (ECCL) L5
Australia,Non-structural works,Safety Foundations,Reinforced Concrete Pile Foundation,2.56192675,t/m3,TfNSW Engineering Carbon and Cost Library (ECCL) L5
Australia,Non-structural works,Safety Foundations,Reinforced Concrete Foundation (other than piles),2.481619315,t/m3,TfNSW Engineering Carbon and Cost Library (ECCL) L5
Australia,Non-structural works,Safety Barrier Systems,60.3 x 2.9 CHS,1.3005405,t/each,TfNSW Engineering Carbon and Cost Library (ECCL) L5
Australia,Non-structural works,Safety Barrier Systems,60.3 x 3.6 CHS,1.3005405,t/each,TfNSW Engineering Carbon and Cost Library (ECCL) L5
Australia,Non-structural works,Safety Barrier Systems,76.1 x 3.2 CHS,1.3005405,t/each,TfNSW Engineering Carbon and Cost Library (ECCL) L5
Australia,Non-structural works,Safety Barrier Systems,88.9 x 3.2 CHS,1.3005405,t/each,TfNSW Engineering Carbon and Cost Library (ECCL) L5
Australia,Non-structural works,Safety Barrier Systems,101.6x 3.2 CHS,1.3005405,t/each,TfNSW Engineering Carbon and Cost Library (ECCL) L5
Australia,Non-structural works,Safety Barrier Systems,114.3 x 3.2 CHS,1.3005405,t/each,TfNSW Engineering Carbon and Cost Library (ECCL) L5
Australia,Non-structural works,Sign relocation,Relocate Regulatory Sign - 300mm x 300mm,0,t/each,TfNSW Engineering Carbon and Cost Library (ECCL) L5
Australia,Non-structural works,Sign relocation,Relocate Regulatory Sign - 450mm x 450mm,0,t/each,TfNSW Engineering Carbon and Cost Library (ECCL) L5
Australia,Non-structural works,Sign relocation,Relocate Regulatory Sign - 600mm x 600mm,0,t/each,TfNSW Engineering Carbon and Cost Library (ECCL) L5
Australia,Non-structural works,Sign relocation,Relocate Regulatory Sign - 750mm x 750mm,0,t/each,TfNSW Engineering Carbon and Cost Library (ECCL) L5
Australia,Non-structural works,Sign relocation,Relocate Regulatory Sign - 900mm x 900mm,0,t/each,TfNSW Engineering Carbon and Cost Library (ECCL) L5
Australia,Non-structural works,Sign relocation,Relocate Regulatory Sign - 1200mm x 1200mm,0,t/each,TfNSW Engineering Carbon and Cost Library (ECCL) L5
Australia,Non-structural works,Sign relocation,Relocate Warning Sign - 600mm x 600mm,0,t/each,TfNSW Engineering Carbon and Cost Library (ECCL) L5
Australia,Non-structural works,Sign relocation,Relocate Warning Sign - 750mm x 750mm,0,t/each,TfNSW Engineering Carbon and Cost Library (ECCL) L5
Australia,Non-structural works,Sign relocation,Relocate Warning Sign - 900mm x 900mm,0,t/each,TfNSW Engineering Carbon and Cost Library (ECCL) L5
Australia,Non-structural works,Sign relocation,Relocate Warning Sign - 1200mm x 1200mm,0,t/each,TfNSW Engineering Carbon and Cost Library (ECCL) L5
Australia,Non-structural works,Sign relocation,Relocate Warning Sign - 1400mm x 1800mm,0,t/each,TfNSW Engineering Carbon and Cost Library (ECCL) L5
Australia,Non-structural works,Sign relocation,Relocate Warning Sign - 1500mm x 3000mm,0,t/each,TfNSW Engineering Carbon and Cost Library (ECCL) L5
Australia,Non-structural works,Sign relocation,Relocate Guide Sign - <500mm x <500mm,0,t/each,TfNSW Engineering Carbon and Cost Library (ECCL) L5
Australia,Non-structural works,Sign relocation,Relocate Guide Sign - <1000mm x <500mm,0,t/each,TfNSW Engineering Carbon and Cost Library (ECCL) L5
Australia,Non-structural works,Sign relocation,Relocate Guide Sign - <1000mm x <1000mm,0,t/each,TfNSW Engineering Carbon and Cost Library (ECCL) L5
Australia,Non-structural works,Sign relocation,Relocate Guide Sign - <2000mm x <500mm,0,t/each,TfNSW Engineering Carbon and Cost Library (ECCL) L5
Australia,Non-structural works,Sign relocation,Relocate Guide Sign - <2000mm x <1000mm,0,t/each,TfNSW Engineering Carbon and Cost Library (ECCL) L5
Australia,Non-structural works,Sign relocation,Relocate Guide Sign - <2000mm x <2000mm,0,t/each,TfNSW Engineering Carbon and Cost Library (ECCL) L5
Australia,Non-structural works,Sign relocation,Relocate Guide Sign - <3000mm x <500mm,0,t/each,TfNSW Engineering Carbon and Cost Library (ECCL) L5
Australia,Non-structural works,Sign relocation,Relocate Guide Sign - <3000mm x <1000mm,0,t/each,TfNSW Engineering Carbon and Cost Library (ECCL) L5
Australia,Non-structural works,Sign relocation,Relocate Guide Sign - <3000mm x <2000mm,0,t/each,TfNSW Engineering Carbon and Cost Library (ECCL) L5
Australia,Non-structural works,Sign relocation,Relocate Guide Sign - <3000mm x <3000mm,0,t/each,TfNSW Engineering Carbon and Cost Library (ECCL) L5
Australia,Non-structural works,Sign relocation,Relocate Guide Sign - <4000mm x <1000mm,0,t/each,TfNSW Engineering Carbon and Cost Library (ECCL) L5
Australia,Non-structural works,Sign relocation,Relocate Guide Sign - <4000mm x <2000mm,0,t/each,TfNSW Engineering Carbon and Cost Library (ECCL) L5
Australia,Non-structural works,Sign relocation,Relocate Guide Sign - <4000mm x <4000mm,0,t/each,TfNSW Engineering Carbon and Cost Library (ECCL) L5
Australia,Non-structural works,Sign relocation,Relocate Guide Sign - <5000mm x <1000mm,0,t/each,TfNSW Engineering Carbon and Cost Library (ECCL) L5
Australia,Non-structural works,Sign relocation,Relocate Guide Sign - <5000mm x <2000mm,0,t/each,TfNSW Engineering Carbon and Cost Library (ECCL) L5
Australia,Non-structural works,Sign relocation,Relocate Guide Sign - <5000mm x <3000mm,0,t/each,TfNSW Engineering Carbon and Cost Library (ECCL) L5
Australia,Non-structural works,Sign relocation,Relocate Expressway Guide Sign - <500mm x <500mm,0,t/each,TfNSW Engineering Carbon and Cost Library (ECCL) L5
Australia,Non-structural works,Sign relocation,Relocate Expressway Guide Sign - <1000mm x <500mm,0,t/each,TfNSW Engineering Carbon and Cost Library (ECCL) L5
Australia,Non-structural works,Sign relocation,Relocate Expressway Guide Sign - <1000mm x <1000mm,0,t/each,TfNSW Engineering Carbon and Cost Library (ECCL) L5
Australia,Non-structural works,Sign relocation,Relocate Expressway Guide Sign - <2000mm x <500mm,0,t/each,TfNSW Engineering Carbon and Cost Library (ECCL) L5
Australia,Non-structural works,Sign relocation,Relocate Expressway Guide Sign - <2000mm x <1000mm,0,t/each,TfNSW Engineering Carbon and Cost Library (ECCL) L5
Australia,Non-structural works,Sign relocation,Relocate Expressway Guide Sign - <2000mm x <2000mm,0,t/each,TfNSW Engineering Carbon and Cost Library (ECCL) L5
Australia,Non-structural works,Sign relocation,Relocate Expressway Guide Sign - <3000mm x <500mm,0,t/each,TfNSW Engineering Carbon and Cost Library (ECCL) L5
Australia,Non-structural works,Sign relocation,Relocate Expressway Guide Sign - <3000mm x <1000mm,0,t/each,TfNSW Engineering Carbon and Cost Library (ECCL) L5
Australia,Non-structural works,Sign relocation,Relocate Expressway Guide Sign - <3000mm x <2000mm,0,t/each,TfNSW Engineering Carbon and Cost Library (ECCL) L5
Australia,Non-structural works,Sign relocation,Relocate Expressway Guide Sign - <3000mm x <3000mm,0,t/each,TfNSW Engineering Carbon and Cost Library (ECCL) L5
Australia,Non-structural works,Sign relocation,Relocate Expressway Guide Sign - <4000mm x <1000mm,0,t/each,TfNSW Engineering Carbon and Cost Library (ECCL) L5
Australia,Non-structural works,Sign relocation,Relocate Expressway Guide Sign - <4000mm x <2000mm,0,t/each,TfNSW Engineering Carbon and Cost Library (ECCL) L5
Australia,Non-structural works,Sign relocation,Relocate Expressway Guide Sign - <4000mm x <4000mm,0,t/each,TfNSW Engineering Carbon and Cost Library (ECCL) L5
Australia,Non-structural works,Sign relocation,Relocate Expressway Guide Sign - <5000mm x <1000mm,0,t/each,TfNSW Engineering Carbon and Cost Library (ECCL) L5
Australia,Non-structural works,Sign relocation,Relocate Expressway Guide Sign - <5000mm x <2000mm,0,t/each,TfNSW Engineering Carbon and Cost Library (ECCL) L5
Australia,Non-structural works,Sign relocation,Relocate Expressway Guide Sign - <5000mm x <3000mm,0,t/each,TfNSW Engineering Carbon and Cost Library (ECCL) L5
Australia,Non-structural works,Sign relocation,Relocate D Series Sign - <500mm x <500mm,0,t/each,TfNSW Engineering Carbon and Cost Library (ECCL) L5
Australia,Non-structural works,Sign relocation,Relocate D Series Sign - <1000mm x <500mm,0,t/each,TfNSW Engineering Carbon and Cost Library (ECCL) L5
Australia,Non-structural works,Sign relocation,Relocate D Series Sign - <1000mm x <1000mm,0,t/each,TfNSW Engineering Carbon and Cost Library (ECCL) L5
Australia,Non-structural works,Sign relocation,Relocate D Series Sign - <2000mm x <500mm,0,t/each,TfNSW Engineering Carbon and Cost Library (ECCL) L5
Australia,Non-structural works,Sign relocation,Relocate D Series Sign - <2000mm x <1000mm,0,t/each,TfNSW Engineering Carbon and Cost Library (ECCL) L5
Australia,Non-structural works,Sign relocation,Relocate D Series Sign - <2000mm x <2000mm,0,t/each,TfNSW Engineering Carbon and Cost Library (ECCL) L5
Australia,Non-structural works,Sign relocation,Relocate D Series Sign - <3000mm x <500mm,0,t/each,TfNSW Engineering Carbon and Cost Library (ECCL) L5
Australia,Non-structural works,Sign relocation,Relocate D Series Sign - <3000mm x <1000mm,0,t/each,TfNSW Engineering Carbon and Cost Library (ECCL) L5
Australia,Non-structural works,Sign relocation,Relocate D Series Sign - <4000mm x <1000mm,0,t/each,TfNSW Engineering Carbon and Cost Library (ECCL) L5
Australia,Non-structural works,Safety Barrier Systems,60.3 x 2.9 CHS,0.23385275,t/each,TfNSW Engineering Carbon and Cost Library (ECCL) L5
Australia,Non-structural works,Safety Barrier Systems,76.1 x 3.2 CHS,0.24026175,t/each,TfNSW Engineering Carbon and Cost Library (ECCL) L5
Australia,Services and Equipment,Street Lighting,Excavation and Backfill of Conduit Trench,0.9405,t/m3,TfNSW Engineering Carbon and Cost Library (ECCL) L5
Australia,Services and Equipment,Vegetation,Spraying Weeds with Herbicide,0,t/m2,TfNSW Engineering Carbon and Cost Library (ECCL) L5
Australia,Services and Equipment,Vegetation,Areas with a slope of 5 to 1 or flatter,0.01147125,t/m2,TfNSW Engineering Carbon and Cost Library (ECCL) L5
Australia,Services and Equipment,Vegetation,Areas steeper than 5 to 1 except stepped batters.,0.01147125,t/m2,TfNSW Engineering Carbon and Cost Library (ECCL) L5
Australia,Services and Equipment,Vegetation,Stepped Batters,0.01147125,t/m2,TfNSW Engineering Carbon and Cost Library (ECCL) L5
Australia,Services and Equipment,Vegetation,Areas with a slope of 5 to 1 or flatter.,0.266,t/m2,TfNSW Engineering Carbon and Cost Library (ECCL) L5
Australia,Services and Equipment,Vegetation,Areas steeper than 5 to 1 except stepped batters.,0.266,t/m2,TfNSW Engineering Carbon and Cost Library (ECCL) L5
Australia,Services and Equipment,Vegetation,Stepped Batters,0.266,t/m2,TfNSW Engineering Carbon and Cost Library (ECCL) L5
Australia,Services and Equipment,Vegetation,Dry Sowing,0,t/m2,TfNSW Engineering Carbon and Cost Library (ECCL) L5
Australia,Services and Equipment,Vegetation,Hand Sowing,0,t/m2,TfNSW Engineering Carbon and Cost Library (ECCL) L5
Australia,Services and Equipment,Vegetation,Preparation of Surface for Areas Not Requiring Topsoiling,0,t/m2,TfNSW Engineering Carbon and Cost Library (ECCL) L5
Australia,Services and Equipment,Vegetation,Hydroseeding,0.00208,t/m2,TfNSW Engineering Carbon and Cost Library (ECCL) L5
Australia,Services and Equipment,Vegetation,Hydromulching,0.00383,t/m2,TfNSW Engineering Carbon and Cost Library (ECCL) L5
Australia,Services and Equipment,Vegetation,Straw mulching,0.0005,t/m2,TfNSW Engineering Carbon and Cost Library (ECCL) L5
Australia,Services and Equipment,Vegetation,Supply and Erection of Information Signs,0.249973333,t/each,TfNSW Engineering Carbon and Cost Library (ECCL) L5
Australia,Services and Equipment,Vegetation,Topsoiling Open Drains Using Site Material Including Surface Preparation and Screening of Topsoil Stockpiles,0.01147125,t/m2,TfNSW Engineering Carbon and Cost Library (ECCL) L5
Australia,Services and Equipment,Vegetation,Topsoiling Open Drains Using Imported Material Including Surface Preparation,0.266,t/m2,TfNSW Engineering Carbon and Cost Library (ECCL) L5
Australia,Services and Equipment,Vegetation,Hydroseeding of Open Drains,0.00208,t/m2,TfNSW Engineering Carbon and Cost Library (ECCL) L5
Australia,Services and Equipment,Vegetation,Hydromulching of Open Drains,0.00383,t/m2,TfNSW Engineering Carbon and Cost Library (ECCL) L5
Australia,Services and Equipment,Vegetation,Sowing Open Drains by Hand,0,t/m2,TfNSW Engineering Carbon and Cost Library (ECCL) L5
Australia,Services and Equipment,Vegetation,Spray Open Drains with Bitumen Emulsion,0,t/m2,TfNSW Engineering Carbon and Cost Library (ECCL) L5
Australia,Services and Equipment,Vegetation,Lining Open Drains with Organic Fibre Mat,0.00084075,t/m2,TfNSW Engineering Carbon and Cost Library (ECCL) L5
Australia,Services and Equipment,Vegetation,Areas other than Open Drains,0.0002,t/m2,TfNSW Engineering Carbon and Cost Library (ECCL) L5
Australia,Services and Equipment,Vegetation,Open Drain Areas,0.0002,t/m2,TfNSW Engineering Carbon and Cost Library (ECCL) L5
Australia,External and Ancillary Works,Vegetation,Watering (Item with provisional quantity),0,t/kilolitre,TfNSW Engineering Carbon and Cost Library (ECCL) L5
Australia,Services and Equipment,Vegetation,Recultivating and Resowing,0,t/m2,TfNSW Engineering Carbon and Cost Library (ECCL) L5
Australia,Services and Equipment,Vegetation,Mowing,0,t/m,TfNSW Engineering Carbon and Cost Library (ECCL) L5
Australia,External and Ancillary Works,Landscape Planting,Preparation for Mulched Beds,0,t/m2,TfNSW Engineering Carbon and Cost Library (ECCL) L5
Australia,External and Ancillary Works,Landscape Planting,Weed Control – Herbicide Application,0,t/m2,TfNSW Engineering Carbon and Cost Library (ECCL) L5
Australia,External and Ancillary Works,Landscape Planting,Imported Organic Topsoil,0.266,t/m2,TfNSW Engineering Carbon and Cost Library (ECCL) L5
Australia,External and Ancillary Works,Landscape Planting,Imported Organic Mulch,0.024225,t/m2,TfNSW Engineering Carbon and Cost Library (ECCL) L5
Australia,External and Ancillary Works,Landscape Planting,Site Won Organic Mulch,0,t/m2,TfNSW Engineering Carbon and Cost Library (ECCL) L5
Australia,External and Ancillary Works,Landscape Planting,Weed Mat,0.001501563,t/m2,TfNSW Engineering Carbon and Cost Library (ECCL) L5
Australia,External and Ancillary Works,Landscape Planting,Principal supplied plants,0.001188536,t/each,TfNSW Engineering Carbon and Cost Library (ECCL) L5
Australia,External and Ancillary Works,Landscape Planting,Contractor supplied plants,0.001188536,t/each,TfNSW Engineering Carbon and Cost Library (ECCL) L5
Australia,External and Ancillary Works,Landscape Planting,Principal supplied plants,0.001188536,t/each,TfNSW Engineering Carbon and Cost Library (ECCL) L5
Australia,External and Ancillary Works,Landscape Planting,Contractor supplied plants,0.001188536,t/each,TfNSW Engineering Carbon and Cost Library (ECCL) L5
Australia,External and Ancillary Works,Landscape Planting,Trees Transplanted (200 litre),0.000524129,t/each,TfNSW Engineering Carbon and Cost Library (ECCL) L5
Australia,External and Ancillary Works,Landscape Planting,Concrete Edging,0.163789035,t/m,TfNSW Engineering Carbon and Cost Library (ECCL) L5
Australia,External and Ancillary Works,Landscape Planting,Timber Edging,0.002346379,t/m,TfNSW Engineering Carbon and Cost Library (ECCL) L5
Australia,External and Ancillary Works,Landscape Planting,Turf Underlay,0.0665,t/m2,TfNSW Engineering Carbon and Cost Library (ECCL) L5
Australia,External and Ancillary Works,Landscape Planting,Turfing for Lawn Areas along Medians and Roadsides,0.00015,t/m2,TfNSW Engineering Carbon and Cost Library (ECCL) L5
Australia,External and Ancillary Works,Landscape Planting,Landscape Planting Maintenance,0,t/month,TfNSW Engineering Carbon and Cost Library (ECCL) L5
Australia,External and Ancillary Works,Landscape Planting,Pruning and/or Removal of Dead Plants (Item with provisional quantity),0,t/hour,TfNSW Engineering Carbon and Cost Library (ECCL) L5
Australia,External and Ancillary Works,Landscape Planting,Mowing (Item with provisional quantity),0,t/m2,TfNSW Engineering Carbon and Cost Library (ECCL) L5
Australia,External and Ancillary Works,Landscape Planting,Organic Mulch Reinstatement (Item with provisional quantity),0.024225,t/m2,TfNSW Engineering Carbon and Cost Library (ECCL) L5
Australia,External and Ancillary Works,Landscape Planting,Plant Replacement (Item with provisional quantity),0.001188536,t/each,TfNSW Engineering Carbon and Cost Library (ECCL) L5
Australia,External and Ancillary Works,Landscape Planting,Turf Replacement (Item with provisional quantity),0.00015,t/m2,TfNSW Engineering Carbon and Cost Library (ECCL) L5
Australia,External and Ancillary Works,Landscape Planting,Disease and Insect Control (Item with provisional quantity),0,t/hour,TfNSW Engineering Carbon and Cost Library (ECCL) L5
Australia,External and Ancillary Works,Landscape Planting,Fertilising (Item with provisional quantity),0,t/hour,TfNSW Engineering Carbon and Cost Library (ECCL) L5
Australia,External and Ancillary Works,Landscape Planting,Watering – within first 12 weeks of Post- completion Maintenance Period,0,t/each,TfNSW Engineering Carbon and Cost Library (ECCL) L5
Australia,External and Ancillary Works,Landscape Planting,Watering – after first 12 weeks of Post- completion Maintenance Period (Item with provisional quantity),0,t/each,TfNSW Engineering Carbon and Cost Library (ECCL) L5
Australia,External and Ancillary Works,Landscape Planting,Grass,0.06665,t/m2,TfNSW Engineering Carbon and Cost Library (ECCL) L5
Australia,External and Ancillary Works,Landscape Planting,Trees in Grass (1 per 10m2),0.066768854,t/m2,TfNSW Engineering Carbon and Cost Library (ECCL) L5
Australia,Structure,Design and Construction of Noise Walls,Supply of Components (Post And Panel),0.18728105,t/m2,TfNSW Engineering Carbon and Cost Library (ECCL) L5
Australia,Structure,Design and Construction of Noise Walls,Preparation of Foundation,0,t/m2,TfNSW Engineering Carbon and Cost Library (ECCL) L5
Australia,Structure,Design and Construction of Noise Walls,Footings,1.092397251,t/m,TfNSW Engineering Carbon and Cost Library (ECCL) L5
Australia,Structure,Design and Construction of Noise Walls,Noise wall - Post And Panel,0,t/m2,TfNSW Engineering Carbon and Cost Library (ECCL) L5
Australia,Structure,Design and Construction of Noise Walls,Anti-graffiti Treatment,0.00012,t/m2,TfNSW Engineering Carbon and Cost Library (ECCL) L5
Australia,Services and Equipment,Traffic Control Signals – New Installation and Reconstruction,TCS - Cycle - Two Aspect,0.0052,t/each,TfNSW Engineering Carbon and Cost Library (ECCL) L5
Australia,Services and Equipment,Traffic Control Signals – New Installation and Reconstruction,TCS - Pedestrian - Two Aspect,0.0016,t/each,TfNSW Engineering Carbon and Cost Library (ECCL) L5
Australia,Services and Equipment,Traffic Control Signals – New Installation and Reconstruction,TCS - Vehicular - Three Aspect,0.0105,t/each,TfNSW Engineering Carbon and Cost Library (ECCL) L5
Australia,Services and Equipment,Traffic Control Signals – New Installation and Reconstruction,TCS - Vehicular - Six Aspect,0.021,t/each,TfNSW Engineering Carbon and Cost Library (ECCL) L5
Australia,Services and Equipment,Traffic Control Signals – New Installation and Reconstruction,TCS - Post Type 2 - Standard,1.20317099,t/each,TfNSW Engineering Carbon and Cost Library (ECCL) L5
Australia,Services and Equipment,Traffic Control Signals – New Installation and Reconstruction,TCS - Post Type 4 Mast Arm,1.44557264,t/each,TfNSW Engineering Carbon and Cost Library (ECCL) L5
Australia,Services and Equipment,Traffic Control Signals – New Installation and Reconstruction,TCS - Post Type 5S (Short) Mast Arm,2.566722556,t/each,TfNSW Engineering Carbon and Cost Library (ECCL) L5
Australia,Services and Equipment,Traffic Control Signals – New Installation and Reconstruction,TCS - Post Type 5L (Long) Mast Arm,2.602222556,t/each,TfNSW Engineering Carbon and Cost Library (ECCL) L5
Australia,Services and Equipment,Traffic Control Signals – New Installation and Reconstruction,TCS - Post Type 5XL (Extra Long) Mast Arm,2.609322556,t/each,TfNSW Engineering Carbon and Cost Library (ECCL) L5
Australia,Services and Equipment,Traffic Control Signals – New Installation and Reconstruction,TCS - Post Type 6,2.505522556,t/each,TfNSW Engineering Carbon and Cost Library (ECCL) L5
Australia,Services and Equipment,Traffic Control Signals – New Installation and Reconstruction,TCS - Post Type 7,0.33636439,t/each,TfNSW Engineering Carbon and Cost Library (ECCL) L5
Australia,Services and Equipment,Traffic Control Signals – New Installation and Reconstruction,TCS - Post Type 8,0.422031056,t/each,TfNSW Engineering Carbon and Cost Library (ECCL) L5
Australia,Services and Equipment,Traffic Control Signals – New Installation and Reconstruction,with 2.5m Outreach,2.541343806,t/each,TfNSW Engineering Carbon and Cost Library (ECCL) L5
Australia,Services and Equipment,Traffic Control Signals – New Installation and Reconstruction,with 3.0m Outreach,2.548443806,t/each,TfNSW Engineering Carbon and Cost Library (ECCL) L5
Australia,Services and Equipment,Traffic Control Signals – New Installation and Reconstruction,with 3.5m Outreach,2.555543806,t/each,TfNSW Engineering Carbon and Cost Library (ECCL) L5
Australia,Services and Equipment,Traffic Control Signals – New Installation and Reconstruction,with 4.0m Outreach,2.562643806,t/each,TfNSW Engineering Carbon and Cost Library (ECCL) L5
Australia,Services and Equipment,Traffic Control Signals – New Installation and Reconstruction,with 4.5m Outreach,2.569743806,t/each,TfNSW Engineering Carbon and Cost Library (ECCL) L5
Australia,Services and Equipment,Traffic Control Signals – New Installation and Reconstruction,with 5.0m Outreach,2.576843806,t/each,TfNSW Engineering Carbon and Cost Library (ECCL) L5
Australia,Services and Equipment,Traffic Control Signals – New Installation and Reconstruction,with 5.5m Outreach,2.583943806,t/each,TfNSW Engineering Carbon and Cost Library (ECCL) L5
Australia,Services and Equipment,Traffic Control Signals – New Installation and Reconstruction,with 6.0m Outreach,2.591043806,t/each,TfNSW Engineering Carbon and Cost Library (ECCL) L5
Australia,Services and Equipment,Traffic Control Signals – New Installation and Reconstruction,with 6.5m Outreach,2.598143806,t/each,TfNSW Engineering Carbon and Cost Library (ECCL) L5
Australia,Services and Equipment,Traffic Control Signals – New Installation and Reconstruction,with 7.0m Outreach,2.605243806,t/each,TfNSW Engineering Carbon and Cost Library (ECCL) L5
Australia,Services and Equipment,Traffic Control Signals – New Installation and Reconstruction,TCS - Post Type 10 Mast Arm,9.017213906,t/each,TfNSW Engineering Carbon and Cost Library (ECCL) L5
Australia,Services and Equipment,Traffic Control Signals – New Installation and Reconstruction,TCS - Post Type 11 Mast Arm,9.017213906,t/each,TfNSW Engineering Carbon and Cost Library (ECCL) L5
Australia,Services and Equipment,Traffic Control Signals – New Installation and Reconstruction,TCS - Post Type 13,0.274256056,t/each,TfNSW Engineering Carbon and Cost Library (ECCL) L5
Australia,Services and Equipment,Traffic Control Signals – New Installation and Reconstruction,100mm HD uPVC Electrical Conduit in Earth,0.31259142,t/m,TfNSW Engineering Carbon and Cost Library (ECCL) L5
Australia,Services and Equipment,Traffic Control Signals – New Installation and Reconstruction,100mm HD uPVC Electrical Conduit in Road,0.72641142,t/m,TfNSW Engineering Carbon and Cost Library (ECCL) L5
Australia,Services and Equipment,Traffic Control Signals – New Installation and Reconstruction,"1.5mm2 36 Core, PVC Coated",0.001705224,t/m,TfNSW Engineering Carbon and Cost Library (ECCL) L5
Australia,Services and Equipment,Traffic Control Signals – New Installation and Reconstruction,Traffic Signal Controller,0,t/each,TfNSW Engineering Carbon and Cost Library (ECCL) L5
Australia,Services and Equipment,Traffic Control Signals – New Installation and Reconstruction,Uninterruptable Power Supply,0,t/each,TfNSW Engineering Carbon and Cost Library (ECCL) L5
Australia,Services and Equipment,ITS Cantilever and Portal Gantries,Casing supply - 750mm Diameter,0.316657285,t/m,TfNSW Engineering Carbon and Cost Library (ECCL) L5
Australia,Services and Equipment,ITS Cantilever and Portal Gantries,Casing supply - 900mm Diameter,0.384690061,t/m,TfNSW Engineering Carbon and Cost Library (ECCL) L5
Australia,Services and Equipment,ITS Cantilever and Portal Gantries,Casing supply - 1050mm Diameter,0.447691817,t/m,TfNSW Engineering Carbon and Cost Library (ECCL) L5
Australia,Services and Equipment,ITS Cantilever and Portal Gantries,Casing supply - 1200mm Diameter,0.510693573,t/m,TfNSW Engineering Carbon and Cost Library (ECCL) L5
Australia,Services and Equipment,ITS Cantilever and Portal Gantries,Casing supply - 1500mm Diameter,0.636697084,t/m,TfNSW Engineering Carbon and Cost Library (ECCL) L5
Australia,Services and Equipment,ITS Cantilever and Portal Gantries,Drilling from Ground Level to Start of Rock Coring,0,t/m,TfNSW Engineering Carbon and Cost Library (ECCL) L5
Australia,Services and Equipment,ITS Cantilever and Portal Gantries,Rock Coring,0,t/m,TfNSW Engineering Carbon and Cost Library (ECCL) L5
Australia,Services and Equipment,ITS Cantilever and Portal Gantries,Attendance of Professional Geotechnical Engineer During Pile Hole Excavation Inside Casing,0,t/hour,TfNSW Engineering Carbon and Cost Library (ECCL) L5
Australia,Services and Equipment,ITS Cantilever and Portal Gantries,Excavation & permanent casing to contract level - 750mm Diameter,0,t/m,TfNSW Engineering Carbon and Cost Library (ECCL) L5
Australia,Services and Equipment,ITS Cantilever and Portal Gantries,Excavation & permanent casing to contract level - 900mm Diameter,0,t/m,TfNSW Engineering Carbon and Cost Library (ECCL) L5
Australia,Services and Equipment,ITS Cantilever and Portal Gantries,Excavation & permanent casing to contract level - 1050mm Diameter,0,t/m,TfNSW Engineering Carbon and Cost Library (ECCL) L5
Australia,Services and Equipment,ITS Cantilever and Portal Gantries,Excavation & permanent casing to contract level - 1200mm Diameter,0,t/m,TfNSW Engineering Carbon and Cost Library (ECCL) L5
Australia,Services and Equipment,ITS Cantilever and Portal Gantries,Excavation & permanent casing to contract level - 1500mm Diameter,0,t/m,TfNSW Engineering Carbon and Cost Library (ECCL) L5
Australia,Services and Equipment,ITS Cantilever and Portal Gantries,Excavation & permanent casing below contract level - 750mm Diameter,0,t/m,TfNSW Engineering Carbon and Cost Library (ECCL) L5
Australia,Services and Equipment,ITS Cantilever and Portal Gantries,Excavation & permanent casing below contract level - 900mm Diameter,0,t/m,TfNSW Engineering Carbon and Cost Library (ECCL) L5
Australia,Services and Equipment,ITS Cantilever and Portal Gantries,Excavation & permanent casing below contract level - 1050mm Diameter,0,t/m,TfNSW Engineering Carbon and Cost Library (ECCL) L5
Australia,Services and Equipment,ITS Cantilever and Portal Gantries,Excavation & permanent casing below contract level - 1200mm Diameter,0,t/m,TfNSW Engineering Carbon and Cost Library (ECCL) L5
Australia,Services and Equipment,ITS Cantilever and Portal Gantries,Excavation & permanent casing below contract level - 1500mm Diameter,0,t/m,TfNSW Engineering Carbon and Cost Library (ECCL) L5
Australia,Services and Equipment,ITS Cantilever and Portal Gantries,Excavation & temporary casing to contract level - 750mm Diameter,0.03135,t/m,TfNSW Engineering Carbon and Cost Library (ECCL) L5
Australia,Services and Equipment,ITS Cantilever and Portal Gantries,Excavation & temporary casing to contract level - 900mm Diameter,0.03705,t/m,TfNSW Engineering Carbon and Cost Library (ECCL) L5
Australia,Services and Equipment,ITS Cantilever and Portal Gantries,Excavation & temporary casing to contract level - 1050mm Diameter,0.0437,t/m,TfNSW Engineering Carbon and Cost Library (ECCL) L5
Australia,Services and Equipment,ITS Cantilever and Portal Gantries,Excavation & temporary casing to contract level - 1200mm Diameter,0.0494,t/m,TfNSW Engineering Carbon and Cost Library (ECCL) L5
Australia,Services and Equipment,ITS Cantilever and Portal Gantries,Excavation & temporary casing to contract level - 1500mm Diameter,0.06175,t/m,TfNSW Engineering Carbon and Cost Library (ECCL) L5
Australia,Services and Equipment,ITS Cantilever and Portal Gantries,Excavation & temporary casing below contract level - 750mm Diameter,0,t/m,TfNSW Engineering Carbon and Cost Library (ECCL) L5
Australia,Services and Equipment,ITS Cantilever and Portal Gantries,Excavation & temporary casing below contract level - 900mm Diameter,0,t/m,TfNSW Engineering Carbon and Cost Library (ECCL) L5
Australia,Services and Equipment,ITS Cantilever and Portal Gantries,Excavation & temporary casing below contract level - 1050mm Diameter,0,t/m,TfNSW Engineering Carbon and Cost Library (ECCL) L5
Australia,Services and Equipment,ITS Cantilever and Portal Gantries,Excavation & temporary casing below contract level - 1200mm Diameter,0,t/m,TfNSW Engineering Carbon and Cost Library (ECCL) L5
Australia,Services and Equipment,ITS Cantilever and Portal Gantries,Excavation & temporary casing below contract level - 1500mm Diameter,0,t/m,TfNSW Engineering Carbon and Cost Library (ECCL) L5
Australia,Services and Equipment,ITS Cantilever and Portal Gantries,For Indirect Visual or Other Inspection Method,0,t/each,TfNSW Engineering Carbon and Cost Library (ECCL) L5
Australia,Services and Equipment,ITS Cantilever and Portal Gantries,For CCTV Indirect Examination Method - Provisional Quantity,0,t/each,TfNSW Engineering Carbon and Cost Library (ECCL) L5
Australia,Services and Equipment,ITS Cantilever and Portal Gantries,To Contract Level,1.067667,t/t,TfNSW Engineering Carbon and Cost Library (ECCL) L5
Australia,Services and Equipment,ITS Cantilever and Portal Gantries,Below Contract Level - Provisional Quantity.,1.037172,t/t,TfNSW Engineering Carbon and Cost Library (ECCL) L5
Australia,Services and Equipment,ITS Cantilever and Portal Gantries,Supply and Placement of N25 Concrete to contract level,2.492068975,t/m3,TfNSW Engineering Carbon and Cost Library (ECCL) L5
Australia,Services and Equipment,ITS Cantilever and Portal Gantries,Supply and Placement of N32 Concrete to contract level,2.464843875,t/m3,TfNSW Engineering Carbon and Cost Library (ECCL) L5
Australia,Services and Equipment,ITS Cantilever and Portal Gantries,Supply and Placement of N40 Concrete to contract level,2.600764424,t/m3,TfNSW Engineering Carbon and Cost Library (ECCL) L5
Australia,Services and Equipment,ITS Cantilever and Portal Gantries,Supply and Placement of N25 Concrete below contract level,2.492068975,t/m3,TfNSW Engineering Carbon and Cost Library (ECCL) L5
Australia,Services and Equipment,ITS Cantilever and Portal Gantries,Supply and Placement of N32 Concrete below contract level,2.464843875,t/m3,TfNSW Engineering Carbon and Cost Library (ECCL) L5
Australia,Services and Equipment,ITS Cantilever and Portal Gantries,Supply and Placement of N40 Concrete below contract level,2.600764424,t/m3,TfNSW Engineering Carbon and Cost Library (ECCL) L5
Australia,Services and Equipment,ITS Cantilever and Portal Gantries,Pile Integrity Testing,0,t/each,TfNSW Engineering Carbon and Cost Library (ECCL) L5
Australia,Services and Equipment,ITS Cantilever and Portal Gantries,Additional Pile Integrity Testing - Provisional Quantity,0,t/each,TfNSW Engineering Carbon and Cost Library (ECCL) L5
Australia,Services and Equipment,ITS Cantilever and Portal Gantries,Site Establishment,0,t/each,TfNSW Engineering Carbon and Cost Library (ECCL) L5
Australia,Services and Equipment,ITS Cantilever and Portal Gantries,Pile Testing,0,t/each,TfNSW Engineering Carbon and Cost Library (ECCL) L5
Australia,Services and Equipment,ITS Cantilever and Portal Gantries,Additional Pile Testing - Provisional Quantity,0,t/each,TfNSW Engineering Carbon and Cost Library (ECCL) L5
Australia,Services and Equipment,ITS Cantilever and Portal Gantries,Test Member - Provisional Quantity,0,t/each,TfNSW Engineering Carbon and Cost Library (ECCL) L5
Australia,Services and Equipment,ITS Cantilever and Portal Gantries,Excavation to Required Levels,0,t/m3,TfNSW Engineering Carbon and Cost Library (ECCL) L5
Australia,Services and Equipment,ITS Cantilever and Portal Gantries,Preparation of Foundation,0,t/m2,TfNSW Engineering Carbon and Cost Library (ECCL) L5
Australia,Services and Equipment,ITS Cantilever and Portal Gantries,Mass Concrete Blinding Layer,3.0338231,t/m3,TfNSW Engineering Carbon and Cost Library (ECCL) L5
Australia,Services and Equipment,ITS Cantilever and Portal Gantries,Supply and Place Steel Bar Reinforcement,1.045,t/t,TfNSW Engineering Carbon and Cost Library (ECCL) L5
Australia,Services and Equipment,ITS Cantilever and Portal Gantries,Supply and Placement of N25 Concrete,2.492068975,t/m3,TfNSW Engineering Carbon and Cost Library (ECCL) L5
Australia,Services and Equipment,ITS Cantilever and Portal Gantries,Supply and Placement of N32 Concrete,2.464843875,t/m3,TfNSW Engineering Carbon and Cost Library (ECCL) L5
Australia,Services and Equipment,ITS Cantilever and Portal Gantries,Supply and Placement of N40 Concrete,2.600764424,t/m3,TfNSW Engineering Carbon and Cost Library (ECCL) L5
Australia,Services and Equipment,ITS Cantilever and Portal Gantries,Finish and Cure Concrete,0.000236788,t/m2,TfNSW Engineering Carbon and Cost Library (ECCL) L5
Australia,Services and Equipment,ITS Cantilever and Portal Gantries,Supply Structural Steel Cantilever Gantry Complete,1.07001284,t/t,TfNSW Engineering Carbon and Cost Library (ECCL) L5
Australia,Services and Equipment,ITS Cantilever and Portal Gantries,Supply Structural Steel Portal Frame Complete,1.07001284,t/t,TfNSW Engineering Carbon and Cost Library (ECCL) L5
Australia,Services and Equipment,ITS Cantilever and Portal Gantries,Install Structural Steel Cantilever Gantry Complete,0,t/t,TfNSW Engineering Carbon and Cost Library (ECCL) L5
Australia,Services and Equipment,ITS Cantilever and Portal Gantries,Install Structural Steel Portal Frame Complete,0,t/t,TfNSW Engineering Carbon and Cost Library (ECCL) L5
