Scenario,Region,Vehicle Category,Energy Type,2025-26,2026-27,2027-28,2028-29,2029-30,2030-31,2031-32,2032-33,2033-34,2034-35,2035-36,2036-37,2037-38,2038-39,2039-40,2040-41,2041-42,2042-43,2043-44,2044-45,2045-46,2046-47,2047-48,2048-49,2049-50,2050-51,2051-52,2052-53,2053-54,2054-55,2055-56,2055-57,2055-58,2055-59,2055-60,2055-61,2055-62,2055-63,2055-64,2055-65,2055-66,2055-67,2055-68,2055-69,2055-70,2055-71,2055-72,2055-73,2055-74,2055-75,2055-76,2055-77,2055-78,2055-79,2055-80,2055-81,2055-82,2055-83,2055-84,2055-85,2055-86,2055-87,2055-88,2055-89,2055-90,2055-91,2055-92,2055-93,2055-94,2055-95,2055-96,2055-97,2055-98,2055-99,2055-100
Slower Growth,New South Wales,Articulated Truck,BEV,0,0,0,6.69703E-05,0.000232806,0.00428774,0.01242702,0.024076166,0.038784972,0.05711575,0.078503738,0.102715576,0.12971287,0.159158251,0.190893327,0.232156051,0.272493498,0.311965318,0.350690572,0.388684479,0.425997534,0.462676213,0.498790278,0.534386921,0.569495097,0.604341418,0.638788427,0.672790139,0.706387885,0.739632655,0.772364444,0.772364444,0.772364444,0.772364444,0.772364444,0.772364444,0.772364444,0.772364444,0.772364444,0.772364444,0.772364444,0.772364444,0.772364444,0.772364444,0.772364444,0.772364444,0.772364444,0.772364444,0.772364444,0.772364444,0.772364444,0.772364444,0.772364444,0.772364444,0.772364444,0.772364444,0.772364444,0.772364444,0.772364444,0.772364444,0.772364444,0.772364444,0.772364444,0.772364444,0.772364444,0.772364444,0.772364444,0.772364444,0.772364444,0.772364444,0.772364444,0.772364444,0.772364444,0.772364444,0.772364444
Slower Growth,New South Wales,Articulated Truck,FCEV,0,0,0,0,0,9.89479E-05,0.000326168,0.000645474,0.001055156,0.001581278,0.002158071,0.002814549,0.003577653,0.004384108,0.005291796,0.006413477,0.00753923,0.008641618,0.009722341,0.010783426,0.011824703,0.012848263,0.013829319,0.014822888,0.01580355,0.016776095,0.017737475,0.018687149,0.019624797,0.020552578,0.021440934,0.021440934,0.021440934,0.021440934,0.021440934,0.021440934,0.021440934,0.021440934,0.021440934,0.021440934,0.021440934,0.021440934,0.021440934,0.021440934,0.021440934,0.021440934,0.021440934,0.021440934,0.021440934,0.021440934,0.021440934,0.021440934,0.021440934,0.021440934,0.021440934,0.021440934,0.021440934,0.021440934,0.021440934,0.021440934,0.021440934,0.021440934,0.021440934,0.021440934,0.021440934,0.021440934,0.021440934,0.021440934,0.021440934,0.021440934,0.021440934,0.021440934,0.021440934,0.021440934,0.021440934
Slower Growth,New South Wales,Articulated Truck,Hybrid,0,0,0,0,0,0,0,0,0,0,0,0,0,0,0,0,0,0,0,0,0,0,0,0,0,0,0,0,0,0,0,0,0,0,0,0,0,0,0,0,0,0,0,0,0,0,0,0,0,0,0,0,0,0,0,0,0,0,0,0,0,0,0,0,0,0,0,0,0,0,0,0,0,0,0
Slower Growth,New South Wales,Articulated Truck,ICE,1,1,1,0.99993303,0.999767194,0.995481381,0.986888026,0.974600613,0.959072742,0.939721695,0.917148844,0.891593468,0.863101245,0.832043297,0.798493183,0.754987439,0.712398819,0.670722543,0.62983615,0.589720367,0.55035306,0.511627262,0.47352359,0.435940054,0.398870789,0.362079593,0.325736624,0.289835564,0.254362522,0.219262188,0.184727855,0.184727855,0.184727855,0.184727855,0.184727855,0.184727855,0.184727855,0.184727855,0.184727855,0.184727855,0.184727855,0.184727855,0.184727855,0.184727855,0.184727855,0.184727855,0.184727855,0.184727855,0.184727855,0.184727855,0.184727855,0.184727855,0.184727855,0.184727855,0.184727855,0.184727855,0.184727855,0.184727855,0.184727855,0.184727855,0.184727855,0.184727855,0.184727855,0.184727855,0.184727855,0.184727855,0.184727855,0.184727855,0.184727855,0.184727855,0.184727855,0.184727855,0.184727855,0.184727855,0.184727855
Slower Growth,New South Wales,Articulated Truck,PHEV,0,0,0,0,0,0.00013193,0.000358785,0.000677747,0.00108713,0.001581278,0.002189347,0.002876407,0.003608232,0.004414344,0.005321693,0.006443032,0.007568452,0.00867052,0.009750936,0.010811729,0.011824703,0.012848263,0.013856813,0.014850136,0.015830564,0.016802894,0.017737475,0.018687149,0.019624797,0.020552578,0.021466767,0.021466767,0.021466767,0.021466767,0.021466767,0.021466767,0.021466767,0.021466767,0.021466767,0.021466767,0.021466767,0.021466767,0.021466767,0.021466767,0.021466767,0.021466767,0.021466767,0.021466767,0.021466767,0.021466767,0.021466767,0.021466767,0.021466767,0.021466767,0.021466767,0.021466767,0.021466767,0.021466767,0.021466767,0.021466767,0.021466767,0.021466767,0.021466767,0.021466767,0.021466767,0.021466767,0.021466767,0.021466767,0.021466767,0.021466767,0.021466767,0.021466767,0.021466767,0.021466767,0.021466767
Slower Growth,New South Wales,Bus,BEV,0.013907462,0.014905059,0.031813536,0.052512612,0.077441626,0.101932931,0.126115927,0.149987078,0.17364902,0.197167615,0.220179619,0.246648361,0.273835172,0.30111072,0.328478552,0.358163006,0.387669934,0.417034144,0.446278916,0.475363679,0.504381725,0.533318822,0.562156966,0.590949862,0.619685282,0.648640325,0.677601845,0.706584804,0.735569112,0.764588819,0.793626521,0.793626521,0.793626521,0.793626521,0.793626521,0.793626521,0.793626521,0.793626521,0.793626521,0.793626521,0.793626521,0.793626521,0.793626521,0.793626521,0.793626521,0.793626521,0.793626521,0.793626521,0.793626521,0.793626521,0.793626521,0.793626521,0.793626521,0.793626521,0.793626521,0.793626521,0.793626521,0.793626521,0.793626521,0.793626521,0.793626521,0.793626521,0.793626521,0.793626521,0.793626521,0.793626521,0.793626521,0.793626521,0.793626521,0.793626521,0.793626521,0.793626521,0.793626521,0.793626521,0.793626521
Slower Growth,New South Wales,Bus,FCEV,0,0.001560218,0.003461577,0.005732818,0.008532256,0.010929493,0.01297063,0.014730585,0.016247295,0.01749224,0.018545537,0.019512195,0.020290041,0.020870011,0.021256932,0.021169227,0.02105596,0.020977699,0.020873223,0.020804004,0.020707937,0.020616313,0.020558777,0.020475704,0.020425795,0.020356626,0.020322829,0.020260936,0.020232366,0.020176352,0.020123555,0.020123555,0.020123555,0.020123555,0.020123555,0.020123555,0.020123555,0.020123555,0.020123555,0.020123555,0.020123555,0.020123555,0.020123555,0.020123555,0.020123555,0.020123555,0.020123555,0.020123555,0.020123555,0.020123555,0.020123555,0.020123555,0.020123555,0.020123555,0.020123555,0.020123555,0.020123555,0.020123555,0.020123555,0.020123555,0.020123555,0.020123555,0.020123555,0.020123555,0.020123555,0.020123555,0.020123555,0.020123555,0.020123555,0.020123555,0.020123555,0.020123555,0.020123555,0.020123555,0.020123555
Slower Growth,New South Wales,Bus,Hybrid,0,0,0,0,0,0,0,0,0,0,0,0,0,0,0,0.001047353,0.002086627,0.003086809,0.004111868,0.005130612,0.00614377,0.007151964,0.008155292,0.00912437,0.010120333,0.011117613,0.012113759,0.013108212,0.014070691,0.015063376,0.016056028,0.016056028,0.016056028,0.016056028,0.016056028,0.016056028,0.016056028,0.016056028,0.016056028,0.016056028,0.016056028,0.016056028,0.016056028,0.016056028,0.016056028,0.016056028,0.016056028,0.016056028,0.016056028,0.016056028,0.016056028,0.016056028,0.016056028,0.016056028,0.016056028,0.016056028,0.016056028,0.016056028,0.016056028,0.016056028,0.016056028,0.016056028,0.016056028,0.016056028,0.016056028,0.016056028,0.016056028,0.016056028,0.016056028,0.016056028,0.016056028,0.016056028,0.016056028,0.016056028,0.016056028
Slower Growth,New South Wales,Bus,ICE,0.986092538,0.983534723,0.964724887,0.94175457,0.914026118,0.886942985,0.86033122,0.834151699,0.808262541,0.782656492,0.75764355,0.728993701,0.6996688,0.670305048,0.640894895,0.608163006,0.575656023,0.543278317,0.511064377,0.478992648,0.446998285,0.415124848,0.383329716,0.351613003,0.31993212,0.28801084,0.256079939,0.224159632,0.192207474,0.160247382,0.128264726,0.128264726,0.128264726,0.128264726,0.128264726,0.128264726,0.128264726,0.128264726,0.128264726,0.128264726,0.128264726,0.128264726,0.128264726,0.128264726,0.128264726,0.128264726,0.128264726,0.128264726,0.128264726,0.128264726,0.128264726,0.128264726,0.128264726,0.128264726,0.128264726,0.128264726,0.128264726,0.128264726,0.128264726,0.128264726,0.128264726,0.128264726,0.128264726,0.128264726,0.128264726,0.128264726,0.128264726,0.128264726,0.128264726,0.128264726,0.128264726,0.128264726,0.128264726,0.128264726,0.128264726
Slower Growth,New South Wales,Bus,PHEV,0,0,0,0,0,0.00019459,0.000582223,0.001130637,0.001841145,0.002683652,0.003631294,0.004845744,0.006205987,0.007714222,0.009369622,0.011457408,0.013531457,0.015623031,0.017671616,0.019709057,0.021768283,0.023788053,0.02579925,0.02783706,0.02983647,0.031874596,0.03388163,0.035886416,0.037920358,0.039924071,0.04192917,0.04192917,0.04192917,0.04192917,0.04192917,0.04192917,0.04192917,0.04192917,0.04192917,0.04192917,0.04192917,0.04192917,0.04192917,0.04192917,0.04192917,0.04192917,0.04192917,0.04192917,0.04192917,0.04192917,0.04192917,0.04192917,0.04192917,0.04192917,0.04192917,0.04192917,0.04192917,0.04192917,0.04192917,0.04192917,0.04192917,0.04192917,0.04192917,0.04192917,0.04192917,0.04192917,0.04192917,0.04192917,0.04192917,0.04192917,0.04192917,0.04192917,0.04192917,0.04192917,0.04192917
Slower Growth,New South Wales,Large Light Commercial,BEV,0.000446109,0.000864747,0.001567271,0.002469535,0.003586417,0.008648787,0.017598575,0.02997565,0.045476773,0.064216184,0.085730748,0.109829633,0.136360458,0.165092762,0.195829546,0.234693581,0.273078314,0.311024796,0.348578708,0.385780911,0.422666121,0.459292157,0.495634035,0.531772746,0.567706595,0.603637421,0.639391325,0.674986383,0.710424199,0.745723349,0.780806366,0.780806366,0.780806366,0.780806366,0.780806366,0.780806366,0.780806366,0.780806366,0.780806366,0.780806366,0.780806366,0.780806366,0.780806366,0.780806366,0.780806366,0.780806366,0.780806366,0.780806366,0.780806366,0.780806366,0.780806366,0.780806366,0.780806366,0.780806366,0.780806366,0.780806366,0.780806366,0.780806366,0.780806366,0.780806366,0.780806366,0.780806366,0.780806366,0.780806366,0.780806366,0.780806366,0.780806366,0.780806366,0.780806366,0.780806366,0.780806366,0.780806366,0.780806366,0.780806366,0.780806366
Slower Growth,New South Wales,Large Light Commercial,FCEV,1.07756E-06,1.06627E-06,1.05469E-06,2.08752E-06,3.10333E-06,4.09847E-06,4.05427E-06,5.01651E-06,4.9696E-06,5.90494E-06,5.84953E-06,5.79708E-06,5.7471E-06,5.70026E-06,5.6569E-06,5.61609E-06,5.57745E-06,4.61741E-06,4.58866E-06,4.56161E-06,3.62893E-06,3.60997E-06,3.59191E-06,2.68132E-06,2.66945E-06,2.65906E-06,1.76612E-06,1.75986E-06,1.75387E-06,1.74816E-06,8.71258E-07,8.71258E-07,8.71258E-07,8.71258E-07,8.71258E-07,8.71258E-07,8.71258E-07,8.71258E-07,8.71258E-07,8.71258E-07,8.71258E-07,8.71258E-07,8.71258E-07,8.71258E-07,8.71258E-07,8.71258E-07,8.71258E-07,8.71258E-07,8.71258E-07,8.71258E-07,8.71258E-07,8.71258E-07,8.71258E-07,8.71258E-07,8.71258E-07,8.71258E-07,8.71258E-07,8.71258E-07,8.71258E-07,8.71258E-07,8.71258E-07,8.71258E-07,8.71258E-07,8.71258E-07,8.71258E-07,8.71258E-07,8.71258E-07,8.71258E-07,8.71258E-07,8.71258E-07,8.71258E-07,8.71258E-07,8.71258E-07,8.71258E-07,8.71258E-07
Slower Growth,New South Wales,Large Light Commercial,Hybrid,0.006153929,0.009606044,0.015233957,0.022098479,0.030335067,0.036798074,0.041718443,0.045124505,0.047237004,0.048287618,0.04842633,0.047533196,0.046087902,0.044235899,0.042109947,0.040259875,0.038446272,0.036668671,0.034923397,0.03320944,0.03152543,0.029868904,0.028235098,0.026626399,0.025037661,0.02347598,0.021929007,0.020396724,0.01887863,0.017372325,0.015876058,0.015876058,0.015876058,0.015876058,0.015876058,0.015876058,0.015876058,0.015876058,0.015876058,0.015876058,0.015876058,0.015876058,0.015876058,0.015876058,0.015876058,0.015876058,0.015876058,0.015876058,0.015876058,0.015876058,0.015876058,0.015876058,0.015876058,0.015876058,0.015876058,0.015876058,0.015876058,0.015876058,0.015876058,0.015876058,0.015876058,0.015876058,0.015876058,0.015876058,0.015876058,0.015876058,0.015876058,0.015876058,0.015876058,0.015876058,0.015876058,0.015876058,0.015876058,0.015876058,0.015876058
Slower Growth,New South Wales,Large Light Commercial,ICE,0.993265268,0.988371238,0.980044192,0.9695003,0.956648526,0.941779246,0.924677736,0.905872225,0.885436897,0.86295233,0.838766412,0.813177353,0.785844895,0.75684886,0.726247629,0.687465543,0.649140469,0.61123101,0.573690258,0.536479203,0.499563167,0.462881371,0.426468238,0.3902366,0.354192416,0.318110789,0.282195674,0.246428153,0.210807858,0.175317575,0.140043354,0.140043354,0.140043354,0.140043354,0.140043354,0.140043354,0.140043354,0.140043354,0.140043354,0.140043354,0.140043354,0.140043354,0.140043354,0.140043354,0.140043354,0.140043354,0.140043354,0.140043354,0.140043354,0.140043354,0.140043354,0.140043354,0.140043354,0.140043354,0.140043354,0.140043354,0.140043354,0.140043354,0.140043354,0.140043354,0.140043354,0.140043354,0.140043354,0.140043354,0.140043354,0.140043354,0.140043354,0.140043354,0.140043354,0.140043354,0.140043354,0.140043354,0.140043354,0.140043354,0.140043354
Slower Growth,New South Wales,Large Light Commercial,PHEV,0.000133617,0.001156905,0.003153526,0.005929598,0.009426887,0.012769794,0.016001192,0.019022603,0.021844356,0.024537963,0.027070661,0.029454021,0.031700998,0.033816779,0.03580722,0.037575384,0.039329368,0.041070906,0.042803049,0.044525884,0.046241652,0.047953958,0.049659038,0.051361574,0.053060658,0.054773151,0.056482228,0.058186979,0.05988756,0.061585003,0.06327335,0.06327335,0.06327335,0.06327335,0.06327335,0.06327335,0.06327335,0.06327335,0.06327335,0.06327335,0.06327335,0.06327335,0.06327335,0.06327335,0.06327335,0.06327335,0.06327335,0.06327335,0.06327335,0.06327335,0.06327335,0.06327335,0.06327335,0.06327335,0.06327335,0.06327335,0.06327335,0.06327335,0.06327335,0.06327335,0.06327335,0.06327335,0.06327335,0.06327335,0.06327335,0.06327335,0.06327335,0.06327335,0.06327335,0.06327335,0.06327335,0.06327335,0.06327335,0.06327335,0.06327335
Slower Growth,New South Wales,Large Residential,BEV,0.008769068,0.012871545,0.01846407,0.024670124,0.031997127,0.041967118,0.054422525,0.069159164,0.086107804,0.105208993,0.126225736,0.149163574,0.173947572,0.200468382,0.228602605,0.26356522,0.298355393,0.332989896,0.367493059,0.40188329,0.436192659,0.470451695,0.504632188,0.538849392,0.573003022,0.607636233,0.642335144,0.677098685,0.711936311,0.746553886,0.781097572,0.781097572,0.781097572,0.781097572,0.781097572,0.781097572,0.781097572,0.781097572,0.781097572,0.781097572,0.781097572,0.781097572,0.781097572,0.781097572,0.781097572,0.781097572,0.781097572,0.781097572,0.781097572,0.781097572,0.781097572,0.781097572,0.781097572,0.781097572,0.781097572,0.781097572,0.781097572,0.781097572,0.781097572,0.781097572,0.781097572,0.781097572,0.781097572,0.781097572,0.781097572,0.781097572,0.781097572,0.781097572,0.781097572,0.781097572,0.781097572,0.781097572,0.781097572,0.781097572,0.781097572
Slower Growth,New South Wales,Large Residential,FCEV,1.38279E-05,1.37287E-05,1.36417E-05,1.31357E-05,1.26458E-05,1.21684E-05,1.17004E-05,1.12423E-05,1.07901E-05,1.0341E-05,9.89786E-06,9.45765E-06,9.01973E-06,8.58441E-06,8.15217E-06,7.72333E-06,7.29729E-06,6.87414E-06,6.45398E-06,6.0367E-06,5.62232E-06,5.21074E-06,4.80123E-06,4.3945E-06,3.98927E-06,3.58861E-06,3.18882E-06,2.78966E-06,2.39096E-06,1.99174E-06,1.59272E-06,1.59272E-06,1.59272E-06,1.59272E-06,1.59272E-06,1.59272E-06,1.59272E-06,1.59272E-06,1.59272E-06,1.59272E-06,1.59272E-06,1.59272E-06,1.59272E-06,1.59272E-06,1.59272E-06,1.59272E-06,1.59272E-06,1.59272E-06,1.59272E-06,1.59272E-06,1.59272E-06,1.59272E-06,1.59272E-06,1.59272E-06,1.59272E-06,1.59272E-06,1.59272E-06,1.59272E-06,1.59272E-06,1.59272E-06,1.59272E-06,1.59272E-06,1.59272E-06,1.59272E-06,1.59272E-06,1.59272E-06,1.59272E-06,1.59272E-06,1.59272E-06,1.59272E-06,1.59272E-06,1.59272E-06,1.59272E-06,1.59272E-06,1.59272E-06
Slower Growth,New South Wales,Large Residential,Hybrid,0.079403861,0.094244744,0.109417264,0.119116264,0.127594803,0.133384497,0.13686489,0.138355386,0.138161261,0.136542535,0.133754707,0.126006726,0.117928479,0.10969155,0.101462661,0.09663596,0.09184167,0.087080415,0.082354042,0.077661752,0.073003453,0.068378542,0.063778353,0.059211914,0.054663356,0.050175084,0.045698237,0.041230051,0.036767788,0.03229691,0.027827926,0.027827926,0.027827926,0.027827926,0.027827926,0.027827926,0.027827926,0.027827926,0.027827926,0.027827926,0.027827926,0.027827926,0.027827926,0.027827926,0.027827926,0.027827926,0.027827926,0.027827926,0.027827926,0.027827926,0.027827926,0.027827926,0.027827926,0.027827926,0.027827926,0.027827926,0.027827926,0.027827926,0.027827926,0.027827926,0.027827926,0.027827926,0.027827926,0.027827926,0.027827926,0.027827926,0.027827926,0.027827926,0.027827926,0.027827926,0.027827926,0.027827926,0.027827926,0.027827926,0.027827926
Slower Growth,New South Wales,Large Residential,ICE,0.90919069,0.885546991,0.856522768,0.829579912,0.799910047,0.772059937,0.745639738,0.720445747,0.696088469,0.672260026,0.648898224,0.629696031,0.610035189,0.589801479,0.568900061,0.540504,0.512232083,0.484065335,0.455973948,0.427940507,0.399930685,0.371912586,0.343932984,0.315852006,0.287805802,0.25913639,0.230376178,0.201530968,0.17259585,0.143911003,0.115301855,0.115301855,0.115301855,0.115301855,0.115301855,0.115301855,0.115301855,0.115301855,0.115301855,0.115301855,0.115301855,0.115301855,0.115301855,0.115301855,0.115301855,0.115301855,0.115301855,0.115301855,0.115301855,0.115301855,0.115301855,0.115301855,0.115301855,0.115301855,0.115301855,0.115301855,0.115301855,0.115301855,0.115301855,0.115301855,0.115301855,0.115301855,0.115301855,0.115301855,0.115301855,0.115301855,0.115301855,0.115301855,0.115301855,0.115301855,0.115301855,0.115301855,0.115301855,0.115301855,0.115301855
Slower Growth,New South Wales,Large Residential,PHEV,0.002622553,0.007322992,0.015582256,0.026620565,0.040485378,0.05257628,0.063061147,0.072028461,0.079631676,0.085978104,0.091111435,0.095124212,0.09807974,0.100030005,0.101026521,0.099287096,0.097563556,0.09585748,0.094172496,0.092508414,0.090867581,0.089251966,0.087651674,0.086082294,0.084523831,0.083048704,0.081587253,0.080137507,0.07869766,0.07723621,0.075771054,0.075771054,0.075771054,0.075771054,0.075771054,0.075771054,0.075771054,0.075771054,0.075771054,0.075771054,0.075771054,0.075771054,0.075771054,0.075771054,0.075771054,0.075771054,0.075771054,0.075771054,0.075771054,0.075771054,0.075771054,0.075771054,0.075771054,0.075771054,0.075771054,0.075771054,0.075771054,0.075771054,0.075771054,0.075771054,0.075771054,0.075771054,0.075771054,0.075771054,0.075771054,0.075771054,0.075771054,0.075771054,0.075771054,0.075771054,0.075771054,0.075771054,0.075771054,0.075771054,0.075771054
Slower Growth,New South Wales,Medium Light Commercial,BEV,0.006826671,0.00954097,0.012937659,0.016347779,0.0201653,0.027516948,0.038362572,0.052217038,0.068824793,0.088402166,0.110541981,0.135108738,0.16199808,0.191003299,0.221940847,0.260881603,0.299347348,0.337382393,0.375019328,0.412306775,0.44927046,0.485977302,0.522398261,0.558614581,0.594629731,0.630783027,0.666779499,0.702635107,0.738354887,0.773949546,0.809348285,0.809348285,0.809348285,0.809348285,0.809348285,0.809348285,0.809348285,0.809348285,0.809348285,0.809348285,0.809348285,0.809348285,0.809348285,0.809348285,0.809348285,0.809348285,0.809348285,0.809348285,0.809348285,0.809348285,0.809348285,0.809348285,0.809348285,0.809348285,0.809348285,0.809348285,0.809348285,0.809348285,0.809348285,0.809348285,0.809348285,0.809348285,0.809348285,0.809348285,0.809348285,0.809348285,0.809348285,0.809348285,0.809348285,0.809348285,0.809348285,0.809348285,0.809348285,0.809348285,0.809348285
Slower Growth,New South Wales,Medium Light Commercial,FCEV,1.07338E-05,1.06306E-05,1.0527E-05,1.04325E-05,1.03571E-05,1.0279E-05,1.01906E-05,1.01108E-05,1.00394E-05,9.96249E-06,4.94418E-06,4.90805E-06,4.87242E-06,4.83798E-06,4.80527E-06,4.77368E-06,4.74311E-06,4.71369E-06,4.68557E-06,4.65883E-06,4.63347E-06,4.6097E-06,4.58699E-06,4.56571E-06,4.54568E-06,4.52905E-06,0,0,0,0,0,0,0,0,0,0,0,0,0,0,0,0,0,0,0,0,0,0,0,0,0,0,0,0,0,0,0,0,0,0,0,0,0,0,0,0,0,0,0,0,0,0,0,0,0
Slower Growth,New South Wales,Medium Light Commercial,Hybrid,0.006279249,0.010226645,0.016685264,0.024354748,0.033127227,0.039990543,0.04520557,0.048814766,0.051055136,0.052183529,0.052344036,0.0514118,0.049883793,0.047910478,0.045635617,0.043607565,0.041616073,0.039651564,0.03772356,0.03582643,0.033954064,0.032115759,0.030297053,0.028508291,0.026737701,0.025004869,0.023284048,0.021582863,0.019891306,0.018217257,0.016553605,0.016553605,0.016553605,0.016553605,0.016553605,0.016553605,0.016553605,0.016553605,0.016553605,0.016553605,0.016553605,0.016553605,0.016553605,0.016553605,0.016553605,0.016553605,0.016553605,0.016553605,0.016553605,0.016553605,0.016553605,0.016553605,0.016553605,0.016553605,0.016553605,0.016553605,0.016553605,0.016553605,0.016553605,0.016553605,0.016553605,0.016553605,0.016553605,0.016553605,0.016553605,0.016553605,0.016553605,0.016553605,0.016553605,0.016553605,0.016553605,0.016553605,0.016553605,0.016553605,0.016553605
Slower Growth,New South Wales,Medium Light Commercial,ICE,0.984843931,0.975044649,0.959681664,0.941369166,0.919872193,0.897795663,0.874777717,0.851437498,0.827704602,0.802931961,0.777408063,0.751323946,0.724240756,0.696179934,0.667139185,0.631734469,0.59673579,0.562117013,0.52782997,0.493831704,0.460098878,0.426562918,0.393269972,0.360120352,0.327134539,0.293926095,0.260845429,0.227870593,0.195007444,0.162234173,0.129643166,0.129643166,0.129643166,0.129643166,0.129643166,0.129643166,0.129643166,0.129643166,0.129643166,0.129643166,0.129643166,0.129643166,0.129643166,0.129643166,0.129643166,0.129643166,0.129643166,0.129643166,0.129643166,0.129643166,0.129643166,0.129643166,0.129643166,0.129643166,0.129643166,0.129643166,0.129643166,0.129643166,0.129643166,0.129643166,0.129643166,0.129643166,0.129643166,0.129643166,0.129643166,0.129643166,0.129643166,0.129643166,0.129643166,0.129643166,0.129643166,0.129643166,0.129643166,0.129643166,0.129643166
Slower Growth,New South Wales,Medium Light Commercial,PHEV,0.002039414,0.005177106,0.010684885,0.017917875,0.026824923,0.034686567,0.04164395,0.047520588,0.052405429,0.056472381,0.059700976,0.062150608,0.063872499,0.06490145,0.065279546,0.063771589,0.062296046,0.060844316,0.059422456,0.058030432,0.056671964,0.055339412,0.054030127,0.05275221,0.051493484,0.05028148,0.049091024,0.047911437,0.046746363,0.045599024,0.044454943,0.044454943,0.044454943,0.044454943,0.044454943,0.044454943,0.044454943,0.044454943,0.044454943,0.044454943,0.044454943,0.044454943,0.044454943,0.044454943,0.044454943,0.044454943,0.044454943,0.044454943,0.044454943,0.044454943,0.044454943,0.044454943,0.044454943,0.044454943,0.044454943,0.044454943,0.044454943,0.044454943,0.044454943,0.044454943,0.044454943,0.044454943,0.044454943,0.044454943,0.044454943,0.044454943,0.044454943,0.044454943,0.044454943,0.044454943,0.044454943,0.044454943,0.044454943,0.044454943,0.044454943
Slower Growth,New South Wales,Medium Residential,BEV,0.032336956,0.041679308,0.051177562,0.058426541,0.065507881,0.075252274,0.087498413,0.102042765,0.118812552,0.137747939,0.158610053,0.181404249,0.206055675,0.232453809,0.26047509,0.295323421,0.330001387,0.364526625,0.398923059,0.433209708,0.467416763,0.5015735,0.535644419,0.569714767,0.603758155,0.63833125,0.672964141,0.707663191,0.742436553,0.776977578,0.8114394,0.8114394,0.8114394,0.8114394,0.8114394,0.8114394,0.8114394,0.8114394,0.8114394,0.8114394,0.8114394,0.8114394,0.8114394,0.8114394,0.8114394,0.8114394,0.8114394,0.8114394,0.8114394,0.8114394,0.8114394,0.8114394,0.8114394,0.8114394,0.8114394,0.8114394,0.8114394,0.8114394,0.8114394,0.8114394,0.8114394,0.8114394,0.8114394,0.8114394,0.8114394,0.8114394,0.8114394,0.8114394,0.8114394,0.8114394,0.8114394,0.8114394,0.8114394,0.8114394,0.8114394
Slower Growth,New South Wales,Medium Residential,FCEV,5.13614E-05,5.0993E-05,5.06698E-05,4.83293E-05,4.55471E-05,4.3324E-05,4.11387E-05,3.89926E-05,3.73687E-05,3.52594E-05,3.36693E-05,3.20896E-05,3.05181E-05,2.89559E-05,2.74047E-05,2.58655E-05,2.43362E-05,2.2817E-05,2.17926E-05,2.02928E-05,1.8803E-05,1.73229E-05,1.63303E-05,1.48651E-05,1.34066E-05,1.19642E-05,1.05248E-05,9.56578E-06,8.13004E-06,6.69268E-06,5.25611E-06,5.25611E-06,5.25611E-06,5.25611E-06,5.25611E-06,5.25611E-06,5.25611E-06,5.25611E-06,5.25611E-06,5.25611E-06,5.25611E-06,5.25611E-06,5.25611E-06,5.25611E-06,5.25611E-06,5.25611E-06,5.25611E-06,5.25611E-06,5.25611E-06,5.25611E-06,5.25611E-06,5.25611E-06,5.25611E-06,5.25611E-06,5.25611E-06,5.25611E-06,5.25611E-06,5.25611E-06,5.25611E-06,5.25611E-06,5.25611E-06,5.25611E-06,5.25611E-06,5.25611E-06,5.25611E-06,5.25611E-06,5.25611E-06,5.25611E-06,5.25611E-06,5.25611E-06,5.25611E-06,5.25611E-06,5.25611E-06,5.25611E-06,5.25611E-06
Slower Growth,New South Wales,Medium Residential,Hybrid,0.079588444,0.092114989,0.105472087,0.114019969,0.121875974,0.127213365,0.130387471,0.131698675,0.131432213,0.129831465,0.12713769,0.119535086,0.111651905,0.103647024,0.095673821,0.091151951,0.086660128,0.082199522,0.077771461,0.073374814,0.069010006,0.064676133,0.060364367,0.056080816,0.051818389,0.047615675,0.043423245,0.039238813,0.035060552,0.030874269,0.026689577,0.026689577,0.026689577,0.026689577,0.026689577,0.026689577,0.026689577,0.026689577,0.026689577,0.026689577,0.026689577,0.026689577,0.026689577,0.026689577,0.026689577,0.026689577,0.026689577,0.026689577,0.026689577,0.026689577,0.026689577,0.026689577,0.026689577,0.026689577,0.026689577,0.026689577,0.026689577,0.026689577,0.026689577,0.026689577,0.026689577,0.026689577,0.026689577,0.026689577,0.026689577,0.026689577,0.026689577,0.026689577,0.026689577,0.026689577,0.026689577,0.026689577,0.026689577,0.026689577,0.026689577
Slower Growth,New South Wales,Medium Residential,ICE,0.878352242,0.8500538,0.816989751,0.788501904,0.757916088,0.729384704,0.702511314,0.67708487,0.652711199,0.629080341,0.606125829,0.587550436,0.568724767,0.54953354,0.529880207,0.503505018,0.477242031,0.451071089,0.424963267,0.398902837,0.372857299,0.346798385,0.320780798,0.294704805,0.268612059,0.241847582,0.214999792,0.188066503,0.161044107,0.13427802,0.107590207,0.107590207,0.107590207,0.107590207,0.107590207,0.107590207,0.107590207,0.107590207,0.107590207,0.107590207,0.107590207,0.107590207,0.107590207,0.107590207,0.107590207,0.107590207,0.107590207,0.107590207,0.107590207,0.107590207,0.107590207,0.107590207,0.107590207,0.107590207,0.107590207,0.107590207,0.107590207,0.107590207,0.107590207,0.107590207,0.107590207,0.107590207,0.107590207,0.107590207,0.107590207,0.107590207,0.107590207,0.107590207,0.107590207,0.107590207,0.107590207,0.107590207,0.107590207,0.107590207,0.107590207
Slower Growth,New South Wales,Medium Residential,PHEV,0.009670996,0.016100911,0.026309931,0.039003257,0.05465451,0.068106333,0.079561663,0.089134698,0.097006667,0.103304995,0.108092759,0.111478139,0.113537135,0.114336671,0.113943477,0.109993743,0.106072118,0.102179948,0.098320421,0.094492347,0.09069713,0.086934659,0.083194086,0.079484746,0.075797991,0.072193529,0.068602298,0.065021927,0.061450657,0.05786344,0.05427556,0.05427556,0.05427556,0.05427556,0.05427556,0.05427556,0.05427556,0.05427556,0.05427556,0.05427556,0.05427556,0.05427556,0.05427556,0.05427556,0.05427556,0.05427556,0.05427556,0.05427556,0.05427556,0.05427556,0.05427556,0.05427556,0.05427556,0.05427556,0.05427556,0.05427556,0.05427556,0.05427556,0.05427556,0.05427556,0.05427556,0.05427556,0.05427556,0.05427556,0.05427556,0.05427556,0.05427556,0.05427556,0.05427556,0.05427556,0.05427556,0.05427556,0.05427556,0.05427556,0.05427556
Slower Growth,New South Wales,Motorcycle,BEV,0.008041959,0.012897182,0.021709284,0.033326265,0.048124758,0.064658951,0.082932546,0.102819345,0.124266465,0.147217362,0.171587282,0.197257107,0.224148707,0.252177244,0.281279178,0.316331283,0.351273958,0.386131429,0.42092592,0.455672046,0.490407577,0.525148726,0.559886531,0.594659651,0.629273517,0.663325472,0.697358798,0.7313844,0.765407761,0.799446922,0.833505856,0.833505856,0.833505856,0.833505856,0.833505856,0.833505856,0.833505856,0.833505856,0.833505856,0.833505856,0.833505856,0.833505856,0.833505856,0.833505856,0.833505856,0.833505856,0.833505856,0.833505856,0.833505856,0.833505856,0.833505856,0.833505856,0.833505856,0.833505856,0.833505856,0.833505856,0.833505856,0.833505856,0.833505856,0.833505856,0.833505856,0.833505856,0.833505856,0.833505856,0.833505856,0.833505856,0.833505856,0.833505856,0.833505856,0.833505856,0.833505856,0.833505856,0.833505856,0.833505856,0.833505856
Slower Growth,New South Wales,Motorcycle,FCEV,0,0,0,0,0,0,0,0,0,0,0,0,0,0,0,0,0,0,0,0,0,0,0,0,0,0,0,0,0,0,0,0,0,0,0,0,0,0,0,0,0,0,0,0,0,0,0,0,0,0,0,0,0,0,0,0,0,0,0,0,0,0,0,0,0,0,0,0,0,0,0,0,0,0,0
Slower Growth,New South Wales,Motorcycle,Hybrid,0,0,0,0,0,0,0,0,0,0,0,0,0,0,0,0,0,0,0,0,0,0,0,0,0,0,0,0,0,0,0,0,0,0,0,0,0,0,0,0,0,0,0,0,0,0,0,0,0,0,0,0,0,0,0,0,0,0,0,0,0,0,0,0,0,0,0,0,0,0,0,0,0,0,0
Slower Growth,New South Wales,Motorcycle,ICE,0.991958041,0.987102818,0.978290716,0.966673735,0.951875242,0.935341049,0.917067454,0.897180655,0.875733535,0.852782638,0.828412718,0.802742893,0.775851293,0.747822756,0.718720822,0.682643513,0.646677208,0.610803128,0.574995416,0.539238926,0.503492103,0.467744156,0.432000861,0.396222752,0.360604289,0.325561035,0.29053817,0.255524419,0.220511072,0.185485542,0.150440672,0.150440672,0.150440672,0.150440672,0.150440672,0.150440672,0.150440672,0.150440672,0.150440672,0.150440672,0.150440672,0.150440672,0.150440672,0.150440672,0.150440672,0.150440672,0.150440672,0.150440672,0.150440672,0.150440672,0.150440672,0.150440672,0.150440672,0.150440672,0.150440672,0.150440672,0.150440672,0.150440672,0.150440672,0.150440672,0.150440672,0.150440672,0.150440672,0.150440672,0.150440672,0.150440672,0.150440672,0.150440672,0.150440672,0.150440672,0.150440672,0.150440672,0.150440672,0.150440672,0.150440672
Slower Growth,New South Wales,Motorcycle,PHEV,0,0,0,0,0,0,0,0,0,0,0,0,0,0,0,0.001025204,0.002048834,0.003065443,0.004078664,0.005089028,0.00610032,0.007107118,0.008112608,0.009117597,0.010122194,0.011113493,0.012103032,0.013091181,0.014081167,0.015067536,0.016053472,0.016053472,0.016053472,0.016053472,0.016053472,0.016053472,0.016053472,0.016053472,0.016053472,0.016053472,0.016053472,0.016053472,0.016053472,0.016053472,0.016053472,0.016053472,0.016053472,0.016053472,0.016053472,0.016053472,0.016053472,0.016053472,0.016053472,0.016053472,0.016053472,0.016053472,0.016053472,0.016053472,0.016053472,0.016053472,0.016053472,0.016053472,0.016053472,0.016053472,0.016053472,0.016053472,0.016053472,0.016053472,0.016053472,0.016053472,0.016053472,0.016053472,0.016053472,0.016053472,0.016053472
Slower Growth,New South Wales,Rigid Truck,BEV,0.002838036,0.001159977,0.001899606,0.002791921,0.003851998,0.008593375,0.017140061,0.028931102,0.043556949,0.061571566,0.082354985,0.10579247,0.131776312,0.1600275,0.190406338,0.229359554,0.267562144,0.305056839,0.341897968,0.378121453,0.413904645,0.449216208,0.484102204,0.518601453,0.552744995,0.586740247,0.620419088,0.653817722,0.686928395,0.719785825,0.752280492,0.752280492,0.752280492,0.752280492,0.752280492,0.752280492,0.752280492,0.752280492,0.752280492,0.752280492,0.752280492,0.752280492,0.752280492,0.752280492,0.752280492,0.752280492,0.752280492,0.752280492,0.752280492,0.752280492,0.752280492,0.752280492,0.752280492,0.752280492,0.752280492,0.752280492,0.752280492,0.752280492,0.752280492,0.752280492,0.752280492,0.752280492,0.752280492,0.752280492,0.752280492,0.752280492,0.752280492,0.752280492,0.752280492,0.752280492,0.752280492,0.752280492,0.752280492,0.752280492,0.752280492
Slower Growth,New South Wales,Rigid Truck,FCEV,0,0,0,4.87246E-06,4.83919E-06,9.12146E-05,0.000270783,0.000526875,0.000844272,0.001246762,0.001714395,0.002244933,0.00283149,0.003477412,0.004167911,0.005066341,0.00594305,0.006803592,0.007649008,0.008480219,0.009301321,0.010111453,0.010915942,0.011707293,0.012490434,0.013270157,0.014042497,0.014808373,0.015571635,0.016325015,0.017070166,0.017070166,0.017070166,0.017070166,0.017070166,0.017070166,0.017070166,0.017070166,0.017070166,0.017070166,0.017070166,0.017070166,0.017070166,0.017070166,0.017070166,0.017070166,0.017070166,0.017070166,0.017070166,0.017070166,0.017070166,0.017070166,0.017070166,0.017070166,0.017070166,0.017070166,0.017070166,0.017070166,0.017070166,0.017070166,0.017070166,0.017070166,0.017070166,0.017070166,0.017070166,0.017070166,0.017070166,0.017070166,0.017070166,0.017070166,0.017070166,0.017070166,0.017070166,0.017070166,0.017070166
Slower Growth,New South Wales,Rigid Truck,Hybrid,0,0,0,0,0,0,0,0,0,0,0,0,0,0,0,0.002857155,0.005654511,0.008403182,0.0110974,0.013748424,0.016356207,0.018929628,0.021464069,0.023970338,0.026447013,0.02890141,0.031334137,0.033739845,0.036126821,0.038489047,0.040829256,0.040829256,0.040829256,0.040829256,0.040829256,0.040829256,0.040829256,0.040829256,0.040829256,0.040829256,0.040829256,0.040829256,0.040829256,0.040829256,0.040829256,0.040829256,0.040829256,0.040829256,0.040829256,0.040829256,0.040829256,0.040829256,0.040829256,0.040829256,0.040829256,0.040829256,0.040829256,0.040829256,0.040829256,0.040829256,0.040829256,0.040829256,0.040829256,0.040829256,0.040829256,0.040829256,0.040829256,0.040829256,0.040829256,0.040829256,0.040829256,0.040829256,0.040829256,0.040829256,0.040829256
Slower Growth,New South Wales,Rigid Truck,ICE,0.997161964,0.998840023,0.998095472,0.997198334,0.996128645,0.991075372,0.981900324,0.969215426,0.953467111,0.934046296,0.911624058,0.88633216,0.85828659,0.827783815,0.794981818,0.750035878,0.705965444,0.662712479,0.620216201,0.57843051,0.537167914,0.496445546,0.456221801,0.416444569,0.377081403,0.337904788,0.299088093,0.260601269,0.222444063,0.184585621,0.147140786,0.147140786,0.147140786,0.147140786,0.147140786,0.147140786,0.147140786,0.147140786,0.147140786,0.147140786,0.147140786,0.147140786,0.147140786,0.147140786,0.147140786,0.147140786,0.147140786,0.147140786,0.147140786,0.147140786,0.147140786,0.147140786,0.147140786,0.147140786,0.147140786,0.147140786,0.147140786,0.147140786,0.147140786,0.147140786,0.147140786,0.147140786,0.147140786,0.147140786,0.147140786,0.147140786,0.147140786,0.147140786,0.147140786,0.147140786,0.147140786,0.147140786,0.147140786,0.147140786,0.147140786
Slower Growth,New South Wales,Rigid Truck,PHEV,0,0,4.92126E-06,4.87246E-06,1.45176E-05,0.000240038,0.000688833,0.001326597,0.002131669,0.003135375,0.004306561,0.005630437,0.007105607,0.008711273,0.010443933,0.012681073,0.014874851,0.017023909,0.019139423,0.021219393,0.023269913,0.025297165,0.027295985,0.029276346,0.031236154,0.033183397,0.035116186,0.037032791,0.038929087,0.040814492,0.042679301,0.042679301,0.042679301,0.042679301,0.042679301,0.042679301,0.042679301,0.042679301,0.042679301,0.042679301,0.042679301,0.042679301,0.042679301,0.042679301,0.042679301,0.042679301,0.042679301,0.042679301,0.042679301,0.042679301,0.042679301,0.042679301,0.042679301,0.042679301,0.042679301,0.042679301,0.042679301,0.042679301,0.042679301,0.042679301,0.042679301,0.042679301,0.042679301,0.042679301,0.042679301,0.042679301,0.042679301,0.042679301,0.042679301,0.042679301,0.042679301,0.042679301,0.042679301,0.042679301,0.042679301
Slower Growth,New South Wales,Small Light Commercial,BEV,0.020836405,0.027352369,0.034266712,0.039849708,0.045425808,0.054275361,0.066419918,0.081314612,0.098757488,0.118983185,0.141563674,0.166412008,0.193403031,0.222364963,0.253112946,0.291386193,0.329188141,0.366581783,0.403583789,0.440249694,0.476616085,0.512732849,0.548566389,0.584225195,0.619675907,0.65529015,0.690773342,0.726110714,0.761314958,0.796419605,0.831310878,0.831310878,0.831310878,0.831310878,0.831310878,0.831310878,0.831310878,0.831310878,0.831310878,0.831310878,0.831310878,0.831310878,0.831310878,0.831310878,0.831310878,0.831310878,0.831310878,0.831310878,0.831310878,0.831310878,0.831310878,0.831310878,0.831310878,0.831310878,0.831310878,0.831310878,0.831310878,0.831310878,0.831310878,0.831310878,0.831310878,0.831310878,0.831310878,0.831310878,0.831310878,0.831310878,0.831310878,0.831310878,0.831310878,0.831310878,0.831310878,0.831310878,0.831310878,0.831310878,0.831310878
Slower Growth,New South Wales,Small Light Commercial,FCEV,3.27616E-05,3.24465E-05,3.21301E-05,3.18416E-05,3.16116E-05,3.1373E-05,3.11027E-05,3.08594E-05,3.06415E-05,1.52036E-05,1.50905E-05,1.49799E-05,1.48714E-05,1.47663E-05,1.46664E-05,1.457E-05,1.44768E-05,1.4387E-05,1.43008E-05,1.42195E-05,1.41421E-05,1.40694E-05,1.40001E-05,1.39353E-05,1.38739E-05,1.38232E-05,0,0,0,0,0,0,0,0,0,0,0,0,0,0,0,0,0,0,0,0,0,0,0,0,0,0,0,0,0,0,0,0,0,0,0,0,0,0,0,0,0,0,0,0,0,0,0,0,0
Slower Growth,New South Wales,Small Light Commercial,Hybrid,0,0,0,0,0,0,0,0,0,0,0,0,0,0,0,0.000539091,0.001071284,0.001596961,0.002130824,0.002644826,0.003153682,0.003658056,0.004158033,0.004654404,0.005161076,0.0056537,0.006143758,0.006631336,0.007116756,0.007600153,0.008080753,0.008080753,0.008080753,0.008080753,0.008080753,0.008080753,0.008080753,0.008080753,0.008080753,0.008080753,0.008080753,0.008080753,0.008080753,0.008080753,0.008080753,0.008080753,0.008080753,0.008080753,0.008080753,0.008080753,0.008080753,0.008080753,0.008080753,0.008080753,0.008080753,0.008080753,0.008080753,0.008080753,0.008080753,0.008080753,0.008080753,0.008080753,0.008080753,0.008080753,0.008080753,0.008080753,0.008080753,0.008080753,0.008080753,0.008080753,0.008080753,0.008080753,0.008080753,0.008080753,0.008080753
Slower Growth,New South Wales,Small Light Commercial,ICE,0.972906122,0.961258923,0.945700194,0.929120695,0.910096731,0.889551209,0.867269023,0.844036414,0.819920026,0.794417247,0.767953884,0.740532686,0.712207962,0.683057204,0.653212678,0.618585541,0.584370838,0.550505704,0.516960787,0.483704462,0.450693669,0.417876639,0.385297082,0.352842809,0.320541635,0.28802079,0.255613412,0.223309902,0.191112267,0.158989193,0.127061,0.127061,0.127061,0.127061,0.127061,0.127061,0.127061,0.127061,0.127061,0.127061,0.127061,0.127061,0.127061,0.127061,0.127061,0.127061,0.127061,0.127061,0.127061,0.127061,0.127061,0.127061,0.127061,0.127061,0.127061,0.127061,0.127061,0.127061,0.127061,0.127061,0.127061,0.127061,0.127061,0.127061,0.127061,0.127061,0.127061,0.127061,0.127061,0.127061,0.127061,0.127061,0.127061,0.127061,0.127061
Slower Growth,New South Wales,Small Light Commercial,PHEV,0.006224712,0.011356262,0.020000964,0.030997755,0.044445849,0.056142057,0.066279956,0.074618114,0.081291845,0.086584365,0.090467352,0.093040326,0.094374136,0.094563067,0.09365971,0.089474604,0.085355261,0.081301164,0.077310299,0.073386799,0.069522422,0.065718386,0.061964496,0.058263657,0.054607509,0.051021537,0.047469488,0.043948048,0.04045602,0.036991049,0.033547369,0.033547369,0.033547369,0.033547369,0.033547369,0.033547369,0.033547369,0.033547369,0.033547369,0.033547369,0.033547369,0.033547369,0.033547369,0.033547369,0.033547369,0.033547369,0.033547369,0.033547369,0.033547369,0.033547369,0.033547369,0.033547369,0.033547369,0.033547369,0.033547369,0.033547369,0.033547369,0.033547369,0.033547369,0.033547369,0.033547369,0.033547369,0.033547369,0.033547369,0.033547369,0.033547369,0.033547369,0.033547369,0.033547369,0.033547369,0.033547369,0.033547369,0.033547369,0.033547369,0.033547369
Slower Growth,New South Wales,Small Residential,BEV,0.074234372,0.090834274,0.103303027,0.106823488,0.106345876,0.109477655,0.115970171,0.125571366,0.138125876,0.153515102,0.171477578,0.191969917,0.214882103,0.240077829,0.267404905,0.302917929,0.338258594,0.373441704,0.40849497,0.443436585,0.478295324,0.51310089,0.547817458,0.582521536,0.617206485,0.65243804,0.687730472,0.72308949,0.758522989,0.793716354,0.82883043,0.82883043,0.82883043,0.82883043,0.82883043,0.82883043,0.82883043,0.82883043,0.82883043,0.82883043,0.82883043,0.82883043,0.82883043,0.82883043,0.82883043,0.82883043,0.82883043,0.82883043,0.82883043,0.82883043,0.82883043,0.82883043,0.82883043,0.82883043,0.82883043,0.82883043,0.82883043,0.82883043,0.82883043,0.82883043,0.82883043,0.82883043,0.82883043,0.82883043,0.82883043,0.82883043,0.82883043,0.82883043,0.82883043,0.82883043,0.82883043,0.82883043,0.82883043,0.82883043,0.82883043
Slower Growth,New South Wales,Small Residential,FCEV,0.000117908,0.000117062,0.00011632,0.000109779,0.00010456,9.94568E-05,9.32884E-05,8.95135E-05,8.46416E-05,7.98032E-05,7.61562E-05,7.2533E-05,6.8929E-05,6.5346E-05,6.17882E-05,5.82578E-05,5.47499E-05,5.23797E-05,4.89162E-05,4.54757E-05,4.2058E-05,3.97666E-05,3.63849E-05,3.30223E-05,2.96754E-05,2.74634E-05,2.41591E-05,2.08598E-05,1.75641E-05,1.53624E-05,1.20648E-05,1.20648E-05,1.20648E-05,1.20648E-05,1.20648E-05,1.20648E-05,1.20648E-05,1.20648E-05,1.20648E-05,1.20648E-05,1.20648E-05,1.20648E-05,1.20648E-05,1.20648E-05,1.20648E-05,1.20648E-05,1.20648E-05,1.20648E-05,1.20648E-05,1.20648E-05,1.20648E-05,1.20648E-05,1.20648E-05,1.20648E-05,1.20648E-05,1.20648E-05,1.20648E-05,1.20648E-05,1.20648E-05,1.20648E-05,1.20648E-05,1.20648E-05,1.20648E-05,1.20648E-05,1.20648E-05,1.20648E-05,1.20648E-05,1.20648E-05,1.20648E-05,1.20648E-05,1.20648E-05,1.20648E-05,1.20648E-05,1.20648E-05,1.20648E-05
Slower Growth,New South Wales,Small Residential,Hybrid,0,0,0,0,0,0,0,0,0,0,0,0,0,0,0,0.000510876,0.001019019,0.001525698,0.002028912,0.00253,0.00302928,0.003528182,0.004024389,0.004519647,0.005014052,0.005513561,0.006012321,0.00651155,0.007011377,0.007510002,0.008006625,0.008006625,0.008006625,0.008006625,0.008006625,0.008006625,0.008006625,0.008006625,0.008006625,0.008006625,0.008006625,0.008006625,0.008006625,0.008006625,0.008006625,0.008006625,0.008006625,0.008006625,0.008006625,0.008006625,0.008006625,0.008006625,0.008006625,0.008006625,0.008006625,0.008006625,0.008006625,0.008006625,0.008006625,0.008006625,0.008006625,0.008006625,0.008006625,0.008006625,0.008006625,0.008006625,0.008006625,0.008006625,0.008006625,0.008006625,0.008006625,0.008006625,0.008006625,0.008006625,0.008006625
Slower Growth,New South Wales,Small Residential,ICE,0.903446485,0.879910844,0.856371417,0.839631048,0.823615042,0.806448964,0.788160433,0.768866977,0.748529925,0.727128978,0.70484592,0.681611865,0.657451278,0.632424235,0.606606623,0.576188262,0.545907274,0.515745118,0.485675883,0.455681741,0.425730619,0.395792692,0.36591949,0.336024648,0.306120946,0.275582472,0.244972162,0.214282813,0.183509926,0.152989407,0.122549616,0.122549616,0.122549616,0.122549616,0.122549616,0.122549616,0.122549616,0.122549616,0.122549616,0.122549616,0.122549616,0.122549616,0.122549616,0.122549616,0.122549616,0.122549616,0.122549616,0.122549616,0.122549616,0.122549616,0.122549616,0.122549616,0.122549616,0.122549616,0.122549616,0.122549616,0.122549616,0.122549616,0.122549616,0.122549616,0.122549616,0.122549616,0.122549616,0.122549616,0.122549616,0.122549616,0.122549616,0.122549616,0.122549616,0.122549616,0.122549616,0.122549616,0.122549616,0.122549616,0.122549616
Slower Growth,New South Wales,Small Residential,PHEV,0.022201234,0.02913782,0.040209236,0.053435685,0.069934522,0.083973924,0.095776108,0.105472144,0.113259558,0.119276117,0.123600346,0.126345685,0.12759769,0.127432589,0.125926683,0.120324675,0.114760363,0.1092351,0.103751319,0.098306198,0.092902719,0.087538469,0.082202278,0.076901147,0.071628841,0.066438464,0.061260885,0.056095288,0.050938144,0.045768875,0.040601265,0.040601265,0.040601265,0.040601265,0.040601265,0.040601265,0.040601265,0.040601265,0.040601265,0.040601265,0.040601265,0.040601265,0.040601265,0.040601265,0.040601265,0.040601265,0.040601265,0.040601265,0.040601265,0.040601265,0.040601265,0.040601265,0.040601265,0.040601265,0.040601265,0.040601265,0.040601265,0.040601265,0.040601265,0.040601265,0.040601265,0.040601265,0.040601265,0.040601265,0.040601265,0.040601265,0.040601265,0.040601265,0.040601265,0.040601265,0.040601265,0.040601265,0.040601265,0.040601265,0.040601265
Slower Growth,QLD,Articulated Truck,BEV,0,0,0,0.000104102,0.000827244,0.004855365,0.012382435,0.022845275,0.035869674,0.052051822,0.070840251,0.092089995,0.115717249,0.141475747,0.16921247,0.210382683,0.250814332,0.290582932,0.329709817,0.368291806,0.406274137,0.443773029,0.480834504,0.517489831,0.55372807,0.589859769,0.625627138,0.661074111,0.696181485,0.730964325,0.765314085,0.765314085,0.765314085,0.765314085,0.765314085,0.765314085,0.765314085,0.765314085,0.765314085,0.765314085,0.765314085,0.765314085,0.765314085,0.765314085,0.765314085,0.765314085,0.765314085,0.765314085,0.765314085,0.765314085,0.765314085,0.765314085,0.765314085,0.765314085,0.765314085,0.765314085,0.765314085,0.765314085,0.765314085,0.765314085,0.765314085,0.765314085,0.765314085,0.765314085,0.765314085,0.765314085,0.765314085,0.765314085,0.765314085,0.765314085,0.765314085,0.765314085,0.765314085,0.765314085,0.765314085
Slower Growth,QLD,Articulated Truck,FCEV,0,0,0,0,0,0.000102578,0.000270654,0.000569457,0.000929954,0.001348152,0.00185565,0.002449716,0.00309558,0.003823669,0.004601227,0.005737146,0.006883412,0.007979533,0.009088988,0.010152132,0.011229279,0.012262343,0.013284176,0.014323068,0.015322022,0.016345961,0.017331813,0.018336404,0.019303931,0.020289774,0.021236274,0.021236274,0.021236274,0.021236274,0.021236274,0.021236274,0.021236274,0.021236274,0.021236274,0.021236274,0.021236274,0.021236274,0.021236274,0.021236274,0.021236274,0.021236274,0.021236274,0.021236274,0.021236274,0.021236274,0.021236274,0.021236274,0.021236274,0.021236274,0.021236274,0.021236274,0.021236274,0.021236274,0.021236274,0.021236274,0.021236274,0.021236274,0.021236274,0.021236274,0.021236274,0.021236274,0.021236274,0.021236274,0.021236274,0.021236274,0.021236274,0.021236274,0.021236274,0.021236274,0.021236274
Slower Growth,QLD,Articulated Truck,Hybrid,0,0,0,0,0,0,0,0,0,0,0,0,0,0,0,0,0,0,0,0,0,0,0,0,0,0,0,0,0,0,0,0,0,0,0,0,0,0,0,0,0,0,0,0,0,0,0,0,0,0,0,0,0,0,0,0,0,0,0,0,0,0,0,0,0,0,0,0,0,0,0,0,0,0,0
Slower Growth,QLD,Articulated Truck,ICE,1,1,1,0.999895898,0.999172756,0.994939479,0.987042425,0.976015811,0.962270417,0.945218993,0.925415893,0.902978339,0.878059678,0.850845315,0.821553775,0.778112014,0.735418843,0.693427545,0.652112208,0.611373982,0.571267304,0.531672808,0.492567884,0.453864033,0.41559903,0.377448309,0.33968073,0.302253082,0.265210652,0.228456128,0.192213366,0.192213366,0.192213366,0.192213366,0.192213366,0.192213366,0.192213366,0.192213366,0.192213366,0.192213366,0.192213366,0.192213366,0.192213366,0.192213366,0.192213366,0.192213366,0.192213366,0.192213366,0.192213366,0.192213366,0.192213366,0.192213366,0.192213366,0.192213366,0.192213366,0.192213366,0.192213366,0.192213366,0.192213366,0.192213366,0.192213366,0.192213366,0.192213366,0.192213366,0.192213366,0.192213366,0.192213366,0.192213366,0.192213366,0.192213366,0.192213366,0.192213366,0.192213366,0.192213366,0.192213366
Slower Growth,QLD,Articulated Truck,PHEV,0,0,0,0,0,0.000102578,0.000304486,0.000569457,0.000929954,0.001381034,0.001888205,0.002481949,0.003127493,0.003855269,0.004632528,0.005768157,0.006883412,0.00800999,0.009088988,0.01018208,0.011229279,0.01229182,0.013313436,0.014323068,0.015350877,0.016345961,0.017360319,0.018336404,0.019303931,0.020289774,0.021236274,0.021236274,0.021236274,0.021236274,0.021236274,0.021236274,0.021236274,0.021236274,0.021236274,0.021236274,0.021236274,0.021236274,0.021236274,0.021236274,0.021236274,0.021236274,0.021236274,0.021236274,0.021236274,0.021236274,0.021236274,0.021236274,0.021236274,0.021236274,0.021236274,0.021236274,0.021236274,0.021236274,0.021236274,0.021236274,0.021236274,0.021236274,0.021236274,0.021236274,0.021236274,0.021236274,0.021236274,0.021236274,0.021236274,0.021236274,0.021236274,0.021236274,0.021236274,0.021236274,0.021236274
Slower Growth,QLD,Bus,BEV,0.010485258,0.010574081,0.022444509,0.03716022,0.054929807,0.072972534,0.091277397,0.109866106,0.128755712,0.147915824,0.16711962,0.188331171,0.212322963,0.236825193,0.261787642,0.295085232,0.328149177,0.361027668,0.393713813,0.426294508,0.458711647,0.491025441,0.52323138,0.555344252,0.587408526,0.619671498,0.651877001,0.684117262,0.716357621,0.748578454,0.780796684,0.780796684,0.780796684,0.780796684,0.780796684,0.780796684,0.780796684,0.780796684,0.780796684,0.780796684,0.780796684,0.780796684,0.780796684,0.780796684,0.780796684,0.780796684,0.780796684,0.780796684,0.780796684,0.780796684,0.780796684,0.780796684,0.780796684,0.780796684,0.780796684,0.780796684,0.780796684,0.780796684,0.780796684,0.780796684,0.780796684,0.780796684,0.780796684,0.780796684,0.780796684,0.780796684,0.780796684,0.780796684,0.780796684,0.780796684,0.780796684,0.780796684,0.780796684,0.780796684,0.780796684
Slower Growth,QLD,Bus,FCEV,0,0.001124016,0.002438722,0.004065041,0.00603983,0.007760442,0.00927764,0.010598277,0.011727122,0.012707406,0.013507484,0.014271813,0.015010289,0.015584833,0.016036793,0.016209973,0.016385638,0.016561265,0.016739533,0.016919876,0.017102379,0.017324801,0.01751109,0.017697741,0.017888256,0.018086957,0.018287743,0.018490697,0.018696622,0.01890272,0.019149589,0.019149589,0.019149589,0.019149589,0.019149589,0.019149589,0.019149589,0.019149589,0.019149589,0.019149589,0.019149589,0.019149589,0.019149589,0.019149589,0.019149589,0.019149589,0.019149589,0.019149589,0.019149589,0.019149589,0.019149589,0.019149589,0.019149589,0.019149589,0.019149589,0.019149589,0.019149589,0.019149589,0.019149589,0.019149589,0.019149589,0.019149589,0.019149589,0.019149589,0.019149589,0.019149589,0.019149589,0.019149589,0.019149589,0.019149589,0.019149589,0.019149589,0.019149589,0.019149589,0.019149589
Slower Growth,QLD,Bus,Hybrid,0,0,0,0,0,0,0,0,0,0,0,0,0,0,0,0.001035527,0.002063083,0.003083004,0.004135649,0.0051427,0.006144333,0.007140627,0.008132929,0.009120546,0.010105703,0.011130435,0.012114665,0.013097577,0.014080172,0.015060704,0.016041139,0.016041139,0.016041139,0.016041139,0.016041139,0.016041139,0.016041139,0.016041139,0.016041139,0.016041139,0.016041139,0.016041139,0.016041139,0.016041139,0.016041139,0.016041139,0.016041139,0.016041139,0.016041139,0.016041139,0.016041139,0.016041139,0.016041139,0.016041139,0.016041139,0.016041139,0.016041139,0.016041139,0.016041139,0.016041139,0.016041139,0.016041139,0.016041139,0.016041139,0.016041139,0.016041139,0.016041139,0.016041139,0.016041139,0.016041139,0.016041139,0.016041139,0.016041139,0.016041139,0.016041139
Slower Growth,QLD,Bus,ICE,0.989514742,0.988301903,0.975116769,0.958774739,0.939030362,0.919104502,0.898958798,0.878564783,0.85794007,0.837110482,0.816290107,0.793342524,0.767380866,0.741002571,0.714137173,0.677473315,0.641063281,0.604822134,0.568789633,0.532917206,0.497182217,0.461565475,0.426103199,0.390708686,0.35540326,0.319845411,0.28434739,0.248853962,0.213356929,0.177846934,0.142336327,0.142336327,0.142336327,0.142336327,0.142336327,0.142336327,0.142336327,0.142336327,0.142336327,0.142336327,0.142336327,0.142336327,0.142336327,0.142336327,0.142336327,0.142336327,0.142336327,0.142336327,0.142336327,0.142336327,0.142336327,0.142336327,0.142336327,0.142336327,0.142336327,0.142336327,0.142336327,0.142336327,0.142336327,0.142336327,0.142336327,0.142336327,0.142336327,0.142336327,0.142336327,0.142336327,0.142336327,0.142336327,0.142336327,0.142336327,0.142336327,0.142336327,0.142336327,0.142336327,0.142336327
Slower Growth,QLD,Bus,PHEV,0,0,0,0,0,0.000162522,0.000486165,0.000970835,0.001577096,0.002266289,0.003082789,0.004054492,0.005285881,0.006587404,0.008038392,0.010195953,0.012338822,0.014505929,0.016621371,0.01872571,0.020859424,0.022943655,0.025021402,0.027128774,0.029194254,0.0312657,0.033373201,0.035440502,0.037508656,0.039611188,0.041676261,0.041676261,0.041676261,0.041676261,0.041676261,0.041676261,0.041676261,0.041676261,0.041676261,0.041676261,0.041676261,0.041676261,0.041676261,0.041676261,0.041676261,0.041676261,0.041676261,0.041676261,0.041676261,0.041676261,0.041676261,0.041676261,0.041676261,0.041676261,0.041676261,0.041676261,0.041676261,0.041676261,0.041676261,0.041676261,0.041676261,0.041676261,0.041676261,0.041676261,0.041676261,0.041676261,0.041676261,0.041676261,0.041676261,0.041676261,0.041676261,0.041676261,0.041676261,0.041676261,0.041676261
Slower Growth,QLD,Large Light Commercial,BEV,0.000258398,0.002320188,0.006357303,0.012014869,0.01914993,0.028789017,0.041005307,0.055300305,0.071511492,0.089862834,0.113573028,0.13836064,0.164428173,0.191698504,0.220091008,0.260875616,0.301332613,0.341501665,0.381425572,0.421141382,0.460557784,0.499409002,0.538040221,0.576517671,0.614846284,0.653296532,0.691575931,0.729305172,0.766913675,0.804420974,0.841801551,0.841801551,0.841801551,0.841801551,0.841801551,0.841801551,0.841801551,0.841801551,0.841801551,0.841801551,0.841801551,0.841801551,0.841801551,0.841801551,0.841801551,0.841801551,0.841801551,0.841801551,0.841801551,0.841801551,0.841801551,0.841801551,0.841801551,0.841801551,0.841801551,0.841801551,0.841801551,0.841801551,0.841801551,0.841801551,0.841801551,0.841801551,0.841801551,0.841801551,0.841801551,0.841801551,0.841801551,0.841801551,0.841801551,0.841801551,0.841801551,0.841801551,0.841801551,0.841801551,0.841801551
Slower Growth,QLD,Large Light Commercial,FCEV,0,0,0,0,0,0,0,0,0,0,0,0,0,0,0,0,0,0,0,0,0,0,0,0,0,0,0,0,0,0,0,0,0,0,0,0,0,0,0,0,0,0,0,0,0,0,0,0,0,0,0,0,0,0,0,0,0,0,0,0,0,0,0,0,0,0,0,0,0,0,0,0,0,0,0
Slower Growth,QLD,Large Light Commercial,Hybrid,0.003600715,0.005716454,0.00907635,0.013112691,0.017809804,0.021525313,0.02440599,0.026460495,0.027807746,0.028574262,0.027101476,0.025714398,0.024407923,0.023177571,0.02202176,0.020941896,0.019920883,0.018953466,0.018038828,0.017172724,0.016348566,0.015555553,0.014803779,0.01409234,0.013417673,0.012783776,0.012179975,0.011599723,0.01104859,0.010526082,0.010028318,0.010028318,0.010028318,0.010028318,0.010028318,0.010028318,0.010028318,0.010028318,0.010028318,0.010028318,0.010028318,0.010028318,0.010028318,0.010028318,0.010028318,0.010028318,0.010028318,0.010028318,0.010028318,0.010028318,0.010028318,0.010028318,0.010028318,0.010028318,0.010028318,0.010028318,0.010028318,0.010028318,0.010028318,0.010028318,0.010028318,0.010028318,0.010028318,0.010028318,0.010028318,0.010028318,0.010028318,0.010028318,0.010028318,0.010028318,0.010028318,0.010028318,0.010028318,0.010028318,0.010028318
Slower Growth,QLD,Large Light Commercial,ICE,0.996049886,0.991698511,0.983994322,0.973890408,0.961550513,0.947493646,0.931494205,0.914080956,0.895308488,0.874810013,0.852920503,0.829847613,0.805395931,0.779646127,0.752682585,0.713233685,0.674038261,0.635065213,0.596272747,0.557627356,0.519230255,0.481359109,0.443657765,0.406059893,0.368565483,0.330898142,0.293365793,0.256353882,0.21942662,0.182565084,0.145799871,0.145799871,0.145799871,0.145799871,0.145799871,0.145799871,0.145799871,0.145799871,0.145799871,0.145799871,0.145799871,0.145799871,0.145799871,0.145799871,0.145799871,0.145799871,0.145799871,0.145799871,0.145799871,0.145799871,0.145799871,0.145799871,0.145799871,0.145799871,0.145799871,0.145799871,0.145799871,0.145799871,0.145799871,0.145799871,0.145799871,0.145799871,0.145799871,0.145799871,0.145799871,0.145799871,0.145799871,0.145799871,0.145799871,0.145799871,0.145799871,0.145799871,0.145799871,0.145799871,0.145799871
Slower Growth,QLD,Large Light Commercial,PHEV,9.10009E-05,0.000264846,0.000572025,0.000982032,0.001489752,0.002192024,0.003094499,0.004158244,0.005372274,0.006752892,0.006404993,0.006077349,0.005767973,0.005477798,0.005204646,0.004948803,0.004708244,0.004479655,0.004262853,0.004058538,0.003863396,0.003676336,0.003498234,0.003330096,0.003170561,0.003021549,0.002878301,0.002741223,0.002611115,0.00248786,0.00237026,0.00237026,0.00237026,0.00237026,0.00237026,0.00237026,0.00237026,0.00237026,0.00237026,0.00237026,0.00237026,0.00237026,0.00237026,0.00237026,0.00237026,0.00237026,0.00237026,0.00237026,0.00237026,0.00237026,0.00237026,0.00237026,0.00237026,0.00237026,0.00237026,0.00237026,0.00237026,0.00237026,0.00237026,0.00237026,0.00237026,0.00237026,0.00237026,0.00237026,0.00237026,0.00237026,0.00237026,0.00237026,0.00237026,0.00237026,0.00237026,0.00237026,0.00237026,0.00237026,0.00237026
Slower Growth,QLD,Large Residential,BEV,0.007368848,0.016374989,0.032144073,0.053289708,0.079902933,0.10597687,0.131677693,0.156961711,0.182034169,0.206989632,0.236460903,0.261574396,0.286389262,0.310987016,0.335391065,0.368393289,0.401060177,0.433419536,0.465507904,0.497352805,0.528994686,0.560479049,0.591788582,0.62303928,0.654113341,0.685628215,0.717100957,0.748531444,0.77993699,0.811330412,0.842637981,0.842637981,0.842637981,0.842637981,0.842637981,0.842637981,0.842637981,0.842637981,0.842637981,0.842637981,0.842637981,0.842637981,0.842637981,0.842637981,0.842637981,0.842637981,0.842637981,0.842637981,0.842637981,0.842637981,0.842637981,0.842637981,0.842637981,0.842637981,0.842637981,0.842637981,0.842637981,0.842637981,0.842637981,0.842637981,0.842637981,0.842637981,0.842637981,0.842637981,0.842637981,0.842637981,0.842637981,0.842637981,0.842637981,0.842637981,0.842637981,0.842637981,0.842637981,0.842637981,0.842637981
Slower Growth,QLD,Large Residential,FCEV,0,0,0,0,0,0,0,0,0,0,0,0,0,0,0,0,0,0,0,0,0,0,0,0,0,0,0,0,0,0,0,0,0,0,0,0,0,0,0,0,0,0,0,0,0,0,0,0,0,0,0,0,0,0,0,0,0,0,0,0,0,0,0,0,0,0,0,0,0,0,0,0,0,0,0
Slower Growth,QLD,Large Residential,Hybrid,0.067385579,0.078810677,0.088960555,0.093685433,0.095993638,0.097207783,0.097482118,0.09694929,0.095727724,0.093919079,0.089406714,0.085112975,0.081026566,0.077137643,0.073442338,0.069940399,0.066609086,0.0634432,0.060435562,0.057579005,0.054867319,0.052294587,0.049849863,0.047532659,0.045326374,0.043263573,0.0413001,0.039430484,0.037649835,0.035953771,0.034334504,0.034334504,0.034334504,0.034334504,0.034334504,0.034334504,0.034334504,0.034334504,0.034334504,0.034334504,0.034334504,0.034334504,0.034334504,0.034334504,0.034334504,0.034334504,0.034334504,0.034334504,0.034334504,0.034334504,0.034334504,0.034334504,0.034334504,0.034334504,0.034334504,0.034334504,0.034334504,0.034334504,0.034334504,0.034334504,0.034334504,0.034334504,0.034334504,0.034334504,0.034334504,0.034334504,0.034334504,0.034334504,0.034334504,0.034334504,0.034334504,0.034334504,0.034334504,0.034334504,0.034334504
Slower Growth,QLD,Large Residential,ICE,0.922648995,0.900909224,0.873449715,0.846026256,0.815395331,0.78640725,0.758731111,0.732283058,0.70672764,0.681862461,0.657731435,0.637698805,0.617720182,0.597724956,0.577693946,0.548836402,0.52011167,0.491499036,0.462969724,0.434505514,0.406072798,0.377633289,0.349216972,0.320708528,0.292245346,0.263171756,0.23402268,0.204804653,0.17550658,0.146120167,0.116728902,0.116728902,0.116728902,0.116728902,0.116728902,0.116728902,0.116728902,0.116728902,0.116728902,0.116728902,0.116728902,0.116728902,0.116728902,0.116728902,0.116728902,0.116728902,0.116728902,0.116728902,0.116728902,0.116728902,0.116728902,0.116728902,0.116728902,0.116728902,0.116728902,0.116728902,0.116728902,0.116728902,0.116728902,0.116728902,0.116728902,0.116728902,0.116728902,0.116728902,0.116728902,0.116728902,0.116728902,0.116728902,0.116728902,0.116728902,0.116728902,0.116728902,0.116728902,0.116728902,0.116728902
Slower Growth,QLD,Large Residential,PHEV,0.002596579,0.00390511,0.005445657,0.006998603,0.008708098,0.010408097,0.012109078,0.01380594,0.015510467,0.017228829,0.016400947,0.015613824,0.014863989,0.014150385,0.013472651,0.01282991,0.012219067,0.011638228,0.01108681,0.010562677,0.010065197,0.009593074,0.009144583,0.008719533,0.008314939,0.007936455,0.007576263,0.007233419,0.006906595,0.00659565,0.006298614,0.006298614,0.006298614,0.006298614,0.006298614,0.006298614,0.006298614,0.006298614,0.006298614,0.006298614,0.006298614,0.006298614,0.006298614,0.006298614,0.006298614,0.006298614,0.006298614,0.006298614,0.006298614,0.006298614,0.006298614,0.006298614,0.006298614,0.006298614,0.006298614,0.006298614,0.006298614,0.006298614,0.006298614,0.006298614,0.006298614,0.006298614,0.006298614,0.006298614,0.006298614,0.006298614,0.006298614,0.006298614,0.006298614,0.006298614,0.006298614,0.006298614,0.006298614,0.006298614,0.006298614
Slower Growth,QLD,Medium Light Commercial,BEV,0.003955001,0.009657551,0.019929557,0.033679448,0.050729779,0.068967187,0.088653524,0.109113213,0.130316073,0.152695239,0.178783402,0.20504008,0.231725833,0.258826673,0.286294447,0.32349959,0.360410987,0.397065965,0.433501064,0.469757365,0.505725181,0.541115793,0.576309557,0.61137838,0.646321744,0.681505565,0.716540395,0.751042112,0.785455062,0.819783151,0.854018477,0.854018477,0.854018477,0.854018477,0.854018477,0.854018477,0.854018477,0.854018477,0.854018477,0.854018477,0.854018477,0.854018477,0.854018477,0.854018477,0.854018477,0.854018477,0.854018477,0.854018477,0.854018477,0.854018477,0.854018477,0.854018477,0.854018477,0.854018477,0.854018477,0.854018477,0.854018477,0.854018477,0.854018477,0.854018477,0.854018477,0.854018477,0.854018477,0.854018477,0.854018477,0.854018477,0.854018477,0.854018477,0.854018477,0.854018477,0.854018477,0.854018477,0.854018477,0.854018477,0.854018477
Slower Growth,QLD,Medium Light Commercial,FCEV,0,0,0,0,0,0,0,0,0,0,0,0,0,0,0,0,0,0,0,0,0,0,0,0,0,0,0,0,0,0,0,0,0,0,0,0,0,0,0,0,0,0,0,0,0,0,0,0,0,0,0,0,0,0,0,0,0,0,0,0,0,0,0,0,0,0,0,0,0,0,0,0,0,0,0
Slower Growth,QLD,Medium Light Commercial,Hybrid,0.003669704,0.006070619,0.009758724,0.013882757,0.018213328,0.021607745,0.024228757,0.026079476,0.027271527,0.027934105,0.026523357,0.025195207,0.023931748,0.022743039,0.021620156,0.020569338,0.019569621,0.018621004,0.017727672,0.016879376,0.016065585,0.015287985,0.014548422,0.013852243,0.01318802,0.012566111,0.011972452,0.011405537,0.010862911,0.010353808,0.00986276,0.00986276,0.00986276,0.00986276,0.00986276,0.00986276,0.00986276,0.00986276,0.00986276,0.00986276,0.00986276,0.00986276,0.00986276,0.00986276,0.00986276,0.00986276,0.00986276,0.00986276,0.00986276,0.00986276,0.00986276,0.00986276,0.00986276,0.00986276,0.00986276,0.00986276,0.00986276,0.00986276,0.00986276,0.00986276,0.00986276,0.00986276,0.00986276,0.00986276,0.00986276,0.00986276,0.00986276,0.00986276,0.00986276,0.00986276,0.00986276,0.00986276,0.00986276,0.00986276,0.00986276
Slower Growth,QLD,Medium Light Commercial,ICE,0.990982373,0.982248291,0.967613783,0.949151064,0.927179182,0.904899011,0.881875458,0.858806536,0.835610361,0.81171647,0.787421633,0.762859783,0.737783654,0.712197278,0.686162486,0.650295777,0.61465361,0.579208822,0.543910777,0.508738772,0.473804477,0.439407254,0.405151654,0.370975261,0.336875522,0.302484607,0.268203591,0.234424789,0.200704277,0.167024172,0.133412963,0.133412963,0.133412963,0.133412963,0.133412963,0.133412963,0.133412963,0.133412963,0.133412963,0.133412963,0.133412963,0.133412963,0.133412963,0.133412963,0.133412963,0.133412963,0.133412963,0.133412963,0.133412963,0.133412963,0.133412963,0.133412963,0.133412963,0.133412963,0.133412963,0.133412963,0.133412963,0.133412963,0.133412963,0.133412963,0.133412963,0.133412963,0.133412963,0.133412963,0.133412963,0.133412963,0.133412963,0.133412963,0.133412963,0.133412963,0.133412963,0.133412963,0.133412963,0.133412963,0.133412963
Slower Growth,QLD,Medium Light Commercial,PHEV,0.001392921,0.00202354,0.002697936,0.00328673,0.003877711,0.004526056,0.005242261,0.006000775,0.006802038,0.007654186,0.007271607,0.00690493,0.006558766,0.006233011,0.00592291,0.005635295,0.005365782,0.005104209,0.004860488,0.004624487,0.004404757,0.004188968,0.003990367,0.003794116,0.003614714,0.003443716,0.003283563,0.003127562,0.00297775,0.002838869,0.002705799,0.002705799,0.002705799,0.002705799,0.002705799,0.002705799,0.002705799,0.002705799,0.002705799,0.002705799,0.002705799,0.002705799,0.002705799,0.002705799,0.002705799,0.002705799,0.002705799,0.002705799,0.002705799,0.002705799,0.002705799,0.002705799,0.002705799,0.002705799,0.002705799,0.002705799,0.002705799,0.002705799,0.002705799,0.002705799,0.002705799,0.002705799,0.002705799,0.002705799,0.002705799,0.002705799,0.002705799,0.002705799,0.002705799,0.002705799,0.002705799,0.002705799,0.002705799,0.002705799,0.002705799
Slower Growth,QLD,Medium Residential,BEV,0.027171785,0.041021315,0.061470262,0.085952751,0.115625528,0.144333956,0.172284752,0.199454239,0.226082008,0.252285429,0.281305313,0.305798542,0.329823565,0.353454725,0.376709137,0.407593391,0.438166774,0.468458102,0.498503031,0.528325402,0.557965033,0.58746431,0.616796818,0.64604472,0.675167905,0.704786009,0.73436348,0.763906998,0.79343072,0.822948269,0.852382659,0.852382659,0.852382659,0.852382659,0.852382659,0.852382659,0.852382659,0.852382659,0.852382659,0.852382659,0.852382659,0.852382659,0.852382659,0.852382659,0.852382659,0.852382659,0.852382659,0.852382659,0.852382659,0.852382659,0.852382659,0.852382659,0.852382659,0.852382659,0.852382659,0.852382659,0.852382659,0.852382659,0.852382659,0.852382659,0.852382659,0.852382659,0.852382659,0.852382659,0.852382659,0.852382659,0.852382659,0.852382659,0.852382659,0.852382659,0.852382659,0.852382659,0.852382659,0.852382659,0.852382659
Slower Growth,QLD,Medium Residential,FCEV,0,0,0,0,0,0,0,0,0,0,0,0,0,0,0,0,0,0,0,0,0,0,0,0,0,0,0,0,0,0,0,0,0,0,0,0,0,0,0,0,0,0,0,0,0,0,0,0,0,0,0,0,0,0,0,0,0,0,0,0,0,0,0,0,0,0,0,0,0,0,0,0,0,0,0
Slower Growth,QLD,Medium Residential,Hybrid,0.067542236,0.077019246,0.08547623,0.08882715,0.089941678,0.090239088,0.089834517,0.088830415,0.087314176,0.0853617,0.081260894,0.077358115,0.073644194,0.070109318,0.06675115,0.063567423,0.060540344,0.05766232,0.054928308,0.052331679,0.049866226,0.047526494,0.045302947,0.043191966,0.04118548,0.039310144,0.037525339,0.035825449,0.034206978,0.0326649,0.03119253,0.03119253,0.03119253,0.03119253,0.03119253,0.03119253,0.03119253,0.03119253,0.03119253,0.03119253,0.03119253,0.03119253,0.03119253,0.03119253,0.03119253,0.03119253,0.03119253,0.03119253,0.03119253,0.03119253,0.03119253,0.03119253,0.03119253,0.03119253,0.03119253,0.03119253,0.03119253,0.03119253,0.03119253,0.03119253,0.03119253,0.03119253,0.03119253,0.03119253,0.03119253,0.03119253,0.03119253,0.03119253,0.03119253,0.03119253,0.03119253,0.03119253,0.03119253,0.03119253,0.03119253
Slower Growth,QLD,Medium Residential,ICE,0.89571163,0.870367255,0.839707399,0.8109181,0.779455521,0.74977535,0.721552352,0.694708675,0.668914082,0.643972663,0.619936991,0.600186206,0.580675124,0.561339727,0.54216653,0.515151582,0.48825758,0.461463359,0.434741219,0.408075001,0.381431176,0.354775802,0.328145374,0.301462899,0.274778551,0.247439778,0.220030876,0.192553222,0.164997008,0.137353067,0.109708051,0.109708051,0.109708051,0.109708051,0.109708051,0.109708051,0.109708051,0.109708051,0.109708051,0.109708051,0.109708051,0.109708051,0.109708051,0.109708051,0.109708051,0.109708051,0.109708051,0.109708051,0.109708051,0.109708051,0.109708051,0.109708051,0.109708051,0.109708051,0.109708051,0.109708051,0.109708051,0.109708051,0.109708051,0.109708051,0.109708051,0.109708051,0.109708051,0.109708051,0.109708051,0.109708051,0.109708051,0.109708051,0.109708051,0.109708051,0.109708051,0.109708051,0.109708051,0.109708051,0.109708051
Slower Growth,QLD,Medium Residential,PHEV,0.009574349,0.011592184,0.013346108,0.014301999,0.014977273,0.015651606,0.016328378,0.017006672,0.017689735,0.018380207,0.017496801,0.016657138,0.015857117,0.015096229,0.014373183,0.013687604,0.013035301,0.012416219,0.011827442,0.011267918,0.010737565,0.010233394,0.009754861,0.009300415,0.008868064,0.008464069,0.008080305,0.007714331,0.007365294,0.007033764,0.006716761,0.006716761,0.006716761,0.006716761,0.006716761,0.006716761,0.006716761,0.006716761,0.006716761,0.006716761,0.006716761,0.006716761,0.006716761,0.006716761,0.006716761,0.006716761,0.006716761,0.006716761,0.006716761,0.006716761,0.006716761,0.006716761,0.006716761,0.006716761,0.006716761,0.006716761,0.006716761,0.006716761,0.006716761,0.006716761,0.006716761,0.006716761,0.006716761,0.006716761,0.006716761,0.006716761,0.006716761,0.006716761,0.006716761,0.006716761,0.006716761,0.006716761,0.006716761,0.006716761,0.006716761
Slower Growth,QLD,Motorcycle,BEV,0.005133848,0.012382933,0.025787989,0.044081515,0.067318953,0.090549582,0.114028611,0.137730286,0.161708929,0.185986003,0.210508542,0.235250099,0.260197379,0.285319511,0.310620586,0.345765886,0.380344543,0.414731866,0.448950968,0.483020111,0.516955559,0.550776387,0.584494664,0.618133283,0.651698635,0.685504547,0.719289661,0.753068557,0.786852762,0.820646409,0.854467037,0.854467037,0.854467037,0.854467037,0.854467037,0.854467037,0.854467037,0.854467037,0.854467037,0.854467037,0.854467037,0.854467037,0.854467037,0.854467037,0.854467037,0.854467037,0.854467037,0.854467037,0.854467037,0.854467037,0.854467037,0.854467037,0.854467037,0.854467037,0.854467037,0.854467037,0.854467037,0.854467037,0.854467037,0.854467037,0.854467037,0.854467037,0.854467037,0.854467037,0.854467037,0.854467037,0.854467037,0.854467037,0.854467037,0.854467037,0.854467037,0.854467037,0.854467037,0.854467037,0.854467037
Slower Growth,QLD,Motorcycle,FCEV,0,0,0,0,0,0,0,0,0,0,0,0,0,0,0,0,0,0,0,0,0,0,0,0,0,0,0,0,0,0,0,0,0,0,0,0,0,0,0,0,0,0,0,0,0,0,0,0,0,0,0,0,0,0,0,0,0,0,0,0,0,0,0,0,0,0,0,0,0,0,0,0,0,0,0
Slower Growth,QLD,Motorcycle,Hybrid,0,0,0,0,0,0,0,0,0,0,0,0,0,0,0,0,0,0,0,0,0,0,0,0,0,0,0,0,0,0,0,0,0,0,0,0,0,0,0,0,0,0,0,0,0,0,0,0,0,0,0,0,0,0,0,0,0,0,0,0,0,0,0,0,0,0,0,0,0,0,0,0,0,0,0
Slower Growth,QLD,Motorcycle,ICE,0.994866152,0.987617067,0.974212011,0.955918485,0.932681047,0.909450418,0.885971389,0.862269714,0.838291071,0.814013997,0.789491458,0.764749901,0.739802621,0.714680489,0.689379414,0.654234114,0.619655457,0.585268134,0.551049032,0.516979889,0.483044441,0.449223613,0.415505336,0.381866717,0.348301365,0.314495453,0.280710339,0.246931443,0.213147238,0.179353591,0.145532963,0.145532963,0.145532963,0.145532963,0.145532963,0.145532963,0.145532963,0.145532963,0.145532963,0.145532963,0.145532963,0.145532963,0.145532963,0.145532963,0.145532963,0.145532963,0.145532963,0.145532963,0.145532963,0.145532963,0.145532963,0.145532963,0.145532963,0.145532963,0.145532963,0.145532963,0.145532963,0.145532963,0.145532963,0.145532963,0.145532963,0.145532963,0.145532963,0.145532963,0.145532963,0.145532963,0.145532963,0.145532963,0.145532963,0.145532963,0.145532963,0.145532963,0.145532963,0.145532963,0.145532963
Slower Growth,QLD,Motorcycle,PHEV,0,0,0,0,0,0,0,0,0,0,0,0,0,0,0,0,0,0,0,0,0,0,0,0,0,0,0,0,0,0,0,0,0,0,0,0,0,0,0,0,0,0,0,0,0,0,0,0,0,0,0,0,0,0,0,0,0,0,0,0,0,0,0,0,0,0,0,0,0,0,0,0,0,0,0
Slower Growth,QLD,Rigid Truck,BEV,0.002832001,0.00106465,0.001756255,0.002525285,0.003397127,0.0074601,0.014863558,0.02509563,0.037780039,0.053493768,0.071607866,0.092063265,0.114776006,0.139502163,0.166112416,0.205096989,0.243490709,0.281336857,0.318672761,0.355525421,0.392068547,0.428269458,0.464173718,0.499803025,0.535179298,0.57054613,0.605691627,0.640644056,0.675395836,0.7099871,0.744282612,0.744282612,0.744282612,0.744282612,0.744282612,0.744282612,0.744282612,0.744282612,0.744282612,0.744282612,0.744282612,0.744282612,0.744282612,0.744282612,0.744282612,0.744282612,0.744282612,0.744282612,0.744282612,0.744282612,0.744282612,0.744282612,0.744282612,0.744282612,0.744282612,0.744282612,0.744282612,0.744282612,0.744282612,0.744282612,0.744282612,0.744282612,0.744282612,0.744282612,0.744282612,0.744282612,0.744282612,0.744282612,0.744282612,0.744282612,0.744282612,0.744282612,0.744282612,0.744282612,0.744282612
Slower Growth,QLD,Rigid Truck,FCEV,0,0,0,0,6.34977E-06,8.19099E-05,0.000237019,0.000457295,0.000735736,0.001087247,0.001492834,0.001950923,0.002465821,0.003030872,0.00363945,0.004529247,0.005411286,0.006280729,0.00713278,0.007979513,0.008818912,0.009650395,0.010469505,0.011287781,0.012100198,0.012906861,0.013713854,0.014516502,0.015314395,0.01610324,0.016890654,0.016890654,0.016890654,0.016890654,0.016890654,0.016890654,0.016890654,0.016890654,0.016890654,0.016890654,0.016890654,0.016890654,0.016890654,0.016890654,0.016890654,0.016890654,0.016890654,0.016890654,0.016890654,0.016890654,0.016890654,0.016890654,0.016890654,0.016890654,0.016890654,0.016890654,0.016890654,0.016890654,0.016890654,0.016890654,0.016890654,0.016890654,0.016890654,0.016890654,0.016890654,0.016890654,0.016890654,0.016890654,0.016890654,0.016890654,0.016890654,0.016890654,0.016890654,0.016890654,0.016890654
Slower Growth,QLD,Rigid Truck,Hybrid,0,0,0,0,0,0,0,0,0,0,0,0,0,0,0,0.002752167,0.005468549,0.00813937,0.010778173,0.013375771,0.015950872,0.018492901,0.021016032,0.023511195,0.025991204,0.02845795,0.030912818,0.033347123,0.035771044,0.038176565,0.040567305,0.040567305,0.040567305,0.040567305,0.040567305,0.040567305,0.040567305,0.040567305,0.040567305,0.040567305,0.040567305,0.040567305,0.040567305,0.040567305,0.040567305,0.040567305,0.040567305,0.040567305,0.040567305,0.040567305,0.040567305,0.040567305,0.040567305,0.040567305,0.040567305,0.040567305,0.040567305,0.040567305,0.040567305,0.040567305,0.040567305,0.040567305,0.040567305,0.040567305,0.040567305,0.040567305,0.040567305,0.040567305,0.040567305,0.040567305,0.040567305,0.040567305,0.040567305,0.040567305,0.040567305
Slower Growth,QLD,Rigid Truck,ICE,0.997167999,0.99893535,0.998243745,0.997468322,0.996583823,0.992250065,0.984306877,0.973297656,0.959638754,0.94269783,0.923155176,0.901087624,0.876572922,0.84987513,0.821143694,0.776278286,0.732086924,0.688532697,0.645567406,0.603159304,0.561108822,0.519455727,0.47815323,0.43717034,0.396476083,0.355811068,0.31539167,0.275201066,0.235232739,0.195466999,0.156030139,0.156030139,0.156030139,0.156030139,0.156030139,0.156030139,0.156030139,0.156030139,0.156030139,0.156030139,0.156030139,0.156030139,0.156030139,0.156030139,0.156030139,0.156030139,0.156030139,0.156030139,0.156030139,0.156030139,0.156030139,0.156030139,0.156030139,0.156030139,0.156030139,0.156030139,0.156030139,0.156030139,0.156030139,0.156030139,0.156030139,0.156030139,0.156030139,0.156030139,0.156030139,0.156030139,0.156030139,0.156030139,0.156030139,0.156030139,0.156030139,0.156030139,0.156030139,0.156030139,0.156030139
Slower Growth,QLD,Rigid Truck,PHEV,0,0,0,6.39313E-06,1.26995E-05,0.000207925,0.000592546,0.001149418,0.001845471,0.002721155,0.003744123,0.004898188,0.00618525,0.007591835,0.009104439,0.011343311,0.013542532,0.015710348,0.01784888,0.01995999,0.022052847,0.02413152,0.026187516,0.02822766,0.030253217,0.032277991,0.03429003,0.036291254,0.038285986,0.040266095,0.04222929,0.04222929,0.04222929,0.04222929,0.04222929,0.04222929,0.04222929,0.04222929,0.04222929,0.04222929,0.04222929,0.04222929,0.04222929,0.04222929,0.04222929,0.04222929,0.04222929,0.04222929,0.04222929,0.04222929,0.04222929,0.04222929,0.04222929,0.04222929,0.04222929,0.04222929,0.04222929,0.04222929,0.04222929,0.04222929,0.04222929,0.04222929,0.04222929,0.04222929,0.04222929,0.04222929,0.04222929,0.04222929,0.04222929,0.04222929,0.04222929,0.04222929,0.04222929,0.04222929,0.04222929
Slower Growth,QLD,Small Light Commercial,BEV,0.012071232,0.021861992,0.038053231,0.058692397,0.083888457,0.109198423,0.135081796,0.160688526,0.186092619,0.211873097,0.238413128,0.26497433,0.291589168,0.318193225,0.34472423,0.378893675,0.412853845,0.446624876,0.480232683,0.513738666,0.547000704,0.57971412,0.612285497,0.644792613,0.677226557,0.709959643,0.742584969,0.774692422,0.806750576,0.838771736,0.870734937,0.870734937,0.870734937,0.870734937,0.870734937,0.870734937,0.870734937,0.870734937,0.870734937,0.870734937,0.870734937,0.870734937,0.870734937,0.870734937,0.870734937,0.870734937,0.870734937,0.870734937,0.870734937,0.870734937,0.870734937,0.870734937,0.870734937,0.870734937,0.870734937,0.870734937,0.870734937,0.870734937,0.870734937,0.870734937,0.870734937,0.870734937,0.870734937,0.870734937,0.870734937,0.870734937,0.870734937,0.870734937,0.870734937,0.870734937,0.870734937,0.870734937,0.870734937,0.870734937,0.870734937
Slower Growth,QLD,Small Light Commercial,FCEV,0,0,0,0,0,0,0,0,0,0,0,0,0,0,0,0,0,0,0,0,0,0,0,0,0,0,0,0,0,0,0,0,0,0,0,0,0,0,0,0,0,0,0,0,0,0,0,0,0,0,0,0,0,0,0,0,0,0,0,0,0,0,0,0,0,0,0,0,0,0,0,0,0,0,0
Slower Growth,QLD,Small Light Commercial,Hybrid,0,0,0,0,0,0,0,0,0,0,0,0,0,0,0,0,0,0,0,0,0,0,0,0,0,0,0,0,0,0,0,0,0,0,0,0,0,0,0,0,0,0,0,0,0,0,0,0,0,0,0,0,0,0,0,0,0,0,0,0,0,0,0,0,0,0,0,0,0,0,0,0,0,0,0
Slower Growth,QLD,Small Light Commercial,ICE,0.983677372,0.972723273,0.955573817,0.934470138,0.909036812,0.88347569,0.857333921,0.831434267,0.805735102,0.779634674,0.753525054,0.727372124,0.701144352,0.674905897,0.648703498,0.614854672,0.581196449,0.547724185,0.514381127,0.481137141,0.448120278,0.415638048,0.383295368,0.350999092,0.318773865,0.286230575,0.253778886,0.221845919,0.189945888,0.158081546,0.126274125,0.126274125,0.126274125,0.126274125,0.126274125,0.126274125,0.126274125,0.126274125,0.126274125,0.126274125,0.126274125,0.126274125,0.126274125,0.126274125,0.126274125,0.126274125,0.126274125,0.126274125,0.126274125,0.126274125,0.126274125,0.126274125,0.126274125,0.126274125,0.126274125,0.126274125,0.126274125,0.126274125,0.126274125,0.126274125,0.126274125,0.126274125,0.126274125,0.126274125,0.126274125,0.126274125,0.126274125,0.126274125,0.126274125,0.126274125,0.126274125,0.126274125,0.126274125,0.126274125,0.126274125
Slower Growth,QLD,Small Light Commercial,PHEV,0.004251396,0.005414735,0.006372952,0.006837465,0.007074731,0.007325887,0.007584283,0.007877206,0.008172279,0.008492229,0.008061818,0.007653546,0.00726648,0.006900878,0.006572272,0.006251652,0.005949706,0.005650939,0.00538619,0.005124193,0.004879019,0.004647832,0.004419134,0.004208295,0.003999577,0.003809782,0.003636145,0.003461659,0.003303537,0.003146718,0.002990938,0.002990938,0.002990938,0.002990938,0.002990938,0.002990938,0.002990938,0.002990938,0.002990938,0.002990938,0.002990938,0.002990938,0.002990938,0.002990938,0.002990938,0.002990938,0.002990938,0.002990938,0.002990938,0.002990938,0.002990938,0.002990938,0.002990938,0.002990938,0.002990938,0.002990938,0.002990938,0.002990938,0.002990938,0.002990938,0.002990938,0.002990938,0.002990938,0.002990938,0.002990938,0.002990938,0.002990938,0.002990938,0.002990938,0.002990938,0.002990938,0.002990938,0.002990938,0.002990938,0.002990938
Slower Growth,QLD,Small Residential,BEV,0.062376949,0.083481007,0.109628808,0.136330167,0.166696525,0.195893843,0.224148496,0.251445558,0.278035857,0.304046374,0.330207854,0.355827412,0.380928824,0.405537767,0.429633661,0.458056227,0.486311474,0.514422244,0.542417823,0.570316644,0.598150594,0.625956742,0.653697643,0.681436291,0.709163115,0.737513625,0.765904424,0.794337171,0.822828091,0.85138078,0.879918325,0.879918325,0.879918325,0.879918325,0.879918325,0.879918325,0.879918325,0.879918325,0.879918325,0.879918325,0.879918325,0.879918325,0.879918325,0.879918325,0.879918325,0.879918325,0.879918325,0.879918325,0.879918325,0.879918325,0.879918325,0.879918325,0.879918325,0.879918325,0.879918325,0.879918325,0.879918325,0.879918325,0.879918325,0.879918325,0.879918325,0.879918325,0.879918325,0.879918325,0.879918325,0.879918325,0.879918325,0.879918325,0.879918325,0.879918325,0.879918325,0.879918325,0.879918325,0.879918325,0.879918325
Slower Growth,QLD,Small Residential,FCEV,0,0,0,0,0,0,0,0,0,0,0,0,0,0,0,0,0,0,0,0,0,0,0,0,0,0,0,0,0,0,0,0,0,0,0,0,0,0,0,0,0,0,0,0,0,0,0,0,0,0,0,0,0,0,0,0,0,0,0,0,0,0,0,0,0,0,0,0,0,0,0,0,0,0,0
Slower Growth,QLD,Small Residential,Hybrid,0,0,0,0,0,0,0,0,0,0,0,0,0,0,0,0,0,0,0,0,0,0,0,0,0,0,0,0,0,0,0,0,0,0,0,0,0,0,0,0,0,0,0,0,0,0,0,0,0,0,0,0,0,0,0,0,0,0,0,0,0,0,0,0,0,0,0,0,0,0,0,0,0,0,0
Slower Growth,QLD,Small Residential,ICE,0.915643683,0.892691545,0.865130591,0.838483149,0.808568598,0.779778294,0.751894843,0.724932968,0.69864543,0.672909477,0.647856569,0.623290484,0.599191437,0.575535947,0.552346901,0.524783189,0.497345577,0.470011316,0.442754429,0.41555695,0.388388706,0.3612145,0.334073328,0.306905052,0.279720083,0.251876062,0.223966751,0.195992485,0.167938792,0.139802349,0.111662671,0.111662671,0.111662671,0.111662671,0.111662671,0.111662671,0.111662671,0.111662671,0.111662671,0.111662671,0.111662671,0.111662671,0.111662671,0.111662671,0.111662671,0.111662671,0.111662671,0.111662671,0.111662671,0.111662671,0.111662671,0.111662671,0.111662671,0.111662671,0.111662671,0.111662671,0.111662671,0.111662671,0.111662671,0.111662671,0.111662671,0.111662671,0.111662671,0.111662671,0.111662671,0.111662671,0.111662671,0.111662671,0.111662671,0.111662671,0.111662671,0.111662671,0.111662671,0.111662671,0.111662671
Slower Growth,QLD,Small Residential,PHEV,0.021979368,0.023827448,0.0252406,0.025186684,0.024734877,0.024327863,0.023956661,0.023621474,0.023318713,0.023044149,0.021935577,0.020882103,0.019879739,0.018926286,0.018019438,0.017160584,0.016342949,0.01556644,0.014827748,0.014126406,0.013460701,0.012828758,0.012229029,0.011658657,0.011116802,0.010610312,0.010128825,0.009670344,0.009233117,0.008816871,0.008419004,0.008419004,0.008419004,0.008419004,0.008419004,0.008419004,0.008419004,0.008419004,0.008419004,0.008419004,0.008419004,0.008419004,0.008419004,0.008419004,0.008419004,0.008419004,0.008419004,0.008419004,0.008419004,0.008419004,0.008419004,0.008419004,0.008419004,0.008419004,0.008419004,0.008419004,0.008419004,0.008419004,0.008419004,0.008419004,0.008419004,0.008419004,0.008419004,0.008419004,0.008419004,0.008419004,0.008419004,0.008419004,0.008419004,0.008419004,0.008419004,0.008419004,0.008419004,0.008419004,0.008419004
Slower Growth,SA,Articulated Truck,BEV,0,0,0,0,8.86761E-05,0.003255037,0.009924262,0.019482759,0.031463748,0.046570703,0.064240188,0.084316332,0.106796117,0.131317248,0.15779268,0.198926454,0.239411998,0.279306267,0.318626301,0.357459035,0.395789961,0.433746936,0.471273115,0.508470731,0.545338346,0.582167701,0.618618842,0.654794521,0.690765716,0.7263459,0.761532847,0.761532847,0.761532847,0.761532847,0.761532847,0.761532847,0.761532847,0.761532847,0.761532847,0.761532847,0.761532847,0.761532847,0.761532847,0.761532847,0.761532847,0.761532847,0.761532847,0.761532847,0.761532847,0.761532847,0.761532847,0.761532847,0.761532847,0.761532847,0.761532847,0.761532847,0.761532847,0.761532847,0.761532847,0.761532847,0.761532847,0.761532847,0.761532847,0.761532847,0.761532847,0.761532847,0.761532847,0.761532847,0.761532847,0.761532847,0.761532847,0.761532847,0.761532847,0.761532847,0.761532847
Slower Growth,SA,Articulated Truck,FCEV,0,0,0,0,0,8.7974E-05,0.000261165,0.000517241,0.000854993,0.00127011,0.001761154,0.002325968,0.002961988,0.00366808,0.004362931,0.00552796,0.006674613,0.00772566,0.008839865,0.009940203,0.011026293,0.012025123,0.013088806,0.014143095,0.015112782,0.016156781,0.017190058,0.018215476,0.019161324,0.020170163,0.021167883,0.021167883,0.021167883,0.021167883,0.021167883,0.021167883,0.021167883,0.021167883,0.021167883,0.021167883,0.021167883,0.021167883,0.021167883,0.021167883,0.021167883,0.021167883,0.021167883,0.021167883,0.021167883,0.021167883,0.021167883,0.021167883,0.021167883,0.021167883,0.021167883,0.021167883,0.021167883,0.021167883,0.021167883,0.021167883,0.021167883,0.021167883,0.021167883,0.021167883,0.021167883,0.021167883,0.021167883,0.021167883,0.021167883,0.021167883,0.021167883,0.021167883,0.021167883,0.021167883,0.021167883
Slower Growth,SA,Articulated Truck,Hybrid,0,0,0,0,0,0,0,0,0,0,0,0,0,0,0,0,0,0,0,0,0,0,0,0,0,0,0,0,0,0,0,0,0,0,0,0,0,0,0,0,0,0,0,0,0,0,0,0,0,0,0,0,0,0,0,0,0,0,0,0,0,0,0,0,0,0,0,0,0,0,0,0,0,0,0
Slower Growth,SA,Articulated Truck,ICE,1,1,1,1,0.999911324,0.996569016,0.989553408,0.979482759,0.966826265,0.950889077,0.932237504,0.911031733,0.887279908,0.861346593,0.833481458,0.790017625,0.747238776,0.705163579,0.663693969,0.622660558,0.582157452,0.542202819,0.502549273,0.46324308,0.424360902,0.385518737,0.347001042,0.308774528,0.270911637,0.233313774,0.196131387,0.196131387,0.196131387,0.196131387,0.196131387,0.196131387,0.196131387,0.196131387,0.196131387,0.196131387,0.196131387,0.196131387,0.196131387,0.196131387,0.196131387,0.196131387,0.196131387,0.196131387,0.196131387,0.196131387,0.196131387,0.196131387,0.196131387,0.196131387,0.196131387,0.196131387,0.196131387,0.196131387,0.196131387,0.196131387,0.196131387,0.196131387,0.196131387,0.196131387,0.196131387,0.196131387,0.196131387,0.196131387,0.196131387,0.196131387,0.196131387,0.196131387,0.196131387,0.196131387,0.196131387
Slower Growth,SA,Articulated Truck,PHEV,0,0,0,0,0,8.7974E-05,0.000261165,0.000517241,0.000854993,0.00127011,0.001761154,0.002325968,0.002961988,0.00366808,0.004362931,0.00552796,0.006674613,0.007804493,0.008839865,0.009940203,0.011026293,0.012025123,0.013088806,0.014143095,0.01518797,0.016156781,0.017190058,0.018215476,0.019161324,0.020170163,0.021167883,0.021167883,0.021167883,0.021167883,0.021167883,0.021167883,0.021167883,0.021167883,0.021167883,0.021167883,0.021167883,0.021167883,0.021167883,0.021167883,0.021167883,0.021167883,0.021167883,0.021167883,0.021167883,0.021167883,0.021167883,0.021167883,0.021167883,0.021167883,0.021167883,0.021167883,0.021167883,0.021167883,0.021167883,0.021167883,0.021167883,0.021167883,0.021167883,0.021167883,0.021167883,0.021167883,0.021167883,0.021167883,0.021167883,0.021167883,0.021167883,0.021167883,0.021167883,0.021167883,0.021167883
Slower Growth,SA,Bus,BEV,0.009718451,0.003828158,0.006892671,0.010471935,0.014559068,0.020968409,0.029411765,0.039906747,0.052076196,0.0659175,0.081092206,0.097524072,0.116781293,0.140060241,0.164826176,0.203366821,0.241682445,0.279574239,0.317400644,0.354925054,0.392290249,0.429502527,0.466640138,0.503638047,0.540451366,0.577526018,0.614494279,0.651391807,0.688393443,0.725343811,0.762197515,0.762197515,0.762197515,0.762197515,0.762197515,0.762197515,0.762197515,0.762197515,0.762197515,0.762197515,0.762197515,0.762197515,0.762197515,0.762197515,0.762197515,0.762197515,0.762197515,0.762197515,0.762197515,0.762197515,0.762197515,0.762197515,0.762197515,0.762197515,0.762197515,0.762197515,0.762197515,0.762197515,0.762197515,0.762197515,0.762197515,0.762197515,0.762197515,0.762197515,0.762197515,0.762197515,0.762197515,0.762197515,0.762197515,0.762197515,0.762197515,0.762197515,0.762197515,0.762197515,0.762197515
Slower Growth,SA,Bus,FCEV,0,0.000141784,0.000422,0.000698129,0.001109262,0.001517451,0.001924134,0.002331322,0.00260381,0.003014938,0.003430296,0.003851444,0.004401651,0.004928806,0.005453306,0.00610915,0.006897484,0.007679871,0.008324382,0.009100642,0.009870615,0.010641128,0.011274705,0.012038629,0.0128019,0.013436965,0.014204919,0.014968487,0.015606557,0.016371971,0.017135383,0.017135383,0.017135383,0.017135383,0.017135383,0.017135383,0.017135383,0.017135383,0.017135383,0.017135383,0.017135383,0.017135383,0.017135383,0.017135383,0.017135383,0.017135383,0.017135383,0.017135383,0.017135383,0.017135383,0.017135383,0.017135383,0.017135383,0.017135383,0.017135383,0.017135383,0.017135383,0.017135383,0.017135383,0.017135383,0.017135383,0.017135383,0.017135383,0.017135383,0.017135383,0.017135383,0.017135383,0.017135383,0.017135383,0.017135383,0.017135383,0.017135383,0.017135383,0.017135383,0.017135383
Slower Growth,SA,Bus,Hybrid,0,0,0,0,0,0,0,0,0,0,0,0,0,0,0,0.001086071,0.002028672,0.003098895,0.004162191,0.005085653,0.006135788,0.007182761,0.008091259,0.009128192,0.010162333,0.011065736,0.012100487,0.013130252,0.014032787,0.015062213,0.016088947,0.016088947,0.016088947,0.016088947,0.016088947,0.016088947,0.016088947,0.016088947,0.016088947,0.016088947,0.016088947,0.016088947,0.016088947,0.016088947,0.016088947,0.016088947,0.016088947,0.016088947,0.016088947,0.016088947,0.016088947,0.016088947,0.016088947,0.016088947,0.016088947,0.016088947,0.016088947,0.016088947,0.016088947,0.016088947,0.016088947,0.016088947,0.016088947,0.016088947,0.016088947,0.016088947,0.016088947,0.016088947,0.016088947,0.016088947,0.016088947,0.016088947,0.016088947,0.016088947,0.016088947
Slower Growth,SA,Bus,ICE,0.990281549,0.996030058,0.992685328,0.988829936,0.984331669,0.97737619,0.968114349,0.956801975,0.943812526,0.92887488,0.912458836,0.89477304,0.874002751,0.848849945,0.822222222,0.779663318,0.737489857,0.6956346,0.65386681,0.612553533,0.571161798,0.530061186,0.489189548,0.448339727,0.40768114,0.366881834,0.326055504,0.285189076,0.244590164,0.203798297,0.162982341,0.162982341,0.162982341,0.162982341,0.162982341,0.162982341,0.162982341,0.162982341,0.162982341,0.162982341,0.162982341,0.162982341,0.162982341,0.162982341,0.162982341,0.162982341,0.162982341,0.162982341,0.162982341,0.162982341,0.162982341,0.162982341,0.162982341,0.162982341,0.162982341,0.162982341,0.162982341,0.162982341,0.162982341,0.162982341,0.162982341,0.162982341,0.162982341,0.162982341,0.162982341,0.162982341,0.162982341,0.162982341,0.162982341,0.162982341,0.162982341,0.162982341,0.162982341,0.162982341,0.162982341
Slower Growth,SA,Bus,PHEV,0,0,0,0,0,0.00013795,0.000549753,0.000959956,0.001507469,0.002192682,0.003018661,0.003851444,0.004814305,0.006161008,0.007498296,0.00977464,0.011901542,0.014012396,0.016245972,0.018335118,0.02054155,0.022612397,0.024804351,0.026855404,0.02890326,0.031089448,0.033144811,0.035320378,0.037377049,0.039423707,0.041595814,0.041595814,0.041595814,0.041595814,0.041595814,0.041595814,0.041595814,0.041595814,0.041595814,0.041595814,0.041595814,0.041595814,0.041595814,0.041595814,0.041595814,0.041595814,0.041595814,0.041595814,0.041595814,0.041595814,0.041595814,0.041595814,0.041595814,0.041595814,0.041595814,0.041595814,0.041595814,0.041595814,0.041595814,0.041595814,0.041595814,0.041595814,0.041595814,0.041595814,0.041595814,0.041595814,0.041595814,0.041595814,0.041595814,0.041595814,0.041595814,0.041595814,0.041595814,0.041595814,0.041595814
Slower Growth,SA,Large Light Commercial,BEV,0.000267883,0.001260563,0.0031657,0.005821059,0.00916521,0.015446471,0.024715286,0.036527489,0.050664769,0.067345032,0.086060713,0.106735542,0.129286489,0.15352676,0.179297432,0.218240113,0.256799378,0.295019347,0.332945126,0.370613447,0.408061817,0.445348376,0.482449004,0.519429898,0.556289279,0.593261585,0.630135369,0.666929264,0.703647785,0.740316401,0.776534576,0.776534576,0.776534576,0.776534576,0.776534576,0.776534576,0.776534576,0.776534576,0.776534576,0.776534576,0.776534576,0.776534576,0.776534576,0.776534576,0.776534576,0.776534576,0.776534576,0.776534576,0.776534576,0.776534576,0.776534576,0.776534576,0.776534576,0.776534576,0.776534576,0.776534576,0.776534576,0.776534576,0.776534576,0.776534576,0.776534576,0.776534576,0.776534576,0.776534576,0.776534576,0.776534576,0.776534576,0.776534576,0.776534576,0.776534576,0.776534576,0.776534576,0.776534576,0.776534576,0.776534576
Slower Growth,SA,Large Light Commercial,FCEV,0,0,0,0,0,0,0,0,0,0,0,0,0,0,0,0,0,0,0,0,0,0,0,0,0,0,0,0,0,0,0,0,0,0,0,0,0,0,0,0,0,0,0,0,0,0,0,0,0,0,0,0,0,0,0,0,0,0,0,0,0,0,0,0,0,0,0,0,0,0,0,0,0,0,0
Slower Growth,SA,Large Light Commercial,Hybrid,0.005261055,0.007015683,0.009436884,0.012046654,0.014957319,0.01726641,0.019054127,0.020312647,0.021118113,0.02154332,0.021641979,0.021193407,0.020553922,0.01976937,0.018886063,0.018366513,0.017858306,0.017364619,0.016877525,0.016400128,0.015935626,0.015476699,0.015024518,0.014583581,0.014145084,0.013720922,0.013297078,0.012877101,0.012464183,0.012051108,0.011635052,0.011635052,0.011635052,0.011635052,0.011635052,0.011635052,0.011635052,0.011635052,0.011635052,0.011635052,0.011635052,0.011635052,0.011635052,0.011635052,0.011635052,0.011635052,0.011635052,0.011635052,0.011635052,0.011635052,0.011635052,0.011635052,0.011635052,0.011635052,0.011635052,0.011635052,0.011635052,0.011635052,0.011635052,0.011635052,0.011635052,0.011635052,0.011635052,0.011635052,0.011635052,0.011635052,0.011635052,0.011635052,0.011635052,0.011635052,0.011635052,0.011635052,0.011635052,0.011635052,0.011635052
Slower Growth,SA,Large Light Commercial,ICE,0.994361274,0.9902502,0.983233832,0.974173576,0.963123855,0.950075099,0.934824202,0.917957742,0.899601545,0.879360629,0.857743627,0.835020223,0.810883477,0.785471503,0.758880946,0.7191226,0.679738487,0.640683911,0.601911952,0.56338576,0.525063453,0.486890502,0.448899471,0.411007052,0.373230011,0.335300862,0.297468611,0.259713965,0.222022629,0.184377922,0.147217609,0.147217609,0.147217609,0.147217609,0.147217609,0.147217609,0.147217609,0.147217609,0.147217609,0.147217609,0.147217609,0.147217609,0.147217609,0.147217609,0.147217609,0.147217609,0.147217609,0.147217609,0.147217609,0.147217609,0.147217609,0.147217609,0.147217609,0.147217609,0.147217609,0.147217609,0.147217609,0.147217609,0.147217609,0.147217609,0.147217609,0.147217609,0.147217609,0.147217609,0.147217609,0.147217609,0.147217609,0.147217609,0.147217609,0.147217609,0.147217609,0.147217609,0.147217609,0.147217609,0.147217609
Slower Growth,SA,Large Light Commercial,PHEV,0.000109788,0.001473554,0.004163584,0.007958712,0.012753616,0.017212021,0.021406386,0.025202122,0.028615572,0.031751019,0.034553682,0.037050829,0.039276112,0.041232366,0.042935558,0.044270773,0.045603829,0.046932124,0.048265397,0.049600665,0.050939104,0.052284424,0.053627007,0.054979469,0.056335626,0.057716632,0.059098942,0.06047967,0.061865403,0.063254569,0.064612762,0.064612762,0.064612762,0.064612762,0.064612762,0.064612762,0.064612762,0.064612762,0.064612762,0.064612762,0.064612762,0.064612762,0.064612762,0.064612762,0.064612762,0.064612762,0.064612762,0.064612762,0.064612762,0.064612762,0.064612762,0.064612762,0.064612762,0.064612762,0.064612762,0.064612762,0.064612762,0.064612762,0.064612762,0.064612762,0.064612762,0.064612762,0.064612762,0.064612762,0.064612762,0.064612762,0.064612762,0.064612762,0.064612762,0.064612762,0.064612762,0.064612762,0.064612762,0.064612762,0.064612762
Slower Growth,SA,Large Residential,BEV,0.005321653,0.009711058,0.01691727,0.026264012,0.037882375,0.050876188,0.065264313,0.08092767,0.097908434,0.116227389,0.135527185,0.156000736,0.177626138,0.200343758,0.224065604,0.259012335,0.29384289,0.328574856,0.363236353,0.397848248,0.432447901,0.467075008,0.501692979,0.536054874,0.570305339,0.604958222,0.639687136,0.67448571,0.709370886,0.744356101,0.779417346,0.779417346,0.779417346,0.779417346,0.779417346,0.779417346,0.779417346,0.779417346,0.779417346,0.779417346,0.779417346,0.779417346,0.779417346,0.779417346,0.779417346,0.779417346,0.779417346,0.779417346,0.779417346,0.779417346,0.779417346,0.779417346,0.779417346,0.779417346,0.779417346,0.779417346,0.779417346,0.779417346,0.779417346,0.779417346,0.779417346,0.779417346,0.779417346,0.779417346,0.779417346,0.779417346,0.779417346,0.779417346,0.779417346,0.779417346,0.779417346,0.779417346,0.779417346,0.779417346,0.779417346
Slower Growth,SA,Large Residential,FCEV,0,0,0,0,0,0,0,0,0,0,0,0,0,0,0,0,0,0,0,0,0,0,0,0,0,0,0,0,0,0,0,0,0,0,0,0,0,0,0,0,0,0,0,0,0,0,0,0,0,0,0,0,0,0,0,0,0,0,0,0,0,0,0,0,0,0,0,0,0,0,0,0,0,0,0
Slower Growth,SA,Large Residential,Hybrid,0.068206353,0.078493327,0.086966925,0.090058957,0.090769433,0.090781746,0.090192952,0.089091689,0.087545987,0.0856197,0.083413197,0.077170299,0.071052813,0.065098868,0.059351165,0.056776082,0.054215892,0.05167116,0.049143184,0.046631264,0.044136139,0.041657759,0.039189357,0.036712191,0.034239822,0.03179977,0.02936891,0.026941549,0.024518522,0.022098773,0.019680323,0.019680323,0.019680323,0.019680323,0.019680323,0.019680323,0.019680323,0.019680323,0.019680323,0.019680323,0.019680323,0.019680323,0.019680323,0.019680323,0.019680323,0.019680323,0.019680323,0.019680323,0.019680323,0.019680323,0.019680323,0.019680323,0.019680323,0.019680323,0.019680323,0.019680323,0.019680323,0.019680323,0.019680323,0.019680323,0.019680323,0.019680323,0.019680323,0.019680323,0.019680323,0.019680323,0.019680323,0.019680323,0.019680323,0.019680323,0.019680323,0.019680323,0.019680323,0.019680323,0.019680323
Slower Growth,SA,Large Residential,ICE,0.924346518,0.904333951,0.878955761,0.853170558,0.823937334,0.79618377,0.769525377,0.743908169,0.719042104,0.69472612,0.671260942,0.65203785,0.632851967,0.613672678,0.594493765,0.564915743,0.535419703,0.505982117,0.476572936,0.447168786,0.417731431,0.388215778,0.358681381,0.329444001,0.300308989,0.270658708,0.240903278,0.211063028,0.18111734,0.151056679,0.120913684,0.120913684,0.120913684,0.120913684,0.120913684,0.120913684,0.120913684,0.120913684,0.120913684,0.120913684,0.120913684,0.120913684,0.120913684,0.120913684,0.120913684,0.120913684,0.120913684,0.120913684,0.120913684,0.120913684,0.120913684,0.120913684,0.120913684,0.120913684,0.120913684,0.120913684,0.120913684,0.120913684,0.120913684,0.120913684,0.120913684,0.120913684,0.120913684,0.120913684,0.120913684,0.120913684,0.120913684,0.120913684,0.120913684,0.120913684,0.120913684,0.120913684,0.120913684,0.120913684,0.120913684
Slower Growth,SA,Large Residential,PHEV,0.002125476,0.007461664,0.017160043,0.030506473,0.047410858,0.062158297,0.075017358,0.086072471,0.095503475,0.103426791,0.109798676,0.114791115,0.118469082,0.120884697,0.122089467,0.119295839,0.116521516,0.113771866,0.111047526,0.108351702,0.105684529,0.103051455,0.100436284,0.097788934,0.095145849,0.0925833,0.090040676,0.087509713,0.084993253,0.082488447,0.079988647,0.079988647,0.079988647,0.079988647,0.079988647,0.079988647,0.079988647,0.079988647,0.079988647,0.079988647,0.079988647,0.079988647,0.079988647,0.079988647,0.079988647,0.079988647,0.079988647,0.079988647,0.079988647,0.079988647,0.079988647,0.079988647,0.079988647,0.079988647,0.079988647,0.079988647,0.079988647,0.079988647,0.079988647,0.079988647,0.079988647,0.079988647,0.079988647,0.079988647,0.079988647,0.079988647,0.079988647,0.079988647,0.079988647,0.079988647,0.079988647,0.079988647,0.079988647,0.079988647,0.079988647
Slower Growth,SA,Medium Light Commercial,BEV,0.004111986,0.007171643,0.012105082,0.018362093,0.025923813,0.035831917,0.04821659,0.06254906,0.078657911,0.096903015,0.116816094,0.138393485,0.161579031,0.186249206,0.212230074,0.250859039,0.289110729,0.327047571,0.364693589,0.402080724,0.439263992,0.476297882,0.51312281,0.549850032,0.586468584,0.623326599,0.660122468,0.696852318,0.733526022,0.770183426,0.806382859,0.806382859,0.806382859,0.806382859,0.806382859,0.806382859,0.806382859,0.806382859,0.806382859,0.806382859,0.806382859,0.806382859,0.806382859,0.806382859,0.806382859,0.806382859,0.806382859,0.806382859,0.806382859,0.806382859,0.806382859,0.806382859,0.806382859,0.806382859,0.806382859,0.806382859,0.806382859,0.806382859,0.806382859,0.806382859,0.806382859,0.806382859,0.806382859,0.806382859,0.806382859,0.806382859,0.806382859,0.806382859,0.806382859,0.806382859,0.806382859,0.806382859,0.806382859,0.806382859,0.806382859
Slower Growth,SA,Medium Light Commercial,FCEV,0,0,0,0,0,0,0,0,0,0,0,0,0,0,0,0,0,0,0,0,0,0,0,0,0,0,0,0,0,0,0,0,0,0,0,0,0,0,0,0,0,0,0,0,0,0,0,0,0,0,0,0,0,0,0,0,0,0,0,0,0,0,0,0,0,0,0,0,0,0,0,0,0,0,0
Slower Growth,SA,Medium Light Commercial,Hybrid,0.005358705,0.007149976,0.00950807,0.011830039,0.014113372,0.015881008,0.017251425,0.018198719,0.018776934,0.01905053,0.019084819,0.018598572,0.017979863,0.017233164,0.016422565,0.016041941,0.015667735,0.015319116,0.01495772,0.014603603,0.014275024,0.013934552,0.01361801,0.01328828,0.012963664,0.0126697,0.012359868,0.012071754,0.011767797,0.011466472,0.011180287,0.011180287,0.011180287,0.011180287,0.011180287,0.011180287,0.011180287,0.011180287,0.011180287,0.011180287,0.011180287,0.011180287,0.011180287,0.011180287,0.011180287,0.011180287,0.011180287,0.011180287,0.011180287,0.011180287,0.011180287,0.011180287,0.011180287,0.011180287,0.011180287,0.011180287,0.011180287,0.011180287,0.011180287,0.011180287,0.011180287,0.011180287,0.011180287,0.011180287,0.011180287,0.011180287,0.011180287,0.011180287,0.011180287,0.011180287,0.011180287,0.011180287,0.011180287,0.011180287,0.011180287
Slower Growth,SA,Medium Light Commercial,ICE,0.988888889,0.980435065,0.966560783,0.949084023,0.928165473,0.906706946,0.884234403,0.861536873,0.838682536,0.81497555,0.790917002,0.766683422,0.741889084,0.716625635,0.690951798,0.655009916,0.619402985,0.584051012,0.548946381,0.514073789,0.479345344,0.444739659,0.410292549,0.375906451,0.3416162,0.30699949,0.272444654,0.237918845,0.203430867,0.168961835,0.134948679,0.134948679,0.134948679,0.134948679,0.134948679,0.134948679,0.134948679,0.134948679,0.134948679,0.134948679,0.134948679,0.134948679,0.134948679,0.134948679,0.134948679,0.134948679,0.134948679,0.134948679,0.134948679,0.134948679,0.134948679,0.134948679,0.134948679,0.134948679,0.134948679,0.134948679,0.134948679,0.134948679,0.134948679,0.134948679,0.134948679,0.134948679,0.134948679,0.134948679,0.134948679,0.134948679,0.134948679,0.134948679,0.134948679,0.134948679,0.134948679,0.134948679,0.134948679,0.134948679,0.134948679
Slower Growth,SA,Medium Light Commercial,PHEV,0.00164042,0.005243316,0.011826065,0.020723845,0.031797342,0.041580129,0.050297582,0.057715348,0.063882619,0.069070905,0.073182085,0.07632452,0.078552022,0.079891995,0.080395563,0.078089104,0.075818551,0.073582301,0.07140231,0.069241884,0.067115639,0.065027907,0.062966631,0.060955237,0.058951552,0.057004211,0.05507301,0.053157083,0.051275314,0.049388267,0.047488175,0.047488175,0.047488175,0.047488175,0.047488175,0.047488175,0.047488175,0.047488175,0.047488175,0.047488175,0.047488175,0.047488175,0.047488175,0.047488175,0.047488175,0.047488175,0.047488175,0.047488175,0.047488175,0.047488175,0.047488175,0.047488175,0.047488175,0.047488175,0.047488175,0.047488175,0.047488175,0.047488175,0.047488175,0.047488175,0.047488175,0.047488175,0.047488175,0.047488175,0.047488175,0.047488175,0.047488175,0.047488175,0.047488175,0.047488175,0.047488175,0.047488175,0.047488175,0.047488175,0.047488175
Slower Growth,SA,Medium Residential,BEV,0.019622133,0.027233849,0.037195238,0.048084381,0.060763359,0.074703156,0.089935535,0.106345442,0.123987273,0.142888299,0.162686312,0.183584048,0.205565139,0.228572697,0.25252072,0.287572341,0.322507977,0.357347198,0.392116684,0.426836224,0.461539687,0.496264997,0.530960964,0.565311262,0.599602099,0.634359515,0.669179676,0.704064082,0.73903346,0.774098168,0.809231153,0.809231153,0.809231153,0.809231153,0.809231153,0.809231153,0.809231153,0.809231153,0.809231153,0.809231153,0.809231153,0.809231153,0.809231153,0.809231153,0.809231153,0.809231153,0.809231153,0.809231153,0.809231153,0.809231153,0.809231153,0.809231153,0.809231153,0.809231153,0.809231153,0.809231153,0.809231153,0.809231153,0.809231153,0.809231153,0.809231153,0.809231153,0.809231153,0.809231153,0.809231153,0.809231153,0.809231153,0.809231153,0.809231153,0.809231153,0.809231153,0.809231153,0.809231153,0.809231153,0.809231153
Slower Growth,SA,Medium Residential,FCEV,0,0,0,0,0,0,0,0,0,0,0,0,0,0,0,0,0,0,0,0,0,0,0,0,0,0,0,0,0,0,0,0,0,0,0,0,0,0,0,0,0,0,0,0,0,0,0,0,0,0,0,0,0,0,0,0,0,0,0,0,0,0,0,0,0,0,0,0,0,0,0,0,0,0,0
Slower Growth,SA,Medium Residential,Hybrid,0.068364064,0.076853128,0.083560325,0.085014469,0.084132606,0.082907549,0.081383478,0.079609328,0.07761755,0.075437048,0.073142569,0.066939583,0.060972231,0.055256119,0.049806733,0.047728249,0.045661707,0.043607861,0.041565559,0.039538232,0.037524297,0.035523806,0.033530611,0.031524032,0.029527512,0.027561129,0.025600618,0.02364463,0.021690643,0.019741647,0.017794087,0.017794087,0.017794087,0.017794087,0.017794087,0.017794087,0.017794087,0.017794087,0.017794087,0.017794087,0.017794087,0.017794087,0.017794087,0.017794087,0.017794087,0.017794087,0.017794087,0.017794087,0.017794087,0.017794087,0.017794087,0.017794087,0.017794087,0.017794087,0.017794087,0.017794087,0.017794087,0.017794087,0.017794087,0.017794087,0.017794087,0.017794087,0.017794087,0.017794087,0.017794087,0.017794087,0.017794087,0.017794087,0.017794087,0.017794087,0.017794087,0.017794087,0.017794087,0.017794087,0.017794087
Slower Growth,SA,Medium Residential,ICE,0.904179822,0.88108294,0.852665924,0.82488804,0.793809556,0.76443,0.736357873,0.709550165,0.683712113,0.658655051,0.634693728,0.615230205,0.596059223,0.577156447,0.558526382,0.53074986,0.503046385,0.475393307,0.447760449,0.42012986,0.392465666,0.36472924,0.336993374,0.30965426,0.282343336,0.254447292,0.226465784,0.198400336,0.170237904,0.141965694,0.11361891,0.11361891,0.11361891,0.11361891,0.11361891,0.11361891,0.11361891,0.11361891,0.11361891,0.11361891,0.11361891,0.11361891,0.11361891,0.11361891,0.11361891,0.11361891,0.11361891,0.11361891,0.11361891,0.11361891,0.11361891,0.11361891,0.11361891,0.11361891,0.11361891,0.11361891,0.11361891,0.11361891,0.11361891,0.11361891,0.11361891,0.11361891,0.11361891,0.11361891,0.11361891,0.11361891,0.11361891,0.11361891,0.11361891,0.11361891,0.11361891,0.11361891,0.11361891,0.11361891,0.11361891
Slower Growth,SA,Medium Residential,PHEV,0.00783398,0.014830084,0.026578512,0.04201311,0.061294479,0.077959294,0.092323113,0.104495064,0.114683064,0.123019602,0.12947739,0.134246164,0.137403407,0.139014737,0.139146165,0.133949549,0.128783931,0.123651633,0.118557308,0.113495685,0.10847035,0.103481958,0.09851505,0.093510447,0.088527053,0.083632064,0.078753922,0.073890953,0.069037992,0.064194491,0.05935585,0.05935585,0.05935585,0.05935585,0.05935585,0.05935585,0.05935585,0.05935585,0.05935585,0.05935585,0.05935585,0.05935585,0.05935585,0.05935585,0.05935585,0.05935585,0.05935585,0.05935585,0.05935585,0.05935585,0.05935585,0.05935585,0.05935585,0.05935585,0.05935585,0.05935585,0.05935585,0.05935585,0.05935585,0.05935585,0.05935585,0.05935585,0.05935585,0.05935585,0.05935585,0.05935585,0.05935585,0.05935585,0.05935585,0.05935585,0.05935585,0.05935585,0.05935585,0.05935585,0.05935585
Slower Growth,SA,Motorcycle,BEV,0.005003551,0.011932539,0.024736081,0.042307039,0.064724671,0.087259395,0.110055339,0.133088135,0.156402604,0.180053738,0.203926905,0.228043511,0.252398491,0.276946994,0.301703774,0.335498218,0.369188951,0.402806287,0.436358581,0.469884446,0.503398681,0.536937488,0.570474389,0.604059143,0.637684318,0.67185366,0.705939616,0.738887599,0.771835026,0.804797593,0.837794092,0.837794092,0.837794092,0.837794092,0.837794092,0.837794092,0.837794092,0.837794092,0.837794092,0.837794092,0.837794092,0.837794092,0.837794092,0.837794092,0.837794092,0.837794092,0.837794092,0.837794092,0.837794092,0.837794092,0.837794092,0.837794092,0.837794092,0.837794092,0.837794092,0.837794092,0.837794092,0.837794092,0.837794092,0.837794092,0.837794092,0.837794092,0.837794092,0.837794092,0.837794092,0.837794092,0.837794092,0.837794092,0.837794092,0.837794092,0.837794092,0.837794092,0.837794092,0.837794092,0.837794092
Slower Growth,SA,Motorcycle,FCEV,0,0,0,0,0,0,0,0,0,0,0,0,0,0,0,0,0,0,0,0,0,0,0,0,0,0,0,0,0,0,0,0,0,0,0,0,0,0,0,0,0,0,0,0,0,0,0,0,0,0,0,0,0,0,0,0,0,0,0,0,0,0,0,0,0,0,0,0,0,0,0,0,0,0,0
Slower Growth,SA,Motorcycle,Hybrid,0,0,0,0,0,0,0,0,0,0,0,0,0,0,0,0,0,0,0,0,0,0,0,0,0,0,0,0,0,0,0,0,0,0,0,0,0,0,0,0,0,0,0,0,0,0,0,0,0,0,0,0,0,0,0,0,0,0,0,0,0,0,0,0,0,0,0,0,0,0,0,0,0,0,0
Slower Growth,SA,Motorcycle,ICE,0.994996449,0.988067461,0.975263919,0.957692961,0.935275329,0.912740605,0.889944661,0.866911865,0.843597396,0.819946262,0.796073095,0.771956489,0.747601509,0.723053006,0.698296226,0.663485612,0.628768733,0.594144038,0.559573285,0.525046382,0.4905187,0.455982402,0.421434808,0.38685431,0.352233602,0.317045884,0.2819574,0.248012534,0.214083936,0.18012674,0.146150066,0.146150066,0.146150066,0.146150066,0.146150066,0.146150066,0.146150066,0.146150066,0.146150066,0.146150066,0.146150066,0.146150066,0.146150066,0.146150066,0.146150066,0.146150066,0.146150066,0.146150066,0.146150066,0.146150066,0.146150066,0.146150066,0.146150066,0.146150066,0.146150066,0.146150066,0.146150066,0.146150066,0.146150066,0.146150066,0.146150066,0.146150066,0.146150066,0.146150066,0.146150066,0.146150066,0.146150066,0.146150066,0.146150066,0.146150066,0.146150066,0.146150066,0.146150066,0.146150066,0.146150066
Slower Growth,SA,Motorcycle,PHEV,0,0,0,0,0,0,0,0,0,0,0,0,0,0,0,0.00101617,0.002042316,0.003049675,0.004068134,0.005069172,0.006082619,0.00708011,0.008090803,0.009086548,0.01008208,0.011100456,0.012102984,0.013099867,0.014081038,0.015075668,0.016055841,0.016055841,0.016055841,0.016055841,0.016055841,0.016055841,0.016055841,0.016055841,0.016055841,0.016055841,0.016055841,0.016055841,0.016055841,0.016055841,0.016055841,0.016055841,0.016055841,0.016055841,0.016055841,0.016055841,0.016055841,0.016055841,0.016055841,0.016055841,0.016055841,0.016055841,0.016055841,0.016055841,0.016055841,0.016055841,0.016055841,0.016055841,0.016055841,0.016055841,0.016055841,0.016055841,0.016055841,0.016055841,0.016055841,0.016055841,0.016055841,0.016055841,0.016055841,0.016055841,0.016055841
Slower Growth,SA,Rigid Truck,BEV,0.002187772,0.000977335,0.001587046,0.002254304,0.002962393,0.006751907,0.01380443,0.023621701,0.035837218,0.051064197,0.068683548,0.088654956,0.110929751,0.135240976,0.161471693,0.202032107,0.241803361,0.280869305,0.319246878,0.356987605,0.394306022,0.431111882,0.467529736,0.503512303,0.539134534,0.574570936,0.609668889,0.644445267,0.678932352,0.713121957,0.746995849,0.746995849,0.746995849,0.746995849,0.746995849,0.746995849,0.746995849,0.746995849,0.746995849,0.746995849,0.746995849,0.746995849,0.746995849,0.746995849,0.746995849,0.746995849,0.746995849,0.746995849,0.746995849,0.746995849,0.746995849,0.746995849,0.746995849,0.746995849,0.746995849,0.746995849,0.746995849,0.746995849,0.746995849,0.746995849,0.746995849,0.746995849,0.746995849,0.746995849,0.746995849,0.746995849,0.746995849,0.746995849,0.746995849,0.746995849,0.746995849,0.746995849,0.746995849,0.746995849,0.746995849
Slower Growth,SA,Rigid Truck,FCEV,0,0,0,0,0,6.72948E-05,0.000221936,0.000439474,0.000697137,0.001056649,0.001451813,0.001902467,0.002406512,0.002942273,0.003549956,0.004470636,0.005393982,0.00628053,0.007171645,0.008028354,0.008874993,0.009729688,0.010555704,0.011391252,0.012199491,0.013003073,0.013818019,0.014606513,0.015388863,0.01618277,0.016950696,0.016950696,0.016950696,0.016950696,0.016950696,0.016950696,0.016950696,0.016950696,0.016950696,0.016950696,0.016950696,0.016950696,0.016950696,0.016950696,0.016950696,0.016950696,0.016950696,0.016950696,0.016950696,0.016950696,0.016950696,0.016950696,0.016950696,0.016950696,0.016950696,0.016950696,0.016950696,0.016950696,0.016950696,0.016950696,0.016950696,0.016950696,0.016950696,0.016950696,0.016950696,0.016950696,0.016950696,0.016950696,0.016950696,0.016950696,0.016950696,0.016950696,0.016950696,0.016950696,0.016950696
Slower Growth,SA,Rigid Truck,Hybrid,0,0,0,0,0,0,0,0,0,0,0,0,0,0,0,0.00284495,0.005635504,0.00837404,0.011063695,0.013726527,0.016332317,0.018900642,0.021436494,0.023940614,0.026416517,0.028872817,0.031304704,0.033711609,0.036097561,0.038479845,0.040820042,0.040820042,0.040820042,0.040820042,0.040820042,0.040820042,0.040820042,0.040820042,0.040820042,0.040820042,0.040820042,0.040820042,0.040820042,0.040820042,0.040820042,0.040820042,0.040820042,0.040820042,0.040820042,0.040820042,0.040820042,0.040820042,0.040820042,0.040820042,0.040820042,0.040820042,0.040820042,0.040820042,0.040820042,0.040820042,0.040820042,0.040820042,0.040820042,0.040820042,0.040820042,0.040820042,0.040820042,0.040820042,0.040820042,0.040820042,0.040820042,0.040820042,0.040820042,0.040820042,0.040820042
Slower Growth,SA,Rigid Truck,ICE,0.997812228,0.999022665,0.998412954,0.997745696,0.997037607,0.993001346,0.985418794,0.974840142,0.961701015,0.945269877,0.926256458,0.904707549,0.88065792,0.854440346,0.826113722,0.779455395,0.733702325,0.688764829,0.644618303,0.60118663,0.558289476,0.515943202,0.474088806,0.432696689,0.391760158,0.351026756,0.310681962,0.270711072,0.231090658,0.191758503,0.152847571,0.152847571,0.152847571,0.152847571,0.152847571,0.152847571,0.152847571,0.152847571,0.152847571,0.152847571,0.152847571,0.152847571,0.152847571,0.152847571,0.152847571,0.152847571,0.152847571,0.152847571,0.152847571,0.152847571,0.152847571,0.152847571,0.152847571,0.152847571,0.152847571,0.152847571,0.152847571,0.152847571,0.152847571,0.152847571,0.152847571,0.152847571,0.152847571,0.152847571,0.152847571,0.152847571,0.152847571,0.152847571,0.152847571,0.152847571,0.152847571,0.152847571,0.152847571,0.152847571,0.152847571
Slower Growth,SA,Rigid Truck,PHEV,0,0,0,0,0,0.000179453,0.00055484,0.001098684,0.001764629,0.002609277,0.003608181,0.004735029,0.006005817,0.007376404,0.00886463,0.011196911,0.013464828,0.015711295,0.017899478,0.020070884,0.022197192,0.024314587,0.026389261,0.028459143,0.0304893,0.032526418,0.034526426,0.036525538,0.038490566,0.040456925,0.042385842,0.042385842,0.042385842,0.042385842,0.042385842,0.042385842,0.042385842,0.042385842,0.042385842,0.042385842,0.042385842,0.042385842,0.042385842,0.042385842,0.042385842,0.042385842,0.042385842,0.042385842,0.042385842,0.042385842,0.042385842,0.042385842,0.042385842,0.042385842,0.042385842,0.042385842,0.042385842,0.042385842,0.042385842,0.042385842,0.042385842,0.042385842,0.042385842,0.042385842,0.042385842,0.042385842,0.042385842,0.042385842,0.042385842,0.042385842,0.042385842,0.042385842,0.042385842,0.042385842,0.042385842
Slower Growth,SA,Small Light Commercial,BEV,0.012550905,0.01844994,0.026662299,0.036106241,0.047011027,0.059934687,0.075007939,0.091551072,0.109489508,0.129291045,0.150349002,0.172813747,0.196646341,0.221609502,0.247665522,0.285388949,0.322740281,0.359817243,0.396645405,0.433225522,0.469547903,0.505775289,0.5418241,0.577752028,0.613678373,0.649781005,0.685796435,0.721836442,0.757761485,0.793732487,0.829252982,0.829252982,0.829252982,0.829252982,0.829252982,0.829252982,0.829252982,0.829252982,0.829252982,0.829252982,0.829252982,0.829252982,0.829252982,0.829252982,0.829252982,0.829252982,0.829252982,0.829252982,0.829252982,0.829252982,0.829252982,0.829252982,0.829252982,0.829252982,0.829252982,0.829252982,0.829252982,0.829252982,0.829252982,0.829252982,0.829252982,0.829252982,0.829252982,0.829252982,0.829252982,0.829252982,0.829252982,0.829252982,0.829252982,0.829252982,0.829252982,0.829252982,0.829252982,0.829252982,0.829252982
Slower Growth,SA,Small Light Commercial,FCEV,0,0,0,0,0,0,0,0,0,0,0,0,0,0,0,0,0,0,0,0,0,0,0,0,0,0,0,0,0,0,0,0,0,0,0,0,0,0,0,0,0,0,0,0,0,0,0,0,0,0,0,0,0,0,0,0,0,0,0,0,0,0,0,0,0,0,0,0,0,0,0,0,0,0,0
Slower Growth,SA,Small Light Commercial,Hybrid,0,0,0,0,0,0,0,0,0,0,0,0,0,0,0,0.000539374,0.001073217,0.001602089,0.002067092,0.002587474,0.003103771,0.003616848,0.004127187,0.004634994,0.005083179,0.005590134,0.006095457,0.006599713,0.007102761,0.00760565,0.008046567,0.008046567,0.008046567,0.008046567,0.008046567,0.008046567,0.008046567,0.008046567,0.008046567,0.008046567,0.008046567,0.008046567,0.008046567,0.008046567,0.008046567,0.008046567,0.008046567,0.008046567,0.008046567,0.008046567,0.008046567,0.008046567,0.008046567,0.008046567,0.008046567,0.008046567,0.008046567,0.008046567,0.008046567,0.008046567,0.008046567,0.008046567,0.008046567,0.008046567,0.008046567,0.008046567,0.008046567,0.008046567,0.008046567,0.008046567,0.008046567,0.008046567,0.008046567,0.008046567,0.008046567
Slower Growth,SA,Small Light Commercial,ICE,0.982442086,0.970771062,0.952505732,0.929735697,0.902366673,0.875072037,0.847316608,0.820176545,0.793611024,0.766791045,0.74037927,0.714145443,0.68804878,0.662162162,0.636604615,0.603619801,0.570951586,0.538539132,0.506319395,0.474272273,0.442375264,0.410512192,0.378829274,0.347161066,0.31556146,0.283598432,0.251696377,0.219799139,0.187936763,0.156058787,0.124636192,0.124636192,0.124636192,0.124636192,0.124636192,0.124636192,0.124636192,0.124636192,0.124636192,0.124636192,0.124636192,0.124636192,0.124636192,0.124636192,0.124636192,0.124636192,0.124636192,0.124636192,0.124636192,0.124636192,0.124636192,0.124636192,0.124636192,0.124636192,0.124636192,0.124636192,0.124636192,0.124636192,0.124636192,0.124636192,0.124636192,0.124636192,0.124636192,0.124636192,0.124636192,0.124636192,0.124636192,0.124636192,0.124636192,0.124636192,0.124636192,0.124636192,0.124636192,0.124636192,0.124636192
Slower Growth,SA,Small Light Commercial,PHEV,0.00500701,0.010778997,0.020831969,0.034158062,0.0506223,0.064993277,0.077675453,0.088272383,0.096899468,0.10391791,0.109271728,0.11304081,0.115304878,0.116228336,0.115729863,0.110451876,0.105234915,0.100041536,0.094968108,0.089914731,0.084973062,0.080095671,0.075219438,0.070451912,0.065676987,0.061030429,0.056411731,0.051764706,0.047198992,0.042603077,0.038064258,0.038064258,0.038064258,0.038064258,0.038064258,0.038064258,0.038064258,0.038064258,0.038064258,0.038064258,0.038064258,0.038064258,0.038064258,0.038064258,0.038064258,0.038064258,0.038064258,0.038064258,0.038064258,0.038064258,0.038064258,0.038064258,0.038064258,0.038064258,0.038064258,0.038064258,0.038064258,0.038064258,0.038064258,0.038064258,0.038064258,0.038064258,0.038064258,0.038064258,0.038064258,0.038064258,0.038064258,0.038064258,0.038064258,0.038064258,0.038064258,0.038064258,0.038064258,0.038064258,0.038064258
Slower Growth,SA,Small Residential,BEV,0.045045484,0.055496627,0.064567217,0.069874409,0.073732039,0.080033391,0.088674583,0.099489039,0.112433869,0.127476991,0.144272501,0.162933587,0.183407229,0.20560778,0.229421492,0.266713073,0.303874928,0.340930905,0.377903911,0.414816476,0.451702273,0.488599468,0.525450713,0.561917862,0.598343619,0.635245026,0.672202432,0.709218924,0.746318821,0.783509556,0.820765901,0.820765901,0.820765901,0.820765901,0.820765901,0.820765901,0.820765901,0.820765901,0.820765901,0.820765901,0.820765901,0.820765901,0.820765901,0.820765901,0.820765901,0.820765901,0.820765901,0.820765901,0.820765901,0.820765901,0.820765901,0.820765901,0.820765901,0.820765901,0.820765901,0.820765901,0.820765901,0.820765901,0.820765901,0.820765901,0.820765901,0.820765901,0.820765901,0.820765901,0.820765901,0.820765901,0.820765901,0.820765901,0.820765901,0.820765901,0.820765901,0.820765901,0.820765901,0.820765901,0.820765901
Slower Growth,SA,Small Residential,FCEV,0,0,0,0,0,0,0,0,0,0,0,0,0,0,0,0,0,0,0,0,0,0,0,0,0,0,0,0,0,0,0,0,0,0,0,0,0,0,0,0,0,0,0,0,0,0,0,0,0,0,0,0,0,0,0,0,0,0,0,0,0,0,0,0,0,0,0,0,0,0,0,0,0,0,0
Slower Growth,SA,Small Residential,Hybrid,0,0,0,0,0,0,0,0,0,0,0,0,0,0,0,0.000507085,0.001012211,0.001515534,0.002017321,0.002517785,0.003017322,0.003516287,0.004014452,0.00450908,0.005002797,0.005500075,0.00599771,0.006495719,0.006994468,0.007494005,0.007994222,0.007994222,0.007994222,0.007994222,0.007994222,0.007994222,0.007994222,0.007994222,0.007994222,0.007994222,0.007994222,0.007994222,0.007994222,0.007994222,0.007994222,0.007994222,0.007994222,0.007994222,0.007994222,0.007994222,0.007994222,0.007994222,0.007994222,0.007994222,0.007994222,0.007994222,0.007994222,0.007994222,0.007994222,0.007994222,0.007994222,0.007994222,0.007994222,0.007994222,0.007994222,0.007994222,0.007994222,0.007994222,0.007994222,0.007994222,0.007994222,0.007994222,0.007994222,0.007994222,0.007994222
Slower Growth,SA,Small Residential,ICE,0.936970466,0.918924941,0.897071778,0.87533743,0.850835623,0.826804593,0.802989997,0.779448539,0.755993484,0.73251075,0.709364296,0.686239736,0.663102672,0.639972216,0.616879458,0.586047777,0.555308126,0.524632024,0.494000761,0.463386832,0.432761718,0.402085112,0.37142805,0.34120069,0.310982959,0.280190184,0.249327529,0.218387881,0.187356364,0.15622502,0.125018736,0.125018736,0.125018736,0.125018736,0.125018736,0.125018736,0.125018736,0.125018736,0.125018736,0.125018736,0.125018736,0.125018736,0.125018736,0.125018736,0.125018736,0.125018736,0.125018736,0.125018736,0.125018736,0.125018736,0.125018736,0.125018736,0.125018736,0.125018736,0.125018736,0.125018736,0.125018736,0.125018736,0.125018736,0.125018736,0.125018736,0.125018736,0.125018736,0.125018736,0.125018736,0.125018736,0.125018736,0.125018736,0.125018736,0.125018736,0.125018736,0.125018736,0.125018736,0.125018736,0.125018736
Slower Growth,SA,Small Residential,PHEV,0.01798405,0.025578433,0.038361005,0.054788161,0.075432338,0.093162016,0.10833542,0.121062422,0.131572647,0.140012259,0.146363204,0.150826677,0.1534901,0.154420005,0.15369905,0.146732065,0.139804735,0.132921537,0.126078006,0.119278906,0.112518687,0.105799133,0.099106784,0.092372368,0.085670625,0.079064715,0.072472329,0.065897477,0.059330348,0.052771419,0.04622114,0.04622114,0.04622114,0.04622114,0.04622114,0.04622114,0.04622114,0.04622114,0.04622114,0.04622114,0.04622114,0.04622114,0.04622114,0.04622114,0.04622114,0.04622114,0.04622114,0.04622114,0.04622114,0.04622114,0.04622114,0.04622114,0.04622114,0.04622114,0.04622114,0.04622114,0.04622114,0.04622114,0.04622114,0.04622114,0.04622114,0.04622114,0.04622114,0.04622114,0.04622114,0.04622114,0.04622114,0.04622114,0.04622114,0.04622114,0.04622114,0.04622114,0.04622114,0.04622114,0.04622114
Slower Growth,TAS,Articulated Truck,BEV,0,0,0,0,0.000394945,0.003133568,0.008136381,0.015738964,0.025114155,0.037288136,0.051100336,0.067233099,0.085254299,0.105072464,0.126300682,0.169395018,0.211918195,0.253673898,0.294587092,0.335514984,0.375641464,0.415280136,0.454606817,0.493297587,0.532,0.570245195,0.608308605,0.64557377,0.68319739,0.719896138,0.756538586,0.756538586,0.756538586,0.756538586,0.756538586,0.756538586,0.756538586,0.756538586,0.756538586,0.756538586,0.756538586,0.756538586,0.756538586,0.756538586,0.756538586,0.756538586,0.756538586,0.756538586,0.756538586,0.756538586,0.756538586,0.756538586,0.756538586,0.756538586,0.756538586,0.756538586,0.756538586,0.756538586,0.756538586,0.756538586,0.756538586,0.756538586,0.756538586,0.756538586,0.756538586,0.756538586,0.756538586,0.756538586,0.756538586,0.756538586,0.756538586,0.756538586,0.756538586,0.756538586,0.756538586
Slower Growth,TAS,Articulated Truck,FCEV,0,0,0,0,0,0,0.000387447,0.000383877,0.000761035,0.001129944,0.001491981,0.001847063,0.00219539,0.002898551,0.003588088,0.004626335,0.005994358,0.006997901,0.00832755,0.009300723,0.010263428,0.011544992,0.012487344,0.013739946,0.014666667,0.015904573,0.016815035,0.018032787,0.018923328,0.020123337,0.020988053,0.020988053,0.020988053,0.020988053,0.020988053,0.020988053,0.020988053,0.020988053,0.020988053,0.020988053,0.020988053,0.020988053,0.020988053,0.020988053,0.020988053,0.020988053,0.020988053,0.020988053,0.020988053,0.020988053,0.020988053,0.020988053,0.020988053,0.020988053,0.020988053,0.020988053,0.020988053,0.020988053,0.020988053,0.020988053,0.020988053,0.020988053,0.020988053,0.020988053,0.020988053,0.020988053,0.020988053,0.020988053,0.020988053,0.020988053,0.020988053,0.020988053,0.020988053,0.020988053,0.020988053
Slower Growth,TAS,Articulated Truck,Hybrid,0,0,0,0,0,0,0,0,0,0,0,0,0,0,0,0,0,0,0,0,0,0,0,0,0,0,0,0,0,0,0,0,0,0,0,0,0,0,0,0,0,0,0,0,0,0,0,0,0,0,0,0,0,0,0,0,0,0,0,0,0,0,0,0,0,0,0,0,0,0,0,0,0,0,0
Slower Growth,TAS,Articulated Truck,ICE,1,1,1,1,0.999605055,0.996866432,0.991088725,0.983493282,0.973363775,0.960451977,0.945915703,0.929072774,0.910354921,0.889130435,0.866523143,0.821352313,0.776093089,0.732330301,0.688757807,0.645883569,0.60383168,0.561629881,0.520418495,0.47922252,0.438666667,0.397945659,0.358061325,0.318360656,0.278955954,0.239857189,0.201485308,0.201485308,0.201485308,0.201485308,0.201485308,0.201485308,0.201485308,0.201485308,0.201485308,0.201485308,0.201485308,0.201485308,0.201485308,0.201485308,0.201485308,0.201485308,0.201485308,0.201485308,0.201485308,0.201485308,0.201485308,0.201485308,0.201485308,0.201485308,0.201485308,0.201485308,0.201485308,0.201485308,0.201485308,0.201485308,0.201485308,0.201485308,0.201485308,0.201485308,0.201485308,0.201485308,0.201485308,0.201485308,0.201485308,0.201485308,0.201485308,0.201485308,0.201485308,0.201485308,0.201485308
Slower Growth,TAS,Articulated Truck,PHEV,0,0,0,0,0,0,0.000387447,0.000383877,0.000761035,0.001129944,0.001491981,0.001847063,0.00219539,0.002898551,0.003588088,0.004626335,0.005994358,0.006997901,0.00832755,0.009300723,0.010263428,0.011544992,0.012487344,0.013739946,0.014666667,0.015904573,0.016815035,0.018032787,0.018923328,0.020123337,0.020988053,0.020988053,0.020988053,0.020988053,0.020988053,0.020988053,0.020988053,0.020988053,0.020988053,0.020988053,0.020988053,0.020988053,0.020988053,0.020988053,0.020988053,0.020988053,0.020988053,0.020988053,0.020988053,0.020988053,0.020988053,0.020988053,0.020988053,0.020988053,0.020988053,0.020988053,0.020988053,0.020988053,0.020988053,0.020988053,0.020988053,0.020988053,0.020988053,0.020988053,0.020988053,0.020988053,0.020988053,0.020988053,0.020988053,0.020988053,0.020988053,0.020988053,0.020988053,0.020988053,0.020988053
Slower Growth,TAS,Bus,BEV,0.010677242,0.011501211,0.024331631,0.040286482,0.059905101,0.078014184,0.095729013,0.113201999,0.13010279,0.147050191,0.16328928,0.179411765,0.197414806,0.217187957,0.236972344,0.271594203,0.306004619,0.340235835,0.374139908,0.407883462,0.441628702,0.475298126,0.508776897,0.541937306,0.575373345,0.608658982,0.642155487,0.675637791,0.70912654,0.742521666,0.776040212,0.776040212,0.776040212,0.776040212,0.776040212,0.776040212,0.776040212,0.776040212,0.776040212,0.776040212,0.776040212,0.776040212,0.776040212,0.776040212,0.776040212,0.776040212,0.776040212,0.776040212,0.776040212,0.776040212,0.776040212,0.776040212,0.776040212,0.776040212,0.776040212,0.776040212,0.776040212,0.776040212,0.776040212,0.776040212,0.776040212,0.776040212,0.776040212,0.776040212,0.776040212,0.776040212,0.776040212,0.776040212,0.776040212,0.776040212,0.776040212,0.776040212,0.776040212,0.776040212,0.776040212
Slower Growth,TAS,Bus,FCEV,0,0.001210654,0.002703515,0.004476276,0.006524318,0.008274232,0.010014728,0.011467216,0.012628488,0.013795128,0.014684288,0.015294118,0.01586369,0.016661795,0.016885007,0.017101449,0.017321016,0.017256255,0.017488532,0.017709226,0.017938497,0.017887564,0.018120045,0.018356396,0.018315018,0.018554962,0.018804378,0.018783291,0.019036954,0.019289908,0.019268361,0.019268361,0.019268361,0.019268361,0.019268361,0.019268361,0.019268361,0.019268361,0.019268361,0.019268361,0.019268361,0.019268361,0.019268361,0.019268361,0.019268361,0.019268361,0.019268361,0.019268361,0.019268361,0.019268361,0.019268361,0.019268361,0.019268361,0.019268361,0.019268361,0.019268361,0.019268361,0.019268361,0.019268361,0.019268361,0.019268361,0.019268361,0.019268361,0.019268361,0.019268361,0.019268361,0.019268361,0.019268361,0.019268361,0.019268361,0.019268361,0.019268361,0.019268361,0.019268361,0.019268361
Slower Growth,TAS,Bus,Hybrid,0,0,0,0,0,0,0,0,0,0,0,0,0,0,0,0.00115942,0.002020785,0.003163647,0.004013761,0.005141388,0.006264237,0.00709824,0.008210646,0.009036995,0.010143702,0.011245432,0.012068482,0.013176339,0.01399776,0.01509645,0.015917342,0.015917342,0.015917342,0.015917342,0.015917342,0.015917342,0.015917342,0.015917342,0.015917342,0.015917342,0.015917342,0.015917342,0.015917342,0.015917342,0.015917342,0.015917342,0.015917342,0.015917342,0.015917342,0.015917342,0.015917342,0.015917342,0.015917342,0.015917342,0.015917342,0.015917342,0.015917342,0.015917342,0.015917342,0.015917342,0.015917342,0.015917342,0.015917342,0.015917342,0.015917342,0.015917342,0.015917342,0.015917342,0.015917342,0.015917342,0.015917342,0.015917342,0.015917342,0.015917342,0.015917342
Slower Growth,TAS,Bus,ICE,0.989322758,0.987288136,0.972964854,0.955237243,0.933570581,0.913711584,0.893961708,0.874742723,0.856093979,0.837687115,0.819970631,0.802352941,0.78319624,0.761473253,0.740320233,0.702028986,0.66426097,0.626689675,0.589449541,0.552127963,0.514806378,0.478137422,0.441109853,0.404687941,0.367990983,0.331177959,0.294414819,0.257639473,0.220884658,0.183953033,0.147444848,0.147444848,0.147444848,0.147444848,0.147444848,0.147444848,0.147444848,0.147444848,0.147444848,0.147444848,0.147444848,0.147444848,0.147444848,0.147444848,0.147444848,0.147444848,0.147444848,0.147444848,0.147444848,0.147444848,0.147444848,0.147444848,0.147444848,0.147444848,0.147444848,0.147444848,0.147444848,0.147444848,0.147444848,0.147444848,0.147444848,0.147444848,0.147444848,0.147444848,0.147444848,0.147444848,0.147444848,0.147444848,0.147444848,0.147444848,0.147444848,0.147444848,0.147444848,0.147444848,0.147444848
Slower Growth,TAS,Bus,PHEV,0,0,0,0,0,0,0.000294551,0.000588062,0.001174743,0.001467567,0.0020558,0.002941176,0.003525264,0.004676995,0.005822416,0.008115942,0.01039261,0.012654587,0.014908257,0.017137961,0.019362187,0.021578648,0.023782559,0.025981361,0.028176951,0.030362665,0.032556834,0.034763106,0.036954087,0.039138943,0.041329238,0.041329238,0.041329238,0.041329238,0.041329238,0.041329238,0.041329238,0.041329238,0.041329238,0.041329238,0.041329238,0.041329238,0.041329238,0.041329238,0.041329238,0.041329238,0.041329238,0.041329238,0.041329238,0.041329238,0.041329238,0.041329238,0.041329238,0.041329238,0.041329238,0.041329238,0.041329238,0.041329238,0.041329238,0.041329238,0.041329238,0.041329238,0.041329238,0.041329238,0.041329238,0.041329238,0.041329238,0.041329238,0.041329238,0.041329238,0.041329238,0.041329238,0.041329238,0.041329238,0.041329238
Slower Growth,TAS,Large Light Commercial,BEV,0.000153889,0.000322699,0.000612386,0.00101996,0.001517729,0.004448252,0.009841185,0.017391378,0.026920801,0.03859708,0.052122828,0.067384195,0.084318711,0.102775369,0.122607797,0.164451477,0.206090812,0.247560867,0.288903919,0.330172455,0.371150469,0.411711092,0.452145899,0.492509527,0.532420446,0.572211936,0.611414329,0.650381703,0.689212174,0.727927843,0.766542728,0.766542728,0.766542728,0.766542728,0.766542728,0.766542728,0.766542728,0.766542728,0.766542728,0.766542728,0.766542728,0.766542728,0.766542728,0.766542728,0.766542728,0.766542728,0.766542728,0.766542728,0.766542728,0.766542728,0.766542728,0.766542728,0.766542728,0.766542728,0.766542728,0.766542728,0.766542728,0.766542728,0.766542728,0.766542728,0.766542728,0.766542728,0.766542728,0.766542728,0.766542728,0.766542728,0.766542728,0.766542728,0.766542728,0.766542728,0.766542728,0.766542728,0.766542728,0.766542728,0.766542728
Slower Growth,TAS,Large Light Commercial,FCEV,0,0,0,0,0,0,0,0,0,0,0,0,0,0,0,0,0,0,0,0,0,0,0,0,0,0,0,0,0,0,0,0,0,0,0,0,0,0,0,0,0,0,0,0,0,0,0,0,0,0,0,0,0,0,0,0,0,0,0,0,0,0,0,0,0,0,0,0,0,0,0,0,0,0,0
Slower Growth,TAS,Large Light Commercial,Hybrid,0.00266138,0.004168198,0.006700747,0.009953398,0.0138689,0.017022786,0.019562252,0.021443408,0.022770687,0.023644907,0.024115662,0.024100675,0.023813638,0.023318987,0.022686757,0.022005842,0.021335642,0.020683199,0.02003269,0.019399219,0.018753558,0.0181087,0.017463836,0.016826713,0.016192373,0.015556505,0.014922548,0.014285377,0.013662123,0.013036954,0.012417277,0.012417277,0.012417277,0.012417277,0.012417277,0.012417277,0.012417277,0.012417277,0.012417277,0.012417277,0.012417277,0.012417277,0.012417277,0.012417277,0.012417277,0.012417277,0.012417277,0.012417277,0.012417277,0.012417277,0.012417277,0.012417277,0.012417277,0.012417277,0.012417277,0.012417277,0.012417277,0.012417277,0.012417277,0.012417277,0.012417277,0.012417277,0.012417277,0.012417277,0.012417277,0.012417277,0.012417277,0.012417277,0.012417277,0.012417277,0.012417277,0.012417277,0.012417277,0.012417277,0.012417277
Slower Growth,TAS,Large Light Commercial,ICE,0.997139469,0.994809921,0.99069883,0.985219379,0.978498844,0.970194979,0.960077563,0.948583492,0.935770434,0.921320691,0.90551227,0.888529205,0.870226369,0.85067666,0.829967358,0.786432976,0.743106573,0.699936248,0.656883822,0.613896077,0.571225836,0.529013895,0.486930033,0.444901466,0.403365411,0.361953821,0.321166041,0.280636513,0.240235462,0.199946852,0.159764282,0.159764282,0.159764282,0.159764282,0.159764282,0.159764282,0.159764282,0.159764282,0.159764282,0.159764282,0.159764282,0.159764282,0.159764282,0.159764282,0.159764282,0.159764282,0.159764282,0.159764282,0.159764282,0.159764282,0.159764282,0.159764282,0.159764282,0.159764282,0.159764282,0.159764282,0.159764282,0.159764282,0.159764282,0.159764282,0.159764282,0.159764282,0.159764282,0.159764282,0.159764282,0.159764282,0.159764282,0.159764282,0.159764282,0.159764282,0.159764282,0.159764282,0.159764282,0.159764282,0.159764282
Slower Growth,TAS,Large Light Commercial,PHEV,4.52616E-05,0.000699182,0.001988036,0.003807263,0.006114527,0.008333982,0.010519,0.012581722,0.014538078,0.016437322,0.01824924,0.019985925,0.021641281,0.023228984,0.024738089,0.027109705,0.029466973,0.031819686,0.03417957,0.036532249,0.038870136,0.041166312,0.043460232,0.045762294,0.04802177,0.050277738,0.052497082,0.054696406,0.056890241,0.059088351,0.061275713,0.061275713,0.061275713,0.061275713,0.061275713,0.061275713,0.061275713,0.061275713,0.061275713,0.061275713,0.061275713,0.061275713,0.061275713,0.061275713,0.061275713,0.061275713,0.061275713,0.061275713,0.061275713,0.061275713,0.061275713,0.061275713,0.061275713,0.061275713,0.061275713,0.061275713,0.061275713,0.061275713,0.061275713,0.061275713,0.061275713,0.061275713,0.061275713,0.061275713,0.061275713,0.061275713,0.061275713,0.061275713,0.061275713,0.061275713,0.061275713,0.061275713,0.061275713,0.061275713,0.061275713
Slower Growth,TAS,Large Residential,BEV,0.004867619,0.006899413,0.009694679,0.01298276,0.016880066,0.02252724,0.029867257,0.038744784,0.049174889,0.061155734,0.07455435,0.089395064,0.105670627,0.123303479,0.14220531,0.181297421,0.220235568,0.259031879,0.297724199,0.336326308,0.374882797,0.413433299,0.451972366,0.490604031,0.529206563,0.568307129,0.607520278,0.646433966,0.685243471,0.724128013,0.763073179,0.763073179,0.763073179,0.763073179,0.763073179,0.763073179,0.763073179,0.763073179,0.763073179,0.763073179,0.763073179,0.763073179,0.763073179,0.763073179,0.763073179,0.763073179,0.763073179,0.763073179,0.763073179,0.763073179,0.763073179,0.763073179,0.763073179,0.763073179,0.763073179,0.763073179,0.763073179,0.763073179,0.763073179,0.763073179,0.763073179,0.763073179,0.763073179,0.763073179,0.763073179,0.763073179,0.763073179,0.763073179,0.763073179,0.763073179,0.763073179,0.763073179,0.763073179,0.763073179,0.763073179
Slower Growth,TAS,Large Residential,FCEV,0,0,0,0,0,0,0,0,0,0,0,0,0,0,0,0,0,0,0,0,0,0,0,0,0,0,0,0,0,0,0,0,0,0,0,0,0,0,0,0,0,0,0,0,0,0,0,0,0,0,0,0,0,0,0,0,0,0,0,0,0,0,0,0,0,0,0,0,0,0,0,0,0,0,0
Slower Growth,TAS,Large Residential,Hybrid,0.056446459,0.065224349,0.073907951,0.080212403,0.085743525,0.089790699,0.092591952,0.094307674,0.095100815,0.095102639,0.094431722,0.089746277,0.084810941,0.079721689,0.074571077,0.07118739,0.067826252,0.064487529,0.061172241,0.057879618,0.05460961,0.051362614,0.048132812,0.044924738,0.041722872,0.038557042,0.035399307,0.032221835,0.029040662,0.02586369,0.022689308,0.022689308,0.022689308,0.022689308,0.022689308,0.022689308,0.022689308,0.022689308,0.022689308,0.022689308,0.022689308,0.022689308,0.022689308,0.022689308,0.022689308,0.022689308,0.022689308,0.022689308,0.022689308,0.022689308,0.022689308,0.022689308,0.022689308,0.022689308,0.022689308,0.022689308,0.022689308,0.022689308,0.022689308,0.022689308,0.022689308,0.022689308,0.022689308,0.022689308,0.022689308,0.022689308,0.022689308,0.022689308,0.022689308,0.022689308,0.022689308,0.022689308,0.022689308,0.022689308,0.022689308
Slower Growth,TAS,Large Residential,ICE,0.93719876,0.923377393,0.90651433,0.889494491,0.870686948,0.852730987,0.835274935,0.818289834,0.801470041,0.784632399,0.767773428,0.754162158,0.740016263,0.725297366,0.70998827,0.674558334,0.63925642,0.604058281,0.568933563,0.533857104,0.498793296,0.463687646,0.428567475,0.393303055,0.358063731,0.322215647,0.28624307,0.250621034,0.215122164,0.179530294,0.143874108,0.143874108,0.143874108,0.143874108,0.143874108,0.143874108,0.143874108,0.143874108,0.143874108,0.143874108,0.143874108,0.143874108,0.143874108,0.143874108,0.143874108,0.143874108,0.143874108,0.143874108,0.143874108,0.143874108,0.143874108,0.143874108,0.143874108,0.143874108,0.143874108,0.143874108,0.143874108,0.143874108,0.143874108,0.143874108,0.143874108,0.143874108,0.143874108,0.143874108,0.143874108,0.143874108,0.143874108,0.143874108,0.143874108,0.143874108,0.143874108,0.143874108,0.143874108,0.143874108,0.143874108
Slower Growth,TAS,Large Residential,PHEV,0.001487162,0.004498844,0.00988304,0.017310346,0.02668946,0.034951074,0.042265855,0.048657708,0.054254254,0.059109229,0.0632405,0.066696501,0.069502168,0.071677465,0.073235342,0.072956855,0.07268176,0.072422311,0.072169998,0.07193697,0.071714297,0.071516441,0.071327347,0.071168176,0.071006833,0.070920182,0.070837345,0.070723166,0.070593702,0.070478003,0.070363405,0.070363405,0.070363405,0.070363405,0.070363405,0.070363405,0.070363405,0.070363405,0.070363405,0.070363405,0.070363405,0.070363405,0.070363405,0.070363405,0.070363405,0.070363405,0.070363405,0.070363405,0.070363405,0.070363405,0.070363405,0.070363405,0.070363405,0.070363405,0.070363405,0.070363405,0.070363405,0.070363405,0.070363405,0.070363405,0.070363405,0.070363405,0.070363405,0.070363405,0.070363405,0.070363405,0.070363405,0.070363405,0.070363405,0.070363405,0.070363405,0.070363405,0.070363405,0.070363405,0.070363405
Slower Growth,TAS,Medium Light Commercial,BEV,0.002298747,0.003393918,0.005,0.006888986,0.009150726,0.013591897,0.020327474,0.028950852,0.039315586,0.051705217,0.065804935,0.0815628,0.098945358,0.117826895,0.138016121,0.180569226,0.222913003,0.26507794,0.307150419,0.349144413,0.390826507,0.432055326,0.473174667,0.51422707,0.554779677,0.595323885,0.635231672,0.674942309,0.714540766,0.753986152,0.793370166,0.793370166,0.793370166,0.793370166,0.793370166,0.793370166,0.793370166,0.793370166,0.793370166,0.793370166,0.793370166,0.793370166,0.793370166,0.793370166,0.793370166,0.793370166,0.793370166,0.793370166,0.793370166,0.793370166,0.793370166,0.793370166,0.793370166,0.793370166,0.793370166,0.793370166,0.793370166,0.793370166,0.793370166,0.793370166,0.793370166,0.793370166,0.793370166,0.793370166,0.793370166,0.793370166,0.793370166,0.793370166,0.793370166,0.793370166,0.793370166,0.793370166,0.793370166,0.793370166,0.793370166
Slower Growth,TAS,Medium Light Commercial,FCEV,0,0,0,0,0,0,0,0,0,0,0,0,0,0,0,0,0,0,0,0,0,0,0,0,0,0,0,0,0,0,0,0,0,0,0,0,0,0,0,0,0,0,0,0,0,0,0,0,0,0,0,0,0,0,0,0,0,0,0,0,0,0,0,0,0,0,0,0,0,0,0,0,0,0,0
Slower Growth,TAS,Medium Light Commercial,Hybrid,0.002704408,0.004554995,0.007566372,0.011276876,0.015512659,0.018959397,0.021659719,0.023698706,0.025134802,0.026042546,0.026565385,0.026547564,0.026241488,0.02569717,0.025004113,0.024196194,0.023436541,0.022647515,0.021907321,0.021135634,0.020358504,0.01961498,0.018838241,0.018070592,0.017336865,0.016574586,0.015843876,0.015079176,0.014322555,0.013610287,0.012865036,0.012865036,0.012865036,0.012865036,0.012865036,0.012865036,0.012865036,0.012865036,0.012865036,0.012865036,0.012865036,0.012865036,0.012865036,0.012865036,0.012865036,0.012865036,0.012865036,0.012865036,0.012865036,0.012865036,0.012865036,0.012865036,0.012865036,0.012865036,0.012865036,0.012865036,0.012865036,0.012865036,0.012865036,0.012865036,0.012865036,0.012865036,0.012865036,0.012865036,0.012865036,0.012865036,0.012865036,0.012865036,0.012865036,0.012865036,0.012865036,0.012865036,0.012865036,0.012865036,0.012865036
Slower Growth,TAS,Medium Light Commercial,ICE,0.994275669,0.989460992,0.981415929,0.97103993,0.958603861,0.945415981,0.931153036,0.916307272,0.900904343,0.884517981,0.867257009,0.849355095,0.830551403,0.810948151,0.790590558,0.74917979,0.707922614,0.666857096,0.625865298,0.584928667,0.544326385,0.504206099,0.464179104,0.42419608,0.384701822,0.345263832,0.306421359,0.267804568,0.229319579,0.190900099,0.152565114,0.152565114,0.152565114,0.152565114,0.152565114,0.152565114,0.152565114,0.152565114,0.152565114,0.152565114,0.152565114,0.152565114,0.152565114,0.152565114,0.152565114,0.152565114,0.152565114,0.152565114,0.152565114,0.152565114,0.152565114,0.152565114,0.152565114,0.152565114,0.152565114,0.152565114,0.152565114,0.152565114,0.152565114,0.152565114,0.152565114,0.152565114,0.152565114,0.152565114,0.152565114,0.152565114,0.152565114,0.152565114,0.152565114,0.152565114,0.152565114,0.152565114,0.152565114,0.152565114,0.152565114
Slower Growth,TAS,Medium Light Commercial,PHEV,0.000721176,0.002590095,0.006017699,0.010794208,0.016732755,0.022032724,0.026859771,0.03104317,0.034645268,0.037734256,0.040372671,0.042534541,0.044261751,0.045527784,0.046389209,0.04605479,0.045727842,0.045417449,0.045076961,0.044791286,0.044488604,0.044123595,0.043807987,0.043506258,0.043181636,0.042837697,0.042503093,0.042173948,0.0418171,0.041503462,0.041199684,0.041199684,0.041199684,0.041199684,0.041199684,0.041199684,0.041199684,0.041199684,0.041199684,0.041199684,0.041199684,0.041199684,0.041199684,0.041199684,0.041199684,0.041199684,0.041199684,0.041199684,0.041199684,0.041199684,0.041199684,0.041199684,0.041199684,0.041199684,0.041199684,0.041199684,0.041199684,0.041199684,0.041199684,0.041199684,0.041199684,0.041199684,0.041199684,0.041199684,0.041199684,0.041199684,0.041199684,0.041199684,0.041199684,0.041199684,0.041199684,0.041199684,0.041199684,0.041199684,0.041199684
Slower Growth,TAS,Medium Residential,BEV,0.017962268,0.022473189,0.027144109,0.031229814,0.035331076,0.041190774,0.048744553,0.057838881,0.068488353,0.080691524,0.09431967,0.109401779,0.125912718,0.143799463,0.162952881,0.202530454,0.24195853,0.281243305,0.3204239,0.359515185,0.398559991,0.437588973,0.47659993,0.515635166,0.554686463,0.594284842,0.633989271,0.673371438,0.712638872,0.751974147,0.791363374,0.791363374,0.791363374,0.791363374,0.791363374,0.791363374,0.791363374,0.791363374,0.791363374,0.791363374,0.791363374,0.791363374,0.791363374,0.791363374,0.791363374,0.791363374,0.791363374,0.791363374,0.791363374,0.791363374,0.791363374,0.791363374,0.791363374,0.791363374,0.791363374,0.791363374,0.791363374,0.791363374,0.791363374,0.791363374,0.791363374,0.791363374,0.791363374,0.791363374,0.791363374,0.791363374,0.791363374,0.791363374,0.791363374,0.791363374,0.791363374,0.791363374,0.791363374,0.791363374,0.791363374
Slower Growth,TAS,Medium Residential,FCEV,0,0,0,0,0,0,0,0,0,0,0,0,0,0,0,0,0,0,0,0,0,0,0,0,0,0,0,0,0,0,0,0,0,0,0,0,0,0,0,0,0,0,0,0,0,0,0,0,0,0,0,0,0,0,0,0,0,0,0,0,0,0,0,0,0,0,0,0,0,0,0,0,0,0,0
Slower Growth,TAS,Medium Residential,Hybrid,0.056575768,0.064067804,0.071679953,0.077189878,0.082125031,0.085709323,0.088164903,0.089628558,0.090251071,0.090156866,0.089448477,0.084768356,0.079878508,0.074870069,0.069826361,0.066696695,0.063580442,0.060484951,0.057410897,0.054358194,0.051326113,0.048314995,0.045318325,0.042337773,0.039374519,0.036446409,0.033520554,0.030576411,0.027628453,0.024685132,0.021744179,0.021744179,0.021744179,0.021744179,0.021744179,0.021744179,0.021744179,0.021744179,0.021744179,0.021744179,0.021744179,0.021744179,0.021744179,0.021744179,0.021744179,0.021744179,0.021744179,0.021744179,0.021744179,0.021744179,0.021744179,0.021744179,0.021744179,0.021744179,0.021744179,0.021744179,0.021744179,0.021744179,0.021744179,0.021744179,0.021744179,0.021744179,0.021744179,0.021744179,0.021744179,0.021744179,0.021744179,0.021744179,0.021744179,0.021744179,0.021744179,0.021744179,0.021744179,0.021744179,0.021744179
Slower Growth,TAS,Medium Residential,ICE,0.919990822,0.903873387,0.884929048,0.866641391,0.846842822,0.828032514,0.8098499,0.792274826,0.774997253,0.757822766,0.740762471,0.727087244,0.713021783,0.698505708,0.683540977,0.649433942,0.615444989,0.581552592,0.547728822,0.513951425,0.480178236,0.446376542,0.412562878,0.378683061,0.344764217,0.310199287,0.275520501,0.241212435,0.207030887,0.172762744,0.138440816,0.138440816,0.138440816,0.138440816,0.138440816,0.138440816,0.138440816,0.138440816,0.138440816,0.138440816,0.138440816,0.138440816,0.138440816,0.138440816,0.138440816,0.138440816,0.138440816,0.138440816,0.138440816,0.138440816,0.138440816,0.138440816,0.138440816,0.138440816,0.138440816,0.138440816,0.138440816,0.138440816,0.138440816,0.138440816,0.138440816,0.138440816,0.138440816,0.138440816,0.138440816,0.138440816,0.138440816,0.138440816,0.138440816,0.138440816,0.138440816,0.138440816,0.138440816,0.138440816,0.138440816
Slower Growth,TAS,Medium Residential,PHEV,0.005471142,0.009585619,0.016246891,0.024938917,0.035701072,0.045067389,0.053240645,0.060257736,0.066263323,0.071328844,0.075469381,0.078742621,0.081186991,0.08282476,0.083679781,0.081338909,0.079016039,0.076719152,0.074436382,0.072175195,0.069935659,0.06771949,0.065518868,0.063344,0.0611748,0.059069462,0.056969673,0.054839716,0.052701788,0.050577977,0.048451631,0.048451631,0.048451631,0.048451631,0.048451631,0.048451631,0.048451631,0.048451631,0.048451631,0.048451631,0.048451631,0.048451631,0.048451631,0.048451631,0.048451631,0.048451631,0.048451631,0.048451631,0.048451631,0.048451631,0.048451631,0.048451631,0.048451631,0.048451631,0.048451631,0.048451631,0.048451631,0.048451631,0.048451631,0.048451631,0.048451631,0.048451631,0.048451631,0.048451631,0.048451631,0.048451631,0.048451631,0.048451631,0.048451631,0.048451631,0.048451631,0.048451631,0.048451631,0.048451631,0.048451631
Slower Growth,TAS,Motorcycle,BEV,0.004955038,0.008186283,0.013800568,0.021342282,0.030908606,0.041843034,0.054086012,0.067539928,0.08218704,0.098004644,0.114940563,0.132942077,0.15192926,0.17188684,0.192700913,0.233095566,0.273146417,0.312924044,0.352468474,0.39173099,0.430810147,0.469717362,0.50845666,0.547024485,0.585438816,0.624092303,0.66270736,0.701189615,0.739648532,0.778102716,0.816512661,0.816512661,0.816512661,0.816512661,0.816512661,0.816512661,0.816512661,0.816512661,0.816512661,0.816512661,0.816512661,0.816512661,0.816512661,0.816512661,0.816512661,0.816512661,0.816512661,0.816512661,0.816512661,0.816512661,0.816512661,0.816512661,0.816512661,0.816512661,0.816512661,0.816512661,0.816512661,0.816512661,0.816512661,0.816512661,0.816512661,0.816512661,0.816512661,0.816512661,0.816512661,0.816512661,0.816512661,0.816512661,0.816512661,0.816512661,0.816512661,0.816512661,0.816512661,0.816512661,0.816512661
Slower Growth,TAS,Motorcycle,FCEV,0,0,0,0,0,0,0,0,0,0,0,0,0,0,0,0,0,0,0,0,0,0,0,0,0,0,0,0,0,0,0,0,0,0,0,0,0,0,0,0,0,0,0,0,0,0,0,0,0,0,0,0,0,0,0,0,0,0,0,0,0,0,0,0,0,0,0,0,0,0,0,0,0,0,0
Slower Growth,TAS,Motorcycle,Hybrid,0,0,0,0,0,0,0,0,0,0,0,0,0,0,0,0,0,0,0,0,0,0,0,0,0,0,0,0,0,0,0,0,0,0,0,0,0,0,0,0,0,0,0,0,0,0,0,0,0,0,0,0,0,0,0,0,0,0,0,0,0,0,0,0,0,0,0,0,0,0,0,0,0,0,0
Slower Growth,TAS,Motorcycle,ICE,0.995044962,0.991813717,0.986199432,0.978657718,0.969091394,0.958156966,0.945913988,0.932460072,0.91781296,0.901995356,0.885059437,0.867057923,0.84807074,0.82811316,0.807299087,0.765861594,0.724776739,0.683973192,0.643410533,0.603095746,0.563011457,0.523104531,0.48337128,0.443813848,0.40441444,0.364773277,0.325173136,0.285668355,0.246228535,0.206794327,0.167406696,0.167406696,0.167406696,0.167406696,0.167406696,0.167406696,0.167406696,0.167406696,0.167406696,0.167406696,0.167406696,0.167406696,0.167406696,0.167406696,0.167406696,0.167406696,0.167406696,0.167406696,0.167406696,0.167406696,0.167406696,0.167406696,0.167406696,0.167406696,0.167406696,0.167406696,0.167406696,0.167406696,0.167406696,0.167406696,0.167406696,0.167406696,0.167406696,0.167406696,0.167406696,0.167406696,0.167406696,0.167406696,0.167406696,0.167406696,0.167406696,0.167406696,0.167406696,0.167406696,0.167406696
Slower Growth,TAS,Motorcycle,PHEV,0,0,0,0,0,0,0,0,0,0,0,0,0,0,0,0.00104284,0.002076843,0.003102764,0.004120992,0.005173263,0.006178396,0.007178107,0.00817206,0.009161667,0.010146744,0.01113442,0.012119504,0.01314203,0.014122934,0.015102956,0.016080643,0.016080643,0.016080643,0.016080643,0.016080643,0.016080643,0.016080643,0.016080643,0.016080643,0.016080643,0.016080643,0.016080643,0.016080643,0.016080643,0.016080643,0.016080643,0.016080643,0.016080643,0.016080643,0.016080643,0.016080643,0.016080643,0.016080643,0.016080643,0.016080643,0.016080643,0.016080643,0.016080643,0.016080643,0.016080643,0.016080643,0.016080643,0.016080643,0.016080643,0.016080643,0.016080643,0.016080643,0.016080643,0.016080643,0.016080643,0.016080643,0.016080643,0.016080643,0.016080643,0.016080643
Slower Growth,TAS,Rigid Truck,BEV,0.002088056,0.000885165,0.001516566,0.002252122,0.002982335,0.006088193,0.011659344,0.019363839,0.028791318,0.040647285,0.054371466,0.069850167,0.08719346,0.106071845,0.126451884,0.167763158,0.208581954,0.24889141,0.288774987,0.32827073,0.367508366,0.406489705,0.445281881,0.483909714,0.522311412,0.559916638,0.59646786,0.6326891,0.668667057,0.704466019,0.74001256,0.74001256,0.74001256,0.74001256,0.74001256,0.74001256,0.74001256,0.74001256,0.74001256,0.74001256,0.74001256,0.74001256,0.74001256,0.74001256,0.74001256,0.74001256,0.74001256,0.74001256,0.74001256,0.74001256,0.74001256,0.74001256,0.74001256,0.74001256,0.74001256,0.74001256,0.74001256,0.74001256,0.74001256,0.74001256,0.74001256,0.74001256,0.74001256,0.74001256,0.74001256,0.74001256,0.74001256,0.74001256,0.74001256,0.74001256,0.74001256,0.74001256,0.74001256,0.74001256,0.74001256
Slower Growth,TAS,Rigid Truck,FCEV,0,0,0,0,0,5.6899E-05,0.000168976,0.000334821,0.000553679,0.00082282,0.001087429,0.001455212,0.001869958,0.002278266,0.002732958,0.003707185,0.004617859,0.005568733,0.006458227,0.007339075,0.008264882,0.009134033,0.010049241,0.010910365,0.011816323,0.012653203,0.013516847,0.014323555,0.015173692,0.015970874,0.016810782,0.016810782,0.016810782,0.016810782,0.016810782,0.016810782,0.016810782,0.016810782,0.016810782,0.016810782,0.016810782,0.016810782,0.016810782,0.016810782,0.016810782,0.016810782,0.016810782,0.016810782,0.016810782,0.016810782,0.016810782,0.016810782,0.016810782,0.016810782,0.016810782,0.016810782,0.016810782,0.016810782,0.016810782,0.016810782,0.016810782,0.016810782,0.016810782,0.016810782,0.016810782,0.016810782,0.016810782,0.016810782,0.016810782,0.016810782,0.016810782,0.016810782,0.016810782,0.016810782,0.016810782
Slower Growth,TAS,Rigid Truck,Hybrid,0,0,0,0,0,0,0,0,0,0,0,0,0,0,0,0.002767335,0.005448036,0.00814685,0.010814967,0.013404006,0.016022716,0.018621316,0.021203899,0.023722536,0.026275116,0.028779834,0.031177544,0.033601491,0.036007026,0.038349515,0.04072267,0.04072267,0.04072267,0.04072267,0.04072267,0.04072267,0.04072267,0.04072267,0.04072267,0.04072267,0.04072267,0.04072267,0.04072267,0.04072267,0.04072267,0.04072267,0.04072267,0.04072267,0.04072267,0.04072267,0.04072267,0.04072267,0.04072267,0.04072267,0.04072267,0.04072267,0.04072267,0.04072267,0.04072267,0.04072267,0.04072267,0.04072267,0.04072267,0.04072267,0.04072267,0.04072267,0.04072267,0.04072267,0.04072267,0.04072267,0.04072267,0.04072267,0.04072267,0.04072267,0.04072267
Slower Growth,TAS,Rigid Truck,ICE,0.997911944,0.999114835,0.998483434,0.997747878,0.997017665,0.993684211,0.987721077,0.979464286,0.969326172,0.956500274,0.94176816,0.925029643,0.906341828,0.885980714,0.863982761,0.816520468,0.76978156,0.723522739,0.677806253,0.632587534,0.587567184,0.542844166,0.498341875,0.454131425,0.410081268,0.366992507,0.325094963,0.283527911,0.242242389,0.201262136,0.160475339,0.160475339,0.160475339,0.160475339,0.160475339,0.160475339,0.160475339,0.160475339,0.160475339,0.160475339,0.160475339,0.160475339,0.160475339,0.160475339,0.160475339,0.160475339,0.160475339,0.160475339,0.160475339,0.160475339,0.160475339,0.160475339,0.160475339,0.160475339,0.160475339,0.160475339,0.160475339,0.160475339,0.160475339,0.160475339,0.160475339,0.160475339,0.160475339,0.160475339,0.160475339,0.160475339,0.160475339,0.160475339,0.160475339,0.160475339,0.160475339,0.160475339,0.160475339,0.160475339,0.160475339
Slower Growth,TAS,Rigid Truck,PHEV,0,0,0,0,0,0.000170697,0.000450603,0.000837054,0.00132883,0.002029622,0.002772945,0.003664978,0.004594753,0.005669175,0.006832396,0.009241855,0.011570591,0.013870269,0.016145566,0.018398655,0.020636852,0.022910779,0.025123103,0.02732596,0.02951588,0.031657818,0.033742785,0.035857942,0.037909836,0.039951456,0.041978648,0.041978648,0.041978648,0.041978648,0.041978648,0.041978648,0.041978648,0.041978648,0.041978648,0.041978648,0.041978648,0.041978648,0.041978648,0.041978648,0.041978648,0.041978648,0.041978648,0.041978648,0.041978648,0.041978648,0.041978648,0.041978648,0.041978648,0.041978648,0.041978648,0.041978648,0.041978648,0.041978648,0.041978648,0.041978648,0.041978648,0.041978648,0.041978648,0.041978648,0.041978648,0.041978648,0.041978648,0.041978648,0.041978648,0.041978648,0.041978648,0.041978648,0.041978648,0.041978648,0.041978648
Slower Growth,TAS,Small Light Commercial,BEV,0.007016096,0.009405671,0.012559082,0.01580075,0.019417476,0.025102391,0.03292235,0.042611415,0.053906959,0.066993043,0.081732001,0.098101669,0.115954885,0.13518285,0.155767541,0.198372966,0.240854039,0.283098767,0.325338636,0.367448207,0.409259718,0.450629474,0.491873923,0.532981206,0.573615875,0.614369501,0.654403703,0.694194802,0.733833858,0.773457312,0.812936642,0.812936642,0.812936642,0.812936642,0.812936642,0.812936642,0.812936642,0.812936642,0.812936642,0.812936642,0.812936642,0.812936642,0.812936642,0.812936642,0.812936642,0.812936642,0.812936642,0.812936642,0.812936642,0.812936642,0.812936642,0.812936642,0.812936642,0.812936642,0.812936642,0.812936642,0.812936642,0.812936642,0.812936642,0.812936642,0.812936642,0.812936642,0.812936642,0.812936642,0.812936642,0.812936642,0.812936642,0.812936642,0.812936642,0.812936642,0.812936642,0.812936642,0.812936642,0.812936642,0.812936642
Slower Growth,TAS,Small Light Commercial,FCEV,0,0,0,0,0,0,0,0,0,0,0,0,0,0,0,0,0,0,0,0,0,0,0,0,0,0,0,0,0,0,0,0,0,0,0,0,0,0,0,0,0,0,0,0,0,0,0,0,0,0,0,0,0,0,0,0,0,0,0,0,0,0,0,0,0,0,0,0,0,0,0,0,0,0,0
Slower Growth,TAS,Small Light Commercial,Hybrid,0,0,0,0,0,0,0,0,0,0,0,0,0,0,0,0.000500626,0.000998876,0.001619131,0.002112589,0.002605136,0.003094825,0.003579363,0.004186161,0.004667731,0.005144537,0.005620723,0.006090876,0.006558173,0.007144587,0.007607777,0.008070344,0.008070344,0.008070344,0.008070344,0.008070344,0.008070344,0.008070344,0.008070344,0.008070344,0.008070344,0.008070344,0.008070344,0.008070344,0.008070344,0.008070344,0.008070344,0.008070344,0.008070344,0.008070344,0.008070344,0.008070344,0.008070344,0.008070344,0.008070344,0.008070344,0.008070344,0.008070344,0.008070344,0.008070344,0.008070344,0.008070344,0.008070344,0.008070344,0.008070344,0.008070344,0.008070344,0.008070344,0.008070344,0.008070344,0.008070344,0.008070344,0.008070344,0.008070344,0.008070344,0.008070344
Slower Growth,TAS,Small Light Commercial,ICE,0.990782776,0.985414395,0.976772451,0.966122121,0.953451257,0.939754261,0.924842602,0.909043524,0.892704419,0.875418707,0.857289265,0.838323353,0.818527436,0.798234552,0.777205975,0.736545682,0.696091897,0.655623365,0.615260345,0.57511475,0.535157217,0.495680079,0.456291554,0.417024936,0.378245958,0.339442815,0.30125472,0.263298518,0.225478324,0.187658495,0.149963864,0.149963864,0.149963864,0.149963864,0.149963864,0.149963864,0.149963864,0.149963864,0.149963864,0.149963864,0.149963864,0.149963864,0.149963864,0.149963864,0.149963864,0.149963864,0.149963864,0.149963864,0.149963864,0.149963864,0.149963864,0.149963864,0.149963864,0.149963864,0.149963864,0.149963864,0.149963864,0.149963864,0.149963864,0.149963864,0.149963864,0.149963864,0.149963864,0.149963864,0.149963864,0.149963864,0.149963864,0.149963864,0.149963864,0.149963864,0.149963864,0.149963864,0.149963864,0.149963864,0.149963864
Slower Growth,TAS,Small Light Commercial,PHEV,0.002201128,0.005179935,0.010668467,0.018077129,0.027131267,0.035143348,0.042235047,0.048345061,0.053388623,0.05758825,0.060978734,0.063574978,0.065517678,0.066582598,0.067026484,0.064580726,0.062055188,0.059658737,0.05728843,0.054831907,0.05248824,0.050111084,0.047648362,0.045326127,0.042993631,0.04056696,0.0382507,0.035948506,0.033543231,0.031276416,0.02902915,0.02902915,0.02902915,0.02902915,0.02902915,0.02902915,0.02902915,0.02902915,0.02902915,0.02902915,0.02902915,0.02902915,0.02902915,0.02902915,0.02902915,0.02902915,0.02902915,0.02902915,0.02902915,0.02902915,0.02902915,0.02902915,0.02902915,0.02902915,0.02902915,0.02902915,0.02902915,0.02902915,0.02902915,0.02902915,0.02902915,0.02902915,0.02902915,0.02902915,0.02902915,0.02902915,0.02902915,0.02902915,0.02902915,0.02902915,0.02902915,0.02902915,0.02902915,0.02902915,0.02902915
Slower Growth,TAS,Small Residential,BEV,0.041235247,0.049025534,0.054608284,0.05655846,0.056428091,0.058594622,0.062929734,0.069260097,0.077548833,0.087763952,0.099765074,0.113565752,0.129116603,0.146367952,0.165197216,0.205676276,0.246007669,0.286203876,0.326272031,0.366261887,0.406189319,0.446102161,0.486004546,0.52591554,0.565841773,0.606333877,0.646927051,0.687201914,0.727351664,0.767572919,0.807840509,0.807840509,0.807840509,0.807840509,0.807840509,0.807840509,0.807840509,0.807840509,0.807840509,0.807840509,0.807840509,0.807840509,0.807840509,0.807840509,0.807840509,0.807840509,0.807840509,0.807840509,0.807840509,0.807840509,0.807840509,0.807840509,0.807840509,0.807840509,0.807840509,0.807840509,0.807840509,0.807840509,0.807840509,0.807840509,0.807840509,0.807840509,0.807840509,0.807840509,0.807840509,0.807840509,0.807840509,0.807840509,0.807840509,0.807840509,0.807840509,0.807840509,0.807840509,0.807840509,0.807840509
Slower Growth,TAS,Small Residential,FCEV,0,0,0,0,0,0,0,0,0,0,0,0,0,0,0,0,0,0,0,0,0,0,0,0,0,0,0,0,0,0,0,0,0,0,0,0,0,0,0,0,0,0,0,0,0,0,0,0,0,0,0,0,0,0,0,0,0,0,0,0,0,0,0,0,0,0,0,0,0,0,0,0,0,0,0
Slower Growth,TAS,Small Residential,Hybrid,0,0,0,0,0,0,0,0,0,0,0,0,0,0,0,0.000509291,0.00101637,0.001506094,0.00200948,0.00251137,0.003012094,0.003512255,0.003996522,0.004495786,0.004995051,0.005499109,0.006004175,0.006491231,0.006992155,0.007493717,0.007995857,0.007995857,0.007995857,0.007995857,0.007995857,0.007995857,0.007995857,0.007995857,0.007995857,0.007995857,0.007995857,0.007995857,0.007995857,0.007995857,0.007995857,0.007995857,0.007995857,0.007995857,0.007995857,0.007995857,0.007995857,0.007995857,0.007995857,0.007995857,0.007995857,0.007995857,0.007995857,0.007995857,0.007995857,0.007995857,0.007995857,0.007995857,0.007995857,0.007995857,0.007995857,0.007995857,0.007995857,0.007995857,0.007995857,0.007995857,0.007995857,0.007995857,0.007995857,0.007995857,0.007995857
Slower Growth,TAS,Small Residential,ICE,0.946204876,0.93385392,0.920975357,0.909706328,0.898281996,0.886112086,0.873156014,0.859486482,0.845028456,0.829703997,0.813657009,0.796786935,0.779119716,0.760682037,0.74154679,0.704410766,0.667400711,0.630515299,0.593716924,0.55697288,0.520251365,0.48353058,0.446817274,0.410061417,0.373273433,0.335856932,0.298319136,0.261157755,0.224114556,0.186992613,0.149819522,0.149819522,0.149819522,0.149819522,0.149819522,0.149819522,0.149819522,0.149819522,0.149819522,0.149819522,0.149819522,0.149819522,0.149819522,0.149819522,0.149819522,0.149819522,0.149819522,0.149819522,0.149819522,0.149819522,0.149819522,0.149819522,0.149819522,0.149819522,0.149819522,0.149819522,0.149819522,0.149819522,0.149819522,0.149819522,0.149819522,0.149819522,0.149819522,0.149819522,0.149819522,0.149819522,0.149819522,0.149819522,0.149819522,0.149819522,0.149819522,0.149819522,0.149819522,0.149819522,0.149819522
Slower Growth,TAS,Small Residential,PHEV,0.012559878,0.017120546,0.02441636,0.033735212,0.045289913,0.055293292,0.063914252,0.071253421,0.077422711,0.082532051,0.086577917,0.089647312,0.091763681,0.092950011,0.093255994,0.089403667,0.08557525,0.081774731,0.078001565,0.074253863,0.070547223,0.066855005,0.063181659,0.059527257,0.055889743,0.052310083,0.048749638,0.0451491,0.041541625,0.037940751,0.034344111,0.034344111,0.034344111,0.034344111,0.034344111,0.034344111,0.034344111,0.034344111,0.034344111,0.034344111,0.034344111,0.034344111,0.034344111,0.034344111,0.034344111,0.034344111,0.034344111,0.034344111,0.034344111,0.034344111,0.034344111,0.034344111,0.034344111,0.034344111,0.034344111,0.034344111,0.034344111,0.034344111,0.034344111,0.034344111,0.034344111,0.034344111,0.034344111,0.034344111,0.034344111,0.034344111,0.034344111,0.034344111,0.034344111,0.034344111,0.034344111,0.034344111,0.034344111,0.034344111,0.034344111
Slower Growth,VIC,Articulated Truck,BEV,0,0,0,0,2.67494E-05,0.003635399,0.010923509,0.021426528,0.034685509,0.051279432,0.070620969,0.092571715,0.117052955,0.143759835,0.172559148,0.213055348,0.252904679,0.292123084,0.330771588,0.368928404,0.406572988,0.443783298,0.480596536,0.517036531,0.553147692,0.589188095,0.624876935,0.660300501,0.695404717,0.730265768,0.764685246,0.764685246,0.764685246,0.764685246,0.764685246,0.764685246,0.764685246,0.764685246,0.764685246,0.764685246,0.764685246,0.764685246,0.764685246,0.764685246,0.764685246,0.764685246,0.764685246,0.764685246,0.764685246,0.764685246,0.764685246,0.764685246,0.764685246,0.764685246,0.764685246,0.764685246,0.764685246,0.764685246,0.764685246,0.764685246,0.764685246,0.764685246,0.764685246,0.764685246,0.764685246,0.764685246,0.764685246,0.764685246,0.764685246,0.764685246,0.764685246,0.764685246,0.764685246,0.764685246,0.764685246
Slower Growth,VIC,Articulated Truck,FCEV,0,0,0,0,0,0.000106143,0.000288843,0.000598071,0.000954174,0.001430104,0.001947641,0.002580484,0.003250782,0.003983084,0.004800078,0.005918875,0.007019141,0.008102649,0.009193993,0.010248011,0.011287888,0.012315782,0.013355631,0.014362126,0.015359558,0.016355088,0.017363286,0.018341681,0.019311261,0.020274142,0.021246738,0.021246738,0.021246738,0.021246738,0.021246738,0.021246738,0.021246738,0.021246738,0.021246738,0.021246738,0.021246738,0.021246738,0.021246738,0.021246738,0.021246738,0.021246738,0.021246738,0.021246738,0.021246738,0.021246738,0.021246738,0.021246738,0.021246738,0.021246738,0.021246738,0.021246738,0.021246738,0.021246738,0.021246738,0.021246738,0.021246738,0.021246738,0.021246738,0.021246738,0.021246738,0.021246738,0.021246738,0.021246738,0.021246738,0.021246738,0.021246738,0.021246738,0.021246738,0.021246738,0.021246738
Slower Growth,VIC,Articulated Truck,Hybrid,0,0,0,0,0,0,0,0,0,0,0,0,0,0,0,0,0,0,0,0,0,0,0,0,0,0,0,0,0,0,0,0,0,0,0,0,0,0,0,0,0,0,0,0,0,0,0,0,0,0,0,0,0,0,0,0,0,0,0,0,0,0,0,0,0,0,0,0,0,0,0,0,0,0,0
Slower Growth,VIC,Articulated Truck,ICE,1,1,1,1,0.999973251,0.996152315,0.988472547,0.977351327,0.963380354,0.945834823,0.925458455,0.902242265,0.876420666,0.84824941,0.81781633,0.775082743,0.733033083,0.691647856,0.650816851,0.610552176,0.570828011,0.531562075,0.492692202,0.454216456,0.416110571,0.378079233,0.340396492,0.303016138,0.265950615,0.229163912,0.192821277,0.192821277,0.192821277,0.192821277,0.192821277,0.192821277,0.192821277,0.192821277,0.192821277,0.192821277,0.192821277,0.192821277,0.192821277,0.192821277,0.192821277,0.192821277,0.192821277,0.192821277,0.192821277,0.192821277,0.192821277,0.192821277,0.192821277,0.192821277,0.192821277,0.192821277,0.192821277,0.192821277,0.192821277,0.192821277,0.192821277,0.192821277,0.192821277,0.192821277,0.192821277,0.192821277,0.192821277,0.192821277,0.192821277,0.192821277,0.192821277,0.192821277,0.192821277,0.192821277,0.192821277
Slower Growth,VIC,Articulated Truck,PHEV,0,0,0,0,0,0.000106143,0.000315101,0.000624074,0.000979962,0.001455641,0.001972935,0.002605537,0.003275597,0.004007671,0.004824444,0.005943034,0.007043097,0.008126411,0.009217568,0.010271409,0.011311114,0.012338845,0.013355631,0.014384887,0.015382179,0.016377584,0.017363286,0.018341681,0.019333407,0.020296179,0.021246738,0.021246738,0.021246738,0.021246738,0.021246738,0.021246738,0.021246738,0.021246738,0.021246738,0.021246738,0.021246738,0.021246738,0.021246738,0.021246738,0.021246738,0.021246738,0.021246738,0.021246738,0.021246738,0.021246738,0.021246738,0.021246738,0.021246738,0.021246738,0.021246738,0.021246738,0.021246738,0.021246738,0.021246738,0.021246738,0.021246738,0.021246738,0.021246738,0.021246738,0.021246738,0.021246738,0.021246738,0.021246738,0.021246738,0.021246738,0.021246738,0.021246738,0.021246738,0.021246738,0.021246738
Slower Growth,VIC,Bus,BEV,0.011456407,0.004563758,0.009632457,0.015775095,0.023190689,0.032784744,0.044304621,0.057564863,0.072390354,0.088659704,0.106179702,0.124836601,0.148524306,0.174162886,0.201195905,0.237736172,0.274046258,0.310105863,0.34597297,0.381640064,0.417199865,0.452591815,0.487840609,0.523002421,0.558077548,0.593307005,0.628501473,0.663669512,0.698845533,0.73398628,0.769141867,0.769141867,0.769141867,0.769141867,0.769141867,0.769141867,0.769141867,0.769141867,0.769141867,0.769141867,0.769141867,0.769141867,0.769141867,0.769141867,0.769141867,0.769141867,0.769141867,0.769141867,0.769141867,0.769141867,0.769141867,0.769141867,0.769141867,0.769141867,0.769141867,0.769141867,0.769141867,0.769141867,0.769141867,0.769141867,0.769141867,0.769141867,0.769141867,0.769141867,0.769141867,0.769141867,0.769141867,0.769141867,0.769141867,0.769141867,0.769141867,0.769141867,0.769141867,0.769141867,0.769141867
Slower Growth,VIC,Bus,FCEV,0,0.000357942,0.000932173,0.001586322,0.002450337,0.003178335,0.003905402,0.004548014,0.00519548,0.005763314,0.006296956,0.006840959,0.007421875,0.007993087,0.008560613,0.009125573,0.00968678,0.010288678,0.010846079,0.01144329,0.011996969,0.012549843,0.013143025,0.013692911,0.014243472,0.014840989,0.015396107,0.015994033,0.016551496,0.017108852,0.017707516,0.017707516,0.017707516,0.017707516,0.017707516,0.017707516,0.017707516,0.017707516,0.017707516,0.017707516,0.017707516,0.017707516,0.017707516,0.017707516,0.017707516,0.017707516,0.017707516,0.017707516,0.017707516,0.017707516,0.017707516,0.017707516,0.017707516,0.017707516,0.017707516,0.017707516,0.017707516,0.017707516,0.017707516,0.017707516,0.017707516,0.017707516,0.017707516,0.017707516,0.017707516,0.017707516,0.017707516,0.017707516,0.017707516,0.017707516,0.017707516,0.017707516,0.017707516,0.017707516,0.017707516
Slower Growth,VIC,Bus,Hybrid,0,0,0,0,0,0,0,0,0,0,0,0,0,0,0,0.001028234,0.002090979,0.00310361,0.004109647,0.005151592,0.006145816,0.007135362,0.008120213,0.009142523,0.010120362,0.011099564,0.012117691,0.013093561,0.014068771,0.015083891,0.016056466,0.016056466,0.016056466,0.016056466,0.016056466,0.016056466,0.016056466,0.016056466,0.016056466,0.016056466,0.016056466,0.016056466,0.016056466,0.016056466,0.016056466,0.016056466,0.016056466,0.016056466,0.016056466,0.016056466,0.016056466,0.016056466,0.016056466,0.016056466,0.016056466,0.016056466,0.016056466,0.016056466,0.016056466,0.016056466,0.016056466,0.016056466,0.016056466,0.016056466,0.016056466,0.016056466,0.016056466,0.016056466,0.016056466,0.016056466,0.016056466,0.016056466,0.016056466,0.016056466,0.016056466
Slower Growth,VIC,Bus,ICE,0.988543593,0.9950783,0.989435369,0.982638583,0.974358974,0.963862766,0.951269256,0.936847577,0.920725635,0.903150323,0.884222869,0.864052288,0.838541667,0.810931087,0.781811925,0.741527784,0.701459418,0.661664045,0.622124306,0.582721054,0.543525846,0.504512067,0.465614667,0.426818068,0.388155429,0.349282893,0.310453583,0.271649954,0.232879546,0.194106951,0.155322574,0.155322574,0.155322574,0.155322574,0.155322574,0.155322574,0.155322574,0.155322574,0.155322574,0.155322574,0.155322574,0.155322574,0.155322574,0.155322574,0.155322574,0.155322574,0.155322574,0.155322574,0.155322574,0.155322574,0.155322574,0.155322574,0.155322574,0.155322574,0.155322574,0.155322574,0.155322574,0.155322574,0.155322574,0.155322574,0.155322574,0.155322574,0.155322574,0.155322574,0.155322574,0.155322574,0.155322574,0.155322574,0.155322574,0.155322574,0.155322574,0.155322574,0.155322574,0.155322574,0.155322574
Slower Growth,VIC,Bus,PHEV,0,0,0,0,0,0.000174155,0.00052072,0.001039546,0.001688531,0.002426659,0.003300473,0.004270153,0.005512153,0.00691294,0.008431558,0.010582237,0.012716566,0.014837805,0.016946998,0.019044,0.021131504,0.023210913,0.025281487,0.027344076,0.02940319,0.031469549,0.033531145,0.035592939,0.037654653,0.039714026,0.041771577,0.041771577,0.041771577,0.041771577,0.041771577,0.041771577,0.041771577,0.041771577,0.041771577,0.041771577,0.041771577,0.041771577,0.041771577,0.041771577,0.041771577,0.041771577,0.041771577,0.041771577,0.041771577,0.041771577,0.041771577,0.041771577,0.041771577,0.041771577,0.041771577,0.041771577,0.041771577,0.041771577,0.041771577,0.041771577,0.041771577,0.041771577,0.041771577,0.041771577,0.041771577,0.041771577,0.041771577,0.041771577,0.041771577,0.041771577,0.041771577,0.041771577,0.041771577,0.041771577,0.041771577
Slower Growth,VIC,Large Light Commercial,BEV,0.000425604,0.002657323,0.0069926,0.013049385,0.02070616,0.031104861,0.044292297,0.059745477,0.077269819,0.09706454,0.11868336,0.142027599,0.167006186,0.193454272,0.221231004,0.25799654,0.294397454,0.330471024,0.366256102,0.401788071,0.437099321,0.472242658,0.50718672,0.542002815,0.576684889,0.611452572,0.646103471,0.680651191,0.715103175,0.74947624,0.783693905,0.783693905,0.783693905,0.783693905,0.783693905,0.783693905,0.783693905,0.783693905,0.783693905,0.783693905,0.783693905,0.783693905,0.783693905,0.783693905,0.783693905,0.783693905,0.783693905,0.783693905,0.783693905,0.783693905,0.783693905,0.783693905,0.783693905,0.783693905,0.783693905,0.783693905,0.783693905,0.783693905,0.783693905,0.783693905,0.783693905,0.783693905,0.783693905,0.783693905,0.783693905,0.783693905,0.783693905,0.783693905,0.783693905,0.783693905,0.783693905,0.783693905,0.783693905,0.783693905,0.783693905
Slower Growth,VIC,Large Light Commercial,FCEV,0,6.68677E-06,1.98503E-05,3.93014E-05,6.36274E-05,8.49121E-05,0.000103139,0.000117274,0.000129968,0.000138664,0.000146042,0.000149704,0.00015215,0.000152232,0.000150012,0.000141982,0.000134091,0.00012516,0.000117526,0.000110003,0.000102583,9.41141E-05,8.68762E-05,7.9719E-05,7.14958E-05,6.44954E-05,5.75442E-05,4.95134E-05,4.26529E-05,3.58318E-05,2.79268E-05,2.79268E-05,2.79268E-05,2.79268E-05,2.79268E-05,2.79268E-05,2.79268E-05,2.79268E-05,2.79268E-05,2.79268E-05,2.79268E-05,2.79268E-05,2.79268E-05,2.79268E-05,2.79268E-05,2.79268E-05,2.79268E-05,2.79268E-05,2.79268E-05,2.79268E-05,2.79268E-05,2.79268E-05,2.79268E-05,2.79268E-05,2.79268E-05,2.79268E-05,2.79268E-05,2.79268E-05,2.79268E-05,2.79268E-05,2.79268E-05,2.79268E-05,2.79268E-05,2.79268E-05,2.79268E-05,2.79268E-05,2.79268E-05,2.79268E-05,2.79268E-05,2.79268E-05,2.79268E-05,2.79268E-05,2.79268E-05,2.79268E-05,2.79268E-05
Slower Growth,VIC,Large Light Commercial,Hybrid,0.006035467,0.008684779,0.012692283,0.01730573,0.022640951,0.026841243,0.030055351,0.032299556,0.033711741,0.034436865,0.034569089,0.033917057,0.03291146,0.03164384,0.030198873,0.029044769,0.027913339,0.026803009,0.025712574,0.024640695,0.023586026,0.022549505,0.021524723,0.020513983,0.019514941,0.018532809,0.017558864,0.016592603,0.015633418,0.014682088,0.013734376,0.013734376,0.013734376,0.013734376,0.013734376,0.013734376,0.013734376,0.013734376,0.013734376,0.013734376,0.013734376,0.013734376,0.013734376,0.013734376,0.013734376,0.013734376,0.013734376,0.013734376,0.013734376,0.013734376,0.013734376,0.013734376,0.013734376,0.013734376,0.013734376,0.013734376,0.013734376,0.013734376,0.013734376,0.013734376,0.013734376,0.013734376,0.013734376,0.013734376,0.013734376,0.013734376,0.013734376,0.013734376,0.013734376,0.013734376,0.013734376,0.013734376,0.013734376,0.013734376,0.013734376
Slower Growth,VIC,Large Light Commercial,ICE,0.993397061,0.988312861,0.97962168,0.968492043,0.954933652,0.93955928,0.922168559,0.903308138,0.883048653,0.861033044,0.837645061,0.813185382,0.787317465,0.760130608,0.731690184,0.693283545,0.655246557,0.617541853,0.580126486,0.542964896,0.506023583,0.469245928,0.43267094,0.396218357,0.359899497,0.323470441,0.287158853,0.250951726,0.214839401,0.178804135,0.142933582,0.142933582,0.142933582,0.142933582,0.142933582,0.142933582,0.142933582,0.142933582,0.142933582,0.142933582,0.142933582,0.142933582,0.142933582,0.142933582,0.142933582,0.142933582,0.142933582,0.142933582,0.142933582,0.142933582,0.142933582,0.142933582,0.142933582,0.142933582,0.142933582,0.142933582,0.142933582,0.142933582,0.142933582,0.142933582,0.142933582,0.142933582,0.142933582,0.142933582,0.142933582,0.142933582,0.142933582,0.142933582,0.142933582,0.142933582,0.142933582,0.142933582,0.142933582,0.142933582,0.142933582
Slower Growth,VIC,Large Light Commercial,PHEV,0.000141868,0.000338351,0.000673587,0.001113541,0.00165561,0.002409704,0.003380654,0.004529554,0.005839819,0.007326887,0.008956447,0.010720258,0.012612739,0.014619049,0.016729926,0.019533163,0.022308558,0.025058954,0.027787313,0.030496334,0.033188488,0.035867795,0.03853074,0.041185126,0.043829177,0.046479683,0.049121267,0.051754967,0.054381353,0.057001705,0.05961021,0.05961021,0.05961021,0.05961021,0.05961021,0.05961021,0.05961021,0.05961021,0.05961021,0.05961021,0.05961021,0.05961021,0.05961021,0.05961021,0.05961021,0.05961021,0.05961021,0.05961021,0.05961021,0.05961021,0.05961021,0.05961021,0.05961021,0.05961021,0.05961021,0.05961021,0.05961021,0.05961021,0.05961021,0.05961021,0.05961021,0.05961021,0.05961021,0.05961021,0.05961021,0.05961021,0.05961021,0.05961021,0.05961021,0.05961021,0.05961021,0.05961021,0.05961021,0.05961021,0.05961021
Slower Growth,VIC,Large Residential,BEV,0.007768193,0.017298056,0.033754795,0.055611665,0.082985262,0.10976735,0.136149612,0.162092303,0.187790325,0.21335362,0.238617119,0.263754243,0.288802649,0.313748352,0.338562475,0.367856546,0.397056449,0.426180284,0.455254462,0.484295683,0.513081006,0.541710181,0.570312393,0.598981195,0.627590336,0.656684063,0.685843475,0.715063066,0.744355957,0.773730747,0.803108148,0.803108148,0.803108148,0.803108148,0.803108148,0.803108148,0.803108148,0.803108148,0.803108148,0.803108148,0.803108148,0.803108148,0.803108148,0.803108148,0.803108148,0.803108148,0.803108148,0.803108148,0.803108148,0.803108148,0.803108148,0.803108148,0.803108148,0.803108148,0.803108148,0.803108148,0.803108148,0.803108148,0.803108148,0.803108148,0.803108148,0.803108148,0.803108148,0.803108148,0.803108148,0.803108148,0.803108148,0.803108148,0.803108148,0.803108148,0.803108148,0.803108148,0.803108148,0.803108148,0.803108148
Slower Growth,VIC,Large Residential,FCEV,2.01092E-06,2.4964E-06,3.97074E-06,5.42996E-06,7.37092E-06,9.3007E-06,1.12201E-05,1.21603E-05,1.30974E-05,1.40295E-05,1.44788E-05,1.49265E-05,1.53715E-05,1.53352E-05,1.53001E-05,1.43148E-05,1.33343E-05,1.28341E-05,1.18628E-05,1.13702E-05,1.04028E-05,9.91015E-06,8.94988E-06,7.99542E-06,7.51384E-06,6.57049E-06,6.09825E-06,5.15823E-06,4.21941E-06,3.75019E-06,2.81238E-06,2.81238E-06,2.81238E-06,2.81238E-06,2.81238E-06,2.81238E-06,2.81238E-06,2.81238E-06,2.81238E-06,2.81238E-06,2.81238E-06,2.81238E-06,2.81238E-06,2.81238E-06,2.81238E-06,2.81238E-06,2.81238E-06,2.81238E-06,2.81238E-06,2.81238E-06,2.81238E-06,2.81238E-06,2.81238E-06,2.81238E-06,2.81238E-06,2.81238E-06,2.81238E-06,2.81238E-06,2.81238E-06,2.81238E-06,2.81238E-06,2.81238E-06,2.81238E-06,2.81238E-06,2.81238E-06,2.81238E-06,2.81238E-06,2.81238E-06,2.81238E-06,2.81238E-06,2.81238E-06,2.81238E-06,2.81238E-06,2.81238E-06,2.81238E-06
Slower Growth,VIC,Large Residential,Hybrid,0.072249925,0.08415415,0.094778174,0.099509922,0.101745729,0.102842245,0.10296201,0.102244394,0.100812523,0.098773149,0.096247912,0.089477333,0.0827533,0.076143156,0.069713658,0.066603522,0.06350945,0.060433297,0.057375626,0.054336554,0.051290369,0.048252061,0.045232233,0.042236046,0.039250401,0.036305697,0.033369157,0.030439659,0.027515224,0.024595636,0.021676412,0.021676412,0.021676412,0.021676412,0.021676412,0.021676412,0.021676412,0.021676412,0.021676412,0.021676412,0.021676412,0.021676412,0.021676412,0.021676412,0.021676412,0.021676412,0.021676412,0.021676412,0.021676412,0.021676412,0.021676412,0.021676412,0.021676412,0.021676412,0.021676412,0.021676412,0.021676412,0.021676412,0.021676412,0.021676412,0.021676412,0.021676412,0.021676412,0.021676412,0.021676412,0.021676412,0.021676412,0.021676412,0.021676412,0.021676412,0.021676412,0.021676412,0.021676412,0.021676412,0.021676412
Slower Growth,VIC,Large Residential,ICE,0.917400863,0.894659401,0.866013215,0.837832795,0.806457319,0.77682432,0.748568705,0.72159632,0.695576479,0.67028562,0.645781139,0.625636902,0.605522299,0.585385736,0.565191988,0.536819628,0.50853182,0.480307771,0.452118412,0.423945738,0.396056027,0.368325453,0.340606133,0.312790745,0.285028917,0.256704713,0.228300666,0.199825652,0.171266211,0.142613715,0.113958072,0.113958072,0.113958072,0.113958072,0.113958072,0.113958072,0.113958072,0.113958072,0.113958072,0.113958072,0.113958072,0.113958072,0.113958072,0.113958072,0.113958072,0.113958072,0.113958072,0.113958072,0.113958072,0.113958072,0.113958072,0.113958072,0.113958072,0.113958072,0.113958072,0.113958072,0.113958072,0.113958072,0.113958072,0.113958072,0.113958072,0.113958072,0.113958072,0.113958072,0.113958072,0.113958072,0.113958072,0.113958072,0.113958072,0.113958072,0.113958072,0.113958072,0.113958072,0.113958072,0.113958072
Slower Growth,VIC,Large Residential,PHEV,0.002579008,0.003885897,0.005449846,0.007040189,0.008804319,0.010556784,0.012308453,0.014054822,0.015807575,0.017573582,0.019339351,0.021116595,0.022906381,0.024707421,0.026516579,0.028705988,0.030888947,0.033065814,0.035239638,0.037410655,0.039562195,0.041702394,0.043840291,0.045984018,0.048122832,0.050298957,0.052480604,0.054666464,0.056858389,0.059056152,0.061254555,0.061254555,0.061254555,0.061254555,0.061254555,0.061254555,0.061254555,0.061254555,0.061254555,0.061254555,0.061254555,0.061254555,0.061254555,0.061254555,0.061254555,0.061254555,0.061254555,0.061254555,0.061254555,0.061254555,0.061254555,0.061254555,0.061254555,0.061254555,0.061254555,0.061254555,0.061254555,0.061254555,0.061254555,0.061254555,0.061254555,0.061254555,0.061254555,0.061254555,0.061254555,0.061254555,0.061254555,0.061254555,0.061254555,0.061254555,0.061254555,0.061254555,0.061254555,0.061254555,0.061254555
Slower Growth,VIC,Medium Light Commercial,BEV,0.006520993,0.013140964,0.024405548,0.039001264,0.056939432,0.07618814,0.096965894,0.118574462,0.140970665,0.164603557,0.189063775,0.214363061,0.240490843,0.267341976,0.294815031,0.329061171,0.362971195,0.396592423,0.429945055,0.463078152,0.496014047,0.528809482,0.561425758,0.593945605,0.626349779,0.659007268,0.691592021,0.72409882,0.756548262,0.788946077,0.821208794,0.821208794,0.821208794,0.821208794,0.821208794,0.821208794,0.821208794,0.821208794,0.821208794,0.821208794,0.821208794,0.821208794,0.821208794,0.821208794,0.821208794,0.821208794,0.821208794,0.821208794,0.821208794,0.821208794,0.821208794,0.821208794,0.821208794,0.821208794,0.821208794,0.821208794,0.821208794,0.821208794,0.821208794,0.821208794,0.821208794,0.821208794,0.821208794,0.821208794,0.821208794,0.821208794,0.821208794,0.821208794,0.821208794,0.821208794,0.821208794,0.821208794,0.821208794,0.821208794,0.821208794
Slower Growth,VIC,Medium Light Commercial,FCEV,0,0,6.60502E-06,6.54823E-06,6.50216E-06,6.45553E-06,1.28075E-05,1.27144E-05,1.26306E-05,1.25417E-05,1.24573E-05,1.85633E-05,1.84435E-05,1.83287E-05,1.82206E-05,1.20796E-05,1.20145E-05,1.19522E-05,1.18929E-05,1.18368E-05,1.1784E-05,1.1735E-05,1.16885E-05,5.82265E-06,5.80238E-06,5.7865E-06,5.77154E-06,5.75742E-06,5.74409E-06,5.73158E-06,5.71912E-06,5.71912E-06,5.71912E-06,5.71912E-06,5.71912E-06,5.71912E-06,5.71912E-06,5.71912E-06,5.71912E-06,5.71912E-06,5.71912E-06,5.71912E-06,5.71912E-06,5.71912E-06,5.71912E-06,5.71912E-06,5.71912E-06,5.71912E-06,5.71912E-06,5.71912E-06,5.71912E-06,5.71912E-06,5.71912E-06,5.71912E-06,5.71912E-06,5.71912E-06,5.71912E-06,5.71912E-06,5.71912E-06,5.71912E-06,5.71912E-06,5.71912E-06,5.71912E-06,5.71912E-06,5.71912E-06,5.71912E-06,5.71912E-06,5.71912E-06,5.71912E-06,5.71912E-06,5.71912E-06,5.71912E-06,5.71912E-06,5.71912E-06,5.71912E-06
Slower Growth,VIC,Medium Light Commercial,Hybrid,0.006157594,0.008973991,0.013143989,0.017640934,0.022354433,0.026041599,0.028836179,0.030775197,0.031980801,0.032577069,0.032650468,0.031972229,0.030985067,0.02976576,0.028381587,0.02734224,0.026323852,0.025314791,0.024326864,0.023348031,0.022383795,0.021439887,0.020501552,0.019581584,0.018666264,0.017776132,0.016887524,0.016011377,0.015135675,0.014265899,0.013405623,0.013405623,0.013405623,0.013405623,0.013405623,0.013405623,0.013405623,0.013405623,0.013405623,0.013405623,0.013405623,0.013405623,0.013405623,0.013405623,0.013405623,0.013405623,0.013405623,0.013405623,0.013405623,0.013405623,0.013405623,0.013405623,0.013405623,0.013405623,0.013405623,0.013405623,0.013405623,0.013405623,0.013405623,0.013405623,0.013405623,0.013405623,0.013405623,0.013405623,0.013405623,0.013405623,0.013405623,0.013405623,0.013405623,0.013405623,0.013405623,0.013405623,0.013405623,0.013405623,0.013405623
Slower Growth,VIC,Medium Light Commercial,ICE,0.985154478,0.974898159,0.958645971,0.938931198,0.915705972,0.892128129,0.867838984,0.843530279,0.819116486,0.794021371,0.768575326,0.742990799,0.716843212,0.690172167,0.663010404,0.628442694,0.594196978,0.560242152,0.526544884,0.493066611,0.459778106,0.426615033,0.393632129,0.360742505,0.327956459,0.294880104,0.261877828,0.228943687,0.196068745,0.163241093,0.130544689,0.130544689,0.130544689,0.130544689,0.130544689,0.130544689,0.130544689,0.130544689,0.130544689,0.130544689,0.130544689,0.130544689,0.130544689,0.130544689,0.130544689,0.130544689,0.130544689,0.130544689,0.130544689,0.130544689,0.130544689,0.130544689,0.130544689,0.130544689,0.130544689,0.130544689,0.130544689,0.130544689,0.130544689,0.130544689,0.130544689,0.130544689,0.130544689,0.130544689,0.130544689,0.130544689,0.130544689,0.130544689,0.130544689,0.130544689,0.130544689,0.130544689,0.130544689,0.130544689,0.130544689
Slower Growth,VIC,Medium Light Commercial,PHEV,0.002166935,0.002986886,0.003797886,0.004420056,0.00499366,0.005635676,0.006346137,0.007107348,0.007919416,0.008785462,0.009697974,0.010655347,0.011662435,0.012701768,0.013774757,0.015141815,0.01649596,0.017838681,0.019171305,0.020495369,0.021812268,0.023123863,0.024428873,0.025724484,0.027021695,0.02833071,0.029636855,0.030940359,0.032241573,0.033541199,0.034835175,0.034835175,0.034835175,0.034835175,0.034835175,0.034835175,0.034835175,0.034835175,0.034835175,0.034835175,0.034835175,0.034835175,0.034835175,0.034835175,0.034835175,0.034835175,0.034835175,0.034835175,0.034835175,0.034835175,0.034835175,0.034835175,0.034835175,0.034835175,0.034835175,0.034835175,0.034835175,0.034835175,0.034835175,0.034835175,0.034835175,0.034835175,0.034835175,0.034835175,0.034835175,0.034835175,0.034835175,0.034835175,0.034835175,0.034835175,0.034835175,0.034835175,0.034835175,0.034835175,0.034835175
Slower Growth,VIC,Medium Residential,BEV,0.028644427,0.043741645,0.065402912,0.090776984,0.12119798,0.150589112,0.17918851,0.206975167,0.234180171,0.260934718,0.287083993,0.312822389,0.338202532,0.363221377,0.387863021,0.416160963,0.444371451,0.472512428,0.500611556,0.528683907,0.556483636,0.584119573,0.61172249,0.639346067,0.666962,0.695129061,0.723355373,0.751644903,0.780008158,0.808455057,0.836900418,0.836900418,0.836900418,0.836900418,0.836900418,0.836900418,0.836900418,0.836900418,0.836900418,0.836900418,0.836900418,0.836900418,0.836900418,0.836900418,0.836900418,0.836900418,0.836900418,0.836900418,0.836900418,0.836900418,0.836900418,0.836900418,0.836900418,0.836900418,0.836900418,0.836900418,0.836900418,0.836900418,0.836900418,0.836900418,0.836900418,0.836900418,0.836900418,0.836900418,0.836900418,0.836900418,0.836900418,0.836900418,0.836900418,0.836900418,0.836900418,0.836900418,0.836900418,0.836900418,0.836900418
Slower Growth,VIC,Medium Residential,FCEV,7.24289E-06,7.7926E-06,8.93857E-06,1.00751E-05,1.23892E-05,1.41048E-05,1.52278E-05,1.63514E-05,1.68894E-05,1.80053E-05,1.79626E-05,1.84986E-05,1.84549E-05,1.84113E-05,1.77951E-05,1.71862E-05,1.6009E-05,1.54083E-05,1.42421E-05,1.36505E-05,1.24888E-05,1.13305E-05,1.07436E-05,9.59641E-06,9.01781E-06,7.88552E-06,7.31852E-06,6.19019E-06,5.06336E-06,4.50012E-06,3.37464E-06,3.37464E-06,3.37464E-06,3.37464E-06,3.37464E-06,3.37464E-06,3.37464E-06,3.37464E-06,3.37464E-06,3.37464E-06,3.37464E-06,3.37464E-06,3.37464E-06,3.37464E-06,3.37464E-06,3.37464E-06,3.37464E-06,3.37464E-06,3.37464E-06,3.37464E-06,3.37464E-06,3.37464E-06,3.37464E-06,3.37464E-06,3.37464E-06,3.37464E-06,3.37464E-06,3.37464E-06,3.37464E-06,3.37464E-06,3.37464E-06,3.37464E-06,3.37464E-06,3.37464E-06,3.37464E-06,3.37464E-06,3.37464E-06,3.37464E-06,3.37464E-06,3.37464E-06,3.37464E-06,3.37464E-06,3.37464E-06,3.37464E-06,3.37464E-06
Slower Growth,VIC,Medium Residential,Hybrid,0.072418045,0.082153155,0.090912991,0.094181765,0.095214806,0.095393948,0.094839355,0.093660961,0.091948186,0.089782415,0.087261533,0.080592789,0.074058182,0.067704066,0.061577523,0.058890151,0.056216592,0.05355815,0.05091665,0.04829025,0.045657849,0.043030806,0.040420176,0.037826221,0.035246124,0.032703487,0.030168636,0.027639217,0.025115402,0.02259512,0.020076278,0.020076278,0.020076278,0.020076278,0.020076278,0.020076278,0.020076278,0.020076278,0.020076278,0.020076278,0.020076278,0.020076278,0.020076278,0.020076278,0.020076278,0.020076278,0.020076278,0.020076278,0.020076278,0.020076278,0.020076278,0.020076278,0.020076278,0.020076278,0.020076278,0.020076278,0.020076278,0.020076278,0.020076278,0.020076278,0.020076278,0.020076278,0.020076278,0.020076278,0.020076278,0.020076278,0.020076278,0.020076278,0.020076278,0.020076278,0.020076278,0.020076278,0.020076278,0.020076278,0.020076278
Slower Growth,VIC,Medium Residential,ICE,0.889419766,0.862497827,0.83025777,0.800629751,0.768477068,0.738210707,0.709468122,0.682161588,0.655967139,0.630668321,0.606328499,0.586540968,0.566971229,0.547575348,0.528325282,0.501829468,0.475409958,0.449045569,0.422706694,0.396378416,0.370341188,0.344468528,0.318611613,0.29271531,0.266811177,0.240292508,0.213703088,0.187042348,0.160298738,0.133463537,0.106628968,0.106628968,0.106628968,0.106628968,0.106628968,0.106628968,0.106628968,0.106628968,0.106628968,0.106628968,0.106628968,0.106628968,0.106628968,0.106628968,0.106628968,0.106628968,0.106628968,0.106628968,0.106628968,0.106628968,0.106628968,0.106628968,0.106628968,0.106628968,0.106628968,0.106628968,0.106628968,0.106628968,0.106628968,0.106628968,0.106628968,0.106628968,0.106628968,0.106628968,0.106628968,0.106628968,0.106628968,0.106628968,0.106628968,0.106628968,0.106628968,0.106628968,0.106628968,0.106628968,0.106628968
Slower Growth,VIC,Medium Residential,PHEV,0.009510519,0.01159958,0.013417388,0.014401425,0.015097757,0.015792128,0.016488784,0.017185931,0.017887614,0.018596541,0.019308013,0.020025355,0.020749602,0.021480797,0.02221638,0.023102231,0.02398599,0.024868444,0.025750858,0.026633777,0.027504838,0.028369763,0.029234978,0.030102806,0.030971681,0.031867059,0.032765585,0.033667341,0.034572638,0.035481786,0.036390961,0.036390961,0.036390961,0.036390961,0.036390961,0.036390961,0.036390961,0.036390961,0.036390961,0.036390961,0.036390961,0.036390961,0.036390961,0.036390961,0.036390961,0.036390961,0.036390961,0.036390961,0.036390961,0.036390961,0.036390961,0.036390961,0.036390961,0.036390961,0.036390961,0.036390961,0.036390961,0.036390961,0.036390961,0.036390961,0.036390961,0.036390961,0.036390961,0.036390961,0.036390961,0.036390961,0.036390961,0.036390961,0.036390961,0.036390961,0.036390961,0.036390961,0.036390961,0.036390961,0.036390961
Slower Growth,VIC,Motorcycle,BEV,0.005102041,0.012823091,0.02727813,0.047114034,0.072511674,0.098003519,0.123677857,0.149516856,0.175568085,0.201854157,0.228259905,0.254838927,0.281576335,0.308453665,0.335471328,0.367644077,0.399646167,0.431497222,0.463216978,0.494818494,0.526342588,0.557789659,0.589161739,0.620482171,0.651756892,0.683430248,0.71512117,0.746827758,0.778565518,0.810348495,0.842166901,0.842166901,0.842166901,0.842166901,0.842166901,0.842166901,0.842166901,0.842166901,0.842166901,0.842166901,0.842166901,0.842166901,0.842166901,0.842166901,0.842166901,0.842166901,0.842166901,0.842166901,0.842166901,0.842166901,0.842166901,0.842166901,0.842166901,0.842166901,0.842166901,0.842166901,0.842166901,0.842166901,0.842166901,0.842166901,0.842166901,0.842166901,0.842166901,0.842166901,0.842166901,0.842166901,0.842166901,0.842166901,0.842166901,0.842166901,0.842166901,0.842166901,0.842166901,0.842166901,0.842166901
Slower Growth,VIC,Motorcycle,FCEV,0,0,0,4.40236E-06,4.37239E-06,8.6898E-06,8.63793E-06,1.28838E-05,1.28139E-05,1.27463E-05,1.26832E-05,1.26233E-05,1.25664E-05,1.66838E-05,1.24624E-05,1.24159E-05,1.23718E-05,1.23303E-05,1.22911E-05,1.22543E-05,8.14677E-06,8.12566E-06,8.1058E-06,8.08741E-06,8.07024E-06,8.05941E-06,4.02491E-06,4.02059E-06,4.01681E-06,4.01353E-06,4.0107E-06,4.0107E-06,4.0107E-06,4.0107E-06,4.0107E-06,4.0107E-06,4.0107E-06,4.0107E-06,4.0107E-06,4.0107E-06,4.0107E-06,4.0107E-06,4.0107E-06,4.0107E-06,4.0107E-06,4.0107E-06,4.0107E-06,4.0107E-06,4.0107E-06,4.0107E-06,4.0107E-06,4.0107E-06,4.0107E-06,4.0107E-06,4.0107E-06,4.0107E-06,4.0107E-06,4.0107E-06,4.0107E-06,4.0107E-06,4.0107E-06,4.0107E-06,4.0107E-06,4.0107E-06,4.0107E-06,4.0107E-06,4.0107E-06,4.0107E-06,4.0107E-06,4.0107E-06,4.0107E-06,4.0107E-06,4.0107E-06,4.0107E-06,4.0107E-06
Slower Growth,VIC,Motorcycle,Hybrid,0,0,0,0,0,0,0,0,0,0,0,0,0,0,0,0,0,0,0,0,0,0,0,0,0,0,0,0,0,0,0,0,0,0,0,0,0,0,0,0,0,0,0,0,0,0,0,0,0,0,0,0,0,0,0,0,0,0,0,0,0,0,0,0,0,0,0,0,0,0,0,0,0,0,0
Slower Growth,VIC,Motorcycle,ICE,0.994897959,0.987176909,0.97272187,0.952881563,0.927483953,0.901987791,0.876313505,0.85047026,0.824419101,0.798133097,0.771727412,0.74514845,0.718411099,0.691529651,0.664516209,0.631308846,0.598279495,0.565411995,0.532677811,0.500067398,0.467543259,0.435100392,0.402732464,0.370419494,0.338155304,0.305488058,0.272812162,0.240113381,0.207383693,0.174608781,0.141802329,0.141802329,0.141802329,0.141802329,0.141802329,0.141802329,0.141802329,0.141802329,0.141802329,0.141802329,0.141802329,0.141802329,0.141802329,0.141802329,0.141802329,0.141802329,0.141802329,0.141802329,0.141802329,0.141802329,0.141802329,0.141802329,0.141802329,0.141802329,0.141802329,0.141802329,0.141802329,0.141802329,0.141802329,0.141802329,0.141802329,0.141802329,0.141802329,0.141802329,0.141802329,0.141802329,0.141802329,0.141802329,0.141802329,0.141802329,0.141802329,0.141802329,0.141802329,0.141802329,0.141802329
Slower Growth,VIC,Motorcycle,PHEV,0,0,0,0,0,0,0,0,0,0,0,0,0,0,0,0.001034661,0.002061966,0.003078453,0.00409292,0.005101853,0.006106006,0.007101823,0.008097691,0.009090247,0.010079734,0.011073635,0.012062644,0.013054841,0.014046772,0.015038711,0.016026759,0.016026759,0.016026759,0.016026759,0.016026759,0.016026759,0.016026759,0.016026759,0.016026759,0.016026759,0.016026759,0.016026759,0.016026759,0.016026759,0.016026759,0.016026759,0.016026759,0.016026759,0.016026759,0.016026759,0.016026759,0.016026759,0.016026759,0.016026759,0.016026759,0.016026759,0.016026759,0.016026759,0.016026759,0.016026759,0.016026759,0.016026759,0.016026759,0.016026759,0.016026759,0.016026759,0.016026759,0.016026759,0.016026759,0.016026759,0.016026759,0.016026759,0.016026759,0.016026759,0.016026759
Slower Growth,VIC,Rigid Truck,BEV,0.002690138,0.00101931,0.00152385,0.002093764,0.002740028,0.006778365,0.014361137,0.024952997,0.03817803,0.054599868,0.073565096,0.09499627,0.118826967,0.144789853,0.172750479,0.211743329,0.250093409,0.287855663,0.32506747,0.361763111,0.398120609,0.434103725,0.469754129,0.505101961,0.540165269,0.575162722,0.609904028,0.644421213,0.678714265,0.712803348,0.746592834,0.746592834,0.746592834,0.746592834,0.746592834,0.746592834,0.746592834,0.746592834,0.746592834,0.746592834,0.746592834,0.746592834,0.746592834,0.746592834,0.746592834,0.746592834,0.746592834,0.746592834,0.746592834,0.746592834,0.746592834,0.746592834,0.746592834,0.746592834,0.746592834,0.746592834,0.746592834,0.746592834,0.746592834,0.746592834,0.746592834,0.746592834,0.746592834,0.746592834,0.746592834,0.746592834,0.746592834,0.746592834,0.746592834,0.746592834,0.746592834,0.746592834,0.746592834,0.746592834,0.746592834
Slower Growth,VIC,Rigid Truck,FCEV,0,0,0,0,6.11613E-06,8.49571E-05,0.00024626,0.000481925,0.000773121,0.001139811,0.001569404,0.002054284,0.002598274,0.003183619,0.003826239,0.004714394,0.00559353,0.006459174,0.007306771,0.008147842,0.008981206,0.009800651,0.010617756,0.011427764,0.012226134,0.013028136,0.013824244,0.014615073,0.01539576,0.016176874,0.016951124,0.016951124,0.016951124,0.016951124,0.016951124,0.016951124,0.016951124,0.016951124,0.016951124,0.016951124,0.016951124,0.016951124,0.016951124,0.016951124,0.016951124,0.016951124,0.016951124,0.016951124,0.016951124,0.016951124,0.016951124,0.016951124,0.016951124,0.016951124,0.016951124,0.016951124,0.016951124,0.016951124,0.016951124,0.016951124,0.016951124,0.016951124,0.016951124,0.016951124,0.016951124,0.016951124,0.016951124,0.016951124,0.016951124,0.016951124,0.016951124,0.016951124,0.016951124,0.016951124,0.016951124
Slower Growth,VIC,Rigid Truck,Hybrid,0,0,0,0,0,0,0,0,0,0,0,0,0,0,0,0.002780994,0.005522099,0.008214325,0.010865509,0.013483122,0.016064899,0.018616472,0.021140804,0.023645274,0.026121596,0.028586359,0.031036329,0.033462983,0.035872426,0.038270878,0.040643253,0.040643253,0.040643253,0.040643253,0.040643253,0.040643253,0.040643253,0.040643253,0.040643253,0.040643253,0.040643253,0.040643253,0.040643253,0.040643253,0.040643253,0.040643253,0.040643253,0.040643253,0.040643253,0.040643253,0.040643253,0.040643253,0.040643253,0.040643253,0.040643253,0.040643253,0.040643253,0.040643253,0.040643253,0.040643253,0.040643253,0.040643253,0.040643253,0.040643253,0.040643253,0.040643253,0.040643253,0.040643253,0.040643253,0.040643253,0.040643253,0.040643253,0.040643253,0.040643253,0.040643253
Slower Growth,VIC,Rigid Truck,ICE,0.997309862,0.99898069,0.99847615,0.997900078,0.997241624,0.992924285,0.984773952,0.97336324,0.959113094,0.941402026,0.920939094,0.897807999,0.872081917,0.844059029,0.813860479,0.768966988,0.724801644,0.68132563,0.638485211,0.596230952,0.554382935,0.512969581,0.471937661,0.431258205,0.390913866,0.350647268,0.310672214,0.270968172,0.231523048,0.192304176,0.153440036,0.153440036,0.153440036,0.153440036,0.153440036,0.153440036,0.153440036,0.153440036,0.153440036,0.153440036,0.153440036,0.153440036,0.153440036,0.153440036,0.153440036,0.153440036,0.153440036,0.153440036,0.153440036,0.153440036,0.153440036,0.153440036,0.153440036,0.153440036,0.153440036,0.153440036,0.153440036,0.153440036,0.153440036,0.153440036,0.153440036,0.153440036,0.153440036,0.153440036,0.153440036,0.153440036,0.153440036,0.153440036,0.153440036,0.153440036,0.153440036,0.153440036,0.153440036,0.153440036,0.153440036
Slower Growth,VIC,Rigid Truck,PHEV,0,0,0,6.15813E-06,1.22323E-05,0.000212393,0.000618652,0.001201837,0.001935754,0.002858295,0.003926406,0.005141447,0.006492842,0.007967499,0.009562803,0.011794295,0.013989318,0.016145209,0.01827504,0.020374972,0.02245035,0.02450957,0.02654965,0.028566796,0.030573136,0.032575515,0.034563185,0.036532559,0.038494501,0.040444724,0.042372753,0.042372753,0.042372753,0.042372753,0.042372753,0.042372753,0.042372753,0.042372753,0.042372753,0.042372753,0.042372753,0.042372753,0.042372753,0.042372753,0.042372753,0.042372753,0.042372753,0.042372753,0.042372753,0.042372753,0.042372753,0.042372753,0.042372753,0.042372753,0.042372753,0.042372753,0.042372753,0.042372753,0.042372753,0.042372753,0.042372753,0.042372753,0.042372753,0.042372753,0.042372753,0.042372753,0.042372753,0.042372753,0.042372753,0.042372753,0.042372753,0.042372753,0.042372753,0.042372753,0.042372753
Slower Growth,VIC,Small Light Commercial,BEV,0.019903052,0.032049978,0.050359857,0.072310829,0.098513564,0.124938427,0.151942772,0.178680223,0.205204318,0.232085439,0.258944527,0.285822206,0.312774421,0.339716934,0.366614144,0.397946392,0.428998368,0.459790242,0.490371876,0.520764465,0.55100169,0.581124642,0.611109129,0.641022907,0.670863883,0.701019093,0.731093769,0.761114821,0.791090307,0.821038084,0.850841363,0.850841363,0.850841363,0.850841363,0.850841363,0.850841363,0.850841363,0.850841363,0.850841363,0.850841363,0.850841363,0.850841363,0.850841363,0.850841363,0.850841363,0.850841363,0.850841363,0.850841363,0.850841363,0.850841363,0.850841363,0.850841363,0.850841363,0.850841363,0.850841363,0.850841363,0.850841363,0.850841363,0.850841363,0.850841363,0.850841363,0.850841363,0.850841363,0.850841363,0.850841363,0.850841363,0.850841363,0.850841363,0.850841363,0.850841363,0.850841363,0.850841363,0.850841363,0.850841363,0.850841363
Slower Growth,VIC,Small Light Commercial,FCEV,0,0,0,0,1.98456E-05,1.97033E-05,1.9545E-05,1.94028E-05,1.92753E-05,1.91395E-05,1.90107E-05,1.88861E-05,1.87638E-05,1.86473E-05,1.85374E-05,1.84345E-05,1.83348E-05,1.82399E-05,1.81491E-05,1.80639E-05,1.79837E-05,1.79083E-05,1.78374E-05,1.77711E-05,0,0,0,0,0,0,0,0,0,0,0,0,0,0,0,0,0,0,0,0,0,0,0,0,0,0,0,0,0,0,0,0,0,0,0,0,0,0,0,0,0,0,0,0,0,0,0,0,0,0,0
Slower Growth,VIC,Small Light Commercial,Hybrid,0,0,0,0,0,0,0,0,0,0,0,0,0,0,0,0.000534602,0.00106342,0.001586867,0.002087152,0.002601203,0.003111175,0.003617479,0.004120438,0.004620497,0.005118124,0.005598827,0.00609509,0.006589815,0.007082873,0.00757483,0.008064516,0.008064516,0.008064516,0.008064516,0.008064516,0.008064516,0.008064516,0.008064516,0.008064516,0.008064516,0.008064516,0.008064516,0.008064516,0.008064516,0.008064516,0.008064516,0.008064516,0.008064516,0.008064516,0.008064516,0.008064516,0.008064516,0.008064516,0.008064516,0.008064516,0.008064516,0.008064516,0.008064516,0.008064516,0.008064516,0.008064516,0.008064516,0.008064516,0.008064516,0.008064516,0.008064516,0.008064516,0.008064516,0.008064516,0.008064516,0.008064516,0.008064516,0.008064516,0.008064516,0.008064516
Slower Growth,VIC,Small Light Commercial,ICE,0.973483137,0.959973139,0.940588271,0.9182356,0.89190101,0.865328158,0.838147917,0.811210928,0.784483423,0.757368703,0.730257405,0.70311054,0.675854693,0.648609842,0.621392159,0.589130996,0.5571405,0.525435477,0.493947259,0.462652866,0.431518181,0.400483524,0.369608648,0.338789074,0.308079198,0.277044808,0.246058449,0.215144273,0.184259892,0.153420919,0.122713308,0.122713308,0.122713308,0.122713308,0.122713308,0.122713308,0.122713308,0.122713308,0.122713308,0.122713308,0.122713308,0.122713308,0.122713308,0.122713308,0.122713308,0.122713308,0.122713308,0.122713308,0.122713308,0.122713308,0.122713308,0.122713308,0.122713308,0.122713308,0.122713308,0.122713308,0.122713308,0.122713308,0.122713308,0.122713308,0.122713308,0.122713308,0.122713308,0.122713308,0.122713308,0.122713308,0.122713308,0.122713308,0.122713308,0.122713308,0.122713308,0.122713308,0.122713308,0.122713308,0.122713308
Slower Growth,VIC,Small Light Commercial,PHEV,0.006613811,0.007976883,0.009051872,0.009453572,0.00956558,0.009713712,0.009889766,0.010089447,0.010292984,0.010526719,0.010779058,0.011048367,0.011352122,0.011654577,0.01197516,0.012369576,0.012779377,0.013169175,0.013575564,0.013963403,0.014350969,0.014756447,0.015143948,0.01554975,0.015938795,0.016337272,0.016752691,0.017151091,0.017566928,0.017966167,0.018380813,0.018380813,0.018380813,0.018380813,0.018380813,0.018380813,0.018380813,0.018380813,0.018380813,0.018380813,0.018380813,0.018380813,0.018380813,0.018380813,0.018380813,0.018380813,0.018380813,0.018380813,0.018380813,0.018380813,0.018380813,0.018380813,0.018380813,0.018380813,0.018380813,0.018380813,0.018380813,0.018380813,0.018380813,0.018380813,0.018380813,0.018380813,0.018380813,0.018380813,0.018380813,0.018380813,0.018380813,0.018380813,0.018380813,0.018380813,0.018380813,0.018380813,0.018380813,0.018380813,0.018380813
Slower Growth,VIC,Small Residential,BEV,0.065757623,0.089344984,0.117541724,0.145334844,0.176283688,0.206002944,0.234746657,0.262506921,0.289522167,0.315934458,0.341597342,0.366709266,0.391330078,0.415464839,0.439101111,0.465762919,0.49234727,0.518871657,0.545365972,0.5718449,0.59804186,0.624075004,0.650084049,0.676118428,0.702164134,0.728799008,0.755497747,0.782264294,0.809109811,0.836042585,0.862972756,0.862972756,0.862972756,0.862972756,0.862972756,0.862972756,0.862972756,0.862972756,0.862972756,0.862972756,0.862972756,0.862972756,0.862972756,0.862972756,0.862972756,0.862972756,0.862972756,0.862972756,0.862972756,0.862972756,0.862972756,0.862972756,0.862972756,0.862972756,0.862972756,0.862972756,0.862972756,0.862972756,0.862972756,0.862972756,0.862972756,0.862972756,0.862972756,0.862972756,0.862972756,0.862972756,0.862972756,0.862972756,0.862972756,0.862972756,0.862972756,0.862972756,0.862972756,0.862972756,0.862972756
Slower Growth,VIC,Small Residential,FCEV,1.66272E-05,1.6513E-05,1.77839E-05,1.90473E-05,2.03153E-05,2.15865E-05,2.2857E-05,2.27904E-05,2.40655E-05,2.40003E-05,2.39434E-05,2.38873E-05,2.38308E-05,2.37746E-05,2.37202E-05,2.2357E-05,2.10005E-05,1.96512E-05,1.83091E-05,1.6974E-05,1.5638E-05,1.43057E-05,1.42786E-05,1.29583E-05,1.16442E-05,1.03437E-05,9.04607E-06,7.75072E-06,6.4572E-06,5.16499E-06,5.16426E-06,5.16426E-06,5.16426E-06,5.16426E-06,5.16426E-06,5.16426E-06,5.16426E-06,5.16426E-06,5.16426E-06,5.16426E-06,5.16426E-06,5.16426E-06,5.16426E-06,5.16426E-06,5.16426E-06,5.16426E-06,5.16426E-06,5.16426E-06,5.16426E-06,5.16426E-06,5.16426E-06,5.16426E-06,5.16426E-06,5.16426E-06,5.16426E-06,5.16426E-06,5.16426E-06,5.16426E-06,5.16426E-06,5.16426E-06,5.16426E-06,5.16426E-06,5.16426E-06,5.16426E-06,5.16426E-06,5.16426E-06,5.16426E-06,5.16426E-06,5.16426E-06,5.16426E-06,5.16426E-06,5.16426E-06,5.16426E-06,5.16426E-06,5.16426E-06
Slower Growth,VIC,Small Residential,Hybrid,0,0,0,0,0,0,0,0,0,0,0,0,0,0,0,0.000510265,0.001017214,0.001523619,0.002028384,0.002531732,0.003031168,0.003529617,0.004026558,0.004522436,0.00501605,0.005514475,0.00601305,0.006511893,0.007009931,0.007509894,0.008009771,0.008009771,0.008009771,0.008009771,0.008009771,0.008009771,0.008009771,0.008009771,0.008009771,0.008009771,0.008009771,0.008009771,0.008009771,0.008009771,0.008009771,0.008009771,0.008009771,0.008009771,0.008009771,0.008009771,0.008009771,0.008009771,0.008009771,0.008009771,0.008009771,0.008009771,0.008009771,0.008009771,0.008009771,0.008009771,0.008009771,0.008009771,0.008009771,0.008009771,0.008009771,0.008009771,0.008009771,0.008009771,0.008009771,0.008009771,0.008009771,0.008009771,0.008009771,0.008009771,0.008009771
Slower Growth,VIC,Small Residential,ICE,0.912392911,0.886872162,0.85719015,0.829447915,0.798956066,0.76965015,0.741280395,0.713859399,0.687150382,0.661014599,0.635599263,0.610706574,0.586280854,0.562317811,0.538828593,0.511782785,0.48481595,0.457907231,0.431027087,0.404160448,0.377586299,0.351178663,0.324792149,0.298378402,0.271952171,0.244912525,0.217806019,0.190628867,0.163370914,0.13602128,0.108672862,0.108672862,0.108672862,0.108672862,0.108672862,0.108672862,0.108672862,0.108672862,0.108672862,0.108672862,0.108672862,0.108672862,0.108672862,0.108672862,0.108672862,0.108672862,0.108672862,0.108672862,0.108672862,0.108672862,0.108672862,0.108672862,0.108672862,0.108672862,0.108672862,0.108672862,0.108672862,0.108672862,0.108672862,0.108672862,0.108672862,0.108672862,0.108672862,0.108672862,0.108672862,0.108672862,0.108672862,0.108672862,0.108672862,0.108672862,0.108672862,0.108672862,0.108672862,0.108672862,0.108672862
Slower Growth,VIC,Small Residential,PHEV,0.021832839,0.023766341,0.025250342,0.025198194,0.024739931,0.02432532,0.023950091,0.02361089,0.023303385,0.023026943,0.022779452,0.022560272,0.022365237,0.022193575,0.022046576,0.021921674,0.021798565,0.021677842,0.021560247,0.021445946,0.021325035,0.021202411,0.021082965,0.020967775,0.020856002,0.020763648,0.020674139,0.020587194,0.020502886,0.020421076,0.020339447,0.020339447,0.020339447,0.020339447,0.020339447,0.020339447,0.020339447,0.020339447,0.020339447,0.020339447,0.020339447,0.020339447,0.020339447,0.020339447,0.020339447,0.020339447,0.020339447,0.020339447,0.020339447,0.020339447,0.020339447,0.020339447,0.020339447,0.020339447,0.020339447,0.020339447,0.020339447,0.020339447,0.020339447,0.020339447,0.020339447,0.020339447,0.020339447,0.020339447,0.020339447,0.020339447,0.020339447,0.020339447,0.020339447,0.020339447,0.020339447,0.020339447,0.020339447,0.020339447,0.020339447
Slower Growth,WEM,Articulated Truck,BEV,0,0,0,0,4.56329E-05,0.003032223,0.00913242,0.017945764,0.029072065,0.043068231,0.059435747,0.078134309,0.099027409,0.121906508,0.146668316,0.190202317,0.232827508,0.274633542,0.315631302,0.3559176,0.395484171,0.434398186,0.472753601,0.510598904,0.547917994,0.584963916,0.621597666,0.657804019,0.693593619,0.728963172,0.763862436,0.763862436,0.763862436,0.763862436,0.763862436,0.763862436,0.763862436,0.763862436,0.763862436,0.763862436,0.763862436,0.763862436,0.763862436,0.763862436,0.763862436,0.763862436,0.763862436,0.763862436,0.763862436,0.763862436,0.763862436,0.763862436,0.763862436,0.763862436,0.763862436,0.763862436,0.763862436,0.763862436,0.763862436,0.763862436,0.763862436,0.763862436,0.763862436,0.763862436,0.763862436,0.763862436,0.763862436,0.763862436,0.763862436,0.763862436,0.763862436,0.763862436,0.763862436,0.763862436,0.763862436
Slower Growth,WEM,Articulated Truck,FCEV,0,0,0,0,0,9.05141E-05,0.000268601,0.000487416,0.000790479,0.001173403,0.001634268,0.002170397,0.002736727,0.003374719,0.004082138,0.00526187,0.006457341,0.00762871,0.00877852,0.009869194,0.010979205,0.012070888,0.013146864,0.014169658,0.015216821,0.016256231,0.01724711,0.018263166,0.019266489,0.020259026,0.021202429,0.021202429,0.021202429,0.021202429,0.021202429,0.021202429,0.021202429,0.021202429,0.021202429,0.021202429,0.021202429,0.021202429,0.021202429,0.021202429,0.021202429,0.021202429,0.021202429,0.021202429,0.021202429,0.021202429,0.021202429,0.021202429,0.021202429,0.021202429,0.021202429,0.021202429,0.021202429,0.021202429,0.021202429,0.021202429,0.021202429,0.021202429,0.021202429,0.021202429,0.021202429,0.021202429,0.021202429,0.021202429,0.021202429,0.021202429,0.021202429,0.021202429,0.021202429,0.021202429,0.021202429
Slower Growth,WEM,Articulated Truck,Hybrid,0,0,0,0,0,0,0,0,0,0,0,0,0,0,0,0,0,0,0,0,0,0,0,0,0,0,0,0,0,0,0,0,0,0,0,0,0,0,0,0,0,0,0,0,0,0,0,0,0,0,0,0,0,0,0,0,0,0,0,0,0,0,0,0,0,0,0,0,0,0,0,0,0,0,0
Slower Growth,WEM,Articulated Truck,ICE,1,1,1,1,0.999954367,0.996786749,0.990330379,0.981079404,0.969303061,0.954541504,0.937252709,0.917524896,0.895457033,0.871302391,0.845167409,0.799233154,0.754217451,0.710109039,0.666811657,0.624304848,0.582557418,0.541460039,0.500952671,0.461023994,0.421648364,0.382523622,0.343871182,0.305669649,0.267873402,0.230518776,0.193696769,0.193696769,0.193696769,0.193696769,0.193696769,0.193696769,0.193696769,0.193696769,0.193696769,0.193696769,0.193696769,0.193696769,0.193696769,0.193696769,0.193696769,0.193696769,0.193696769,0.193696769,0.193696769,0.193696769,0.193696769,0.193696769,0.193696769,0.193696769,0.193696769,0.193696769,0.193696769,0.193696769,0.193696769,0.193696769,0.193696769,0.193696769,0.193696769,0.193696769,0.193696769,0.193696769,0.193696769,0.193696769,0.193696769,0.193696769,0.193696769,0.193696769,0.193696769,0.193696769,0.193696769
Slower Growth,WEM,Articulated Truck,PHEV,0,0,0,0,0,9.05141E-05,0.000268601,0.000487416,0.000834395,0.001216862,0.001677275,0.002170397,0.00277883,0.003416382,0.004082138,0.005302659,0.0064977,0.00762871,0.00877852,0.009908357,0.010979205,0.012070888,0.013146864,0.014207444,0.015216821,0.016256231,0.017284042,0.018263166,0.019266489,0.020259026,0.021238366,0.021238366,0.021238366,0.021238366,0.021238366,0.021238366,0.021238366,0.021238366,0.021238366,0.021238366,0.021238366,0.021238366,0.021238366,0.021238366,0.021238366,0.021238366,0.021238366,0.021238366,0.021238366,0.021238366,0.021238366,0.021238366,0.021238366,0.021238366,0.021238366,0.021238366,0.021238366,0.021238366,0.021238366,0.021238366,0.021238366,0.021238366,0.021238366,0.021238366,0.021238366,0.021238366,0.021238366,0.021238366,0.021238366,0.021238366,0.021238366,0.021238366,0.021238366,0.021238366,0.021238366
Slower Growth,WEM,Bus,BEV,0.008638065,0.00297075,0.005328496,0.008046365,0.011121046,0.016513761,0.023883409,0.033128699,0.043992484,0.056348153,0.070071456,0.084939726,0.103603104,0.124979308,0.147849019,0.187240096,0.226400698,0.265258471,0.30393377,0.342393356,0.380645161,0.418761726,0.456673972,0.494534791,0.532234043,0.57010884,0.607919008,0.64569221,0.683490117,0.721207643,0.758922452,0.758922452,0.758922452,0.758922452,0.758922452,0.758922452,0.758922452,0.758922452,0.758922452,0.758922452,0.758922452,0.758922452,0.758922452,0.758922452,0.758922452,0.758922452,0.758922452,0.758922452,0.758922452,0.758922452,0.758922452,0.758922452,0.758922452,0.758922452,0.758922452,0.758922452,0.758922452,0.758922452,0.758922452,0.758922452,0.758922452,0.758922452,0.758922452,0.758922452,0.758922452,0.758922452,0.758922452,0.758922452,0.758922452,0.758922452,0.758922452,0.758922452,0.758922452,0.758922452,0.758922452
Slower Growth,WEM,Bus,FCEV,0,0.00011426,0.000283431,0.000506415,0.000726501,0.001000834,0.001274521,0.001603894,0.001934343,0.002267198,0.002603445,0.002944281,0.003381375,0.003862495,0.004340421,0.005143357,0.005940702,0.006787576,0.007575348,0.008358949,0.009139785,0.009916912,0.010691185,0.01146361,0.012234043,0.013007698,0.013781406,0.014553345,0.015326075,0.016098385,0.016869629,0.016869629,0.016869629,0.016869629,0.016869629,0.016869629,0.016869629,0.016869629,0.016869629,0.016869629,0.016869629,0.016869629,0.016869629,0.016869629,0.016869629,0.016869629,0.016869629,0.016869629,0.016869629,0.016869629,0.016869629,0.016869629,0.016869629,0.016869629,0.016869629,0.016869629,0.016869629,0.016869629,0.016869629,0.016869629,0.016869629,0.016869629,0.016869629,0.016869629,0.016869629,0.016869629,0.016869629,0.016869629,0.016869629,0.016869629,0.016869629,0.016869629,0.016869629,0.016869629,0.016869629
Slower Growth,WEM,Bus,Hybrid,0,0,0,0,0,0,0,0,0,0,0,0,0,0,0,0.001039615,0.00207107,0.003095135,0.004112332,0.005123227,0.006129032,0.007129456,0.008125301,0.009117569,0.010106383,0.011096363,0.012085233,0.01307155,0.014057711,0.015095535,0.016078866,0.016078866,0.016078866,0.016078866,0.016078866,0.016078866,0.016078866,0.016078866,0.016078866,0.016078866,0.016078866,0.016078866,0.016078866,0.016078866,0.016078866,0.016078866,0.016078866,0.016078866,0.016078866,0.016078866,0.016078866,0.016078866,0.016078866,0.016078866,0.016078866,0.016078866,0.016078866,0.016078866,0.016078866,0.016078866,0.016078866,0.016078866,0.016078866,0.016078866,0.016078866,0.016078866,0.016078866,0.016078866,0.016078866,0.016078866,0.016078866,0.016078866,0.016078866,0.016078866,0.016078866
Slower Growth,WEM,Bus,ICE,0.991361935,0.996914991,0.994388073,0.99144722,0.988152453,0.982318599,0.974398759,0.964437808,0.9526915,0.939393939,0.924610868,0.908616188,0.888525499,0.865474811,0.840887863,0.797384548,0.754196643,0.711283666,0.66863265,0.626166208,0.583978495,0.541945859,0.500080184,0.458331112,0.416755319,0.374993363,0.333244991,0.291596105,0.249920727,0.208276153,0.166640308,0.166640308,0.166640308,0.166640308,0.166640308,0.166640308,0.166640308,0.166640308,0.166640308,0.166640308,0.166640308,0.166640308,0.166640308,0.166640308,0.166640308,0.166640308,0.166640308,0.166640308,0.166640308,0.166640308,0.166640308,0.166640308,0.166640308,0.166640308,0.166640308,0.166640308,0.166640308,0.166640308,0.166640308,0.166640308,0.166640308,0.166640308,0.166640308,0.166640308,0.166640308,0.166640308,0.166640308,0.166640308,0.166640308,0.166640308,0.166640308,0.166640308,0.166640308,0.166640308,0.166640308
Slower Growth,WEM,Bus,PHEV,0,0,0,0,0,0.000166806,0.000443312,0.0008296,0.001381673,0.00199071,0.00271423,0.003499806,0.004490022,0.005683386,0.006922697,0.009192383,0.011390887,0.013575152,0.015745901,0.017958259,0.020107527,0.022246047,0.024429358,0.026552919,0.028670213,0.030793735,0.032969363,0.035086791,0.037205369,0.039322284,0.041488745,0.041488745,0.041488745,0.041488745,0.041488745,0.041488745,0.041488745,0.041488745,0.041488745,0.041488745,0.041488745,0.041488745,0.041488745,0.041488745,0.041488745,0.041488745,0.041488745,0.041488745,0.041488745,0.041488745,0.041488745,0.041488745,0.041488745,0.041488745,0.041488745,0.041488745,0.041488745,0.041488745,0.041488745,0.041488745,0.041488745,0.041488745,0.041488745,0.041488745,0.041488745,0.041488745,0.041488745,0.041488745,0.041488745,0.041488745,0.041488745,0.041488745,0.041488745,0.041488745,0.041488745
Slower Growth,WEM,Large Light Commercial,BEV,0.000291573,0.000510288,0.000856189,0.00129107,0.00181721,0.005432002,0.012173143,0.021640672,0.033599761,0.048256734,0.065229369,0.084372989,0.105589849,0.12869384,0.153511545,0.194880633,0.235708345,0.276036576,0.315913571,0.355384188,0.394488791,0.433289922,0.471764427,0.510003343,0.5480033,0.585994367,0.623787339,0.661400149,0.698835892,0.736113014,0.773149268,0.773149268,0.773149268,0.773149268,0.773149268,0.773149268,0.773149268,0.773149268,0.773149268,0.773149268,0.773149268,0.773149268,0.773149268,0.773149268,0.773149268,0.773149268,0.773149268,0.773149268,0.773149268,0.773149268,0.773149268,0.773149268,0.773149268,0.773149268,0.773149268,0.773149268,0.773149268,0.773149268,0.773149268,0.773149268,0.773149268,0.773149268,0.773149268,0.773149268,0.773149268,0.773149268,0.773149268,0.773149268,0.773149268,0.773149268,0.773149268,0.773149268,0.773149268,0.773149268,0.773149268
Slower Growth,WEM,Large Light Commercial,FCEV,0,4.76905E-06,1.65105E-05,3.26853E-05,5.32431E-05,7.11115E-05,8.85237E-05,0.000101146,0.000111383,0.000119152,0.000126808,0.000130025,0.000133209,0.000134254,0.000133225,0.000123859,0.000116739,0.000109745,0.000102873,9.61133E-05,8.94611E-05,8.29124E-05,7.64483E-05,6.80704E-05,6.17803E-05,5.55795E-05,4.94358E-05,4.33458E-05,3.73049E-05,3.13101E-05,2.53552E-05,2.53552E-05,2.53552E-05,2.53552E-05,2.53552E-05,2.53552E-05,2.53552E-05,2.53552E-05,2.53552E-05,2.53552E-05,2.53552E-05,2.53552E-05,2.53552E-05,2.53552E-05,2.53552E-05,2.53552E-05,2.53552E-05,2.53552E-05,2.53552E-05,2.53552E-05,2.53552E-05,2.53552E-05,2.53552E-05,2.53552E-05,2.53552E-05,2.53552E-05,2.53552E-05,2.53552E-05,2.53552E-05,2.53552E-05,2.53552E-05,2.53552E-05,2.53552E-05,2.53552E-05,2.53552E-05,2.53552E-05,2.53552E-05,2.53552E-05,2.53552E-05,2.53552E-05,2.53552E-05,2.53552E-05,2.53552E-05,2.53552E-05,2.53552E-05
Slower Growth,WEM,Large Light Commercial,Hybrid,0.003836228,0.006116303,0.009866218,0.014544962,0.02013283,0.024618349,0.028152806,0.030687588,0.032363411,0.033347234,0.033717691,0.033381659,0.032657762,0.031639109,0.030411328,0.029224433,0.028063197,0.026922822,0.025804567,0.024709308,0.023631957,0.022576431,0.021534277,0.020509207,0.019500656,0.018509954,0.017531926,0.016562046,0.015601286,0.014651147,0.013705443,0.013705443,0.013705443,0.013705443,0.013705443,0.013705443,0.013705443,0.013705443,0.013705443,0.013705443,0.013705443,0.013705443,0.013705443,0.013705443,0.013705443,0.013705443,0.013705443,0.013705443,0.013705443,0.013705443,0.013705443,0.013705443,0.013705443,0.013705443,0.013705443,0.013705443,0.013705443,0.013705443,0.013705443,0.013705443,0.013705443,0.013705443,0.013705443,0.013705443,0.013705443,0.013705443,0.013705443,0.013705443,0.013705443,0.013705443,0.013705443,0.013705443,0.013705443,0.013705443,0.013705443
Slower Growth,WEM,Large Light Commercial,ICE,0.995775812,0.992460137,0.986770353,0.979424598,0.970517222,0.959716471,0.946788179,0.932295354,0.916326949,0.89843138,0.878951258,0.85811928,0.835701379,0.811793437,0.786477839,0.744170228,0.702397108,0.66112487,0.620299236,0.579870186,0.53980408,0.500028312,0.460576822,0.42135368,0.382358334,0.343340287,0.304516854,0.265871468,0.227398653,0.189081402,0.151013427,0.151013427,0.151013427,0.151013427,0.151013427,0.151013427,0.151013427,0.151013427,0.151013427,0.151013427,0.151013427,0.151013427,0.151013427,0.151013427,0.151013427,0.151013427,0.151013427,0.151013427,0.151013427,0.151013427,0.151013427,0.151013427,0.151013427,0.151013427,0.151013427,0.151013427,0.151013427,0.151013427,0.151013427,0.151013427,0.151013427,0.151013427,0.151013427,0.151013427,0.151013427,0.151013427,0.151013427,0.151013427,0.151013427,0.151013427,0.151013427,0.151013427,0.151013427,0.151013427,0.151013427
Slower Growth,WEM,Large Light Commercial,PHEV,9.63876E-05,0.000908503,0.002490731,0.004706684,0.007479496,0.010162065,0.012797349,0.01527524,0.017598496,0.019845499,0.021974875,0.023996047,0.025917801,0.02773936,0.029466062,0.031600846,0.033714611,0.035805987,0.037879754,0.039940205,0.041985711,0.044022423,0.046048026,0.0480657,0.05007593,0.052099813,0.054114446,0.056122992,0.058126864,0.060123127,0.062106507,0.062106507,0.062106507,0.062106507,0.062106507,0.062106507,0.062106507,0.062106507,0.062106507,0.062106507,0.062106507,0.062106507,0.062106507,0.062106507,0.062106507,0.062106507,0.062106507,0.062106507,0.062106507,0.062106507,0.062106507,0.062106507,0.062106507,0.062106507,0.062106507,0.062106507,0.062106507,0.062106507,0.062106507,0.062106507,0.062106507,0.062106507,0.062106507,0.062106507,0.062106507,0.062106507,0.062106507,0.062106507,0.062106507,0.062106507,0.062106507,0.062106507,0.062106507,0.062106507,0.062106507
Slower Growth,WEM,Large Residential,BEV,0.007000345,0.009930771,0.013696496,0.017767277,0.022463093,0.029461434,0.038635096,0.04981101,0.062952014,0.078013234,0.094836034,0.113418788,0.13370979,0.155625546,0.179056855,0.216562706,0.253876616,0.291013742,0.32799686,0.364847376,0.401595028,0.438278828,0.474884971,0.511522224,0.548082261,0.585095164,0.622170649,0.659304435,0.696511146,0.733798696,0.771120623,0.771120623,0.771120623,0.771120623,0.771120623,0.771120623,0.771120623,0.771120623,0.771120623,0.771120623,0.771120623,0.771120623,0.771120623,0.771120623,0.771120623,0.771120623,0.771120623,0.771120623,0.771120623,0.771120623,0.771120623,0.771120623,0.771120623,0.771120623,0.771120623,0.771120623,0.771120623,0.771120623,0.771120623,0.771120623,0.771120623,0.771120623,0.771120623,0.771120623,0.771120623,0.771120623,0.771120623,0.771120623,0.771120623,0.771120623,0.771120623,0.771120623,0.771120623,0.771120623,0.771120623
Slower Growth,WEM,Large Residential,FCEV,2.35821E-06,3.51117E-06,4.65037E-06,5.77647E-06,8.04264E-06,9.14703E-06,1.02453E-05,1.24746E-05,1.24304E-05,1.35133E-05,1.45922E-05,1.45457E-05,1.44991E-05,1.44527E-05,1.44076E-05,1.32622E-05,1.32261E-05,1.2092E-05,1.09654E-05,1.09396E-05,9.82429E-06,8.71568E-06,8.69992E-06,7.60113E-06,7.59028E-06,6.50289E-06,5.41736E-06,5.41633E-06,4.33277E-06,3.24974E-06,3.25003E-06,3.25003E-06,3.25003E-06,3.25003E-06,3.25003E-06,3.25003E-06,3.25003E-06,3.25003E-06,3.25003E-06,3.25003E-06,3.25003E-06,3.25003E-06,3.25003E-06,3.25003E-06,3.25003E-06,3.25003E-06,3.25003E-06,3.25003E-06,3.25003E-06,3.25003E-06,3.25003E-06,3.25003E-06,3.25003E-06,3.25003E-06,3.25003E-06,3.25003E-06,3.25003E-06,3.25003E-06,3.25003E-06,3.25003E-06,3.25003E-06,3.25003E-06,3.25003E-06,3.25003E-06,3.25003E-06,3.25003E-06,3.25003E-06,3.25003E-06,3.25003E-06,3.25003E-06,3.25003E-06,3.25003E-06,3.25003E-06,3.25003E-06,3.25003E-06
Slower Growth,WEM,Large Residential,Hybrid,0.060383138,0.071529643,0.0827998,0.090695256,0.097731861,0.102781726,0.106118732,0.107967516,0.108552334,0.108058864,0.106661354,0.101177982,0.095376341,0.089385493,0.083331486,0.07945488,0.075603522,0.071779476,0.067984118,0.06421649,0.06047722,0.056766309,0.053077106,0.049417102,0.045770479,0.042174479,0.038587846,0.035008964,0.031434244,0.027863264,0.024292928,0.024292928,0.024292928,0.024292928,0.024292928,0.024292928,0.024292928,0.024292928,0.024292928,0.024292928,0.024292928,0.024292928,0.024292928,0.024292928,0.024292928,0.024292928,0.024292928,0.024292928,0.024292928,0.024292928,0.024292928,0.024292928,0.024292928,0.024292928,0.024292928,0.024292928,0.024292928,0.024292928,0.024292928,0.024292928,0.024292928,0.024292928,0.024292928,0.024292928,0.024292928,0.024292928,0.024292928,0.024292928,0.024292928,0.024292928,0.024292928,0.024292928,0.024292928,0.024292928,0.024292928
Slower Growth,WEM,Large Residential,ICE,0.930296038,0.91218553,0.890176912,0.868853254,0.845383697,0.823014152,0.801465081,0.780626519,0.760181619,0.739904461,0.719756197,0.702848281,0.685421467,0.66739449,0.648717721,0.61619888,0.583832893,0.551604999,0.519484891,0.487452837,0.455476876,0.423513377,0.391590878,0.359578941,0.327623635,0.295088044,0.262468864,0.229771377,0.196989375,0.164112913,0.131198494,0.131198494,0.131198494,0.131198494,0.131198494,0.131198494,0.131198494,0.131198494,0.131198494,0.131198494,0.131198494,0.131198494,0.131198494,0.131198494,0.131198494,0.131198494,0.131198494,0.131198494,0.131198494,0.131198494,0.131198494,0.131198494,0.131198494,0.131198494,0.131198494,0.131198494,0.131198494,0.131198494,0.131198494,0.131198494,0.131198494,0.131198494,0.131198494,0.131198494,0.131198494,0.131198494,0.131198494,0.131198494,0.131198494,0.131198494,0.131198494,0.131198494,0.131198494,0.131198494,0.131198494
Slower Growth,WEM,Large Residential,PHEV,0.00231812,0.006350544,0.013322141,0.022678435,0.034413307,0.044733541,0.053770846,0.06158248,0.068301602,0.074009928,0.078731823,0.082540404,0.085477902,0.087580018,0.08887953,0.087770272,0.086673743,0.085589691,0.084523166,0.083472357,0.082441052,0.081432771,0.080438345,0.079474132,0.078516035,0.07763581,0.076767224,0.075909807,0.075060902,0.074221877,0.073384706,0.073384706,0.073384706,0.073384706,0.073384706,0.073384706,0.073384706,0.073384706,0.073384706,0.073384706,0.073384706,0.073384706,0.073384706,0.073384706,0.073384706,0.073384706,0.073384706,0.073384706,0.073384706,0.073384706,0.073384706,0.073384706,0.073384706,0.073384706,0.073384706,0.073384706,0.073384706,0.073384706,0.073384706,0.073384706,0.073384706,0.073384706,0.073384706,0.073384706,0.073384706,0.073384706,0.073384706,0.073384706,0.073384706,0.073384706,0.073384706,0.073384706,0.073384706,0.073384706,0.073384706
Slower Growth,WEM,Medium Light Commercial,BEV,0.004463911,0.006261882,0.008504582,0.010804951,0.013331019,0.018696097,0.026941814,0.037632527,0.050533584,0.065960831,0.083562324,0.103222062,0.124888589,0.148375124,0.173533886,0.215345165,0.256613785,0.297388401,0.337709366,0.377621942,0.417151463,0.456376321,0.495274256,0.533931963,0.572340017,0.610852026,0.649168055,0.687324986,0.725315472,0.763152404,0.800746779,0.800746779,0.800746779,0.800746779,0.800746779,0.800746779,0.800746779,0.800746779,0.800746779,0.800746779,0.800746779,0.800746779,0.800746779,0.800746779,0.800746779,0.800746779,0.800746779,0.800746779,0.800746779,0.800746779,0.800746779,0.800746779,0.800746779,0.800746779,0.800746779,0.800746779,0.800746779,0.800746779,0.800746779,0.800746779,0.800746779,0.800746779,0.800746779,0.800746779,0.800746779,0.800746779,0.800746779,0.800746779,0.800746779,0.800746779,0.800746779,0.800746779,0.800746779,0.800746779,0.800746779
Slower Growth,WEM,Medium Light Commercial,FCEV,0,0,0,0,1.15721E-05,1.14841E-05,1.13823E-05,1.12909E-05,1.12098E-05,1.11214E-05,1.10357E-05,1.09519E-05,1.08693E-05,1.07893E-05,1.07133E-05,1.06401E-05,1.05694E-05,1.0501E-05,1.04357E-05,1.03737E-05,1.03148E-05,1.02596E-05,1.02068E-05,1.01577E-05,1.01111E-05,1.00724E-05,1.00355E-05,0,0,0,0,0,0,0,0,0,0,0,0,0,0,0,0,0,0,0,0,0,0,0,0,0,0,0,0,0,0,0,0,0,0,0,0,0,0,0,0,0,0,0,0,0,0,0,0
Slower Growth,WEM,Medium Light Commercial,Hybrid,0.003911922,0.006523289,0.010810111,0.015991794,0.021894347,0.026620118,0.030333728,0.032980681,0.034739037,0.035777439,0.036163991,0.035812853,0.035042716,0.03396487,0.032654111,0.031356401,0.030069864,0.028814752,0.027581529,0.026359468,0.025168131,0.023997127,0.022832588,0.021696954,0.020576132,0.019469989,0.018385083,0.017311385,0.016237067,0.015181774,0.014133331,0.014133331,0.014133331,0.014133331,0.014133331,0.014133331,0.014133331,0.014133331,0.014133331,0.014133331,0.014133331,0.014133331,0.014133331,0.014133331,0.014133331,0.014133331,0.014133331,0.014133331,0.014133331,0.014133331,0.014133331,0.014133331,0.014133331,0.014133331,0.014133331,0.014133331,0.014133331,0.014133331,0.014133331,0.014133331,0.014133331,0.014133331,0.014133331,0.014133331,0.014133331,0.014133331,0.014133331,0.014133331,0.014133331,0.014133331,0.014133331,0.014133331,0.014133331,0.014133331,0.014133331
Slower Growth,WEM,Medium Light Commercial,ICE,0.990148197,0.983186787,0.972216014,0.958866587,0.943250593,0.926731513,0.908964669,0.89067034,0.871838849,0.851807778,0.830910997,0.809304771,0.786700289,0.763141427,0.738670695,0.699097719,0.660036147,0.621417845,0.583208975,0.545374385,0.507870198,0.47062686,0.433686488,0.396944549,0.360410916,0.323717529,0.287186641,0.250800064,0.214560533,0.178445458,0.142561431,0.142561431,0.142561431,0.142561431,0.142561431,0.142561431,0.142561431,0.142561431,0.142561431,0.142561431,0.142561431,0.142561431,0.142561431,0.142561431,0.142561431,0.142561431,0.142561431,0.142561431,0.142561431,0.142561431,0.142561431,0.142561431,0.142561431,0.142561431,0.142561431,0.142561431,0.142561431,0.142561431,0.142561431,0.142561431,0.142561431,0.142561431,0.142561431,0.142561431,0.142561431,0.142561431,0.142561431,0.142561431,0.142561431,0.142561431,0.142561431,0.142561431,0.142561431,0.142561431,0.142561431
Slower Growth,WEM,Medium Light Commercial,PHEV,0.00147597,0.004028042,0.008469293,0.014336667,0.021512469,0.027940788,0.033748406,0.038705161,0.04287732,0.046442831,0.049351653,0.051649363,0.053357536,0.05450779,0.055130595,0.054190075,0.053269635,0.052368501,0.051489695,0.050633831,0.049799893,0.048989433,0.04819646,0.047416376,0.046662824,0.045950383,0.045250186,0.044563565,0.043886929,0.043220364,0.04255846,0.04255846,0.04255846,0.04255846,0.04255846,0.04255846,0.04255846,0.04255846,0.04255846,0.04255846,0.04255846,0.04255846,0.04255846,0.04255846,0.04255846,0.04255846,0.04255846,0.04255846,0.04255846,0.04255846,0.04255846,0.04255846,0.04255846,0.04255846,0.04255846,0.04255846,0.04255846,0.04255846,0.04255846,0.04255846,0.04255846,0.04255846,0.04255846,0.04255846,0.04255846,0.04255846,0.04255846,0.04255846,0.04255846,0.04255846,0.04255846,0.04255846,0.04255846,0.04255846,0.04255846
Slower Growth,WEM,Medium Residential,BEV,0.025815219,0.032869583,0.039642062,0.044645904,0.049203733,0.056091072,0.065174577,0.076285356,0.089379957,0.104414532,0.121228456,0.13982061,0.16013685,0.182094596,0.205583949,0.243265154,0.280753036,0.318065379,0.355225708,0.392252531,0.429174808,0.466030693,0.502798182,0.539548777,0.576260599,0.6134783,0.650747111,0.688076925,0.725475363,0.762952391,0.800462225,0.800462225,0.800462225,0.800462225,0.800462225,0.800462225,0.800462225,0.800462225,0.800462225,0.800462225,0.800462225,0.800462225,0.800462225,0.800462225,0.800462225,0.800462225,0.800462225,0.800462225,0.800462225,0.800462225,0.800462225,0.800462225,0.800462225,0.800462225,0.800462225,0.800462225,0.800462225,0.800462225,0.800462225,0.800462225,0.800462225,0.800462225,0.800462225,0.800462225,0.800462225,0.800462225,0.800462225,0.800462225,0.800462225,0.800462225,0.800462225,0.800462225,0.800462225,0.800462225,0.800462225
Slower Growth,WEM,Medium Residential,FCEV,1.13249E-05,1.12413E-05,1.25622E-05,1.38704E-05,1.51736E-05,1.64727E-05,1.77673E-05,1.76999E-05,1.89939E-05,1.89279E-05,1.8867E-05,2.01502E-05,2.00856E-05,2.00212E-05,1.86282E-05,1.85761E-05,1.72023E-05,1.58372E-05,1.44811E-05,1.44469E-05,1.31047E-05,1.17708E-05,1.17488E-05,1.04263E-05,9.10932E-06,7.80416E-06,7.80137E-06,6.49964E-06,5.19913E-06,5.19915E-06,3.89953E-06,3.89953E-06,3.89953E-06,3.89953E-06,3.89953E-06,3.89953E-06,3.89953E-06,3.89953E-06,3.89953E-06,3.89953E-06,3.89953E-06,3.89953E-06,3.89953E-06,3.89953E-06,3.89953E-06,3.89953E-06,3.89953E-06,3.89953E-06,3.89953E-06,3.89953E-06,3.89953E-06,3.89953E-06,3.89953E-06,3.89953E-06,3.89953E-06,3.89953E-06,3.89953E-06,3.89953E-06,3.89953E-06,3.89953E-06,3.89953E-06,3.89953E-06,3.89953E-06,3.89953E-06,3.89953E-06,3.89953E-06,3.89953E-06,3.89953E-06,3.89953E-06,3.89953E-06,3.89953E-06,3.89953E-06,3.89953E-06,3.89953E-06,3.89953E-06
Slower Growth,WEM,Medium Residential,Hybrid,0.06052477,0.069840837,0.079651218,0.086567669,0.093030506,0.097647692,0.100675021,0.102321959,0.102793734,0.102266213,0.100899281,0.095492947,0.089813271,0.083977128,0.078101569,0.074499605,0.070922333,0.067370191,0.063844604,0.060344624,0.056870616,0.053422565,0.04999393,0.046588461,0.043200285,0.039862335,0.0365325,0.033209277,0.029891117,0.026576773,0.023262011,0.023262011,0.023262011,0.023262011,0.023262011,0.023262011,0.023262011,0.023262011,0.023262011,0.023262011,0.023262011,0.023262011,0.023262011,0.023262011,0.023262011,0.023262011,0.023262011,0.023262011,0.023262011,0.023262011,0.023262011,0.023262011,0.023262011,0.023262011,0.023262011,0.023262011,0.023262011,0.023262011,0.023262011,0.023262011,0.023262011,0.023262011,0.023262011,0.023262011,0.023262011,0.023262011,0.023262011,0.023262011,0.023262011,0.023262011,0.023262011,0.023262011,0.023262011,0.023262011,0.023262011
Slower Growth,WEM,Medium Residential,ICE,0.905099766,0.883305394,0.858136665,0.835379673,0.810991179,0.787885943,0.765780443,0.744559993,0.723901677,0.703581974,0.683560254,0.666954142,0.650001004,0.63261942,0.614761286,0.583986041,0.553356164,0.522851121,0.492443491,0.462116337,0.431839,0.401572321,0.371352148,0.341099163,0.310847635,0.279965037,0.249009226,0.217977233,0.18686335,0.155658759,0.124421082,0.124421082,0.124421082,0.124421082,0.124421082,0.124421082,0.124421082,0.124421082,0.124421082,0.124421082,0.124421082,0.124421082,0.124421082,0.124421082,0.124421082,0.124421082,0.124421082,0.124421082,0.124421082,0.124421082,0.124421082,0.124421082,0.124421082,0.124421082,0.124421082,0.124421082,0.124421082,0.124421082,0.124421082,0.124421082,0.124421082,0.124421082,0.124421082,0.124421082,0.124421082,0.124421082,0.124421082,0.124421082,0.124421082,0.124421082,0.124421082,0.124421082,0.124421082,0.124421082,0.124421082
Slower Growth,WEM,Medium Residential,PHEV,0.00854892,0.013972945,0.022557493,0.033392883,0.046759409,0.05835882,0.068352192,0.076814992,0.083905638,0.089718353,0.094293142,0.097712151,0.100028789,0.101288835,0.101534568,0.098230623,0.094951265,0.091697472,0.088471716,0.085272061,0.082102471,0.07896265,0.075843991,0.072753173,0.069682371,0.066686524,0.063703361,0.060730066,0.057764971,0.054806877,0.051850783,0.051850783,0.051850783,0.051850783,0.051850783,0.051850783,0.051850783,0.051850783,0.051850783,0.051850783,0.051850783,0.051850783,0.051850783,0.051850783,0.051850783,0.051850783,0.051850783,0.051850783,0.051850783,0.051850783,0.051850783,0.051850783,0.051850783,0.051850783,0.051850783,0.051850783,0.051850783,0.051850783,0.051850783,0.051850783,0.051850783,0.051850783,0.051850783,0.051850783,0.051850783,0.051850783,0.051850783,0.051850783,0.051850783,0.051850783,0.051850783,0.051850783,0.051850783,0.051850783,0.051850783
Slower Growth,WEM,Motorcycle,BEV,0.004949386,0.008757449,0.01552722,0.024565241,0.03604615,0.049056522,0.063581953,0.079521093,0.096848954,0.115508059,0.135460405,0.156603259,0.178866317,0.202181662,0.226507389,0.264230973,0.301754314,0.339092651,0.376281942,0.413324713,0.450263735,0.487110539,0.523869067,0.560571513,0.59722428,0.634260381,0.671318236,0.708417581,0.745568923,0.782788728,0.820062797,0.820062797,0.820062797,0.820062797,0.820062797,0.820062797,0.820062797,0.820062797,0.820062797,0.820062797,0.820062797,0.820062797,0.820062797,0.820062797,0.820062797,0.820062797,0.820062797,0.820062797,0.820062797,0.820062797,0.820062797,0.820062797,0.820062797,0.820062797,0.820062797,0.820062797,0.820062797,0.820062797,0.820062797,0.820062797,0.820062797,0.820062797,0.820062797,0.820062797,0.820062797,0.820062797,0.820062797,0.820062797,0.820062797,0.820062797,0.820062797,0.820062797,0.820062797,0.820062797,0.820062797
Slower Growth,WEM,Motorcycle,FCEV,0,0,0,0,7.24255E-06,7.19937E-06,7.15932E-06,7.12235E-06,1.41747E-05,1.41079E-05,1.40432E-05,1.39818E-05,1.39239E-05,1.38694E-05,1.38182E-05,1.37714E-05,1.3727E-05,1.36855E-05,6.82338E-06,6.80527E-06,6.78854E-06,6.77323E-06,6.7589E-06,6.74591E-06,6.73392E-06,6.72748E-06,6.72192E-06,6.71741E-06,6.71375E-06,0,0,0,0,0,0,0,0,0,0,0,0,0,0,0,0,0,0,0,0,0,0,0,0,0,0,0,0,0,0,0,0,0,0,0,0,0,0,0,0,0,0,0,0,0,0
Slower Growth,WEM,Motorcycle,Hybrid,0,0,0,0,0,0,0,0,0,0,0,0,0,0,0,0,0,0,0,0,0,0,0,0,0,0,0,0,0,0,0,0,0,0,0,0,0,0,0,0,0,0,0,0,0,0,0,0,0,0,0,0,0,0,0,0,0,0,0,0,0,0,0,0,0,0,0,0,0,0,0,0,0,0,0
Slower Growth,WEM,Motorcycle,ICE,0.995050614,0.991242551,0.98447278,0.975434759,0.963946608,0.950936278,0.936410888,0.920471785,0.903136871,0.884477833,0.864525552,0.843382759,0.821119759,0.797804469,0.773478793,0.73472929,0.696186633,0.657834953,0.619644502,0.581598557,0.543660519,0.505818206,0.468060803,0.430368731,0.392728717,0.35469982,0.316649526,0.27855737,0.240412762,0.202205266,0.163936076,0.163936076,0.163936076,0.163936076,0.163936076,0.163936076,0.163936076,0.163936076,0.163936076,0.163936076,0.163936076,0.163936076,0.163936076,0.163936076,0.163936076,0.163936076,0.163936076,0.163936076,0.163936076,0.163936076,0.163936076,0.163936076,0.163936076,0.163936076,0.163936076,0.163936076,0.163936076,0.163936076,0.163936076,0.163936076,0.163936076,0.163936076,0.163936076,0.163936076,0.163936076,0.163936076,0.163936076,0.163936076,0.163936076,0.163936076,0.163936076,0.163936076,0.163936076,0.163936076,0.163936076
Slower Growth,WEM,Motorcycle,PHEV,0,0,0,0,0,0,0,0,0,0,0,0,0,0,0,0.001025966,0.002045327,0.003058711,0.004066733,0.005069924,0.006068958,0.007064481,0.008063371,0.009053009,0.010040269,0.011033072,0.012025516,0.013018332,0.014011601,0.015006006,0.016001127,0.016001127,0.016001127,0.016001127,0.016001127,0.016001127,0.016001127,0.016001127,0.016001127,0.016001127,0.016001127,0.016001127,0.016001127,0.016001127,0.016001127,0.016001127,0.016001127,0.016001127,0.016001127,0.016001127,0.016001127,0.016001127,0.016001127,0.016001127,0.016001127,0.016001127,0.016001127,0.016001127,0.016001127,0.016001127,0.016001127,0.016001127,0.016001127,0.016001127,0.016001127,0.016001127,0.016001127,0.016001127,0.016001127,0.016001127,0.016001127,0.016001127,0.016001127,0.016001127,0.016001127
Slower Growth,WEM,Rigid Truck,BEV,0.001864672,0.000752645,0.001257334,0.001825669,0.002492944,0.006028159,0.012623685,0.021830042,0.033297306,0.047598022,0.064193815,0.083012232,0.104024262,0.126975467,0.151778067,0.193759265,0.234833374,0.275055418,0.314478084,0.35314889,0.391246939,0.428762055,0.465729304,0.502218815,0.538250304,0.574012882,0.609375911,0.644382882,0.679026746,0.713351779,0.747256847,0.747256847,0.747256847,0.747256847,0.747256847,0.747256847,0.747256847,0.747256847,0.747256847,0.747256847,0.747256847,0.747256847,0.747256847,0.747256847,0.747256847,0.747256847,0.747256847,0.747256847,0.747256847,0.747256847,0.747256847,0.747256847,0.747256847,0.747256847,0.747256847,0.747256847,0.747256847,0.747256847,0.747256847,0.747256847,0.747256847,0.747256847,0.747256847,0.747256847,0.747256847,0.747256847,0.747256847,0.747256847,0.747256847,0.747256847,0.747256847,0.747256847,0.747256847,0.747256847,0.747256847
Slower Growth,WEM,Rigid Truck,FCEV,0,0,0,0,0,7.15205E-05,0.000212248,0.000410189,0.00066436,0.0009812,0.001359421,0.001777667,0.00225313,0.00277506,0.003342022,0.004299828,0.005246045,0.006163606,0.007062915,0.007953883,0.008823015,0.009678621,0.010530294,0.011362378,0.012183994,0.01299943,0.013814064,0.014612363,0.015402182,0.016192878,0.016965785,0.016965785,0.016965785,0.016965785,0.016965785,0.016965785,0.016965785,0.016965785,0.016965785,0.016965785,0.016965785,0.016965785,0.016965785,0.016965785,0.016965785,0.016965785,0.016965785,0.016965785,0.016965785,0.016965785,0.016965785,0.016965785,0.016965785,0.016965785,0.016965785,0.016965785,0.016965785,0.016965785,0.016965785,0.016965785,0.016965785,0.016965785,0.016965785,0.016965785,0.016965785,0.016965785,0.016965785,0.016965785,0.016965785,0.016965785,0.016965785,0.016965785,0.016965785,0.016965785,0.016965785
Slower Growth,WEM,Rigid Truck,Hybrid,0,0,0,0,0,0,0,0,0,0,0,0,0,0,0,0.002909519,0.005746969,0.00853353,0.01126321,0.013930331,0.016561735,0.019140622,0.021687596,0.024198288,0.026666216,0.029118723,0.031541696,0.033930122,0.036299862,0.038637644,0.04095469,0.04095469,0.04095469,0.04095469,0.04095469,0.04095469,0.04095469,0.04095469,0.04095469,0.04095469,0.04095469,0.04095469,0.04095469,0.04095469,0.04095469,0.04095469,0.04095469,0.04095469,0.04095469,0.04095469,0.04095469,0.04095469,0.04095469,0.04095469,0.04095469,0.04095469,0.04095469,0.04095469,0.04095469,0.04095469,0.04095469,0.04095469,0.04095469,0.04095469,0.04095469,0.04095469,0.04095469,0.04095469,0.04095469,0.04095469,0.04095469,0.04095469,0.04095469,0.04095469,0.04095469
Slower Growth,WEM,Rigid Truck,ICE,0.998135328,0.999247355,0.998742666,0.998174331,0.997496755,0.993716411,0.986628395,0.976729295,0.964372478,0.948957965,0.931048211,0.910741912,0.888066016,0.863288305,0.836510892,0.7882588,0.741049391,0.69482942,0.649520667,0.605077773,0.561306401,0.518209152,0.475727071,0.433814573,0.392431053,0.351353618,0.310737333,0.270539591,0.230753434,0.191343666,0.152408217,0.152408217,0.152408217,0.152408217,0.152408217,0.152408217,0.152408217,0.152408217,0.152408217,0.152408217,0.152408217,0.152408217,0.152408217,0.152408217,0.152408217,0.152408217,0.152408217,0.152408217,0.152408217,0.152408217,0.152408217,0.152408217,0.152408217,0.152408217,0.152408217,0.152408217,0.152408217,0.152408217,0.152408217,0.152408217,0.152408217,0.152408217,0.152408217,0.152408217,0.152408217,0.152408217,0.152408217,0.152408217,0.152408217,0.152408217,0.152408217,0.152408217,0.152408217,0.152408217,0.152408217
Slower Growth,WEM,Rigid Truck,PHEV,0,0,0,0,1.03014E-05,0.00018391,0.000535673,0.001030474,0.001665857,0.002462813,0.003398553,0.004468189,0.005656593,0.006961168,0.008369019,0.010772588,0.01312422,0.015418026,0.017675124,0.019889122,0.02206191,0.02420955,0.026325735,0.028405945,0.030468433,0.032515348,0.034530996,0.036535042,0.038517776,0.040474033,0.042414461,0.042414461,0.042414461,0.042414461,0.042414461,0.042414461,0.042414461,0.042414461,0.042414461,0.042414461,0.042414461,0.042414461,0.042414461,0.042414461,0.042414461,0.042414461,0.042414461,0.042414461,0.042414461,0.042414461,0.042414461,0.042414461,0.042414461,0.042414461,0.042414461,0.042414461,0.042414461,0.042414461,0.042414461,0.042414461,0.042414461,0.042414461,0.042414461,0.042414461,0.042414461,0.042414461,0.042414461,0.042414461,0.042414461,0.042414461,0.042414461,0.042414461,0.042414461,0.042414461,0.042414461
Slower Growth,WEM,Small Light Commercial,BEV,0.013624876,0.018024226,0.022691369,0.026680896,0.030586656,0.037155175,0.046518899,0.058138333,0.071814698,0.087915818,0.106036109,0.126119802,0.14806091,0.171732473,0.196972174,0.238535983,0.279589664,0.320128205,0.360248447,0.39991768,0.439284702,0.478298992,0.517009346,0.555479771,0.59374132,0.632090263,0.670240137,0.708272283,0.746098385,0.783805914,0.821281741,0.821281741,0.821281741,0.821281741,0.821281741,0.821281741,0.821281741,0.821281741,0.821281741,0.821281741,0.821281741,0.821281741,0.821281741,0.821281741,0.821281741,0.821281741,0.821281741,0.821281741,0.821281741,0.821281741,0.821281741,0.821281741,0.821281741,0.821281741,0.821281741,0.821281741,0.821281741,0.821281741,0.821281741,0.821281741,0.821281741,0.821281741,0.821281741,0.821281741,0.821281741,0.821281741,0.821281741,0.821281741,0.821281741,0.821281741,0.821281741,0.821281741,0.821281741,0.821281741,0.821281741
Slower Growth,WEM,Small Light Commercial,FCEV,0,0,0,0,0,0,0,0,0,0,0,0,0,0,0,0,0,0,0,0,0,0,0,0,0,0,0,0,0,0,0,0,0,0,0,0,0,0,0,0,0,0,0,0,0,0,0,0,0,0,0,0,0,0,0,0,0,0,0,0,0,0,0,0,0,0,0,0,0,0,0,0,0,0,0
Slower Growth,WEM,Small Light Commercial,Hybrid,0,0,0,0,0,0,0,0,0,0,0,0,0,0,0,0.000552091,0.00106455,0.001602564,0.002134098,0.002659574,0.003148317,0.003663807,0.004174455,0.004681445,0.005153844,0.005656839,0.006156579,0.006623932,0.007118737,0.007611827,0.008101572,0.008101572,0.008101572,0.008101572,0.008101572,0.008101572,0.008101572,0.008101572,0.008101572,0.008101572,0.008101572,0.008101572,0.008101572,0.008101572,0.008101572,0.008101572,0.008101572,0.008101572,0.008101572,0.008101572,0.008101572,0.008101572,0.008101572,0.008101572,0.008101572,0.008101572,0.008101572,0.008101572,0.008101572,0.008101572,0.008101572,0.008101572,0.008101572,0.008101572,0.008101572,0.008101572,0.008101572,0.008101572,0.008101572,0.008101572,0.008101572,0.008101572,0.008101572,0.008101572,0.008101572
Slower Growth,WEM,Small Light Commercial,ICE,0.981870124,0.973199391,0.961510843,0.948488083,0.933670046,0.917487469,0.899596998,0.880862942,0.861365814,0.840529532,0.818781999,0.796095735,0.772550841,0.748213521,0.723212242,0.684528449,0.646311171,0.608557692,0.571173754,0.534162867,0.497465605,0.46101334,0.424859813,0.388900946,0.353115452,0.317182648,0.281395491,0.245757021,0.210246114,0.174859742,0.139691657,0.139691657,0.139691657,0.139691657,0.139691657,0.139691657,0.139691657,0.139691657,0.139691657,0.139691657,0.139691657,0.139691657,0.139691657,0.139691657,0.139691657,0.139691657,0.139691657,0.139691657,0.139691657,0.139691657,0.139691657,0.139691657,0.139691657,0.139691657,0.139691657,0.139691657,0.139691657,0.139691657,0.139691657,0.139691657,0.139691657,0.139691657,0.139691657,0.139691657,0.139691657,0.139691657,0.139691657,0.139691657,0.139691657,0.139691657,0.139691657,0.139691657,0.139691657,0.139691657,0.139691657
Slower Growth,WEM,Small Light Commercial,PHEV,0.004504999,0.008776384,0.015797788,0.024831021,0.035743298,0.045357356,0.053884102,0.060998725,0.066819488,0.07155465,0.075181892,0.077784463,0.079388249,0.080054006,0.079815584,0.076383476,0.073034614,0.069711538,0.066443701,0.063259878,0.060101376,0.057023862,0.053956386,0.050937839,0.047989384,0.045070249,0.042207792,0.039346764,0.036536765,0.033722517,0.03092503,0.03092503,0.03092503,0.03092503,0.03092503,0.03092503,0.03092503,0.03092503,0.03092503,0.03092503,0.03092503,0.03092503,0.03092503,0.03092503,0.03092503,0.03092503,0.03092503,0.03092503,0.03092503,0.03092503,0.03092503,0.03092503,0.03092503,0.03092503,0.03092503,0.03092503,0.03092503,0.03092503,0.03092503,0.03092503,0.03092503,0.03092503,0.03092503,0.03092503,0.03092503,0.03092503,0.03092503,0.03092503,0.03092503,0.03092503,0.03092503,0.03092503,0.03092503,0.03092503,0.03092503
Slower Growth,WEM,Small Residential,BEV,0.059262629,0.071966581,0.08085964,0.082979096,0.081487698,0.083071513,0.087526865,0.094652714,0.104336993,0.116491566,0.130947667,0.147661355,0.16655959,0.187539451,0.210471655,0.248924751,0.287183241,0.325258132,0.363177825,0.400963591,0.438641669,0.476246949,0.513763942,0.551247838,0.588702523,0.626678331,0.664705777,0.702791736,0.740948704,0.779186333,0.817455439,0.817455439,0.817455439,0.817455439,0.817455439,0.817455439,0.817455439,0.817455439,0.817455439,0.817455439,0.817455439,0.817455439,0.817455439,0.817455439,0.817455439,0.817455439,0.817455439,0.817455439,0.817455439,0.817455439,0.817455439,0.817455439,0.817455439,0.817455439,0.817455439,0.817455439,0.817455439,0.817455439,0.817455439,0.817455439,0.817455439,0.817455439,0.817455439,0.817455439,0.817455439,0.817455439,0.817455439,0.817455439,0.817455439,0.817455439,0.817455439,0.817455439,0.817455439,0.817455439,0.817455439
Slower Growth,WEM,Small Residential,FCEV,2.59981E-05,2.5806E-05,2.56341E-05,2.54732E-05,2.85E-05,2.83617E-05,2.82375E-05,2.81305E-05,2.80308E-05,2.79334E-05,2.78434E-05,2.77547E-05,2.76657E-05,2.75771E-05,2.74911E-05,2.43683E-05,2.43018E-05,2.42377E-05,2.11549E-05,2.11049E-05,1.80501E-05,1.80141E-05,1.49836E-05,1.49585E-05,1.19487E-05,1.19428E-05,1.19384E-05,8.9517E-06,8.9506E-06,5.96705E-06,5.96726E-06,5.96726E-06,5.96726E-06,5.96726E-06,5.96726E-06,5.96726E-06,5.96726E-06,5.96726E-06,5.96726E-06,5.96726E-06,5.96726E-06,5.96726E-06,5.96726E-06,5.96726E-06,5.96726E-06,5.96726E-06,5.96726E-06,5.96726E-06,5.96726E-06,5.96726E-06,5.96726E-06,5.96726E-06,5.96726E-06,5.96726E-06,5.96726E-06,5.96726E-06,5.96726E-06,5.96726E-06,5.96726E-06,5.96726E-06,5.96726E-06,5.96726E-06,5.96726E-06,5.96726E-06,5.96726E-06,5.96726E-06,5.96726E-06,5.96726E-06,5.96726E-06,5.96726E-06,5.96726E-06,5.96726E-06,5.96726E-06,5.96726E-06,5.96726E-06
Slower Growth,WEM,Small Residential,Hybrid,0,0,0,0,0,0,0,0,0,0,0,0,0,0,0,0.000511733,0.001017637,0.001523947,0.002027846,0.002526562,0.003026401,0.003524753,0.004018604,0.004514477,0.005009484,0.005505612,0.006005038,0.0065049,0.007002354,0.007503565,0.0080021,0.0080021,0.0080021,0.0080021,0.0080021,0.0080021,0.0080021,0.0080021,0.0080021,0.0080021,0.0080021,0.0080021,0.0080021,0.0080021,0.0080021,0.0080021,0.0080021,0.0080021,0.0080021,0.0080021,0.0080021,0.0080021,0.0080021,0.0080021,0.0080021,0.0080021,0.0080021,0.0080021,0.0080021,0.0080021,0.0080021,0.0080021,0.0080021,0.0080021,0.0080021,0.0080021,0.0080021,0.0080021,0.0080021,0.0080021,0.0080021,0.0080021,0.0080021,0.0080021,0.0080021
Slower Growth,WEM,Small Residential,ICE,0.92108607,0.902630603,0.884483024,0.870987566,0.85826657,0.84445796,0.829586634,0.813767042,0.796941525,0.779087199,0.760333007,0.740628922,0.719989671,0.698469166,0.676139887,0.642127836,0.608276579,0.574573416,0.540993614,0.507516371,0.47411013,0.440738217,0.407437264,0.374130163,0.340830135,0.30692889,0.2729636,0.238929735,0.204816617,0.170615859,0.136384793,0.136384793,0.136384793,0.136384793,0.136384793,0.136384793,0.136384793,0.136384793,0.136384793,0.136384793,0.136384793,0.136384793,0.136384793,0.136384793,0.136384793,0.136384793,0.136384793,0.136384793,0.136384793,0.136384793,0.136384793,0.136384793,0.136384793,0.136384793,0.136384793,0.136384793,0.136384793,0.136384793,0.136384793,0.136384793,0.136384793,0.136384793,0.136384793,0.136384793,0.136384793,0.136384793,0.136384793,0.136384793,0.136384793,0.136384793,0.136384793,0.136384793,0.136384793,0.136384793,0.136384793
Slower Growth,WEM,Small Residential,PHEV,0.019625303,0.02537701,0.034631702,0.046007865,0.060217233,0.072442166,0.082858263,0.091552113,0.098693452,0.104393302,0.108691482,0.111681968,0.113423073,0.113963807,0.113360967,0.108411312,0.103498241,0.098620268,0.09377956,0.088972371,0.08420375,0.079472068,0.074765207,0.070092563,0.06544591,0.060875225,0.056313647,0.051764678,0.047223374,0.042688275,0.0381517,0.0381517,0.0381517,0.0381517,0.0381517,0.0381517,0.0381517,0.0381517,0.0381517,0.0381517,0.0381517,0.0381517,0.0381517,0.0381517,0.0381517,0.0381517,0.0381517,0.0381517,0.0381517,0.0381517,0.0381517,0.0381517,0.0381517,0.0381517,0.0381517,0.0381517,0.0381517,0.0381517,0.0381517,0.0381517,0.0381517,0.0381517,0.0381517,0.0381517,0.0381517,0.0381517,0.0381517,0.0381517,0.0381517,0.0381517,0.0381517,0.0381517,0.0381517,0.0381517,0.0381517
Step Change,New South Wales,Articulated Truck,BEV,0,0.000133107,0.002144946,0.031122109,0.091558038,0.148649877,0.203233801,0.252537743,0.296519956,0.33738077,0.375820232,0.412477746,0.447365053,0.480590664,0.512039348,0.541792259,0.570028535,0.596857202,0.622326622,0.646552856,0.669536353,0.691362941,0.712073033,0.731703888,0.750339213,0.768149161,0.784991886,0.800879885,0.815868589,0.830000177,0.830005744,0.830005744,0.830005744,0.830005744,0.830005744,0.830005744,0.830005744,0.830005744,0.830005744,0.830005744,0.830005744,0.830005744,0.830005744,0.830005744,0.830005744,0.830005744,0.830005744,0.830005744,0.830005744,0.830005744,0.830005744,0.830005744,0.830005744,0.830005744,0.830005744,0.830005744,0.830005744,0.830005744,0.830005744,0.830005744,0.830005744,0.830005744,0.830005744,0.830005744,0.830005744,0.830005744,0.830005744,0.830005744,0.830005744,0.830005744,0.830005744,0.830005744,0.830005744,0.830005744,0.830005744
Step Change,New South Wales,Articulated Truck,FCEV,0,0,0,0,0,0.000363669,0.001062198,0.002099209,0.003370502,0.00490626,0.008329539,0.011598073,0.014716798,0.017694907,0.020530514,0.023228554,0.025798756,0.028248588,0.030581655,0.032786168,0.034907378,0.036929139,0.038855267,0.040689267,0.042436041,0.044108866,0.045699838,0.047210618,0.04864532,0.050006211,0.049992167,0.049992167,0.049992167,0.049992167,0.049992167,0.049992167,0.049992167,0.049992167,0.049992167,0.049992167,0.049992167,0.049992167,0.049992167,0.049992167,0.049992167,0.049992167,0.049992167,0.049992167,0.049992167,0.049992167,0.049992167,0.049992167,0.049992167,0.049992167,0.049992167,0.049992167,0.049992167,0.049992167,0.049992167,0.049992167,0.049992167,0.049992167,0.049992167,0.049992167,0.049992167,0.049992167,0.049992167,0.049992167,0.049992167,0.049992167,0.049992167,0.049992167,0.049992167,0.049992167,0.049992167
Step Change,New South Wales,Articulated Truck,Hybrid,0,0,0,0,0,0,0,0,0,0,0,0,0,0,0,0,0,0,0,0,0,0,0,0,0,0,0,0,0,0,0,0,0,0,0,0,0,0,0,0,0,0,0,0,0,0,0,0,0,0,0,0,0,0,0,0,0,0,0,0,0,0,0,0,0,0,0,0,0,0,0,0,0,0,0
Step Change,New South Wales,Articulated Truck,ICE,1,0.999866893,0.997855054,0.968846166,0.908317815,0.850683395,0.795202408,0.744644141,0.699182653,0.656561781,0.61325227,0.571970887,0.532671291,0.495232136,0.459746489,0.426175781,0.394302288,0.364006496,0.335212528,0.307857299,0.281871721,0.257183577,0.233747051,0.211499839,0.190391914,0.170213995,0.15111891,0.133073311,0.116053318,0.099994676,0.100001741,0.100001741,0.100001741,0.100001741,0.100001741,0.100001741,0.100001741,0.100001741,0.100001741,0.100001741,0.100001741,0.100001741,0.100001741,0.100001741,0.100001741,0.100001741,0.100001741,0.100001741,0.100001741,0.100001741,0.100001741,0.100001741,0.100001741,0.100001741,0.100001741,0.100001741,0.100001741,0.100001741,0.100001741,0.100001741,0.100001741,0.100001741,0.100001741,0.100001741,0.100001741,0.100001741,0.100001741,0.100001741,0.100001741,0.100001741,0.100001741,0.100001741,0.100001741,0.100001741,0.100001741
Step Change,New South Wales,Articulated Truck,PHEV,0,0,0,3.17249E-05,0.000124146,0.000303058,0.000501593,0.000718907,0.000926888,0.00115119,0.002597959,0.003953294,0.005246858,0.006482293,0.007683649,0.008803407,0.009870421,0.010887715,0.011879195,0.012803677,0.013684549,0.014524343,0.015324649,0.016107005,0.016832832,0.017527977,0.018189366,0.018836186,0.019432773,0.019998935,0.020000348,0.020000348,0.020000348,0.020000348,0.020000348,0.020000348,0.020000348,0.020000348,0.020000348,0.020000348,0.020000348,0.020000348,0.020000348,0.020000348,0.020000348,0.020000348,0.020000348,0.020000348,0.020000348,0.020000348,0.020000348,0.020000348,0.020000348,0.020000348,0.020000348,0.020000348,0.020000348,0.020000348,0.020000348,0.020000348,0.020000348,0.020000348,0.020000348,0.020000348,0.020000348,0.020000348,0.020000348,0.020000348,0.020000348,0.020000348,0.020000348,0.020000348,0.020000348,0.020000348,0.020000348
Step Change,New South Wales,Bus,BEV,0.014218324,0.015843276,0.033823338,0.055873833,0.082494265,0.109388812,0.136652377,0.164406937,0.192485229,0.22098739,0.261901117,0.301545604,0.338568619,0.374816413,0.410404109,0.445408809,0.479793562,0.51367131,0.546978423,0.579786327,0.612094229,0.643943205,0.675317474,0.706264271,0.73676021,0.767183435,0.797195834,0.826848041,0.856096396,0.88499051,0.884981934,0.884981934,0.884981934,0.884981934,0.884981934,0.884981934,0.884981934,0.884981934,0.884981934,0.884981934,0.884981934,0.884981934,0.884981934,0.884981934,0.884981934,0.884981934,0.884981934,0.884981934,0.884981934,0.884981934,0.884981934,0.884981934,0.884981934,0.884981934,0.884981934,0.884981934,0.884981934,0.884981934,0.884981934,0.884981934,0.884981934,0.884981934,0.884981934,0.884981934,0.884981934,0.884981934,0.884981934,0.884981934,0.884981934,0.884981934,0.884981934,0.884981934,0.884981934,0.884981934,0.884981934
Step Change,New South Wales,Bus,FCEV,0,0.001676363,0.003642513,0.006115224,0.009049197,0.011775477,0.014269174,0.0165679,0.018679222,0.020639331,0.022562376,0.024375344,0.025994856,0.027575458,0.029127943,0.030656977,0.032161185,0.033643563,0.035101292,0.036540319,0.037956492,0.039353793,0.040730882,0.042091942,0.043431972,0.044801605,0.046126107,0.047437062,0.048728701,0.050005272,0.050007855,0.050007855,0.050007855,0.050007855,0.050007855,0.050007855,0.050007855,0.050007855,0.050007855,0.050007855,0.050007855,0.050007855,0.050007855,0.050007855,0.050007855,0.050007855,0.050007855,0.050007855,0.050007855,0.050007855,0.050007855,0.050007855,0.050007855,0.050007855,0.050007855,0.050007855,0.050007855,0.050007855,0.050007855,0.050007855,0.050007855,0.050007855,0.050007855,0.050007855,0.050007855,0.050007855,0.050007855,0.050007855,0.050007855,0.050007855,0.050007855,0.050007855,0.050007855,0.050007855,0.050007855
Step Change,New South Wales,Bus,Hybrid,0,0,0,0,0,0,0,0,0,0,0.001163325,0.002321461,0.003449841,0.004555945,0.005641498,0.006708053,0.007756007,0.008757732,0.009771054,0.010768881,0.011750451,0.012717312,0.013669384,0.01460838,0.015532867,0.016451648,0.017357841,0.018253247,0.019135835,0.020007381,0.020003142,0.020003142,0.020003142,0.020003142,0.020003142,0.020003142,0.020003142,0.020003142,0.020003142,0.020003142,0.020003142,0.020003142,0.020003142,0.020003142,0.020003142,0.020003142,0.020003142,0.020003142,0.020003142,0.020003142,0.020003142,0.020003142,0.020003142,0.020003142,0.020003142,0.020003142,0.020003142,0.020003142,0.020003142,0.020003142,0.020003142,0.020003142,0.020003142,0.020003142,0.020003142,0.020003142,0.020003142,0.020003142,0.020003142,0.020003142,0.020003142,0.020003142,0.020003142,0.020003142,0.020003142
Step Change,New South Wales,Bus,ICE,0.985781676,0.98248036,0.962534149,0.938010943,0.908456538,0.878709433,0.848765529,0.81849772,0.788004677,0.757243611,0.710668912,0.6655263,0.623271297,0.58193208,0.541316547,0.501397511,0.462153021,0.423550494,0.385541133,0.348127522,0.311260144,0.274945497,0.239144901,0.203857052,0.169059838,0.134350607,0.100110337,0.066304987,0.032936992,0,0,0,0,0,0,0,0,0,0,0,0,0,0,0,0,0,0,0,0,0,0,0,0,0,0,0,0,0,0,0,0,0,0,0,0,0,0,0,0,0,0,0,0,0,0
Step Change,New South Wales,Bus,PHEV,0,0,0,0,0,0.000126279,0.00031292,0.000527443,0.000830871,0.001129668,0.003704271,0.006231291,0.008715388,0.011120103,0.013509902,0.01582865,0.018136226,0.0203769,0.022608098,0.024776951,0.026938683,0.029040192,0.031137359,0.033178354,0.035215112,0.037212706,0.039209882,0.041156663,0.043102075,0.044996837,0.045007069,0.045007069,0.045007069,0.045007069,0.045007069,0.045007069,0.045007069,0.045007069,0.045007069,0.045007069,0.045007069,0.045007069,0.045007069,0.045007069,0.045007069,0.045007069,0.045007069,0.045007069,0.045007069,0.045007069,0.045007069,0.045007069,0.045007069,0.045007069,0.045007069,0.045007069,0.045007069,0.045007069,0.045007069,0.045007069,0.045007069,0.045007069,0.045007069,0.045007069,0.045007069,0.045007069,0.045007069,0.045007069,0.045007069,0.045007069,0.045007069,0.045007069,0.045007069,0.045007069,0.045007069
Step Change,New South Wales,Large Light Commercial,BEV,0.000453718,0.001123985,0.002336169,0.00396074,0.005993351,0.013938852,0.027694788,0.046519301,0.069853347,0.097702955,0.152890091,0.206048897,0.257333683,0.306914579,0.35488787,0.401355909,0.446410576,0.490126545,0.53256085,0.573762707,0.61377826,0.652668688,0.690416602,0.727100465,0.762720172,0.79728322,0.830773028,0.863211932,0.894610583,0.925000098,0.925000112,0.925000112,0.925000112,0.925000112,0.925000112,0.925000112,0.925000112,0.925000112,0.925000112,0.925000112,0.925000112,0.925000112,0.925000112,0.925000112,0.925000112,0.925000112,0.925000112,0.925000112,0.925000112,0.925000112,0.925000112,0.925000112,0.925000112,0.925000112,0.925000112,0.925000112,0.925000112,0.925000112,0.925000112,0.925000112,0.925000112,0.925000112,0.925000112,0.925000112,0.925000112,0.925000112,0.925000112,0.925000112,0.925000112,0.925000112,0.925000112,0.925000112,0.925000112,0.925000112,0.925000112
Step Change,New South Wales,Large Light Commercial,FCEV,1.06257E-06,1.04363E-06,1.02329E-06,2.00595E-06,2.95239E-06,3.85877E-06,4.71979E-06,4.62115E-06,5.43493E-06,5.32586E-06,5.22219E-06,5.12445E-06,4.19319E-06,4.12033E-06,4.05094E-06,3.18775E-06,3.13703E-06,3.08835E-06,2.2811E-06,2.24714E-06,2.21425E-06,1.45494E-06,1.43423E-06,1.4141E-06,1.39443E-06,6.87583E-07,6.78107E-07,6.68779E-07,0,0,0,0,0,0,0,0,0,0,0,0,0,0,0,0,0,0,0,0,0,0,0,0,0,0,0,0,0,0,0,0,0,0,0,0,0,0,0,0,0,0,0,0,0,0,0
Step Change,New South Wales,Large Light Commercial,Hybrid,0.00618948,0.009658755,0.015285892,0.02213561,0.030317106,0.036258958,0.040280582,0.042535867,0.043353533,0.043042736,0.040763554,0.038586233,0.03650006,0.034501201,0.032578507,0.030725914,0.028938281,0.02721068,0.025538473,0.023918546,0.022346237,0.020820193,0.019336323,0.017893985,0.016490538,0.015124085,0.013792692,0.012495469,0.011231442,0.009999987,0.010000071,0.010000071,0.010000071,0.010000071,0.010000071,0.010000071,0.010000071,0.010000071,0.010000071,0.010000071,0.010000071,0.010000071,0.010000071,0.010000071,0.010000071,0.010000071,0.010000071,0.010000071,0.010000071,0.010000071,0.010000071,0.010000071,0.010000071,0.010000071,0.010000071,0.010000071,0.010000071,0.010000071,0.010000071,0.010000071,0.010000071,0.010000071,0.010000071,0.010000071,0.010000071,0.010000071,0.010000071,0.010000071,0.010000071,0.010000071,0.010000071,0.010000071,0.010000071,0.010000071,0.010000071
Step Change,New South Wales,Large Light Commercial,ICE,0.993218668,0.987887681,0.978687959,0.966894876,0.952484239,0.934658436,0.913150187,0.888662555,0.861412901,0.83101392,0.775692093,0.72237624,0.670918284,0.62114275,0.572963185,0.526282192,0.481006483,0.437066376,0.394407343,0.352982066,0.312746935,0.273641504,0.235687435,0.198804381,0.162995014,0.128256309,0.094606067,0.062023913,0.030499287,0,0,0,0,0,0,0,0,0,0,0,0,0,0,0,0,0,0,0,0,0,0,0,0,0,0,0,0,0,0,0,0,0,0,0,0,0,0,0,0,0,0,0,0,0,0
Step Change,New South Wales,Large Light Commercial,PHEV,0.000137072,0.001328535,0.003688957,0.007006768,0.011202351,0.015139895,0.018869723,0.022277656,0.025374784,0.028235062,0.03064904,0.032983504,0.03524378,0.03743735,0.039566387,0.041632797,0.043641523,0.045593311,0.047491052,0.049334435,0.051126353,0.05286816,0.054558206,0.056199755,0.057792881,0.059335698,0.060827534,0.062268017,0.063658688,0.064999915,0.064999817,0.064999817,0.064999817,0.064999817,0.064999817,0.064999817,0.064999817,0.064999817,0.064999817,0.064999817,0.064999817,0.064999817,0.064999817,0.064999817,0.064999817,0.064999817,0.064999817,0.064999817,0.064999817,0.064999817,0.064999817,0.064999817,0.064999817,0.064999817,0.064999817,0.064999817,0.064999817,0.064999817,0.064999817,0.064999817,0.064999817,0.064999817,0.064999817,0.064999817,0.064999817,0.064999817,0.064999817,0.064999817,0.064999817,0.064999817,0.064999817,0.064999817,0.064999817,0.064999817,0.064999817
Step Change,New South Wales,Large Residential,BEV,0.008987078,0.01407039,0.021372515,0.029864679,0.04004981,0.053468061,0.069998747,0.089398896,0.11158441,0.136503296,0.180365121,0.223651186,0.266298857,0.30830197,0.349674044,0.390424884,0.43058293,0.470204387,0.509370456,0.548169217,0.586718415,0.62512145,0.663476466,0.702493448,0.740681377,0.777746501,0.814921984,0.851847962,0.888536055,0.925000027,0.924999884,0.924999884,0.924999884,0.924999884,0.924999884,0.924999884,0.924999884,0.924999884,0.924999884,0.924999884,0.924999884,0.924999884,0.924999884,0.924999884,0.924999884,0.924999884,0.924999884,0.924999884,0.924999884,0.924999884,0.924999884,0.924999884,0.924999884,0.924999884,0.924999884,0.924999884,0.924999884,0.924999884,0.924999884,0.924999884,0.924999884,0.924999884,0.924999884,0.924999884,0.924999884,0.924999884,0.924999884,0.924999884,0.924999884,0.924999884,0.924999884,0.924999884,0.924999884,0.924999884,0.924999884
Step Change,New South Wales,Large Residential,FCEV,1.37608E-05,1.40453E-05,1.39117E-05,1.33651E-05,1.24234E-05,1.19216E-05,1.14323E-05,1.09552E-05,1.04859E-05,1.00212E-05,9.56128E-06,8.70944E-06,8.25861E-06,7.81156E-06,7.3693E-06,6.54717E-06,6.11864E-06,5.6964E-06,5.28094E-06,4.49759E-06,4.09831E-06,3.70558E-06,3.3189E-06,2.57272E-06,2.19615E-06,1.82075E-06,1.45005E-06,7.21846E-07,3.59383E-07,0,0,0,0,0,0,0,0,0,0,0,0,0,0,0,0,0,0,0,0,0,0,0,0,0,0,0,0,0,0,0,0,0,0,0,0,0,0,0,0,0,0,0,0,0,0
Step Change,New South Wales,Large Residential,Hybrid,0.080589563,0.095846258,0.110735918,0.119381448,0.126152428,0.129930464,0.131260358,0.130570161,0.128243266,0.12461253,0.118211643,0.111868348,0.10556587,0.099318519,0.093139803,0.087036109,0.081013032,0.07507861,0.06923798,0.06349364,0.057845808,0.0522909,0.046821195,0.041465336,0.036117122,0.030780872,0.025513914,0.020296505,0.015125694,0.01000014,0.009999968,0.009999968,0.009999968,0.009999968,0.009999968,0.009999968,0.009999968,0.009999968,0.009999968,0.009999968,0.009999968,0.009999968,0.009999968,0.009999968,0.009999968,0.009999968,0.009999968,0.009999968,0.009999968,0.009999968,0.009999968,0.009999968,0.009999968,0.009999968,0.009999968,0.009999968,0.009999968,0.009999968,0.009999968,0.009999968,0.009999968,0.009999968,0.009999968,0.009999968,0.009999968,0.009999968,0.009999968,0.009999968,0.009999968,0.009999968,0.009999968,0.009999968,0.009999968,0.009999968,0.009999968
Step Change,New South Wales,Large Residential,ICE,0.907696145,0.882223529,0.85101378,0.821820574,0.789726076,0.759817558,0.731329932,0.70393734,0.677158339,0.650577282,0.614429162,0.57879862,0.543780264,0.509356687,0.475491649,0.442164447,0.409335203,0.376931461,0.344857594,0.313017457,0.281283904,0.249553663,0.217734209,0.1850252,0.153184635,0.122518636,0.091621129,0.060908645,0.030372141,0,0,0,0,0,0,0,0,0,0,0,0,0,0,0,0,0,0,0,0,0,0,0,0,0,0,0,0,0,0,0,0,0,0,0,0,0,0,0,0,0,0,0,0,0,0
Step Change,New South Wales,Large Residential,PHEV,0.002713453,0.007845778,0.016863875,0.028919935,0.044059263,0.056771995,0.067399532,0.076082648,0.083003498,0.088296871,0.086984513,0.085673136,0.08434675,0.083015012,0.081687135,0.080368012,0.079062717,0.077779845,0.07652869,0.075315188,0.074147775,0.073030281,0.071964811,0.071013444,0.07001467,0.068952169,0.067941523,0.066946165,0.065965751,0.064999834,0.065000148,0.065000148,0.065000148,0.065000148,0.065000148,0.065000148,0.065000148,0.065000148,0.065000148,0.065000148,0.065000148,0.065000148,0.065000148,0.065000148,0.065000148,0.065000148,0.065000148,0.065000148,0.065000148,0.065000148,0.065000148,0.065000148,0.065000148,0.065000148,0.065000148,0.065000148,0.065000148,0.065000148,0.065000148,0.065000148,0.065000148,0.065000148,0.065000148,0.065000148,0.065000148,0.065000148,0.065000148,0.065000148,0.065000148,0.065000148,0.065000148,0.065000148,0.065000148,0.065000148,0.065000148
Step Change,New South Wales,Medium Light Commercial,BEV,0.006950008,0.010392688,0.015117007,0.020323687,0.02633878,0.037380621,0.05339088,0.073598716,0.0975815,0.125541621,0.180230856,0.233214655,0.284538117,0.334273322,0.382445951,0.429118806,0.474354499,0.518216871,0.560762865,0.602042901,0.642105385,0.68101691,0.718759879,0.755429135,0.791017083,0.825864036,0.859671748,0.892454409,0.92422256,0.955,0.955000473,0.955000473,0.955000473,0.955000473,0.955000473,0.955000473,0.955000473,0.955000473,0.955000473,0.955000473,0.955000473,0.955000473,0.955000473,0.955000473,0.955000473,0.955000473,0.955000473,0.955000473,0.955000473,0.955000473,0.955000473,0.955000473,0.955000473,0.955000473,0.955000473,0.955000473,0.955000473,0.955000473,0.955000473,0.955000473,0.955000473,0.955000473,0.955000473,0.955000473,0.955000473,0.955000473,0.955000473,0.955000473,0.955000473,0.955000473,0.955000473,0.955000473,0.955000473,0.955000473,0.955000473
Step Change,New South Wales,Medium Light Commercial,FCEV,1.06107E-05,1.04397E-05,1.02593E-05,1.00837E-05,9.92792E-06,9.77016E-06,9.60181E-06,9.44421E-06,9.29835E-06,9.15093E-06,4.50363E-06,4.43382E-06,4.36542E-06,4.29873E-06,4.23336E-06,4.16936E-06,4.10689E-06,4.04595E-06,3.98654E-06,3.92866E-06,3.87219E-06,3.81723E-06,3.76342E-06,0,0,0,0,0,0,0,0,0,0,0,0,0,0,0,0,0,0,0,0,0,0,0,0,0,0,0,0,0,0,0,0,0,0,0,0,0,0,0,0,0,0,0,0,0,0,0,0,0,0,0,0
Step Change,New South Wales,Medium Light Commercial,Hybrid,0.006329282,0.010178675,0.016384024,0.023631138,0.031749499,0.03761022,0.041571049,0.043792794,0.044608819,0.044322534,0.042104457,0.039948745,0.037856928,0.035825592,0.033849944,0.031924785,0.030058359,0.028244747,0.026482595,0.024766245,0.023101467,0.021483376,0.019908474,0.018372966,0.016881853,0.015435665,0.0140257,0.01264746,0.01130696,0.01,0.01000027,0.01000027,0.01000027,0.01000027,0.01000027,0.01000027,0.01000027,0.01000027,0.01000027,0.01000027,0.01000027,0.01000027,0.01000027,0.01000027,0.01000027,0.01000027,0.01000027,0.01000027,0.01000027,0.01000027,0.01000027,0.01000027,0.01000027,0.01000027,0.01000027,0.01000027,0.01000027,0.01000027,0.01000027,0.01000027,0.01000027,0.01000027,0.01000027,0.01000027,0.01000027,0.01000027,0.01000027,0.01000027,0.01000027,0.01000027,0.01000027,0.01000027,0.01000027,0.01000027,0.01000027
Step Change,New South Wales,Medium Light Commercial,ICE,0.984609181,0.9737077,0.956377664,0.935444187,0.910867105,0.885073643,0.857590713,0.829187326,0.799839139,0.768838335,0.718045604,0.668842196,0.621199356,0.575036432,0.530346839,0.487064563,0.445125733,0.404465106,0.365031653,0.326785574,0.289666682,0.253620644,0.218665794,0.184716779,0.15177565,0.119484683,0.088176303,0.057834536,0.028451224,0,0,0,0,0,0,0,0,0,0,0,0,0,0,0,0,0,0,0,0,0,0,0,0,0,0,0,0,0,0,0,0,0,0,0,0,0,0,0,0,0,0,0,0,0,0
Step Change,New South Wales,Medium Light Commercial,PHEV,0.002100918,0.005710498,0.012111046,0.020590905,0.031034688,0.039925747,0.047437756,0.05341172,0.057961244,0.06128836,0.059614579,0.057989971,0.056401235,0.054860356,0.053353033,0.051887677,0.050457303,0.04906923,0.047718901,0.046401351,0.045122593,0.043875253,0.04266209,0.041481119,0.040325414,0.039215615,0.038126249,0.037063596,0.036019257,0.035,0.034999257,0.034999257,0.034999257,0.034999257,0.034999257,0.034999257,0.034999257,0.034999257,0.034999257,0.034999257,0.034999257,0.034999257,0.034999257,0.034999257,0.034999257,0.034999257,0.034999257,0.034999257,0.034999257,0.034999257,0.034999257,0.034999257,0.034999257,0.034999257,0.034999257,0.034999257,0.034999257,0.034999257,0.034999257,0.034999257,0.034999257,0.034999257,0.034999257,0.034999257,0.034999257,0.034999257,0.034999257,0.034999257,0.034999257,0.034999257,0.034999257,0.034999257,0.034999257,0.034999257,0.034999257
Step Change,New South Wales,Medium Residential,BEV,0.033140209,0.043983873,0.055668478,0.06556541,0.075811226,0.0892469,0.105756528,0.125099376,0.147194358,0.171990388,0.216009436,0.259442616,0.302221544,0.344339888,0.385809573,0.426633805,0.466826397,0.506424731,0.545483422,0.584061996,0.622257476,0.660163503,0.697885186,0.736287593,0.773535895,0.81029412,0.846935812,0.883262184,0.919280736,0.954999991,0.955000108,0.955000108,0.955000108,0.955000108,0.955000108,0.955000108,0.955000108,0.955000108,0.955000108,0.955000108,0.955000108,0.955000108,0.955000108,0.955000108,0.955000108,0.955000108,0.955000108,0.955000108,0.955000108,0.955000108,0.955000108,0.955000108,0.955000108,0.955000108,0.955000108,0.955000108,0.955000108,0.955000108,0.955000108,0.955000108,0.955000108,0.955000108,0.955000108,0.955000108,0.955000108,0.955000108,0.955000108,0.955000108,0.955000108,0.955000108,0.955000108,0.955000108,0.955000108,0.955000108,0.955000108
Step Change,New South Wales,Medium Residential,FCEV,5.1112E-05,5.10989E-05,5.06128E-05,4.76365E-05,4.52435E-05,4.2939E-05,4.06863E-05,3.84839E-05,3.63152E-05,3.46504E-05,3.25243E-05,3.08939E-05,2.88009E-05,2.71967E-05,2.51438E-05,2.31157E-05,2.15727E-05,1.95952E-05,1.80992E-05,1.61767E-05,1.4284E-05,1.28638E-05,1.1025E-05,9.66057E-06,7.86208E-06,6.08189E-06,4.7545E-06,3.01057E-06,1.71192E-06,0,0,0,0,0,0,0,0,0,0,0,0,0,0,0,0,0,0,0,0,0,0,0,0,0,0,0,0,0,0,0,0,0,0,0,0,0,0,0,0,0,0,0,0,0,0
Step Change,New South Wales,Medium Residential,Hybrid,0.08077713,0.092685195,0.104656071,0.111134512,0.116364331,0.119089477,0.119762921,0.118747102,0.116363209,0.112890364,0.107149041,0.101458575,0.095803749,0.090197542,0.084651327,0.079169389,0.073756756,0.068417903,0.063157933,0.05797864,0.052882864,0.047869712,0.042936617,0.038118842,0.033305947,0.028540572,0.023834305,0.019176463,0.014565461,0.009999813,0.009999835,0.009999835,0.009999835,0.009999835,0.009999835,0.009999835,0.009999835,0.009999835,0.009999835,0.009999835,0.009999835,0.009999835,0.009999835,0.009999835,0.009999835,0.009999835,0.009999835,0.009999835,0.009999835,0.009999835,0.009999835,0.009999835,0.009999835,0.009999835,0.009999835,0.009999835,0.009999835,0.009999835,0.009999835,0.009999835,0.009999835,0.009999835,0.009999835,0.009999835,0.009999835,0.009999835,0.009999835,0.009999835,0.009999835,0.009999835,0.009999835,0.009999835,0.009999835,0.009999835,0.009999835
Step Change,New South Wales,Medium Residential,ICE,0.876025467,0.84535179,0.809975878,0.779530635,0.747073341,0.716928117,0.688354934,0.661055004,0.634572393,0.608519366,0.574228193,0.540441603,0.507259727,0.474663417,0.442619707,0.411116705,0.380130584,0.349614543,0.319502255,0.289729638,0.260192066,0.230794139,0.20143369,0.171154512,0.142051592,0.113361652,0.084678496,0.056227534,0.028003193,0,0,0,0,0,0,0,0,0,0,0,0,0,0,0,0,0,0,0,0,0,0,0,0,0,0,0,0,0,0,0,0,0,0,0,0,0,0,0,0,0,0,0,0,0,0
Step Change,New South Wales,Medium Residential,PHEV,0.010006082,0.017928043,0.02964896,0.043721807,0.060705858,0.074692567,0.086084931,0.095060035,0.101833726,0.106565231,0.102580806,0.098626313,0.094686178,0.090771956,0.086894249,0.083056985,0.079264691,0.075523227,0.071838291,0.068213549,0.06465331,0.061159782,0.057733482,0.054429392,0.051098704,0.047797574,0.044546633,0.041330809,0.038148899,0.035000196,0.035000057,0.035000057,0.035000057,0.035000057,0.035000057,0.035000057,0.035000057,0.035000057,0.035000057,0.035000057,0.035000057,0.035000057,0.035000057,0.035000057,0.035000057,0.035000057,0.035000057,0.035000057,0.035000057,0.035000057,0.035000057,0.035000057,0.035000057,0.035000057,0.035000057,0.035000057,0.035000057,0.035000057,0.035000057,0.035000057,0.035000057,0.035000057,0.035000057,0.035000057,0.035000057,0.035000057,0.035000057,0.035000057,0.035000057,0.035000057,0.035000057,0.035000057,0.035000057,0.035000057,0.035000057
Step Change,New South Wales,Motorcycle,BEV,0.008118667,0.013523686,0.023348002,0.036391604,0.053061639,0.07243239,0.094386801,0.11873332,0.14532707,0.174039695,0.219734377,0.264729856,0.309060973,0.352766334,0.395875787,0.438424171,0.480413905,0.521870545,0.562825123,0.603290931,0.64331855,0.68291354,0.722063606,0.759420876,0.796248149,0.832934103,0.869146572,0.904890139,0.940170787,0.974999108,0.975000443,0.975000443,0.975000443,0.975000443,0.975000443,0.975000443,0.975000443,0.975000443,0.975000443,0.975000443,0.975000443,0.975000443,0.975000443,0.975000443,0.975000443,0.975000443,0.975000443,0.975000443,0.975000443,0.975000443,0.975000443,0.975000443,0.975000443,0.975000443,0.975000443,0.975000443,0.975000443,0.975000443,0.975000443,0.975000443,0.975000443,0.975000443,0.975000443,0.975000443,0.975000443,0.975000443,0.975000443,0.975000443,0.975000443,0.975000443,0.975000443,0.975000443,0.975000443,0.975000443,0.975000443
Step Change,New South Wales,Motorcycle,FCEV,0,0,0,0,0,0,0,0,0,0,0,0,0,0,0,0,0,0,0,0,0,0,0,0,0,0,0,0,0,0,0,0,0,0,0,0,0,0,0,0,0,0,0,0,0,0,0,0,0,0,0,0,0,0,0,0,0,0,0,0,0,0,0,0,0,0,0,0,0,0,0,0,0,0,0
Step Change,New South Wales,Motorcycle,Hybrid,0,0,0,0,0,0,0,0,0,0,0,0,0,0,0,0,0,0,0,0,0,0,0,0,0,0,0,0,0,0,0,0,0,0,0,0,0,0,0,0,0,0,0,0,0,0,0,0,0,0,0,0,0,0,0,0,0,0,0,0,0,0,0,0,0,0,0,0,0,0,0,0,0,0,0
Step Change,New South Wales,Motorcycle,ICE,0.991881333,0.986476314,0.976651998,0.963608396,0.946938361,0.92756761,0.905613199,0.88126668,0.85467293,0.825960305,0.779409151,0.733570545,0.688406234,0.64388269,0.599966649,0.556622597,0.513847937,0.471613823,0.429894311,0.388672947,0.347898425,0.307564911,0.26768217,0.229622793,0.192103534,0.154729956,0.11783887,0.081423056,0.045481496,0.010000867,0.009999316,0.009999316,0.009999316,0.009999316,0.009999316,0.009999316,0.009999316,0.009999316,0.009999316,0.009999316,0.009999316,0.009999316,0.009999316,0.009999316,0.009999316,0.009999316,0.009999316,0.009999316,0.009999316,0.009999316,0.009999316,0.009999316,0.009999316,0.009999316,0.009999316,0.009999316,0.009999316,0.009999316,0.009999316,0.009999316,0.009999316,0.009999316,0.009999316,0.009999316,0.009999316,0.009999316,0.009999316,0.009999316,0.009999316,0.009999316,0.009999316,0.009999316,0.009999316,0.009999316,0.009999316
Step Change,New South Wales,Motorcycle,PHEV,0,0,0,0,0,0,0,0,0,0,0.000856471,0.001699599,0.002532793,0.003350976,0.004157563,0.004953232,0.005738157,0.006515632,0.007280566,0.008036122,0.008783025,0.009521549,0.010254224,0.010956332,0.011648317,0.01233594,0.013014558,0.013686806,0.014347718,0.015000025,0.015000241,0.015000241,0.015000241,0.015000241,0.015000241,0.015000241,0.015000241,0.015000241,0.015000241,0.015000241,0.015000241,0.015000241,0.015000241,0.015000241,0.015000241,0.015000241,0.015000241,0.015000241,0.015000241,0.015000241,0.015000241,0.015000241,0.015000241,0.015000241,0.015000241,0.015000241,0.015000241,0.015000241,0.015000241,0.015000241,0.015000241,0.015000241,0.015000241,0.015000241,0.015000241,0.015000241,0.015000241,0.015000241,0.015000241,0.015000241,0.015000241,0.015000241,0.015000241,0.015000241,0.015000241
Step Change,New South Wales,Rigid Truck,BEV,0.002892717,0.001772715,0.003150947,0.005276886,0.008114188,0.01635019,0.030063154,0.048302092,0.070385165,0.096925639,0.15340514,0.207425923,0.259032593,0.308351664,0.355349061,0.400282921,0.443196323,0.484208298,0.523394696,0.560828617,0.5966133,0.630818236,0.66351665,0.694764057,0.724609225,0.753261213,0.78057872,0.806618465,0.831405397,0.854998645,0.854998381,0.854998381,0.854998381,0.854998381,0.854998381,0.854998381,0.854998381,0.854998381,0.854998381,0.854998381,0.854998381,0.854998381,0.854998381,0.854998381,0.854998381,0.854998381,0.854998381,0.854998381,0.854998381,0.854998381,0.854998381,0.854998381,0.854998381,0.854998381,0.854998381,0.854998381,0.854998381,0.854998381,0.854998381,0.854998381,0.854998381,0.854998381,0.854998381,0.854998381,0.854998381,0.854998381,0.854998381,0.854998381,0.854998381,0.854998381,0.854998381,0.854998381,0.854998381,0.854998381,0.854998381
Step Change,New South Wales,Rigid Truck,FCEV,0,0,4.73115E-06,9.24958E-06,1.81424E-05,0.000368668,0.001062685,0.00204792,0.003280295,0.00480039,0.008164709,0.011382632,0.014457474,0.017396353,0.02019757,0.022875957,0.025434014,0.027879156,0.030215712,0.03244804,0.034582049,0.036622258,0.038572827,0.040437073,0.042217911,0.043927431,0.045557808,0.047112229,0.048592196,0.050001207,0.050000921,0.050000921,0.050000921,0.050000921,0.050000921,0.050000921,0.050000921,0.050000921,0.050000921,0.050000921,0.050000921,0.050000921,0.050000921,0.050000921,0.050000921,0.050000921,0.050000921,0.050000921,0.050000921,0.050000921,0.050000921,0.050000921,0.050000921,0.050000921,0.050000921,0.050000921,0.050000921,0.050000921,0.050000921,0.050000921,0.050000921,0.050000921,0.050000921,0.050000921,0.050000921,0.050000921,0.050000921,0.050000921,0.050000921,0.050000921,0.050000921,0.050000921,0.050000921,0.050000921,0.050000921
Step Change,New South Wales,Rigid Truck,Hybrid,0,0,0,0,0,0,0,0,0,0,0.003702924,0.00724632,0.010634858,0.013875397,0.016967852,0.0199256,0.022755648,0.025458593,0.028042882,0.030513335,0.032876194,0.035136383,0.037298455,0.039366112,0.041342622,0.04324025,0.045051705,0.046780413,0.048428117,0.050001207,0.050000921,0.050000921,0.050000921,0.050000921,0.050000921,0.050000921,0.050000921,0.050000921,0.050000921,0.050000921,0.050000921,0.050000921,0.050000921,0.050000921,0.050000921,0.050000921,0.050000921,0.050000921,0.050000921,0.050000921,0.050000921,0.050000921,0.050000921,0.050000921,0.050000921,0.050000921,0.050000921,0.050000921,0.050000921,0.050000921,0.050000921,0.050000921,0.050000921,0.050000921,0.050000921,0.050000921,0.050000921,0.050000921,0.050000921,0.050000921,0.050000921,0.050000921,0.050000921,0.050000921,0.050000921
Step Change,New South Wales,Rigid Truck,ICE,0.997107283,0.998222442,0.996834859,0.994686115,0.991754279,0.982965776,0.968271249,0.948708708,0.925014118,0.896519514,0.829764833,0.765913526,0.7049055,0.646601682,0.591034711,0.537905674,0.487155701,0.438658004,0.392316204,0.34804058,0.30571686,0.265258489,0.226579574,0.189611377,0.154302223,0.120404654,0.088078998,0.057264669,0.027929096,0,0,0,0,0,0,0,0,0,0,0,0,0,0,0,0,0,0,0,0,0,0,0,0,0,0,0,0,0,0,0,0,0,0,0,0,0,0,0,0,0,0,0,0,0,0
Step Change,New South Wales,Rigid Truck,PHEV,0,4.84348E-06,9.4623E-06,2.77487E-05,0.00011339,0.000315366,0.000602911,0.00094128,0.001320423,0.001754457,0.004962395,0.008031598,0.010969575,0.013774904,0.016450806,0.019009849,0.021458314,0.023795949,0.026030507,0.028169429,0.030211597,0.032164634,0.034032493,0.035821382,0.037528018,0.039166452,0.040732769,0.042224224,0.043645194,0.044998941,0.044999776,0.044999776,0.044999776,0.044999776,0.044999776,0.044999776,0.044999776,0.044999776,0.044999776,0.044999776,0.044999776,0.044999776,0.044999776,0.044999776,0.044999776,0.044999776,0.044999776,0.044999776,0.044999776,0.044999776,0.044999776,0.044999776,0.044999776,0.044999776,0.044999776,0.044999776,0.044999776,0.044999776,0.044999776,0.044999776,0.044999776,0.044999776,0.044999776,0.044999776,0.044999776,0.044999776,0.044999776,0.044999776,0.044999776,0.044999776,0.044999776,0.044999776,0.044999776,0.044999776,0.044999776
Step Change,New South Wales,Small Light Commercial,BEV,0.021212514,0.029011598,0.03804484,0.046335195,0.055163323,0.068511533,0.086394608,0.10800761,0.132972912,0.161548452,0.215205707,0.267203464,0.317562256,0.366353522,0.413616219,0.459392736,0.503760435,0.546771385,0.588501551,0.628971918,0.668258208,0.706419667,0.743415385,0.779372289,0.814257151,0.848425739,0.881567502,0.913709124,0.94484613,0.975003917,0.975002835,0.975002835,0.975002835,0.975002835,0.975002835,0.975002835,0.975002835,0.975002835,0.975002835,0.975002835,0.975002835,0.975002835,0.975002835,0.975002835,0.975002835,0.975002835,0.975002835,0.975002835,0.975002835,0.975002835,0.975002835,0.975002835,0.975002835,0.975002835,0.975002835,0.975002835,0.975002835,0.975002835,0.975002835,0.975002835,0.975002835,0.975002835,0.975002835,0.975002835,0.975002835,0.975002835,0.975002835,0.975002835,0.975002835,0.975002835,0.975002835,0.975002835,0.975002835,0.975002835,0.975002835
Step Change,New South Wales,Small Light Commercial,FCEV,3.23855E-05,3.18634E-05,3.13126E-05,3.07773E-05,3.03012E-05,2.982E-05,2.93062E-05,2.88251E-05,2.83797E-05,1.39651E-05,1.37459E-05,1.35327E-05,1.33239E-05,1.31206E-05,1.29211E-05,1.27256E-05,1.25348E-05,1.23489E-05,1.21677E-05,1.19907E-05,1.18184E-05,1.16509E-05,1.14865E-05,0,0,0,0,0,0,0,0,0,0,0,0,0,0,0,0,0,0,0,0,0,0,0,0,0,0,0,0,0,0,0,0,0,0,0,0,0,0,0,0,0,0,0,0,0,0,0,0,0,0,0,0
Step Change,New South Wales,Small Light Commercial,Hybrid,0,0,0,0,0,0,0,0,0,0,0.000659803,0.001299141,0.001918644,0.002506035,0.003088135,0.003652236,0.004199153,0.004729621,0.005244266,0.005743543,0.006228284,0.006687638,0.00714458,0.007588714,0.008019927,0.008441609,0.008850905,0.009248133,0.009622815,0.009996344,0.009998866,0.009998866,0.009998866,0.009998866,0.009998866,0.009998866,0.009998866,0.009998866,0.009998866,0.009998866,0.009998866,0.009998866,0.009998866,0.009998866,0.009998866,0.009998866,0.009998866,0.009998866,0.009998866,0.009998866,0.009998866,0.009998866,0.009998866,0.009998866,0.009998866,0.009998866,0.009998866,0.009998866,0.009998866,0.009998866,0.009998866,0.009998866,0.009998866,0.009998866,0.009998866,0.009998866,0.009998866,0.009998866,0.009998866,0.009998866,0.009998866,0.009998866,0.009998866,0.009998866,0.009998866
Step Change,New South Wales,Small Light Commercial,ICE,0.972342768,0.958051874,0.938595942,0.917301448,0.892779226,0.866346598,0.837717049,0.807909605,0.777091936,0.744745625,0.695514715,0.647824616,0.601654831,0.556930303,0.513625263,0.471698353,0.431058688,0.391681794,0.353482996,0.316434447,0.280485499,0.245578469,0.211729976,0.178855803,0.146961252,0.115680894,0.085366649,0.055982319,0.02753459,0,0,0,0,0,0,0,0,0,0,0,0,0,0,0,0,0,0,0,0,0,0,0,0,0,0,0,0,0,0,0,0,0,0,0,0,0,0,0,0,0,0,0,0,0,0
Step Change,New South Wales,Small Light Commercial,PHEV,0.006412332,0.012904665,0.023327906,0.036332579,0.05202715,0.065112049,0.075859037,0.084053961,0.089906773,0.093691957,0.088606029,0.083659246,0.078850945,0.074197019,0.069657463,0.065243949,0.06096919,0.056804851,0.052759019,0.048838102,0.045016191,0.041302575,0.037698572,0.034183194,0.03076167,0.027451758,0.024214944,0.021060424,0.017996464,0.014999739,0.014998299,0.014998299,0.014998299,0.014998299,0.014998299,0.014998299,0.014998299,0.014998299,0.014998299,0.014998299,0.014998299,0.014998299,0.014998299,0.014998299,0.014998299,0.014998299,0.014998299,0.014998299,0.014998299,0.014998299,0.014998299,0.014998299,0.014998299,0.014998299,0.014998299,0.014998299,0.014998299,0.014998299,0.014998299,0.014998299,0.014998299,0.014998299,0.014998299,0.014998299,0.014998299,0.014998299,0.014998299,0.014998299,0.014998299,0.014998299,0.014998299,0.014998299,0.014998299,0.014998299,0.014998299
Step Change,New South Wales,Small Residential,BEV,0.076078299,0.094229046,0.10803739,0.11247174,0.112669948,0.117652924,0.127076921,0.140611441,0.158052812,0.179262397,0.224335156,0.268807337,0.312608117,0.355730179,0.39818459,0.439973553,0.481104055,0.521607382,0.561523787,0.600891054,0.639772692,0.678220057,0.716278708,0.754410744,0.79175028,0.829074432,0.866100883,0.902763483,0.939059273,0.975000729,0.974999469,0.974999469,0.974999469,0.974999469,0.974999469,0.974999469,0.974999469,0.974999469,0.974999469,0.974999469,0.974999469,0.974999469,0.974999469,0.974999469,0.974999469,0.974999469,0.974999469,0.974999469,0.974999469,0.974999469,0.974999469,0.974999469,0.974999469,0.974999469,0.974999469,0.974999469,0.974999469,0.974999469,0.974999469,0.974999469,0.974999469,0.974999469,0.974999469,0.974999469,0.974999469,0.974999469,0.974999469,0.974999469,0.974999469,0.974999469,0.974999469,0.974999469,0.974999469,0.974999469,0.974999469
Step Change,New South Wales,Small Residential,FCEV,0.000117335,0.000116132,0.000116189,0.000109357,0.000103863,9.74398E-05,9.22764E-05,8.72272E-05,8.33671E-05,7.84402E-05,7.35666E-05,6.98306E-05,6.50328E-05,6.13573E-05,5.66514E-05,5.30635E-05,4.8466E-05,4.49772E-05,4.04997E-05,3.60876E-05,3.27651E-05,2.84758E-05,2.52588E-05,2.10956E-05,1.79706E-05,1.38991E-05,1.08615E-05,6.87482E-06,3.90765E-06,0,0,0,0,0,0,0,0,0,0,0,0,0,0,0,0,0,0,0,0,0,0,0,0,0,0,0,0,0,0,0,0,0,0,0,0,0,0,0,0,0,0,0,0,0,0
Step Change,New South Wales,Small Residential,Hybrid,0,0,0,0,0,0,0,0,0,0,0.000565474,0.001122745,0.00167351,0.002215321,0.002750266,0.003276138,0.003795098,0.004305264,0.004809085,0.005304873,0.005795321,0.006278921,0.006758252,0.0072358,0.007705409,0.008172642,0.008636837,0.009095391,0.009550288,0.009999708,0.010000406,0.010000406,0.010000406,0.010000406,0.010000406,0.010000406,0.010000406,0.010000406,0.010000406,0.010000406,0.010000406,0.010000406,0.010000406,0.010000406,0.010000406,0.010000406,0.010000406,0.010000406,0.010000406,0.010000406,0.010000406,0.010000406,0.010000406,0.010000406,0.010000406,0.010000406,0.010000406,0.010000406,0.010000406,0.010000406,0.010000406,0.010000406,0.010000406,0.010000406,0.010000406,0.010000406,0.010000406,0.010000406,0.010000406,0.010000406,0.010000406,0.010000406,0.010000406,0.010000406,0.010000406
Step Change,New South Wales,Small Residential,ICE,0.90083391,0.870606328,0.841810693,0.821879648,0.804165259,0.784992227,0.764268794,0.742127182,0.718538387,0.693471123,0.654092277,0.615265182,0.577080073,0.539530778,0.502592069,0.466259069,0.430518196,0.395334291,0.360660624,0.32645951,0.292662673,0.259221593,0.226090752,0.192783889,0.160234177,0.127621088,0.095245148,0.063184536,0.031437994,0,0,0,0,0,0,0,0,0,0,0,0,0,0,0,0,0,0,0,0,0,0,0,0,0,0,0,0,0,0,0,0,0,0,0,0,0,0,0,0,0,0,0,0,0,0
Step Change,New South Wales,Small Residential,PHEV,0.022970455,0.035048494,0.050035728,0.065539256,0.08306093,0.097257409,0.108562008,0.11717415,0.123325434,0.12718804,0.120933527,0.114734906,0.108573268,0.102462365,0.096416424,0.090438177,0.084534184,0.078708086,0.072966004,0.067308476,0.061736548,0.056250953,0.05084703,0.045548471,0.040292163,0.035117938,0.03000627,0.024949716,0.019948536,0.014999563,0.015000126,0.015000126,0.015000126,0.015000126,0.015000126,0.015000126,0.015000126,0.015000126,0.015000126,0.015000126,0.015000126,0.015000126,0.015000126,0.015000126,0.015000126,0.015000126,0.015000126,0.015000126,0.015000126,0.015000126,0.015000126,0.015000126,0.015000126,0.015000126,0.015000126,0.015000126,0.015000126,0.015000126,0.015000126,0.015000126,0.015000126,0.015000126,0.015000126,0.015000126,0.015000126,0.015000126,0.015000126,0.015000126,0.015000126,0.015000126,0.015000126,0.015000126,0.015000126,0.015000126,0.015000126
Step Change,QLD,Articulated Truck,BEV,0,0.001483526,0.020892399,0.078965643,0.131670402,0.181870284,0.230592187,0.274973408,0.314769112,0.35183894,0.388844712,0.424167523,0.457839835,0.4899798,0.520463883,0.549320853,0.576728793,0.602780415,0.62756731,0.651119403,0.673492683,0.694771666,0.714970558,0.734135151,0.752288954,0.76968188,0.78613486,0.801608473,0.816232861,0.830005315,0.82999758,0.82999758,0.82999758,0.82999758,0.82999758,0.82999758,0.82999758,0.82999758,0.82999758,0.82999758,0.82999758,0.82999758,0.82999758,0.82999758,0.82999758,0.82999758,0.82999758,0.82999758,0.82999758,0.82999758,0.82999758,0.82999758,0.82999758,0.82999758,0.82999758,0.82999758,0.82999758,0.82999758,0.82999758,0.82999758,0.82999758,0.82999758,0.82999758,0.82999758,0.82999758,0.82999758,0.82999758,0.82999758,0.82999758,0.82999758,0.82999758,0.82999758,0.82999758,0.82999758,0.82999758
Step Change,QLD,Articulated Truck,FCEV,0,0,0,0,0,0.00028656,0.000901966,0.001793041,0.002913978,0.004299576,0.007753039,0.011025634,0.014152994,0.017143313,0.020021842,0.022739991,0.025331575,0.0278285,0.03018823,0.032439366,0.034609502,0.036658694,0.038613926,0.040476803,0.042272155,0.043973003,0.045592031,0.047147628,0.048609497,0.049996204,0.050008378,0.050008378,0.050008378,0.050008378,0.050008378,0.050008378,0.050008378,0.050008378,0.050008378,0.050008378,0.050008378,0.050008378,0.050008378,0.050008378,0.050008378,0.050008378,0.050008378,0.050008378,0.050008378,0.050008378,0.050008378,0.050008378,0.050008378,0.050008378,0.050008378,0.050008378,0.050008378,0.050008378,0.050008378,0.050008378,0.050008378,0.050008378,0.050008378,0.050008378,0.050008378,0.050008378,0.050008378,0.050008378,0.050008378,0.050008378,0.050008378,0.050008378,0.050008378,0.050008378,0.050008378
Step Change,QLD,Articulated Truck,Hybrid,0,0,0,0,0,0,0,0,0,0,0,0,0,0,0,0,0,0,0,0,0,0,0,0,0,0,0,0,0,0,0,0,0,0,0,0,0,0,0,0,0,0,0,0,0,0,0,0,0,0,0,0,0,0,0,0,0,0,0,0,0,0,0,0,0,0,0,0,0,0,0,0,0,0,0
Step Change,QLD,Articulated Truck,ICE,1,0.998516474,0.979107601,0.92100129,0.868199682,0.817588436,0.768101518,0.722656131,0.681573548,0.642931846,0.601045098,0.561085345,0.522981636,0.486604295,0.452025586,0.419316274,0.388235001,0.358654104,0.330521801,0.303777985,0.2783371,0.254152044,0.231180089,0.209373124,0.188681226,0.168875262,0.15012502,0.132432272,0.115733209,0.099992408,0.099420975,0.099420975,0.099420975,0.099420975,0.099420975,0.099420975,0.099420975,0.099420975,0.099420975,0.099420975,0.099420975,0.099420975,0.099420975,0.099420975,0.099420975,0.099420975,0.099420975,0.099420975,0.099420975,0.099420975,0.099420975,0.099420975,0.099420975,0.099420975,0.099420975,0.099420975,0.099420975,0.099420975,0.099420975,0.099420975,0.099420975,0.099420975,0.099420975,0.099420975,0.099420975,0.099420975,0.099420975,0.099420975,0.099420975,0.099420975,0.099420975,0.099420975,0.099420975,0.099420975,0.099420975
Step Change,QLD,Articulated Truck,PHEV,0,0,0,3.30677E-05,0.000129917,0.00025472,0.000404329,0.00057742,0.000743362,0.000929638,0.002357151,0.003721499,0.005025535,0.006272592,0.007488689,0.008622882,0.009704631,0.01073698,0.011722659,0.012663246,0.013560715,0.014417596,0.015235427,0.016014922,0.016757665,0.017469855,0.018148088,0.018811627,0.019424433,0.020006074,0.020573067,0.020573067,0.020573067,0.020573067,0.020573067,0.020573067,0.020573067,0.020573067,0.020573067,0.020573067,0.020573067,0.020573067,0.020573067,0.020573067,0.020573067,0.020573067,0.020573067,0.020573067,0.020573067,0.020573067,0.020573067,0.020573067,0.020573067,0.020573067,0.020573067,0.020573067,0.020573067,0.020573067,0.020573067,0.020573067,0.020573067,0.020573067,0.020573067,0.020573067,0.020573067,0.020573067,0.020573067,0.020573067,0.020573067,0.020573067,0.020573067,0.020573067,0.020573067,0.020573067,0.020573067
Step Change,QLD,Bus,BEV,0.01075224,0.011294777,0.024056104,0.039856388,0.059011419,0.079180509,0.100435141,0.122725859,0.14594261,0.170073496,0.213498252,0.255944163,0.295804063,0.33492553,0.373388479,0.411150083,0.44828217,0.484803424,0.520783891,0.556153736,0.590997489,0.62535073,0.659162868,0.692522784,0.72540422,0.758179716,0.790490342,0.822422698,0.853921732,0.884985611,0.882568807,0.882568807,0.882568807,0.882568807,0.882568807,0.882568807,0.882568807,0.882568807,0.882568807,0.882568807,0.882568807,0.882568807,0.882568807,0.882568807,0.882568807,0.882568807,0.882568807,0.882568807,0.882568807,0.882568807,0.882568807,0.882568807,0.882568807,0.882568807,0.882568807,0.882568807,0.882568807,0.882568807,0.882568807,0.882568807,0.882568807,0.882568807,0.882568807,0.882568807,0.882568807,0.882568807,0.882568807,0.882568807,0.882568807,0.882568807,0.882568807,0.882568807,0.882568807,0.882568807,0.882568807
Step Change,QLD,Bus,FCEV,0,0.001195433,0.002609476,0.004356771,0.006468099,0.008503401,0.01038849,0.012167626,0.013884604,0.015541265,0.017708293,0.019788311,0.021720144,0.023582067,0.02541173,0.027210633,0.029014672,0.030755839,0.032470334,0.034191386,0.035854461,0.037492985,0.039107895,0.040734604,0.042306111,0.043874566,0.045454545,0.046985043,0.048492923,0.050014885,0.049868938,0.049868938,0.049868938,0.049868938,0.049868938,0.049868938,0.049868938,0.049868938,0.049868938,0.049868938,0.049868938,0.049868938,0.049868938,0.049868938,0.049868938,0.049868938,0.049868938,0.049868938,0.049868938,0.049868938,0.049868938,0.049868938,0.049868938,0.049868938,0.049868938,0.049868938,0.049868938,0.049868938,0.049868938,0.049868938,0.049868938,0.049868938,0.049868938,0.049868938,0.049868938,0.049868938,0.049868938,0.049868938,0.049868938,0.049868938,0.049868938,0.049868938,0.049868938,0.049868938,0.049868938
Step Change,QLD,Bus,Hybrid,0,0,0,0,0,0,0,0,0,0,0.001152384,0.002300966,0.003455478,0.004550925,0.005626351,0.006682666,0.00775676,0.00877702,0.009780654,0.010767256,0.01177469,0.012731481,0.013673846,0.01460232,0.01551795,0.016461465,0.017357828,0.018244014,0.019117402,0.02001257,0.020806029,0.020806029,0.020806029,0.020806029,0.020806029,0.020806029,0.020806029,0.020806029,0.020806029,0.020806029,0.020806029,0.020806029,0.020806029,0.020806029,0.020806029,0.020806029,0.020806029,0.020806029,0.020806029,0.020806029,0.020806029,0.020806029,0.020806029,0.020806029,0.020806029,0.020806029,0.020806029,0.020806029,0.020806029,0.020806029,0.020806029,0.020806029,0.020806029,0.020806029,0.020806029,0.020806029,0.020806029,0.020806029,0.020806029,0.020806029,0.020806029,0.020806029,0.020806029,0.020806029,0.020806029
Step Change,QLD,Bus,ICE,0.98924776,0.98750979,0.973334421,0.955786841,0.934520482,0.912197437,0.888901956,0.864601151,0.839401419,0.813275149,0.763953444,0.71575395,0.670324663,0.625808635,0.582085103,0.539117593,0.496835096,0.45528072,0.414383315,0.374108671,0.334464835,0.2953844,0.256915208,0.218965755,0.181556591,0.1442759,0.107490207,0.071198605,0.035370525,0,0,0,0,0,0,0,0,0,0,0,0,0,0,0,0,0,0,0,0,0,0,0,0,0,0,0,0,0,0,0,0,0,0,0,0,0,0,0,0,0,0,0,0,0,0
Step Change,QLD,Bus,PHEV,0,0,0,0,0,0.000118652,0.000274413,0.000505365,0.000771367,0.00111009,0.003687627,0.006212609,0.008695652,0.011132842,0.013488337,0.015839025,0.018111302,0.020382997,0.022581805,0.02477895,0.026908525,0.029040404,0.031140183,0.033174537,0.035215127,0.037208353,0.039207078,0.041149641,0.043097419,0.044986934,0.046756225,0.046756225,0.046756225,0.046756225,0.046756225,0.046756225,0.046756225,0.046756225,0.046756225,0.046756225,0.046756225,0.046756225,0.046756225,0.046756225,0.046756225,0.046756225,0.046756225,0.046756225,0.046756225,0.046756225,0.046756225,0.046756225,0.046756225,0.046756225,0.046756225,0.046756225,0.046756225,0.046756225,0.046756225,0.046756225,0.046756225,0.046756225,0.046756225,0.046756225,0.046756225,0.046756225,0.046756225,0.046756225,0.046756225,0.046756225,0.046756225,0.046756225,0.046756225,0.046756225,0.046756225
Step Change,QLD,Large Light Commercial,BEV,0.000263034,0.002932189,0.008245515,0.015777137,0.025327046,0.038609183,0.05568616,0.075829954,0.098711139,0.124507097,0.179861414,0.233610681,0.285851986,0.33670116,0.386229796,0.434497878,0.481567174,0.527490687,0.57217795,0.615300162,0.657322739,0.698291714,0.738199466,0.77710946,0.815022302,0.852104839,0.888151564,0.922767872,0.956404357,0.989089134,0.98971012,0.98971012,0.98971012,0.98971012,0.98971012,0.98971012,0.98971012,0.98971012,0.98971012,0.98971012,0.98971012,0.98971012,0.98971012,0.98971012,0.98971012,0.98971012,0.98971012,0.98971012,0.98971012,0.98971012,0.98971012,0.98971012,0.98971012,0.98971012,0.98971012,0.98971012,0.98971012,0.98971012,0.98971012,0.98971012,0.98971012,0.98971012,0.98971012,0.98971012,0.98971012,0.98971012,0.98971012,0.98971012,0.98971012,0.98971012,0.98971012,0.98971012,0.98971012,0.98971012,0.98971012
Step Change,QLD,Large Light Commercial,FCEV,0,0,1.07336E-06,1.0549E-06,1.03799E-06,1.02095E-06,1.00294E-06,9.85957E-07,9.70163E-07,9.54545E-07,9.4059E-07,9.27273E-07,9.14516E-07,0,0,0,0,0,0,0,0,0,0,0,0,0,0,0,0,0,0,0,0,0,0,0,0,0,0,0,0,0,0,0,0,0,0,0,0,0,0,0,0,0,0,0,0,0,0,0,0,0,0,0,0,0,0,0,0,0,0,0,0,0,0
Step Change,QLD,Large Light Commercial,Hybrid,0.00363142,0.005864379,0.009415472,0.013686318,0.018622645,0.022260746,0.024796654,0.026311249,0.026988955,0.027005047,0.025412848,0.023925499,0.02253458,0.021233821,0.02001564,0.018873433,0.017800984,0.016794192,0.015843754,0.014938662,0.01408737,0.013287759,0.012535371,0.011826614,0.011159429,0.010532554,0.009940051,0.009376815,0.008845569,0.00834539,0.007870496,0.007870496,0.007870496,0.007870496,0.007870496,0.007870496,0.007870496,0.007870496,0.007870496,0.007870496,0.007870496,0.007870496,0.007870496,0.007870496,0.007870496,0.007870496,0.007870496,0.007870496,0.007870496,0.007870496,0.007870496,0.007870496,0.007870496,0.007870496,0.007870496,0.007870496,0.007870496,0.007870496,0.007870496,0.007870496,0.007870496,0.007870496,0.007870496,0.007870496,0.007870496,0.007870496,0.007870496,0.007870496,0.007870496,0.007870496,0.007870496,0.007870496,0.007870496,0.007870496,0.007870496
Step Change,QLD,Large Light Commercial,ICE,0.996011209,0.990921679,0.981719687,0.969464763,0.954415469,0.93665223,0.915915633,0.892901405,0.867779443,0.840186175,0.786913201,0.73510869,0.684685978,0.635538407,0.587601935,0.540827364,0.495160227,0.450552628,0.407108119,0.365169621,0.324259892,0.28433569,0.245412404,0.207428888,0.17038805,0.134124992,0.098853278,0.06497265,0.032030784,0,0,0,0,0,0,0,0,0,0,0,0,0,0,0,0,0,0,0,0,0,0,0,0,0,0,0,0,0,0,0,0,0,0,0,0,0,0,0,0,0,0,0,0,0,0
Step Change,QLD,Large Light Commercial,PHEV,9.4337E-05,0.000281752,0.000618253,0.001070727,0.001633802,0.002476819,0.00360055,0.004956406,0.006519493,0.008300728,0.007811596,0.007354203,0.006926542,0.006526612,0.006152629,0.005801325,0.005471614,0.005162494,0.004870177,0.004591555,0.004329999,0.004084837,0.003852758,0.003635037,0.00343022,0.003237615,0.003055107,0.002882663,0.002719291,0.002565476,0.002419384,0.002419384,0.002419384,0.002419384,0.002419384,0.002419384,0.002419384,0.002419384,0.002419384,0.002419384,0.002419384,0.002419384,0.002419384,0.002419384,0.002419384,0.002419384,0.002419384,0.002419384,0.002419384,0.002419384,0.002419384,0.002419384,0.002419384,0.002419384,0.002419384,0.002419384,0.002419384,0.002419384,0.002419384,0.002419384,0.002419384,0.002419384,0.002419384,0.002419384,0.002419384,0.002419384,0.002419384,0.002419384,0.002419384,0.002419384,0.002419384,0.002419384,0.002419384,0.002419384,0.002419384
Step Change,QLD,Large Residential,BEV,0.007537772,0.017415507,0.034746495,0.058031892,0.087362104,0.115937986,0.144196088,0.172133725,0.199974536,0.227842891,0.270533909,0.312400466,0.353399706,0.393537376,0.432865722,0.471397661,0.509177629,0.54627656,0.582786661,0.61879963,0.654431585,0.689795611,0.724957638,0.760552271,0.795263634,0.828948686,0.862616085,0.895935627,0.928922259,0.961593407,0.96353252,0.96353252,0.96353252,0.96353252,0.96353252,0.96353252,0.96353252,0.96353252,0.96353252,0.96353252,0.96353252,0.96353252,0.96353252,0.96353252,0.96353252,0.96353252,0.96353252,0.96353252,0.96353252,0.96353252,0.96353252,0.96353252,0.96353252,0.96353252,0.96353252,0.96353252,0.96353252,0.96353252,0.96353252,0.96353252,0.96353252,0.96353252,0.96353252,0.96353252,0.96353252,0.96353252,0.96353252,0.96353252,0.96353252,0.96353252,0.96353252,0.96353252,0.96353252,0.96353252,0.96353252
Step Change,QLD,Large Residential,FCEV,0,6.43684E-07,6.37468E-07,6.31468E-07,6.25982E-07,6.21308E-07,6.16985E-07,6.13025E-07,6.09194E-07,6.05357E-07,6.01506E-07,5.97575E-07,5.93498E-07,5.89311E-07,5.85099E-07,5.8087E-07,5.76665E-07,5.72542E-07,0,0,0,0,0,0,0,0,0,0,0,0,0,0,0,0,0,0,0,0,0,0,0,0,0,0,0,0,0,0,0,0,0,0,0,0,0,0,0,0,0,0,0,0,0,0,0,0,0,0,0,0,0,0,0,0,0
Step Change,QLD,Large Residential,Hybrid,0.068479964,0.080531271,0.090982052,0.0956017,0.097487995,0.098027533,0.097459504,0.095981928,0.093760394,0.090944532,0.08629986,0.081877988,0.077659836,0.07364152,0.069825149,0.066201196,0.062764257,0.059511152,0.056438343,0.053539438,0.050809608,0.048242075,0.045826888,0.043586,0.041430549,0.039353748,0.037401505,0.035549379,0.033792773,0.032125706,0.030504016,0.030504016,0.030504016,0.030504016,0.030504016,0.030504016,0.030504016,0.030504016,0.030504016,0.030504016,0.030504016,0.030504016,0.030504016,0.030504016,0.030504016,0.030504016,0.030504016,0.030504016,0.030504016,0.030504016,0.030504016,0.030504016,0.030504016,0.030504016,0.030504016,0.030504016,0.030504016,0.030504016,0.030504016,0.030504016,0.030504016,0.030504016,0.030504016,0.030504016,0.030504016,0.030504016,0.030504016,0.030504016,0.030504016,0.030504016,0.030504016,0.030504016,0.030504016,0.030504016,0.030504016
Step Change,QLD,Large Residential,ICE,0.921284953,0.897936865,0.868531687,0.839028752,0.806085676,0.775255404,0.745838747,0.717643777,0.690268252,0.663432045,0.62629399,0.589713696,0.553756992,0.51842305,0.483657595,0.449458193,0.415786675,0.382577091,0.349740906,0.317193977,0.284825532,0.252530731,0.220256342,0.187340426,0.155206107,0.12400357,0.092670277,0.061564795,0.030678229,0,0,0,0,0,0,0,0,0,0,0,0,0,0,0,0,0,0,0,0,0,0,0,0,0,0,0,0,0,0,0,0,0,0,0,0,0,0,0,0,0,0,0,0,0,0
Step Change,QLD,Large Residential,PHEV,0.002697311,0.004115714,0.005739129,0.007337024,0.009063599,0.010778456,0.012505044,0.014239956,0.015996208,0.017779927,0.01687164,0.016007252,0.015182872,0.014397465,0.013650949,0.012942369,0.012270862,0.011634624,0.01103409,0.010466955,0.009933275,0.009431583,0.008959132,0.008521303,0.00809971,0.007693996,0.007312133,0.0069502,0.006606739,0.006280888,0.005963464,0.005963464,0.005963464,0.005963464,0.005963464,0.005963464,0.005963464,0.005963464,0.005963464,0.005963464,0.005963464,0.005963464,0.005963464,0.005963464,0.005963464,0.005963464,0.005963464,0.005963464,0.005963464,0.005963464,0.005963464,0.005963464,0.005963464,0.005963464,0.005963464,0.005963464,0.005963464,0.005963464,0.005963464,0.005963464,0.005963464,0.005963464,0.005963464,0.005963464,0.005963464,0.005963464,0.005963464,0.005963464,0.005963464,0.005963464,0.005963464,0.005963464,0.005963464,0.005963464,0.005963464
Step Change,QLD,Medium Light Commercial,BEV,0.004018287,0.010544221,0.022483848,0.038660665,0.058795951,0.080832464,0.105039487,0.130562511,0.157246634,0.18554844,0.236820019,0.286766657,0.335414307,0.382812572,0.428996921,0.473991857,0.517843364,0.560598247,0.602156907,0.642176344,0.681144338,0.719119745,0.756082196,0.79210633,0.827190012,0.861715657,0.895280714,0.927500117,0.958807843,0.989247025,0.989856874,0.989856874,0.989856874,0.989856874,0.989856874,0.989856874,0.989856874,0.989856874,0.989856874,0.989856874,0.989856874,0.989856874,0.989856874,0.989856874,0.989856874,0.989856874,0.989856874,0.989856874,0.989856874,0.989856874,0.989856874,0.989856874,0.989856874,0.989856874,0.989856874,0.989856874,0.989856874,0.989856874,0.989856874,0.989856874,0.989856874,0.989856874,0.989856874,0.989856874,0.989856874,0.989856874,0.989856874,0.989856874,0.989856874,0.989856874,0.989856874,0.989856874,0.989856874,0.989856874,0.989856874
Step Change,QLD,Medium Light Commercial,FCEV,0,0,0,0,0,0,0,0,0,0,0,0,0,0,0,0,0,0,0,0,0,0,0,0,0,0,0,0,0,0,0,0,0,0,0,0,0,0,0,0,0,0,0,0,0,0,0,0,0,0,0,0,0,0,0,0,0,0,0,0,0,0,0,0,0,0,0,0,0,0,0,0,0,0,0
Step Change,QLD,Medium Light Commercial,Hybrid,0.003708337,0.006215311,0.010082852,0.014406618,0.018893676,0.022172687,0.024430964,0.025761369,0.026330813,0.026296751,0.024803733,0.023397825,0.022074859,0.020828902,0.019652271,0.018542425,0.017502152,0.016516576,0.015584438,0.014696774,0.013864582,0.013077956,0.012338464,0.011641096,0.010983943,0.010365927,0.009788031,0.009233365,0.008713874,0.008221069,0.007755179,0.007755179,0.007755179,0.007755179,0.007755179,0.007755179,0.007755179,0.007755179,0.007755179,0.007755179,0.007755179,0.007755179,0.007755179,0.007755179,0.007755179,0.007755179,0.007755179,0.007755179,0.007755179,0.007755179,0.007755179,0.007755179,0.007755179,0.007755179,0.007755179,0.007755179,0.007755179,0.007755179,0.007755179,0.007755179,0.007755179,0.007755179,0.007755179,0.007755179,0.007755179,0.007755179,0.007755179,0.007755179,0.007755179,0.007755179,0.007755179,0.007755179,0.007755179,0.007755179,0.007755179
Step Change,QLD,Medium Light Commercial,ICE,0.99083432,0.981114176,0.964594647,0.943482947,0.918273263,0.89229015,0.865065593,0.837391643,0.809261556,0.780051176,0.730731787,0.682625256,0.63571101,0.589941097,0.545297982,0.501751329,0.459262002,0.417798407,0.377454397,0.338597849,0.300717866,0.26377444,0.227778745,0.192665659,0.158443881,0.124723055,0.091914991,0.060423079,0.029792341,0,0,0,0,0,0,0,0,0,0,0,0,0,0,0,0,0,0,0,0,0,0,0,0,0,0,0,0,0,0,0,0,0,0,0,0,0,0,0,0,0,0,0,0,0,0
Step Change,QLD,Medium Light Commercial,PHEV,0.001439056,0.002126291,0.002838653,0.00344977,0.00403711,0.004704698,0.005463956,0.006284477,0.007160997,0.008103633,0.007644461,0.007210263,0.006799824,0.006417429,0.006052826,0.005714389,0.005392483,0.00508677,0.004804258,0.004529032,0.004273214,0.004027859,0.003800595,0.003586915,0.003382164,0.003195361,0.003016263,0.002843439,0.002685942,0.002531906,0.002387947,0.002387947,0.002387947,0.002387947,0.002387947,0.002387947,0.002387947,0.002387947,0.002387947,0.002387947,0.002387947,0.002387947,0.002387947,0.002387947,0.002387947,0.002387947,0.002387947,0.002387947,0.002387947,0.002387947,0.002387947,0.002387947,0.002387947,0.002387947,0.002387947,0.002387947,0.002387947,0.002387947,0.002387947,0.002387947,0.002387947,0.002387947,0.002387947,0.002387947,0.002387947,0.002387947,0.002387947,0.002387947,0.002387947,0.002387947,0.002387947,0.002387947,0.002387947,0.002387947,0.002387947
Step Change,QLD,Medium Residential,BEV,0.027796693,0.042929102,0.065337017,0.092293031,0.124991545,0.156340282,0.186862727,0.216587057,0.2457806,0.274595308,0.315048421,0.354714014,0.393542963,0.431541822,0.468761941,0.50520882,0.540912835,0.575927037,0.610323233,0.644175348,0.677589526,0.710686645,0.743548754,0.777015662,0.809266829,0.840990562,0.872559049,0.903760571,0.934609347,0.965117226,0.966886282,0.966886282,0.966886282,0.966886282,0.966886282,0.966886282,0.966886282,0.966886282,0.966886282,0.966886282,0.966886282,0.966886282,0.966886282,0.966886282,0.966886282,0.966886282,0.966886282,0.966886282,0.966886282,0.966886282,0.966886282,0.966886282,0.966886282,0.966886282,0.966886282,0.966886282,0.966886282,0.966886282,0.966886282,0.966886282,0.966886282,0.966886282,0.966886282,0.966886282,0.966886282,0.966886282,0.966886282,0.966886282,0.966886282,0.966886282,0.966886282,0.966886282,0.966886282,0.966886282,0.966886282
Step Change,QLD,Medium Residential,FCEV,0,0,7.65339E-07,7.58135E-07,7.51549E-07,7.45937E-07,7.40746E-07,7.35992E-07,7.31392E-07,7.26785E-07,7.22162E-07,7.1744E-07,7.1254E-07,7.07501E-07,7.02421E-07,6.97299E-07,0,0,0,0,0,0,0,0,0,0,0,0,0,0,0,0,0,0,0,0,0,0,0,0,0,0,0,0,0,0,0,0,0,0,0,0,0,0,0,0,0,0,0,0,0,0,0,0,0,0,0,0,0,0,0,0,0,0,0
Step Change,QLD,Medium Residential,Hybrid,0.068638996,0.07768815,0.085430235,0.087909497,0.088162659,0.087557391,0.086240575,0.084345445,0.081977333,0.079233358,0.075186498,0.071333664,0.06765781,0.064156924,0.060829643,0.05766868,0.054668346,0.05182501,0.049134637,0.046591659,0.044193722,0.041935671,0.039809761,0.037847094,0.035945503,0.034137324,0.032431919,0.030813683,0.029278445,0.027822128,0.026411207,0.026411207,0.026411207,0.026411207,0.026411207,0.026411207,0.026411207,0.026411207,0.026411207,0.026411207,0.026411207,0.026411207,0.026411207,0.026411207,0.026411207,0.026411207,0.026411207,0.026411207,0.026411207,0.026411207,0.026411207,0.026411207,0.026411207,0.026411207,0.026411207,0.026411207,0.026411207,0.026411207,0.026411207,0.026411207,0.026411207,0.026411207,0.026411207,0.026411207,0.026411207,0.026411207,0.026411207,0.026411207,0.026411207,0.026411207,0.026411207,0.026411207,0.026411207,0.026411207,0.026411207
Step Change,QLD,Medium Residential,ICE,0.893618068,0.865999379,0.833205011,0.802544603,0.769154343,0.737960383,0.708287685,0.679976595,0.652651735,0.62606265,0.590683382,0.555848431,0.521627726,0.48801882,0.454969908,0.422486204,0.390544946,0.359095709,0.328072424,0.297408813,0.267000819,0.236735354,0.20653822,0.17553194,0.145665293,0.116208589,0.086778387,0.057605629,0.028681964,0,0,0,0,0,0,0,0,0,0,0,0,0,0,0,0,0,0,0,0,0,0,0,0,0,0,0,0,0,0,0,0,0,0,0,0,0,0,0,0,0,0,0,0,0,0
Step Change,QLD,Medium Residential,PHEV,0.009946243,0.01338337,0.016026971,0.017252111,0.017690702,0.018141198,0.018608272,0.019090166,0.019589601,0.020107957,0.019080976,0.018103174,0.017170789,0.016281727,0.015437805,0.014635599,0.013873873,0.013152244,0.012469706,0.01182418,0.011215933,0.01064233,0.010103265,0.009605304,0.009122376,0.008663525,0.008230645,0.007820117,0.007430244,0.007060647,0.006702511,0.006702511,0.006702511,0.006702511,0.006702511,0.006702511,0.006702511,0.006702511,0.006702511,0.006702511,0.006702511,0.006702511,0.006702511,0.006702511,0.006702511,0.006702511,0.006702511,0.006702511,0.006702511,0.006702511,0.006702511,0.006702511,0.006702511,0.006702511,0.006702511,0.006702511,0.006702511,0.006702511,0.006702511,0.006702511,0.006702511,0.006702511,0.006702511,0.006702511,0.006702511,0.006702511,0.006702511,0.006702511,0.006702511,0.006702511,0.006702511,0.006702511,0.006702511,0.006702511,0.006702511
Step Change,QLD,Motorcycle,BEV,0.005230729,0.013302192,0.028308718,0.048932398,0.075311032,0.102103891,0.129429136,0.157226484,0.18550216,0.214243723,0.259254162,0.303705209,0.347627757,0.391058026,0.434021352,0.475748473,0.51603127,0.555658168,0.594655273,0.63304683,0.670863762,0.708119335,0.744836201,0.781032665,0.816722589,0.852282832,0.88738761,0.92204002,0.956238912,0.989999064,0.989999135,0.989999135,0.989999135,0.989999135,0.989999135,0.989999135,0.989999135,0.989999135,0.989999135,0.989999135,0.989999135,0.989999135,0.989999135,0.989999135,0.989999135,0.989999135,0.989999135,0.989999135,0.989999135,0.989999135,0.989999135,0.989999135,0.989999135,0.989999135,0.989999135,0.989999135,0.989999135,0.989999135,0.989999135,0.989999135,0.989999135,0.989999135,0.989999135,0.989999135,0.989999135,0.989999135,0.989999135,0.989999135,0.989999135,0.989999135,0.989999135,0.989999135,0.989999135,0.989999135,0.989999135
Step Change,QLD,Motorcycle,FCEV,0,0,0,0,0,0,0,0,0,0,0,0,0,0,0,0,0,0,0,0,0,0,0,0,0,0,0,0,0,0,0,0,0,0,0,0,0,0,0,0,0,0,0,0,0,0,0,0,0,0,0,0,0,0,0,0,0,0,0,0,0,0,0,0,0,0,0,0,0,0,0,0,0,0,0
Step Change,QLD,Motorcycle,Hybrid,0,0,0,0,0,0,0,0,0,0,0,0,0,0,0,0,0,0,0,0,0,0,0,0,0,0,0,0,0,0,0,0,0,0,0,0,0,0,0,0,0,0,0,0,0,0,0,0,0,0,0,0,0,0,0,0,0,0,0,0,0,0,0,0,0,0,0,0,0,0,0,0,0,0,0
Step Change,QLD,Motorcycle,ICE,0.994769271,0.986697808,0.971691282,0.951067602,0.924688968,0.897896109,0.870570864,0.842773516,0.81449784,0.785756277,0.740745838,0.696294791,0.652372243,0.608941974,0.565978648,0.524251527,0.48396873,0.444341832,0.405344727,0.36695317,0.329136238,0.291880665,0.255163799,0.218967335,0.183277411,0.147717168,0.11261239,0.07795998,0.043761088,0.010000936,0.010000865,0.010000865,0.010000865,0.010000865,0.010000865,0.010000865,0.010000865,0.010000865,0.010000865,0.010000865,0.010000865,0.010000865,0.010000865,0.010000865,0.010000865,0.010000865,0.010000865,0.010000865,0.010000865,0.010000865,0.010000865,0.010000865,0.010000865,0.010000865,0.010000865,0.010000865,0.010000865,0.010000865,0.010000865,0.010000865,0.010000865,0.010000865,0.010000865,0.010000865,0.010000865,0.010000865,0.010000865,0.010000865,0.010000865,0.010000865,0.010000865,0.010000865,0.010000865,0.010000865,0.010000865
Step Change,QLD,Motorcycle,PHEV,0,0,0,0,0,0,0,0,0,0,0,0,0,0,0,0,0,0,0,0,0,0,0,0,0,0,0,0,0,0,0,0,0,0,0,0,0,0,0,0,0,0,0,0,0,0,0,0,0,0,0,0,0,0,0,0,0,0,0,0,0,0,0,0,0,0,0,0,0,0,0,0,0,0,0
Step Change,QLD,Rigid Truck,BEV,0.002880293,0.001620509,0.002899181,0.004770517,0.007429898,0.01485599,0.027180449,0.043511472,0.063231927,0.08692488,0.142155267,0.195243514,0.246220193,0.29516852,0.342042132,0.387062975,0.430249667,0.471690851,0.511450725,0.549581055,0.586180336,0.621287854,0.654980389,0.687289793,0.718248533,0.748118373,0.77669177,0.80401079,0.830095128,0.855000404,0.8525804,0.8525804,0.8525804,0.8525804,0.8525804,0.8525804,0.8525804,0.8525804,0.8525804,0.8525804,0.8525804,0.8525804,0.8525804,0.8525804,0.8525804,0.8525804,0.8525804,0.8525804,0.8525804,0.8525804,0.8525804,0.8525804,0.8525804,0.8525804,0.8525804,0.8525804,0.8525804,0.8525804,0.8525804,0.8525804,0.8525804,0.8525804,0.8525804,0.8525804,0.8525804,0.8525804,0.8525804,0.8525804,0.8525804,0.8525804,0.8525804,0.8525804,0.8525804,0.8525804,0.8525804
Step Change,QLD,Rigid Truck,FCEV,0,0,6.2081E-06,6.06936E-06,1.78603E-05,0.000326633,0.000940401,0.001817624,0.002918144,0.004264906,0.007553409,0.01070956,0.01374567,0.016656348,0.019449112,0.022126865,0.024695798,0.027165969,0.029531408,0.031804551,0.033982284,0.03607571,0.038080788,0.040003764,0.041850601,0.043628503,0.045333395,0.046959949,0.04851329,0.050000367,0.049859238,0.049859238,0.049859238,0.049859238,0.049859238,0.049859238,0.049859238,0.049859238,0.049859238,0.049859238,0.049859238,0.049859238,0.049859238,0.049859238,0.049859238,0.049859238,0.049859238,0.049859238,0.049859238,0.049859238,0.049859238,0.049859238,0.049859238,0.049859238,0.049859238,0.049859238,0.049859238,0.049859238,0.049859238,0.049859238,0.049859238,0.049859238,0.049859238,0.049859238,0.049859238,0.049859238,0.049859238,0.049859238,0.049859238,0.049859238,0.049859238,0.049859238,0.049859238,0.049859238,0.049859238
Step Change,QLD,Rigid Truck,Hybrid,0,0,0,0,0,0,0,0,0,0,0.003574616,0.007017851,0.010321877,0.013496446,0.016540243,0.019469355,0.022276199,0.024971249,0.027562647,0.030044981,0.032428783,0.034721013,0.036917857,0.039025867,0.041047249,0.043001294,0.044868517,0.046655583,0.048367571,0.050000367,0.051374585,0.051374585,0.051374585,0.051374585,0.051374585,0.051374585,0.051374585,0.051374585,0.051374585,0.051374585,0.051374585,0.051374585,0.051374585,0.051374585,0.051374585,0.051374585,0.051374585,0.051374585,0.051374585,0.051374585,0.051374585,0.051374585,0.051374585,0.051374585,0.051374585,0.051374585,0.051374585,0.051374585,0.051374585,0.051374585,0.051374585,0.051374585,0.051374585,0.051374585,0.051374585,0.051374585,0.051374585,0.051374585,0.051374585,0.051374585,0.051374585,0.051374585,0.051374585,0.051374585,0.051374585
Step Change,QLD,Rigid Truck,ICE,0.997119707,0.998379491,0.997088403,0.995199136,0.992445079,0.98452574,0.971332007,0.953823423,0.932653162,0.907220908,0.842018792,0.779336728,0.719147991,0.661355588,0.606001301,0.552828724,0.501828713,0.452882232,0.405915271,0.360874934,0.31764543,0.276162852,0.236362651,0.198193959,0.161610238,0.126317533,0.092553422,0.060268375,0.029439018,0,0,0,0,0,0,0,0,0,0,0,0,0,0,0,0,0,0,0,0,0,0,0,0,0,0,0,0,0,0,0,0,0,0,0,0,0,0,0,0,0,0,0,0,0,0
Step Change,QLD,Rigid Truck,PHEV,0,0,6.2081E-06,2.42774E-05,0.000107162,0.000291637,0.000547143,0.000847481,0.001196767,0.001589306,0.004697916,0.007692347,0.010564269,0.013323097,0.015967211,0.01851208,0.020949623,0.023289699,0.025539948,0.027694479,0.029763167,0.03175257,0.033658315,0.035486616,0.037243379,0.038934297,0.040552895,0.042105303,0.043584992,0.044998862,0.046185777,0.046185777,0.046185777,0.046185777,0.046185777,0.046185777,0.046185777,0.046185777,0.046185777,0.046185777,0.046185777,0.046185777,0.046185777,0.046185777,0.046185777,0.046185777,0.046185777,0.046185777,0.046185777,0.046185777,0.046185777,0.046185777,0.046185777,0.046185777,0.046185777,0.046185777,0.046185777,0.046185777,0.046185777,0.046185777,0.046185777,0.046185777,0.046185777,0.046185777,0.046185777,0.046185777,0.046185777,0.046185777,0.046185777,0.046185777,0.046185777,0.046185777,0.046185777,0.046185777,0.046185777
Step Change,QLD,Small Light Commercial,BEV,0.012264549,0.023380038,0.04214026,0.066401148,0.09614131,0.126242358,0.157180358,0.187958593,0.218533596,0.249533181,0.296993472,0.343257038,0.388358806,0.432335177,0.475223781,0.517041854,0.557816924,0.597613314,0.636289915,0.673519219,0.709792431,0.745153029,0.779600769,0.81319986,0.845934432,0.87819347,0.909555985,0.93964356,0.968892449,0.997323247,0.997482411,0.997482411,0.997482411,0.997482411,0.997482411,0.997482411,0.997482411,0.997482411,0.997482411,0.997482411,0.997482411,0.997482411,0.997482411,0.997482411,0.997482411,0.997482411,0.997482411,0.997482411,0.997482411,0.997482411,0.997482411,0.997482411,0.997482411,0.997482411,0.997482411,0.997482411,0.997482411,0.997482411,0.997482411,0.997482411,0.997482411,0.997482411,0.997482411,0.997482411,0.997482411,0.997482411,0.997482411,0.997482411,0.997482411,0.997482411,0.997482411,0.997482411,0.997482411,0.997482411,0.997482411
Step Change,QLD,Small Light Commercial,FCEV,0,0,0,0,0,0,0,0,0,0,0,0,0,0,0,0,0,0,0,0,0,0,0,0,0,0,0,0,0,0,0,0,0,0,0,0,0,0,0,0,0,0,0,0,0,0,0,0,0,0,0,0,0,0,0,0,0,0,0,0,0,0,0,0,0,0,0,0,0,0,0,0,0,0,0
Step Change,QLD,Small Light Commercial,Hybrid,0,0,0,0,0,0,0,0,0,0,0,0,0,0,0,0,0,0,0,0,0,0,0,0,0,0,0,0,0,0,0,0,0,0,0,0,0,0,0,0,0,0,0,0,0,0,0,0,0,0,0,0,0,0,0,0,0,0,0,0,0,0,0,0,0,0,0,0,0,0,0,0,0,0,0
Step Change,QLD,Small Light Commercial,ICE,0.983343188,0.970612707,0.950637099,0.925891288,0.896068175,0.865872394,0.834805435,0.803866646,0.773114419,0.741930703,0.694941304,0.64913752,0.60447079,0.560891285,0.518390452,0.476937701,0.436492594,0.39701866,0.358645077,0.321702373,0.285708729,0.250595467,0.216389212,0.183013397,0.150497006,0.118437595,0.087258687,0.057352328,0.028280663,0,0,0,0,0,0,0,0,0,0,0,0,0,0,0,0,0,0,0,0,0,0,0,0,0,0,0,0,0,0,0,0,0,0,0,0,0,0,0,0,0,0,0,0,0,0
Step Change,QLD,Small Light Commercial,PHEV,0.004392263,0.006007255,0.007222641,0.007707564,0.007790515,0.007885248,0.008014206,0.00817476,0.008351985,0.008536115,0.008065224,0.007605442,0.007170404,0.006773538,0.006385767,0.006020445,0.005690481,0.005368026,0.005065008,0.004778408,0.00449884,0.004251505,0.004010019,0.003786743,0.003568562,0.003368935,0.003185328,0.003004113,0.002826888,0.002676753,0.002517589,0.002517589,0.002517589,0.002517589,0.002517589,0.002517589,0.002517589,0.002517589,0.002517589,0.002517589,0.002517589,0.002517589,0.002517589,0.002517589,0.002517589,0.002517589,0.002517589,0.002517589,0.002517589,0.002517589,0.002517589,0.002517589,0.002517589,0.002517589,0.002517589,0.002517589,0.002517589,0.002517589,0.002517589,0.002517589,0.002517589,0.002517589,0.002517589,0.002517589,0.002517589,0.002517589,0.002517589,0.002517589,0.002517589,0.002517589,0.002517589,0.002517589,0.002517589,0.002517589,0.002517589
Step Change,QLD,Small Residential,BEV,0.063811441,0.086793383,0.115342246,0.144734552,0.178188475,0.210005291,0.240735702,0.270427447,0.299361132,0.327699546,0.365950096,0.403569364,0.440493599,0.476722581,0.51230477,0.547233325,0.581525668,0.61521988,0.648359234,0.680983206,0.713153851,0.744929268,0.776323036,0.807678353,0.838386615,0.869277405,0.899871116,0.930109972,0.960006931,0.989565004,0.990097602,0.990097602,0.990097602,0.990097602,0.990097602,0.990097602,0.990097602,0.990097602,0.990097602,0.990097602,0.990097602,0.990097602,0.990097602,0.990097602,0.990097602,0.990097602,0.990097602,0.990097602,0.990097602,0.990097602,0.990097602,0.990097602,0.990097602,0.990097602,0.990097602,0.990097602,0.990097602,0.990097602,0.990097602,0.990097602,0.990097602,0.990097602,0.990097602,0.990097602,0.990097602,0.990097602,0.990097602,0.990097602,0.990097602,0.990097602,0.990097602,0.990097602,0.990097602,0.990097602,0.990097602
Step Change,QLD,Small Residential,FCEV,0,0,0,0,0,0,0,0,0,0,0,0,0,0,0,0,0,0,0,0,0,0,0,0,0,0,0,0,0,0,0,0,0,0,0,0,0,0,0,0,0,0,0,0,0,0,0,0,0,0,0,0,0,0,0,0,0,0,0,0,0,0,0,0,0,0,0,0,0,0,0,0,0,0,0
Step Change,QLD,Small Residential,Hybrid,0,0,0,0,0,0,0,0,0,0,0,0,0,0,0,0,0,0,0,0,0,0,0,0,0,0,0,0,0,0,0,0,0,0,0,0,0,0,0,0,0,0,0,0,0,0,0,0,0,0,0,0,0,0,0,0,0,0,0,0,0,0,0,0,0,0,0,0,0,0,0,0,0,0,0
Step Change,QLD,Small Residential,ICE,0.913355479,0.883176741,0.849819122,0.81935723,0.787098589,0.756378313,0.726665805,0.697918268,0.66986912,0.642358516,0.605636301,0.569474296,0.533938228,0.499033627,0.464707836,0.430975175,0.397816661,0.365200168,0.33307923,0.30142114,0.27016241,0.239250017,0.208671959,0.17808215,0.148103424,0.117893888,0.087947235,0.058321423,0.029006979,0,0,0,0,0,0,0,0,0,0,0,0,0,0,0,0,0,0,0,0,0,0,0,0,0,0,0,0,0,0,0,0,0,0,0,0,0,0,0,0,0,0,0,0,0,0
Step Change,QLD,Small Residential,PHEV,0.02283308,0.030029876,0.034838633,0.035908218,0.034712937,0.033616395,0.032598493,0.031654285,0.030769747,0.029941938,0.028413603,0.02695634,0.025568173,0.024243792,0.022987394,0.0217915,0.020657671,0.019579952,0.018561536,0.017595654,0.016683739,0.015820715,0.015005005,0.014239497,0.013509962,0.012828707,0.01218165,0.011568605,0.01098609,0.010434996,0.009902398,0.009902398,0.009902398,0.009902398,0.009902398,0.009902398,0.009902398,0.009902398,0.009902398,0.009902398,0.009902398,0.009902398,0.009902398,0.009902398,0.009902398,0.009902398,0.009902398,0.009902398,0.009902398,0.009902398,0.009902398,0.009902398,0.009902398,0.009902398,0.009902398,0.009902398,0.009902398,0.009902398,0.009902398,0.009902398,0.009902398,0.009902398,0.009902398,0.009902398,0.009902398,0.009902398,0.009902398,0.009902398,0.009902398,0.009902398,0.009902398,0.009902398,0.009902398,0.009902398,0.009902398
Step Change,SA,Articulated Truck,BEV,0,0,8.66852E-05,0.000762777,0.005987028,0.015234216,0.028885175,0.045981483,0.065843621,0.089261745,0.144108629,0.196682634,0.247006931,0.295178657,0.341281569,0.385268004,0.427292633,0.467486597,0.50586927,0.542577014,0.577714523,0.611249927,0.643353457,0.67396159,0.70313013,0.731204722,0.757813322,0.783160501,0.807213679,0.830009921,0.830008757,0.830008757,0.830008757,0.830008757,0.830008757,0.830008757,0.830008757,0.830008757,0.830008757,0.830008757,0.830008757,0.830008757,0.830008757,0.830008757,0.830008757,0.830008757,0.830008757,0.830008757,0.830008757,0.830008757,0.830008757,0.830008757,0.830008757,0.830008757,0.830008757,0.830008757,0.830008757,0.830008757,0.830008757,0.830008757,0.830008757,0.830008757,0.830008757,0.830008757,0.830008757,0.830008757,0.830008757,0.830008757,0.830008757,0.830008757,0.830008757,0.830008757,0.830008757,0.830008757,0.830008757
Step Change,SA,Articulated Truck,FCEV,0,0,0,0,0,0.000325866,0.000875308,0.001711663,0.002819692,0.004101417,0.007519346,0.010724244,0.013862634,0.016871271,0.019680279,0.022426833,0.02505152,0.027499212,0.029902385,0.032197543,0.034335527,0.036434424,0.038444014,0.040308173,0.042136369,0.043842232,0.045511944,0.047103132,0.048563335,0.05,0.050014596,0.050014596,0.050014596,0.050014596,0.050014596,0.050014596,0.050014596,0.050014596,0.050014596,0.050014596,0.050014596,0.050014596,0.050014596,0.050014596,0.050014596,0.050014596,0.050014596,0.050014596,0.050014596,0.050014596,0.050014596,0.050014596,0.050014596,0.050014596,0.050014596,0.050014596,0.050014596,0.050014596,0.050014596,0.050014596,0.050014596,0.050014596,0.050014596,0.050014596,0.050014596,0.050014596,0.050014596,0.050014596,0.050014596,0.050014596,0.050014596,0.050014596,0.050014596,0.050014596,0.050014596
Step Change,SA,Articulated Truck,Hybrid,0,0,0,0,0,0,0,0,0,0,0,0,0,0,0,0,0,0,0,0,0,0,0,0,0,0,0,0,0,0,0,0,0,0,0,0,0,0,0,0,0,0,0,0,0,0,0,0,0,0,0,0,0,0,0,0,0,0,0,0,0,0,0,0,0,0,0,0,0,0,0,0,0,0,0
Step Change,SA,Articulated Truck,ICE,1,1,0.999913315,0.999237223,0.994012972,0.984358452,0.970080369,0.952073446,0.931108063,0.906338553,0.846619945,0.789447344,0.734649583,0.68218915,0.63205266,0.584149951,0.538382277,0.494670451,0.452860497,0.412879017,0.374666429,0.338137021,0.303223602,0.269930773,0.238152566,0.20762007,0.178627802,0.151008616,0.12484824,0.1,0.099980539,0.099980539,0.099980539,0.099980539,0.099980539,0.099980539,0.099980539,0.099980539,0.099980539,0.099980539,0.099980539,0.099980539,0.099980539,0.099980539,0.099980539,0.099980539,0.099980539,0.099980539,0.099980539,0.099980539,0.099980539,0.099980539,0.099980539,0.099980539,0.099980539,0.099980539,0.099980539,0.099980539,0.099980539,0.099980539,0.099980539,0.099980539,0.099980539,0.099980539,0.099980539,0.099980539,0.099980539,0.099980539,0.099980539,0.099980539,0.099980539,0.099980539,0.099980539,0.099980539,0.099980539
Step Change,SA,Articulated Truck,PHEV,0,0,0,0,0,8.14664E-05,0.000159147,0.000233409,0.000228624,0.000298285,0.001752081,0.003145778,0.004480851,0.005760922,0.006985492,0.008155212,0.00927357,0.01034374,0.011367849,0.012346426,0.01328352,0.014178627,0.014978927,0.015799464,0.016580935,0.017332976,0.018046933,0.018727751,0.019374747,0.019990079,0.019996108,0.019996108,0.019996108,0.019996108,0.019996108,0.019996108,0.019996108,0.019996108,0.019996108,0.019996108,0.019996108,0.019996108,0.019996108,0.019996108,0.019996108,0.019996108,0.019996108,0.019996108,0.019996108,0.019996108,0.019996108,0.019996108,0.019996108,0.019996108,0.019996108,0.019996108,0.019996108,0.019996108,0.019996108,0.019996108,0.019996108,0.019996108,0.019996108,0.019996108,0.019996108,0.019996108,0.019996108,0.019996108,0.019996108,0.019996108,0.019996108,0.019996108,0.019996108,0.019996108,0.019996108
Step Change,SA,Bus,BEV,0.010082363,0.00477327,0.008603941,0.013170531,0.018722019,0.027527864,0.039606592,0.054488023,0.07234098,0.092951201,0.139360187,0.186273235,0.231555786,0.275163482,0.317794996,0.359723096,0.400972811,0.441463716,0.481372549,0.520597886,0.559358804,0.597441416,0.634918752,0.671922805,0.708313872,0.744609321,0.78036146,0.815822568,0.850686954,0.885092467,0.884981521,0.884981521,0.884981521,0.884981521,0.884981521,0.884981521,0.884981521,0.884981521,0.884981521,0.884981521,0.884981521,0.884981521,0.884981521,0.884981521,0.884981521,0.884981521,0.884981521,0.884981521,0.884981521,0.884981521,0.884981521,0.884981521,0.884981521,0.884981521,0.884981521,0.884981521,0.884981521,0.884981521,0.884981521,0.884981521,0.884981521,0.884981521,0.884981521,0.884981521,0.884981521,0.884981521,0.884981521,0.884981521,0.884981521,0.884981521,0.884981521,0.884981521,0.884981521,0.884981521,0.884981521
Step Change,SA,Bus,FCEV,0,0.00014039,0.00041632,0.000823158,0.001221001,0.001745669,0.002525253,0.003421953,0.0044317,0.005680351,0.008289082,0.010919017,0.013461041,0.015899474,0.018290359,0.020641913,0.022948366,0.025219434,0.02745098,0.029651233,0.03181873,0.033955045,0.036057407,0.038126618,0.040168146,0.042082077,0.044088868,0.046072939,0.048029976,0.049954894,0.049949602,0.049949602,0.049949602,0.049949602,0.049949602,0.049949602,0.049949602,0.049949602,0.049949602,0.049949602,0.049949602,0.049949602,0.049949602,0.049949602,0.049949602,0.049949602,0.049949602,0.049949602,0.049949602,0.049949602,0.049949602,0.049949602,0.049949602,0.049949602,0.049949602,0.049949602,0.049949602,0.049949602,0.049949602,0.049949602,0.049949602,0.049949602,0.049949602,0.049949602,0.049949602,0.049949602,0.049949602,0.049949602,0.049949602,0.049949602,0.049949602,0.049949602,0.049949602,0.049949602,0.049949602
Step Change,SA,Bus,Hybrid,0,0,0,0,0,0,0,0,0,0,0.001165652,0.002339789,0.003494693,0.004487755,0.005588721,0.006670862,0.007732602,0.008777352,0.009803922,0.010815409,0.011811498,0.012673362,0.013640138,0.014591669,0.015530126,0.016461859,0.017382295,0.018291986,0.019075735,0.019959405,0.020047038,0.020047038,0.020047038,0.020047038,0.020047038,0.020047038,0.020047038,0.020047038,0.020047038,0.020047038,0.020047038,0.020047038,0.020047038,0.020047038,0.020047038,0.020047038,0.020047038,0.020047038,0.020047038,0.020047038,0.020047038,0.020047038,0.020047038,0.020047038,0.020047038,0.020047038,0.020047038,0.020047038,0.020047038,0.020047038,0.020047038,0.020047038,0.020047038,0.020047038,0.020047038,0.020047038,0.020047038,0.020047038,0.020047038,0.020047038,0.020047038,0.020047038,0.020047038,0.020047038,0.020047038
Step Change,SA,Bus,ICE,0.989917637,0.99508634,0.990979739,0.986006311,0.98005698,0.970726467,0.957735247,0.94195841,0.922966632,0.90111025,0.848335708,0.795008449,0.743463629,0.694063341,0.645497269,0.597734424,0.550760788,0.504635925,0.459191176,0.414509661,0.37049536,0.327235772,0.284545131,0.242409979,0.200957496,0.159749594,0.119028433,0.078769864,0.039173385,0,0,0,0,0,0,0,0,0,0,0,0,0,0,0,0,0,0,0,0,0,0,0,0,0,0,0,0,0,0,0,0,0,0,0,0,0,0,0,0,0,0,0,0,0,0
Step Change,SA,Bus,PHEV,0,0,0,0,0,0,0.000132908,0.000131614,0.000260688,0.000258198,0.002849372,0.005459509,0.008024851,0.010385947,0.012828655,0.015229704,0.017585433,0.019903573,0.022181373,0.024425811,0.026515608,0.028694405,0.030838572,0.032948929,0.03503036,0.037097148,0.039138943,0.041042643,0.04303395,0.044993234,0.045021839,0.045021839,0.045021839,0.045021839,0.045021839,0.045021839,0.045021839,0.045021839,0.045021839,0.045021839,0.045021839,0.045021839,0.045021839,0.045021839,0.045021839,0.045021839,0.045021839,0.045021839,0.045021839,0.045021839,0.045021839,0.045021839,0.045021839,0.045021839,0.045021839,0.045021839,0.045021839,0.045021839,0.045021839,0.045021839,0.045021839,0.045021839,0.045021839,0.045021839,0.045021839,0.045021839,0.045021839,0.045021839,0.045021839,0.045021839,0.045021839,0.045021839,0.045021839,0.045021839,0.045021839
Step Change,SA,Large Light Commercial,BEV,0.000272946,0.001285741,0.003258241,0.00603508,0.009557868,0.017787443,0.030741991,0.047750052,0.068374734,0.092735523,0.146685584,0.198839224,0.249319358,0.298284191,0.345822661,0.392027358,0.436968462,0.480719042,0.523326476,0.564835433,0.605286142,0.644737844,0.683163314,0.720617406,0.757099753,0.79265478,0.827211445,0.860771149,0.89336093,0.924999931,0.924998913,0.924998913,0.924998913,0.924998913,0.924998913,0.924998913,0.924998913,0.924998913,0.924998913,0.924998913,0.924998913,0.924998913,0.924998913,0.924998913,0.924998913,0.924998913,0.924998913,0.924998913,0.924998913,0.924998913,0.924998913,0.924998913,0.924998913,0.924998913,0.924998913,0.924998913,0.924998913,0.924998913,0.924998913,0.924998913,0.924998913,0.924998913,0.924998913,0.924998913,0.924998913,0.924998913,0.924998913,0.924998913,0.924998913,0.924998913,0.924998913,0.924998913,0.924998913,0.924998913,0.924998913
Step Change,SA,Large Light Commercial,FCEV,0,0,0,0,0,0,0,0,0,0,0,0,0,0,0,0,0,0,0,0,0,0,0,0,0,0,0,0,0,0,0,0,0,0,0,0,0,0,0,0,0,0,0,0,0,0,0,0,0,0,0,0,0,0,0,0,0,0,0,0,0,0,0,0,0,0,0,0,0,0,0,0,0,0,0
Step Change,SA,Large Light Commercial,Hybrid,0.005294283,0.007182269,0.009841558,0.012774867,0.016090687,0.018533355,0.020215024,0.021190246,0.021575779,0.021495061,0.020708384,0.01995788,0.019238097,0.018549011,0.017886337,0.017244402,0.016627822,0.016031575,0.01545377,0.014892978,0.014348013,0.01381531,0.013298768,0.012795311,0.012303795,0.011824055,0.011354309,0.010891332,0.010440754,0.009999642,0.010000326,0.010000326,0.010000326,0.010000326,0.010000326,0.010000326,0.010000326,0.010000326,0.010000326,0.010000326,0.010000326,0.010000326,0.010000326,0.010000326,0.010000326,0.010000326,0.010000326,0.010000326,0.010000326,0.010000326,0.010000326,0.010000326,0.010000326,0.010000326,0.010000326,0.010000326,0.010000326,0.010000326,0.010000326,0.010000326,0.010000326,0.010000326,0.010000326,0.010000326,0.010000326,0.010000326,0.010000326,0.010000326,0.010000326,0.010000326,0.010000326,0.010000326,0.010000326,0.010000326,0.010000326
Step Change,SA,Large Light Commercial,ICE,0.994324459,0.990029121,0.982614362,0.97293023,0.961040424,0.945733895,0.926809939,0.905022831,0.880676981,0.853433811,0.798204318,0.744794822,0.693080659,0.642901705,0.594166798,0.546793712,0.50069921,0.455819963,0.41210371,0.369512866,0.328001309,0.287513823,0.248081272,0.209642361,0.172206209,0.135720346,0.100269701,0.065850758,0.032435237,0,0,0,0,0,0,0,0,0,0,0,0,0,0,0,0,0,0,0,0,0,0,0,0,0,0,0,0,0,0,0,0,0,0,0,0,0,0,0,0,0,0,0,0,0,0
Step Change,SA,Large Light Commercial,PHEV,0.000108312,0.00150287,0.00428584,0.008259824,0.013311021,0.017945308,0.022233047,0.026036871,0.029372507,0.032335605,0.034401714,0.036408075,0.038361887,0.040265093,0.042124204,0.043934528,0.045704507,0.04742942,0.049116044,0.050758722,0.052364536,0.053933022,0.055456645,0.056944923,0.058390244,0.059800818,0.061164546,0.06248676,0.063763079,0.065000427,0.065000761,0.065000761,0.065000761,0.065000761,0.065000761,0.065000761,0.065000761,0.065000761,0.065000761,0.065000761,0.065000761,0.065000761,0.065000761,0.065000761,0.065000761,0.065000761,0.065000761,0.065000761,0.065000761,0.065000761,0.065000761,0.065000761,0.065000761,0.065000761,0.065000761,0.065000761,0.065000761,0.065000761,0.065000761,0.065000761,0.065000761,0.065000761,0.065000761,0.065000761,0.065000761,0.065000761,0.065000761,0.065000761,0.065000761,0.065000761,0.065000761,0.065000761,0.065000761,0.065000761,0.065000761
Step Change,SA,Large Residential,BEV,0.005445973,0.009760095,0.016713501,0.025634838,0.036678468,0.049955084,0.065474426,0.083071156,0.102755291,0.124545,0.168650505,0.212245443,0.255269097,0.297716736,0.33960859,0.3809607,0.421810112,0.462216016,0.502254164,0.541993071,0.581532244,0.620967717,0.659950682,0.699319556,0.738358821,0.776054261,0.813785466,0.851122468,0.888189662,0.924999889,0.925000295,0.925000295,0.925000295,0.925000295,0.925000295,0.925000295,0.925000295,0.925000295,0.925000295,0.925000295,0.925000295,0.925000295,0.925000295,0.925000295,0.925000295,0.925000295,0.925000295,0.925000295,0.925000295,0.925000295,0.925000295,0.925000295,0.925000295,0.925000295,0.925000295,0.925000295,0.925000295,0.925000295,0.925000295,0.925000295,0.925000295,0.925000295,0.925000295,0.925000295,0.925000295,0.925000295,0.925000295,0.925000295,0.925000295,0.925000295,0.925000295,0.925000295,0.925000295,0.925000295,0.925000295
Step Change,SA,Large Residential,FCEV,0,0,0,0,0,0,0,0,0,0,0,0,0,0,0,0,0,0,0,0,0,0,0,0,0,0,0,0,0,0,0,0,0,0,0,0,0,0,0,0,0,0,0,0,0,0,0,0,0,0,0,0,0,0,0,0,0,0,0,0,0,0,0,0,0,0,0,0,0,0,0,0,0,0,0
Step Change,SA,Large Residential,Hybrid,0.069228317,0.080519911,0.090083991,0.094269387,0.096180415,0.096812414,0.096393975,0.095111346,0.093120793,0.090557388,0.086111607,0.081702468,0.077314609,0.072960235,0.068650138,0.064388663,0.060182372,0.056032697,0.051944041,0.047916056,0.043948647,0.040039282,0.036161073,0.032351587,0.028567002,0.024775728,0.021032375,0.017320816,0.013644864,0.010000312,0.009999469,0.009999469,0.009999469,0.009999469,0.009999469,0.009999469,0.009999469,0.009999469,0.009999469,0.009999469,0.009999469,0.009999469,0.009999469,0.009999469,0.009999469,0.009999469,0.009999469,0.009999469,0.009999469,0.009999469,0.009999469,0.009999469,0.009999469,0.009999469,0.009999469,0.009999469,0.009999469,0.009999469,0.009999469,0.009999469,0.009999469,0.009999469,0.009999469,0.009999469,0.009999469,0.009999469,0.009999469,0.009999469,0.009999469,0.009999469,0.009999469,0.009999469,0.009999469,0.009999469,0.009999469
Step Change,SA,Large Residential,ICE,0.923129356,0.902362438,0.876546003,0.85069735,0.821624851,0.794169547,0.767680573,0.741997343,0.716759657,0.691682629,0.653584738,0.615956735,0.578892871,0.5423728,0.506357293,0.470817683,0.435706608,0.400952366,0.366470838,0.332186749,0.297998012,0.263804662,0.230033317,0.195716128,0.161701475,0.129122739,0.096412806,0.064060356,0.031924507,0,0,0,0,0,0,0,0,0,0,0,0,0,0,0,0,0,0,0,0,0,0,0,0,0,0,0,0,0,0,0,0,0,0,0,0,0,0,0,0,0,0,0,0,0,0
Step Change,SA,Large Residential,PHEV,0.002196354,0.007357556,0.016656505,0.029398425,0.045516265,0.059062955,0.070451025,0.079820155,0.087364259,0.093214984,0.091653151,0.090095354,0.088523423,0.086950229,0.085383979,0.083832953,0.082300909,0.080798921,0.079330958,0.077904124,0.076521097,0.07518834,0.073854927,0.072612729,0.071372701,0.070047272,0.068769353,0.06749636,0.066240967,0.0649998,0.065000236,0.065000236,0.065000236,0.065000236,0.065000236,0.065000236,0.065000236,0.065000236,0.065000236,0.065000236,0.065000236,0.065000236,0.065000236,0.065000236,0.065000236,0.065000236,0.065000236,0.065000236,0.065000236,0.065000236,0.065000236,0.065000236,0.065000236,0.065000236,0.065000236,0.065000236,0.065000236,0.065000236,0.065000236,0.065000236,0.065000236,0.065000236,0.065000236,0.065000236,0.065000236,0.065000236,0.065000236,0.065000236,0.065000236,0.065000236,0.065000236,0.065000236,0.065000236,0.065000236,0.065000236
Step Change,SA,Medium Light Commercial,BEV,0.004195955,0.007323512,0.012392196,0.01879529,0.026563926,0.038142024,0.053626149,0.072271215,0.093785138,0.11845218,0.172031467,0.224110239,0.274725077,0.323937162,0.371769732,0.41826126,0.463488602,0.507489031,0.550313526,0.592013491,0.632630303,0.672203341,0.710747708,0.748308104,0.78486925,0.820831625,0.855792884,0.889796221,0.922860657,0.955005136,0.954995358,0.954995358,0.954995358,0.954995358,0.954995358,0.954995358,0.954995358,0.954995358,0.954995358,0.954995358,0.954995358,0.954995358,0.954995358,0.954995358,0.954995358,0.954995358,0.954995358,0.954995358,0.954995358,0.954995358,0.954995358,0.954995358,0.954995358,0.954995358,0.954995358,0.954995358,0.954995358,0.954995358,0.954995358,0.954995358,0.954995358,0.954995358,0.954995358,0.954995358,0.954995358,0.954995358,0.954995358,0.954995358,0.954995358,0.954995358,0.954995358,0.954995358,0.954995358,0.954995358,0.954995358
Step Change,SA,Medium Light Commercial,FCEV,0,0,0,0,0,0,0,0,0,0,0,0,0,0,0,0,0,0,0,0,0,0,0,0,0,0,0,0,0,0,0,0,0,0,0,0,0,0,0,0,0,0,0,0,0,0,0,0,0,0,0,0,0,0,0,0,0,0,0,0,0,0,0,0,0,0,0,0,0,0,0,0,0,0,0
Step Change,SA,Medium Light Commercial,Hybrid,0.005407159,0.007323512,0.00992213,0.012578228,0.015269188,0.017233805,0.018562898,0.019320028,0.019591775,0.019488566,0.018880148,0.01830626,0.017746261,0.017182924,0.016650326,0.016130146,0.015606365,0.015112546,0.014631233,0.014145846,0.013688889,0.013243342,0.01279264,0.012368343,0.011953415,0.011537702,0.011144777,0.010759541,0.01038189,0.009997251,0.009997858,0.009997858,0.009997858,0.009997858,0.009997858,0.009997858,0.009997858,0.009997858,0.009997858,0.009997858,0.009997858,0.009997858,0.009997858,0.009997858,0.009997858,0.009997858,0.009997858,0.009997858,0.009997858,0.009997858,0.009997858,0.009997858,0.009997858,0.009997858,0.009997858,0.009997858,0.009997858,0.009997858,0.009997858,0.009997858,0.009997858,0.009997858,0.009997858,0.009997858,0.009997858,0.009997858,0.009997858,0.009997858,0.009997858,0.009997858,0.009997858,0.009997858,0.009997858,0.009997858,0.009997858
Step Change,SA,Medium Light Commercial,ICE,0.988709852,0.979988078,0.965586536,0.947360837,0.925519619,0.902228613,0.877092009,0.851028854,0.824093309,0.795689234,0.744673762,0.695090345,0.646910603,0.600088755,0.554573149,0.510327439,0.467322043,0.425471111,0.384741714,0.345099709,0.306472727,0.268823895,0.232189558,0.196477745,0.161724488,0.127521975,0.094258115,0.06193405,0.030516019,0,0,0,0,0,0,0,0,0,0,0,0,0,0,0,0,0,0,0,0,0,0,0,0,0,0,0,0,0,0,0,0,0,0,0,0,0,0,0,0,0,0,0,0,0,0
Step Change,SA,Medium Light Commercial,PHEV,0.001687034,0.005364898,0.012099138,0.021265646,0.032647268,0.042395559,0.050718944,0.057379903,0.062529778,0.06637002,0.064414623,0.062493156,0.060618059,0.05879116,0.057006793,0.055281155,0.05358299,0.051927312,0.050313526,0.048740954,0.047208081,0.045729421,0.044270095,0.042845808,0.041452847,0.040108697,0.038804224,0.037510189,0.036241434,0.034997613,0.035006784,0.035006784,0.035006784,0.035006784,0.035006784,0.035006784,0.035006784,0.035006784,0.035006784,0.035006784,0.035006784,0.035006784,0.035006784,0.035006784,0.035006784,0.035006784,0.035006784,0.035006784,0.035006784,0.035006784,0.035006784,0.035006784,0.035006784,0.035006784,0.035006784,0.035006784,0.035006784,0.035006784,0.035006784,0.035006784,0.035006784,0.035006784,0.035006784,0.035006784,0.035006784,0.035006784,0.035006784,0.035006784,0.035006784,0.035006784,0.035006784,0.035006784,0.035006784,0.035006784,0.035006784
Step Change,SA,Medium Residential,BEV,0.020080355,0.027814758,0.037602279,0.048000263,0.059926193,0.073971926,0.090163786,0.108346257,0.128539578,0.150763985,0.195219429,0.23915333,0.282499077,0.325251687,0.367424889,0.409023497,0.450071125,0.490617889,0.530741025,0.570524362,0.610090538,0.649565238,0.68859715,0.728402343,0.76722815,0.804980056,0.842835148,0.880444487,0.917827954,0.954999289,0.954999134,0.954999134,0.954999134,0.954999134,0.954999134,0.954999134,0.954999134,0.954999134,0.954999134,0.954999134,0.954999134,0.954999134,0.954999134,0.954999134,0.954999134,0.954999134,0.954999134,0.954999134,0.954999134,0.954999134,0.954999134,0.954999134,0.954999134,0.954999134,0.954999134,0.954999134,0.954999134,0.954999134,0.954999134,0.954999134,0.954999134,0.954999134,0.954999134,0.954999134,0.954999134,0.954999134,0.954999134,0.954999134,0.954999134,0.954999134,0.954999134,0.954999134,0.954999134,0.954999134,0.954999134
Step Change,SA,Medium Residential,FCEV,0,0,0,0,0,0,0,0,0,0,0,0,0,0,0,0,0,0,0,0,0,0,0,0,0,0,0,0,0,0,0,0,0,0,0,0,0,0,0,0,0,0,0,0,0,0,0,0,0,0,0,0,0,0,0,0,0,0,0,0,0,0,0,0,0,0,0,0,0,0,0,0,0,0,0
Step Change,SA,Medium Residential,Hybrid,0.069388877,0.078278198,0.085551717,0.08776281,0.08797584,0.087395614,0.086159098,0.084387891,0.082177816,0.079614827,0.07577392,0.071962688,0.068172018,0.064406714,0.060677623,0.056989702,0.053343082,0.049746178,0.046199465,0.042706698,0.039271403,0.03588925,0.03253665,0.029264935,0.025988596,0.02271868,0.019495241,0.016300743,0.013135673,0.010000356,0.010000389,0.010000389,0.010000389,0.010000389,0.010000389,0.010000389,0.010000389,0.010000389,0.010000389,0.010000389,0.010000389,0.010000389,0.010000389,0.010000389,0.010000389,0.010000389,0.010000389,0.010000389,0.010000389,0.010000389,0.010000389,0.010000389,0.010000389,0.010000389,0.010000389,0.010000389,0.010000389,0.010000389,0.010000389,0.010000389,0.010000389,0.010000389,0.010000389,0.010000389,0.010000389,0.010000389,0.010000389,0.010000389,0.010000389,0.010000389,0.010000389,0.010000389,0.010000389,0.010000389,0.010000389
Step Change,SA,Medium Residential,ICE,0.902433918,0.878329272,0.849541117,0.822051765,0.791633808,0.763021524,0.735567944,0.709140073,0.683390364,0.658060068,0.621666814,0.585738765,0.550364198,0.515533634,0.481210061,0.447379457,0.414012172,0.381042281,0.348384562,0.315946984,0.283598436,0.251215547,0.219215676,0.18623688,0.154267854,0.123381663,0.092282758,0.061364443,0.030607654,0,0,0,0,0,0,0,0,0,0,0,0,0,0,0,0,0,0,0,0,0,0,0,0,0,0,0,0,0,0,0,0,0,0,0,0,0,0,0,0,0,0,0,0,0,0
Step Change,SA,Medium Residential,PHEV,0.008096849,0.015577772,0.027304887,0.042185163,0.060464159,0.075610936,0.088109172,0.098125779,0.105892242,0.111561121,0.107339837,0.103145217,0.098964707,0.094807965,0.090687427,0.086607344,0.082573621,0.078593653,0.074674948,0.070821957,0.067039623,0.063329964,0.059650524,0.056095842,0.052515401,0.048919601,0.045386853,0.041890327,0.038428718,0.035000356,0.035000477,0.035000477,0.035000477,0.035000477,0.035000477,0.035000477,0.035000477,0.035000477,0.035000477,0.035000477,0.035000477,0.035000477,0.035000477,0.035000477,0.035000477,0.035000477,0.035000477,0.035000477,0.035000477,0.035000477,0.035000477,0.035000477,0.035000477,0.035000477,0.035000477,0.035000477,0.035000477,0.035000477,0.035000477,0.035000477,0.035000477,0.035000477,0.035000477,0.035000477,0.035000477,0.035000477,0.035000477,0.035000477,0.035000477,0.035000477,0.035000477,0.035000477,0.035000477,0.035000477,0.035000477
Step Change,SA,Motorcycle,BEV,0.005112603,0.013022044,0.027747543,0.048114395,0.074253563,0.100763449,0.127754081,0.155174172,0.183021537,0.211289769,0.254618462,0.297280559,0.339296687,0.380715444,0.421582655,0.461913542,0.501722408,0.541025779,0.579868358,0.618250203,0.656234318,0.693818898,0.730986448,0.767781667,0.804201843,0.839809929,0.874260788,0.908286079,0.941853756,0.974998443,0.975006187,0.975006187,0.975006187,0.975006187,0.975006187,0.975006187,0.975006187,0.975006187,0.975006187,0.975006187,0.975006187,0.975006187,0.975006187,0.975006187,0.975006187,0.975006187,0.975006187,0.975006187,0.975006187,0.975006187,0.975006187,0.975006187,0.975006187,0.975006187,0.975006187,0.975006187,0.975006187,0.975006187,0.975006187,0.975006187,0.975006187,0.975006187,0.975006187,0.975006187,0.975006187,0.975006187,0.975006187,0.975006187,0.975006187,0.975006187,0.975006187,0.975006187,0.975006187,0.975006187,0.975006187
Step Change,SA,Motorcycle,FCEV,0,0,0,0,0,0,0,0,0,0,0,0,0,0,0,0,0,0,0,0,0,0,0,0,0,0,0,0,0,0,0,0,0,0,0,0,0,0,0,0,0,0,0,0,0,0,0,0,0,0,0,0,0,0,0,0,0,0,0,0,0,0,0,0,0,0,0,0,0,0,0,0,0,0,0
Step Change,SA,Motorcycle,Hybrid,0,0,0,0,0,0,0,0,0,0,0,0,0,0,0,0,0,0,0,0,0,0,0,0,0,0,0,0,0,0,0,0,0,0,0,0,0,0,0,0,0,0,0,0,0,0,0,0,0,0,0,0,0,0,0,0,0,0,0,0,0,0,0,0,0,0,0,0,0,0,0,0,0,0,0
Step Change,SA,Motorcycle,ICE,0.994887397,0.986977956,0.972252457,0.951885605,0.925746437,0.899236551,0.872245919,0.844825828,0.816978463,0.788710231,0.744530208,0.701030347,0.658175521,0.615944339,0.574276359,0.533155774,0.492567879,0.452482289,0.412880612,0.373749053,0.335023638,0.296706037,0.258800819,0.221288733,0.184159309,0.147855935,0.112716359,0.078023768,0.043797818,0.010003114,0.009997525,0.009997525,0.009997525,0.009997525,0.009997525,0.009997525,0.009997525,0.009997525,0.009997525,0.009997525,0.009997525,0.009997525,0.009997525,0.009997525,0.009997525,0.009997525,0.009997525,0.009997525,0.009997525,0.009997525,0.009997525,0.009997525,0.009997525,0.009997525,0.009997525,0.009997525,0.009997525,0.009997525,0.009997525,0.009997525,0.009997525,0.009997525,0.009997525,0.009997525,0.009997525,0.009997525,0.009997525,0.009997525,0.009997525,0.009997525,0.009997525,0.009997525,0.009997525,0.009997525,0.009997525
Step Change,SA,Motorcycle,PHEV,0,0,0,0,0,0,0,0,0,0,0.000851329,0.001689094,0.002527792,0.003340217,0.004140986,0.004930684,0.005709713,0.006491932,0.00725103,0.008000744,0.008742044,0.009475066,0.010212733,0.010929599,0.011638848,0.012334136,0.013022854,0.013690153,0.014348426,0.014998443,0.014996288,0.014996288,0.014996288,0.014996288,0.014996288,0.014996288,0.014996288,0.014996288,0.014996288,0.014996288,0.014996288,0.014996288,0.014996288,0.014996288,0.014996288,0.014996288,0.014996288,0.014996288,0.014996288,0.014996288,0.014996288,0.014996288,0.014996288,0.014996288,0.014996288,0.014996288,0.014996288,0.014996288,0.014996288,0.014996288,0.014996288,0.014996288,0.014996288,0.014996288,0.014996288,0.014996288,0.014996288,0.014996288,0.014996288,0.014996288,0.014996288,0.014996288,0.014996288,0.014996288,0.014996288
Step Change,SA,Rigid Truck,BEV,0.002242256,0.001358234,0.00223313,0.003392834,0.004852723,0.011100967,0.02232577,0.037701477,0.056578896,0.079566792,0.137104257,0.192154726,0.244775377,0.295066001,0.343032654,0.388914796,0.432765985,0.474690718,0.514788644,0.553126005,0.58979898,0.624884237,0.658439949,0.6905347,0.721196849,0.750607628,0.778650758,0.805352035,0.830777902,0.854987248,0.855000986,0.855000986,0.855000986,0.855000986,0.855000986,0.855000986,0.855000986,0.855000986,0.855000986,0.855000986,0.855000986,0.855000986,0.855000986,0.855000986,0.855000986,0.855000986,0.855000986,0.855000986,0.855000986,0.855000986,0.855000986,0.855000986,0.855000986,0.855000986,0.855000986,0.855000986,0.855000986,0.855000986,0.855000986,0.855000986,0.855000986,0.855000986,0.855000986,0.855000986,0.855000986,0.855000986,0.855000986,0.855000986,0.855000986,0.855000986,0.855000986,0.855000986,0.855000986,0.855000986,0.855000986
Step Change,SA,Rigid Truck,FCEV,0,0,0,0,0,0.000311242,0.00089141,0.001762306,0.002830884,0.004153785,0.007552982,0.010805412,0.013914558,0.01688725,0.019721953,0.022433549,0.02502527,0.02750419,0.029874312,0.032140506,0.034308431,0.036382613,0.038367335,0.040264949,0.042078008,0.043817128,0.045476336,0.047068657,0.048572417,0.050004397,0.049997534,0.049997534,0.049997534,0.049997534,0.049997534,0.049997534,0.049997534,0.049997534,0.049997534,0.049997534,0.049997534,0.049997534,0.049997534,0.049997534,0.049997534,0.049997534,0.049997534,0.049997534,0.049997534,0.049997534,0.049997534,0.049997534,0.049997534,0.049997534,0.049997534,0.049997534,0.049997534,0.049997534,0.049997534,0.049997534,0.049997534,0.049997534,0.049997534,0.049997534,0.049997534,0.049997534,0.049997534,0.049997534,0.049997534,0.049997534,0.049997534,0.049997534,0.049997534,0.049997534,0.049997534
Step Change,SA,Rigid Truck,Hybrid,0,0,0,0,0,0,0,0,0,0,0.003692981,0.007227822,0.010609184,0.013843719,0.016931271,0.019885417,0.022710229,0.025413042,0.027998374,0.030471466,0.032838284,0.035103709,0.037272361,0.039346948,0.041330324,0.043233261,0.045050204,0.046781334,0.048431516,0.050004397,0.049997534,0.049997534,0.049997534,0.049997534,0.049997534,0.049997534,0.049997534,0.049997534,0.049997534,0.049997534,0.049997534,0.049997534,0.049997534,0.049997534,0.049997534,0.049997534,0.049997534,0.049997534,0.049997534,0.049997534,0.049997534,0.049997534,0.049997534,0.049997534,0.049997534,0.049997534,0.049997534,0.049997534,0.049997534,0.049997534,0.049997534,0.049997534,0.049997534,0.049997534,0.049997534,0.049997534,0.049997534,0.049997534,0.049997534,0.049997534,0.049997534,0.049997534,0.049997534,0.049997534,0.049997534
Step Change,SA,Rigid Truck,ICE,0.997757744,0.998641766,0.99776687,0.996607166,0.995126086,0.988504793,0.976620746,0.960318403,0.940299376,0.915919049,0.847993913,0.783001907,0.720873614,0.661489765,0.604846257,0.550646193,0.498858782,0.449341528,0.401982241,0.356699894,0.313381338,0.271936143,0.2322787,0.19436206,0.15813522,0.123385881,0.090246891,0.0586791,0.028628521,0,0,0,0,0,0,0,0,0,0,0,0,0,0,0,0,0,0,0,0,0,0,0,0,0,0,0,0,0,0,0,0,0,0,0,0,0,0,0,0,0,0,0,0,0,0
Step Change,SA,Rigid Truck,PHEV,0,0,0,0,2.11909E-05,8.29979E-05,0.000162075,0.000217813,0.000290844,0.000360374,0.003655866,0.006810133,0.009827268,0.012713265,0.015467865,0.018120045,0.020639734,0.023050523,0.025356428,0.02756213,0.029672967,0.031693298,0.033641655,0.035491343,0.037259599,0.038956101,0.040575812,0.042118873,0.043589645,0.045003958,0.045003946,0.045003946,0.045003946,0.045003946,0.045003946,0.045003946,0.045003946,0.045003946,0.045003946,0.045003946,0.045003946,0.045003946,0.045003946,0.045003946,0.045003946,0.045003946,0.045003946,0.045003946,0.045003946,0.045003946,0.045003946,0.045003946,0.045003946,0.045003946,0.045003946,0.045003946,0.045003946,0.045003946,0.045003946,0.045003946,0.045003946,0.045003946,0.045003946,0.045003946,0.045003946,0.045003946,0.045003946,0.045003946,0.045003946,0.045003946,0.045003946,0.045003946,0.045003946,0.045003946,0.045003946
Step Change,SA,Small Light Commercial,BEV,0.012806971,0.018844629,0.027344748,0.036948599,0.048152504,0.062656183,0.08057554,0.101227718,0.124192892,0.149971347,0.202824859,0.254233512,0.30416392,0.352711708,0.399861067,0.445709467,0.490327613,0.533709595,0.575949367,0.617079752,0.657097761,0.696162462,0.73417965,0.771177588,0.807259426,0.842732033,0.87724921,0.910711055,0.943329609,0.975006624,0.975020707,0.975020707,0.975020707,0.975020707,0.975020707,0.975020707,0.975020707,0.975020707,0.975020707,0.975020707,0.975020707,0.975020707,0.975020707,0.975020707,0.975020707,0.975020707,0.975020707,0.975020707,0.975020707,0.975020707,0.975020707,0.975020707,0.975020707,0.975020707,0.975020707,0.975020707,0.975020707,0.975020707,0.975020707,0.975020707,0.975020707,0.975020707,0.975020707,0.975020707,0.975020707,0.975020707,0.975020707,0.975020707,0.975020707,0.975020707,0.975020707,0.975020707,0.975020707,0.975020707,0.975020707
Step Change,SA,Small Light Commercial,FCEV,0,0,0,0,0,0,0,0,0,0,0,0,0,0,0,0,0,0,0,0,0,0,0,0,0,0,0,0,0,0,0,0,0,0,0,0,0,0,0,0,0,0,0,0,0,0,0,0,0,0,0,0,0,0,0,0,0,0,0,0,0,0,0,0,0,0,0,0,0,0,0,0,0,0,0
Step Change,SA,Small Light Commercial,Hybrid,0,0,0,0,0,0,0,0,0,0,0.000621469,0.001281194,0.001867721,0.002438099,0.003045848,0.003584229,0.004108164,0.004669061,0.005164557,0.005646612,0.006165532,0.006623162,0.007068667,0.007549858,0.007972238,0.008387007,0.008790806,0.009227429,0.009608939,0.009979687,0.009982998,0.009982998,0.009982998,0.009982998,0.009982998,0.009982998,0.009982998,0.009982998,0.009982998,0.009982998,0.009982998,0.009982998,0.009982998,0.009982998,0.009982998,0.009982998,0.009982998,0.009982998,0.009982998,0.009982998,0.009982998,0.009982998,0.009982998,0.009982998,0.009982998,0.009982998,0.009982998,0.009982998,0.009982998,0.009982998,0.009982998,0.009982998,0.009982998,0.009982998,0.009982998,0.009982998,0.009982998,0.009982998,0.009982998,0.009982998,0.009982998,0.009982998,0.009982998,0.009982998,0.009982998
Step Change,SA,Small Light Commercial,ICE,0.982043834,0.96971863,0.95061334,0.927233882,0.899176827,0.870421162,0.84058753,0.810707118,0.780931883,0.750429799,0.702316384,0.655470143,0.610030762,0.565855773,0.522870578,0.481182796,0.440613625,0.401128784,0.362734177,0.325354787,0.288941501,0.25343333,0.218888248,0.185232669,0.152457325,0.120198323,0.088823772,0.058349919,0.02873743,0,0,0,0,0,0,0,0,0,0,0,0,0,0,0,0,0,0,0,0,0,0,0,0,0,0,0,0,0,0,0,0,0,0,0,0,0,0,0,0,0,0,0,0,0,0
Step Change,SA,Small Light Commercial,PHEV,0.005149195,0.011436741,0.022041912,0.035817519,0.052670669,0.066922655,0.07883693,0.088065163,0.094875225,0.099598854,0.094237288,0.089015152,0.083937596,0.078994419,0.074222507,0.069523508,0.064950598,0.06049256,0.056151899,0.051918849,0.047795206,0.043781046,0.039863435,0.036039886,0.032311011,0.028682638,0.025136212,0.021711598,0.018324022,0.015013689,0.014996295,0.014996295,0.014996295,0.014996295,0.014996295,0.014996295,0.014996295,0.014996295,0.014996295,0.014996295,0.014996295,0.014996295,0.014996295,0.014996295,0.014996295,0.014996295,0.014996295,0.014996295,0.014996295,0.014996295,0.014996295,0.014996295,0.014996295,0.014996295,0.014996295,0.014996295,0.014996295,0.014996295,0.014996295,0.014996295,0.014996295,0.014996295,0.014996295,0.014996295,0.014996295,0.014996295,0.014996295,0.014996295,0.014996295,0.014996295,0.014996295,0.014996295,0.014996295,0.014996295,0.014996295
Step Change,SA,Small Residential,BEV,0.046097311,0.057183222,0.066495932,0.071586932,0.074852176,0.081689722,0.091897156,0.105246738,0.121639129,0.141037794,0.187563996,0.233546095,0.278918784,0.323670962,0.367813561,0.411345159,0.454271964,0.496628757,0.538463189,0.579836986,0.620841848,0.661586266,0.701706439,0.742453964,0.782037231,0.821110483,0.860060968,0.898681188,0.936997815,0.974997469,0.974997585,0.974997585,0.974997585,0.974997585,0.974997585,0.974997585,0.974997585,0.974997585,0.974997585,0.974997585,0.974997585,0.974997585,0.974997585,0.974997585,0.974997585,0.974997585,0.974997585,0.974997585,0.974997585,0.974997585,0.974997585,0.974997585,0.974997585,0.974997585,0.974997585,0.974997585,0.974997585,0.974997585,0.974997585,0.974997585,0.974997585,0.974997585,0.974997585,0.974997585,0.974997585,0.974997585,0.974997585,0.974997585,0.974997585,0.974997585,0.974997585,0.974997585,0.974997585,0.974997585,0.974997585
Step Change,SA,Small Residential,FCEV,0,0,0,0,0,0,0,0,0,0,0,0,0,0,0,0,0,0,0,0,0,0,0,0,0,0,0,0,0,0,0,0,0,0,0,0,0,0,0,0,0,0,0,0,0,0,0,0,0,0,0,0,0,0,0,0,0,0,0,0,0,0,0,0,0,0,0,0,0,0,0,0,0,0,0
Step Change,SA,Small Residential,Hybrid,0,0,0,0,0,0,0,0,0,0,0.000554816,0.001107916,0.001649827,0.002189212,0.00271714,0.003242349,0.003756146,0.004267505,0.004768199,0.005267445,0.005757604,0.006248261,0.00672767,0.007216314,0.007688603,0.008159119,0.008623452,0.009087787,0.009544306,0.010001012,0.010001771,0.010001771,0.010001771,0.010001771,0.010001771,0.010001771,0.010001771,0.010001771,0.010001771,0.010001771,0.010001771,0.010001771,0.010001771,0.010001771,0.010001771,0.010001771,0.010001771,0.010001771,0.010001771,0.010001771,0.010001771,0.010001771,0.010001771,0.010001771,0.010001771,0.010001771,0.010001771,0.010001771,0.010001771,0.010001771,0.010001771,0.010001771,0.010001771,0.010001771,0.010001771,0.010001771,0.010001771,0.010001771,0.010001771,0.010001771,0.010001771,0.010001771,0.010001771,0.010001771,0.010001771
Step Change,SA,Small Residential,ICE,0.93531522,0.913360211,0.889528878,0.867963244,0.845435238,0.82280586,0.799766473,0.7763438,0.752392639,0.727793475,0.687115181,0.646933494,0.607336823,0.568322018,0.529868723,0.491966325,0.454611061,0.41775334,0.381344366,0.345318371,0.30958357,0.274021232,0.239043958,0.203292209,0.168721666,0.134608953,0.100556272,0.06677868,0.033258612,0,0,0,0,0,0,0,0,0,0,0,0,0,0,0,0,0,0,0,0,0,0,0,0,0,0,0,0,0,0,0,0,0,0,0,0,0,0,0,0,0,0,0,0,0,0
Step Change,SA,Small Residential,PHEV,0.018587469,0.029456567,0.04397519,0.060449824,0.079712586,0.095504418,0.108336372,0.118409462,0.125968232,0.131168731,0.124766007,0.118412495,0.112094566,0.105817808,0.099600576,0.093446167,0.087360829,0.081350398,0.075424245,0.069577197,0.063816978,0.058144241,0.052521933,0.047037513,0.0415525,0.036121445,0.030759307,0.025452345,0.020199267,0.015001518,0.015000644,0.015000644,0.015000644,0.015000644,0.015000644,0.015000644,0.015000644,0.015000644,0.015000644,0.015000644,0.015000644,0.015000644,0.015000644,0.015000644,0.015000644,0.015000644,0.015000644,0.015000644,0.015000644,0.015000644,0.015000644,0.015000644,0.015000644,0.015000644,0.015000644,0.015000644,0.015000644,0.015000644,0.015000644,0.015000644,0.015000644,0.015000644,0.015000644,0.015000644,0.015000644,0.015000644,0.015000644,0.015000644,0.015000644,0.015000644,0.015000644,0.015000644,0.015000644,0.015000644,0.015000644
Step Change,TAS,Articulated Truck,BEV,0,0.000395101,0.005021244,0.049149338,0.091685226,0.132775555,0.173835763,0.211257818,0.245238095,0.277537438,0.319439922,0.359464627,0.397879638,0.434371184,0.469216975,0.50234055,0.533791523,0.563901345,0.592643426,0.619892473,0.646036344,0.670879546,0.694465504,0.717294351,0.738528769,0.758924322,0.778218284,0.79652492,0.813578311,0.829964851,0.829993536,0.829993536,0.829993536,0.829993536,0.829993536,0.829993536,0.829993536,0.829993536,0.829993536,0.829993536,0.829993536,0.829993536,0.829993536,0.829993536,0.829993536,0.829993536,0.829993536,0.829993536,0.829993536,0.829993536,0.829993536,0.829993536,0.829993536,0.829993536,0.829993536,0.829993536,0.829993536,0.829993536,0.829993536,0.829993536,0.829993536,0.829993536,0.829993536,0.829993536,0.829993536,0.829993536,0.829993536,0.829993536,0.829993536,0.829993536,0.829993536,0.829993536,0.829993536,0.829993536,0.829993536
Step Change,TAS,Articulated Truck,FCEV,0,0,0,0,0,0.000363769,0.000710985,0.001389854,0.002380952,0.003327787,0.006838163,0.010197578,0.01340817,0.016483516,0.019426181,0.021942657,0.024627721,0.027186099,0.029645896,0.031989247,0.034237556,0.036368326,0.038412939,0.040138751,0.042000486,0.043788672,0.045475746,0.047096479,0.048622003,0.050087873,0.049989226,0.049989226,0.049989226,0.049989226,0.049989226,0.049989226,0.049989226,0.049989226,0.049989226,0.049989226,0.049989226,0.049989226,0.049989226,0.049989226,0.049989226,0.049989226,0.049989226,0.049989226,0.049989226,0.049989226,0.049989226,0.049989226,0.049989226,0.049989226,0.049989226,0.049989226,0.049989226,0.049989226,0.049989226,0.049989226,0.049989226,0.049989226,0.049989226,0.049989226,0.049989226,0.049989226,0.049989226,0.049989226,0.049989226,0.049989226,0.049989226,0.049989226,0.049989226,0.049989226,0.049989226
Step Change,TAS,Articulated Truck,Hybrid,0,0,0,0,0,0,0,0,0,0,0,0,0,0,0,0,0,0,0,0,0,0,0,0,0,0,0,0,0,0,0,0,0,0,0,0,0,0,0,0,0,0,0,0,0,0,0,0,0,0,0,0,0,0,0,0,0,0,0,0,0,0,0,0,0,0,0,0,0,0,0,0,0,0,0
Step Change,TAS,Articulated Truck,ICE,1,0.999604899,0.994978756,0.950850662,0.908314774,0.866860677,0.825453253,0.787004864,0.752040816,0.718801997,0.672093781,0.627151052,0.584346742,0.543345543,0.504482965,0.467524868,0.432416953,0.398542601,0.366456217,0.335752688,0.306557809,0.278565901,0.251958554,0.226709613,0.202719107,0.179914327,0.158115672,0.137631459,0.118306072,0.099956063,0.099978453,0.099978453,0.099978453,0.099978453,0.099978453,0.099978453,0.099978453,0.099978453,0.099978453,0.099978453,0.099978453,0.099978453,0.099978453,0.099978453,0.099978453,0.099978453,0.099978453,0.099978453,0.099978453,0.099978453,0.099978453,0.099978453,0.099978453,0.099978453,0.099978453,0.099978453,0.099978453,0.099978453,0.099978453,0.099978453,0.099978453,0.099978453,0.099978453,0.099978453,0.099978453,0.099978453,0.099978453,0.099978453,0.099978453,0.099978453,0.099978453,0.099978453,0.099978453,0.099978453,0.099978453
Step Change,TAS,Articulated Truck,PHEV,0,0,0,0,0,0,0,0.000347464,0.000340136,0.000332779,0.001628134,0.003186743,0.004365451,0.005799756,0.006873879,0.008191925,0.009163803,0.010369955,0.011254461,0.012365591,0.013168291,0.014186226,0.015163002,0.015857284,0.016751639,0.01737268,0.018190299,0.018747142,0.019493614,0.019991213,0.020038785,0.020038785,0.020038785,0.020038785,0.020038785,0.020038785,0.020038785,0.020038785,0.020038785,0.020038785,0.020038785,0.020038785,0.020038785,0.020038785,0.020038785,0.020038785,0.020038785,0.020038785,0.020038785,0.020038785,0.020038785,0.020038785,0.020038785,0.020038785,0.020038785,0.020038785,0.020038785,0.020038785,0.020038785,0.020038785,0.020038785,0.020038785,0.020038785,0.020038785,0.020038785,0.020038785,0.020038785,0.020038785,0.020038785,0.020038785,0.020038785,0.020038785,0.020038785,0.020038785,0.020038785
Step Change,TAS,Bus,BEV,0.010915706,0.01230123,0.02611276,0.043772033,0.065135214,0.085928489,0.106918239,0.128045326,0.149719101,0.171030641,0.21452514,0.256975446,0.296849088,0.335796388,0.374288039,0.411875336,0.449001332,0.485480465,0.521329495,0.556564608,0.591353577,0.625669814,0.659493671,0.692964824,0.725754176,0.758415842,0.790611944,0.822553088,0.853853611,0.884930188,0.884983262,0.884983262,0.884983262,0.884983262,0.884983262,0.884983262,0.884983262,0.884983262,0.884983262,0.884983262,0.884983262,0.884983262,0.884983262,0.884983262,0.884983262,0.884983262,0.884983262,0.884983262,0.884983262,0.884983262,0.884983262,0.884983262,0.884983262,0.884983262,0.884983262,0.884983262,0.884983262,0.884983262,0.884983262,0.884983262,0.884983262,0.884983262,0.884983262,0.884983262,0.884983262,0.884983262,0.884983262,0.884983262,0.884983262,0.884983262,0.884983262,0.884983262,0.884983262,0.884983262,0.884983262
Step Change,TAS,Bus,FCEV,0,0.00120012,0.002967359,0.004700353,0.007269555,0.00922722,0.011435106,0.013314448,0.01488764,0.01643454,0.018715084,0.020647321,0.02238806,0.024356869,0.026037429,0.027941967,0.029560586,0.031414995,0.032975661,0.0345096,0.036284097,0.037764736,0.039493671,0.040954774,0.04263276,0.044059406,0.045465716,0.04710764,0.048473097,0.05007222,0.049976088,0.049976088,0.049976088,0.049976088,0.049976088,0.049976088,0.049976088,0.049976088,0.049976088,0.049976088,0.049976088,0.049976088,0.049976088,0.049976088,0.049976088,0.049976088,0.049976088,0.049976088,0.049976088,0.049976088,0.049976088,0.049976088,0.049976088,0.049976088,0.049976088,0.049976088,0.049976088,0.049976088,0.049976088,0.049976088,0.049976088,0.049976088,0.049976088,0.049976088,0.049976088,0.049976088,0.049976088,0.049976088,0.049976088,0.049976088,0.049976088,0.049976088,0.049976088,0.049976088,0.049976088
Step Change,TAS,Bus,Hybrid,0,0,0,0,0,0,0,0,0,0,0.001117318,0.002232143,0.00331675,0.004652436,0.005695688,0.006716819,0.007723036,0.008711721,0.009683329,0.010897769,0.011837365,0.012758357,0.013670886,0.014572864,0.015457492,0.016336634,0.017449005,0.018306078,0.019146873,0.019980741,0.020086083,0.020086083,0.020086083,0.020086083,0.020086083,0.020086083,0.020086083,0.020086083,0.020086083,0.020086083,0.020086083,0.020086083,0.020086083,0.020086083,0.020086083,0.020086083,0.020086083,0.020086083,0.020086083,0.020086083,0.020086083,0.020086083,0.020086083,0.020086083,0.020086083,0.020086083,0.020086083,0.020086083,0.020086083,0.020086083,0.020086083,0.020086083,0.020086083,0.020086083,0.020086083,0.020086083,0.020086083,0.020086083,0.020086083,0.020086083,0.020086083,0.020086083,0.020086083,0.020086083,0.020086083
Step Change,TAS,Bus,ICE,0.989084294,0.98649865,0.970919881,0.951527615,0.927595231,0.904844291,0.881646655,0.858356941,0.83511236,0.812256267,0.762849162,0.714564732,0.669430625,0.624794745,0.581231353,0.538151531,0.496138482,0.454593453,0.41376603,0.373637779,0.334019557,0.294973207,0.256455696,0.218592965,0.181251558,0.144059406,0.107397395,0.071027581,0.035385361,0,0,0,0,0,0,0,0,0,0,0,0,0,0,0,0,0,0,0,0,0,0,0,0,0,0,0,0,0,0,0,0,0,0,0,0,0,0,0,0,0,0,0,0,0,0
Step Change,TAS,Bus,PHEV,0,0,0,0,0,0,0,0.000283286,0.000280899,0.000278552,0.002793296,0.005580357,0.008015478,0.010399562,0.012747491,0.015314347,0.017576565,0.019799366,0.022245485,0.024390244,0.026505404,0.028833886,0.030886076,0.032914573,0.034904014,0.037128713,0.03907594,0.041005614,0.043141057,0.045016851,0.044954567,0.044954567,0.044954567,0.044954567,0.044954567,0.044954567,0.044954567,0.044954567,0.044954567,0.044954567,0.044954567,0.044954567,0.044954567,0.044954567,0.044954567,0.044954567,0.044954567,0.044954567,0.044954567,0.044954567,0.044954567,0.044954567,0.044954567,0.044954567,0.044954567,0.044954567,0.044954567,0.044954567,0.044954567,0.044954567,0.044954567,0.044954567,0.044954567,0.044954567,0.044954567,0.044954567,0.044954567,0.044954567,0.044954567,0.044954567,0.044954567,0.044954567,0.044954567,0.044954567,0.044954567
Step Change,TAS,Large Light Commercial,BEV,0.000152071,0.000492893,0.001133228,0.002040435,0.003178613,0.008185797,0.017094086,0.029408025,0.044804129,0.063388247,0.117562223,0.170343954,0.221830152,0.272119383,0.321293668,0.369413562,0.416531318,0.46228634,0.506779217,0.550277749,0.592829421,0.634256638,0.674323426,0.713434932,0.751228158,0.787867834,0.823557783,0.85829714,0.892101982,0.925000302,0.924998956,0.924998956,0.924998956,0.924998956,0.924998956,0.924998956,0.924998956,0.924998956,0.924998956,0.924998956,0.924998956,0.924998956,0.924998956,0.924998956,0.924998956,0.924998956,0.924998956,0.924998956,0.924998956,0.924998956,0.924998956,0.924998956,0.924998956,0.924998956,0.924998956,0.924998956,0.924998956,0.924998956,0.924998956,0.924998956,0.924998956,0.924998956,0.924998956,0.924998956,0.924998956,0.924998956,0.924998956,0.924998956,0.924998956,0.924998956,0.924998956,0.924998956,0.924998956,0.924998956,0.924998956
Step Change,TAS,Large Light Commercial,FCEV,0,0,0,0,0,0,0,0,0,0,0,0,0,0,0,0,0,0,0,0,0,0,0,0,0,0,0,0,0,0,0,0,0,0,0,0,0,0,0,0,0,0,0,0,0,0,0,0,0,0,0,0,0,0,0,0,0,0,0,0,0,0,0,0,0,0,0,0,0,0,0,0,0,0,0
Step Change,TAS,Large Light Commercial,Hybrid,0.002674658,0.004224794,0.00684262,0.010227678,0.014295394,0.017399961,0.019672343,0.021144219,0.02194855,0.022229746,0.021458446,0.020722671,0.020002959,0.019307643,0.018640897,0.017986562,0.017357531,0.016722852,0.01609633,0.015492622,0.014897717,0.01431245,0.01373874,0.013172267,0.012618722,0.012068747,0.011531475,0.011012534,0.010498912,0.010002777,0.010000537,0.010000537,0.010000537,0.010000537,0.010000537,0.010000537,0.010000537,0.010000537,0.010000537,0.010000537,0.010000537,0.010000537,0.010000537,0.010000537,0.010000537,0.010000537,0.010000537,0.010000537,0.010000537,0.010000537,0.010000537,0.010000537,0.010000537,0.010000537,0.010000537,0.010000537,0.010000537,0.010000537,0.010000537,0.010000537,0.010000537,0.010000537,0.010000537,0.010000537,0.010000537,0.010000537,0.010000537,0.010000537,0.010000537,0.010000537,0.010000537,0.010000537,0.010000537,0.010000537,0.010000537
Step Change,TAS,Large Light Commercial,ICE,0.997128545,0.994446156,0.989601986,0.983021884,0.974914052,0.964031855,0.950172557,0.933897497,0.915388224,0.894352921,0.838124227,0.783318474,0.729856488,0.677616434,0.62652482,0.576526787,0.527554551,0.480028197,0.433835395,0.388665099,0.344480231,0.301467209,0.259891169,0.219312389,0.180117004,0.14212963,0.105136236,0.069125308,0.034093965,0,0,0,0,0,0,0,0,0,0,0,0,0,0,0,0,0,0,0,0,0,0,0,0,0,0,0,0,0,0,0,0,0,0,0,0,0,0,0,0,0,0,0,0,0,0
Step Change,TAS,Large Light Commercial,PHEV,4.47267E-05,0.000836157,0.002422166,0.004710003,0.007611942,0.010382388,0.013061013,0.015550258,0.017859098,0.020029086,0.022855104,0.0256149,0.028310401,0.03095654,0.033540615,0.036073089,0.038556599,0.040962611,0.043289058,0.04556453,0.047792631,0.049963703,0.052046664,0.054080412,0.056036116,0.05793379,0.059774507,0.061565017,0.063305141,0.064996921,0.065000507,0.065000507,0.065000507,0.065000507,0.065000507,0.065000507,0.065000507,0.065000507,0.065000507,0.065000507,0.065000507,0.065000507,0.065000507,0.065000507,0.065000507,0.065000507,0.065000507,0.065000507,0.065000507,0.065000507,0.065000507,0.065000507,0.065000507,0.065000507,0.065000507,0.065000507,0.065000507,0.065000507,0.065000507,0.065000507,0.065000507,0.065000507,0.065000507,0.065000507,0.065000507,0.065000507,0.065000507,0.065000507,0.065000507,0.065000507,0.065000507,0.065000507,0.065000507,0.065000507,0.065000507
Step Change,TAS,Large Residential,BEV,0.004975657,0.007652716,0.011629939,0.016543513,0.022499986,0.0306918,0.041070654,0.053464083,0.067883622,0.084355328,0.130717877,0.176506251,0.221675839,0.266215138,0.31014957,0.35347805,0.396240979,0.438493825,0.480319729,0.521803676,0.563049551,0.604175552,0.645264289,0.686779132,0.727867602,0.767933536,0.808063027,0.847450391,0.886420235,0.924999502,0.924996412,0.924996412,0.924996412,0.924996412,0.924996412,0.924996412,0.924996412,0.924996412,0.924996412,0.924996412,0.924996412,0.924996412,0.924996412,0.924996412,0.924996412,0.924996412,0.924996412,0.924996412,0.924996412,0.924996412,0.924996412,0.924996412,0.924996412,0.924996412,0.924996412,0.924996412,0.924996412,0.924996412,0.924996412,0.924996412,0.924996412,0.924996412,0.924996412,0.924996412,0.924996412,0.924996412,0.924996412,0.924996412,0.924996412,0.924996412,0.924996412,0.924996412,0.924996412,0.924996412,0.924996412
Step Change,TAS,Large Residential,FCEV,0,0,0,0,0,0,0,0,0,0,0,0,0,0,0,0,0,0,0,0,0,0,0,0,0,0,0,0,0,0,0,0,0,0,0,0,0,0,0,0,0,0,0,0,0,0,0,0,0,0,0,0,0,0,0,0,0,0,0,0,0,0,0,0,0,0,0,0,0,0,0,0,0,0,0
Step Change,TAS,Large Residential,Hybrid,0.057151689,0.066280404,0.074927786,0.080779414,0.085477074,0.088489298,0.090135719,0.090629233,0.090187048,0.088975721,0.084584741,0.080235079,0.075905602,0.071617308,0.067370947,0.06318019,0.059039361,0.054963412,0.05094577,0.046996901,0.043106965,0.039283897,0.035511436,0.031811295,0.028121822,0.024437908,0.020790566,0.017166477,0.013566764,0.01000239,0.010002128,0.010002128,0.010002128,0.010002128,0.010002128,0.010002128,0.010002128,0.010002128,0.010002128,0.010002128,0.010002128,0.010002128,0.010002128,0.010002128,0.010002128,0.010002128,0.010002128,0.010002128,0.010002128,0.010002128,0.010002128,0.010002128,0.010002128,0.010002128,0.010002128,0.010002128,0.010002128,0.010002128,0.010002128,0.010002128,0.010002128,0.010002128,0.010002128,0.010002128,0.010002128,0.010002128,0.010002128,0.010002128,0.010002128,0.010002128,0.010002128,0.010002128,0.010002128,0.010002128,0.010002128
Step Change,TAS,Large Residential,ICE,0.936338939,0.921167024,0.902499534,0.883387844,0.862198309,0.84199596,0.822269421,0.802907165,0.783551084,0.763917828,0.721844007,0.680315915,0.639409038,0.599108087,0.559378147,0.520204144,0.481540617,0.443321444,0.405456909,0.36784652,0.330388629,0.292951508,0.255467431,0.217414593,0.17979459,0.143255654,0.106585697,0.070669834,0.03515457,0,0,0,0,0,0,0,0,0,0,0,0,0,0,0,0,0,0,0,0,0,0,0,0,0,0,0,0,0,0,0,0,0,0,0,0,0,0,0,0,0,0,0,0,0,0
Step Change,TAS,Large Residential,PHEV,0.001533715,0.004899856,0.010942741,0.019289229,0.029824632,0.038822942,0.046524206,0.052999519,0.058378246,0.062751123,0.062853375,0.062942754,0.06300952,0.063059468,0.063101335,0.063137616,0.063179043,0.063221319,0.063277591,0.063352902,0.063454856,0.063589043,0.063756844,0.06399498,0.064215985,0.064372902,0.06456071,0.064713298,0.064858432,0.064998108,0.06500146,0.06500146,0.06500146,0.06500146,0.06500146,0.06500146,0.06500146,0.06500146,0.06500146,0.06500146,0.06500146,0.06500146,0.06500146,0.06500146,0.06500146,0.06500146,0.06500146,0.06500146,0.06500146,0.06500146,0.06500146,0.06500146,0.06500146,0.06500146,0.06500146,0.06500146,0.06500146,0.06500146,0.06500146,0.06500146,0.06500146,0.06500146,0.06500146,0.06500146,0.06500146,0.06500146,0.06500146,0.06500146,0.06500146,0.06500146,0.06500146,0.06500146,0.06500146,0.06500146,0.06500146
Step Change,TAS,Medium Light Commercial,BEV,0.002319875,0.003910885,0.006444079,0.009666567,0.013561742,0.020823846,0.031445002,0.044957375,0.061076276,0.080040725,0.13463698,0.188036152,0.240227273,0.291340353,0.341353105,0.390280579,0.438209995,0.484712553,0.529918774,0.574088359,0.617277959,0.659298859,0.699891658,0.739544998,0.777825512,0.815134006,0.851489938,0.886920503,0.92142295,0.95502053,0.955003688,0.955003688,0.955003688,0.955003688,0.955003688,0.955003688,0.955003688,0.955003688,0.955003688,0.955003688,0.955003688,0.955003688,0.955003688,0.955003688,0.955003688,0.955003688,0.955003688,0.955003688,0.955003688,0.955003688,0.955003688,0.955003688,0.955003688,0.955003688,0.955003688,0.955003688,0.955003688,0.955003688,0.955003688,0.955003688,0.955003688,0.955003688,0.955003688,0.955003688,0.955003688,0.955003688,0.955003688,0.955003688,0.955003688,0.955003688,0.955003688,0.955003688,0.955003688,0.955003688,0.955003688
Step Change,TAS,Medium Light Commercial,FCEV,0,0,0,0,0,0,0,0,0,0,0,0,0,0,0,0,0,0,0,0,0,0,0,0,0,0,0,0,0,0,0,0,0,0,0,0,0,0,0,0,0,0,0,0,0,0,0,0,0,0,0,0,0,0,0,0,0,0,0,0,0,0,0,0,0,0,0,0,0,0,0,0,0,0,0
Step Change,TAS,Medium Light Commercial,Hybrid,0.002721392,0.004570022,0.007611798,0.011284759,0.015451148,0.018588284,0.020881765,0.022358051,0.023176443,0.023456162,0.022652469,0.021867341,0.021098485,0.020346985,0.019610751,0.018925362,0.018219432,0.017512381,0.016812684,0.016129032,0.015461416,0.014804153,0.014186078,0.013549682,0.012921348,0.012306989,0.011706656,0.011119962,0.010546199,0.009985069,0.009988935,0.009988935,0.009988935,0.009988935,0.009988935,0.009988935,0.009988935,0.009988935,0.009988935,0.009988935,0.009988935,0.009988935,0.009988935,0.009988935,0.009988935,0.009988935,0.009988935,0.009988935,0.009988935,0.009988935,0.009988935,0.009988935,0.009988935,0.009988935,0.009988935,0.009988935,0.009988935,0.009988935,0.009988935,0.009988935,0.009988935,0.009988935,0.009988935,0.009988935,0.009988935,0.009988935,0.009988935,0.009988935,0.009988935,0.009988935,0.009988935,0.009988935,0.009988935,0.009988935,0.009988935
Step Change,TAS,Medium Light Commercial,ICE,0.994244925,0.988574944,0.978808062,0.966060554,0.950665491,0.933926723,0.915412537,0.895850088,0.875228193,0.853075929,0.799728945,0.74754902,0.69655303,0.646644434,0.597775718,0.549935815,0.50310311,0.457726261,0.413684248,0.370617111,0.328503085,0.287550118,0.248002438,0.209434594,0.172207535,0.135931838,0.100586945,0.066146248,0.032645994,0,0,0,0,0,0,0,0,0,0,0,0,0,0,0,0,0,0,0,0,0,0,0,0,0,0,0,0,0,0,0,0,0,0,0,0,0,0,0,0,0,0,0,0,0,0
Step Change,TAS,Medium Light Commercial,PHEV,0.000713808,0.002944149,0.007136061,0.012988119,0.020321619,0.026661147,0.032260696,0.036834486,0.040519089,0.043427184,0.042981607,0.042547488,0.042121212,0.041668228,0.041260426,0.040858243,0.040467463,0.040048805,0.039584294,0.039165498,0.03875754,0.03834687,0.037919827,0.037470726,0.037045605,0.036627167,0.03621646,0.035813287,0.035384858,0.034994401,0.035007376,0.035007376,0.035007376,0.035007376,0.035007376,0.035007376,0.035007376,0.035007376,0.035007376,0.035007376,0.035007376,0.035007376,0.035007376,0.035007376,0.035007376,0.035007376,0.035007376,0.035007376,0.035007376,0.035007376,0.035007376,0.035007376,0.035007376,0.035007376,0.035007376,0.035007376,0.035007376,0.035007376,0.035007376,0.035007376,0.035007376,0.035007376,0.035007376,0.035007376,0.035007376,0.035007376,0.035007376,0.035007376,0.035007376,0.035007376,0.035007376,0.035007376,0.035007376,0.035007376,0.035007376
Step Change,TAS,Medium Residential,BEV,0.018342338,0.023785311,0.029918683,0.035908197,0.042335706,0.050970427,0.061754699,0.07452356,0.089299189,0.106106551,0.153344284,0.199997377,0.246008784,0.291374265,0.336100839,0.38018704,0.423660417,0.466543138,0.508900229,0.550794154,0.592333331,0.633640596,0.67480789,0.716645938,0.757426794,0.797761226,0.837917491,0.877236979,0.916261615,0.954999822,0.954998762,0.954998762,0.954998762,0.954998762,0.954998762,0.954998762,0.954998762,0.954998762,0.954998762,0.954998762,0.954998762,0.954998762,0.954998762,0.954998762,0.954998762,0.954998762,0.954998762,0.954998762,0.954998762,0.954998762,0.954998762,0.954998762,0.954998762,0.954998762,0.954998762,0.954998762,0.954998762,0.954998762,0.954998762,0.954998762,0.954998762,0.954998762,0.954998762,0.954998762,0.954998762,0.954998762,0.954998762,0.954998762,0.954998762,0.954998762,0.954998762,0.954998762,0.954998762,0.954998762,0.954998762
Step Change,TAS,Medium Residential,FCEV,0,0,0,0,0,0,0,0,0,0,0,0,0,0,0,0,0,0,0,0,0,0,0,0,0,0,0,0,0,0,0,0,0,0,0,0,0,0,0,0,0,0,0,0,0,0,0,0,0,0,0,0,0,0,0,0,0,0,0,0,0,0,0,0,0,0,0,0,0,0,0,0,0,0,0
Step Change,TAS,Medium Residential,Hybrid,0.057282336,0.064646893,0.071716741,0.076276351,0.079900322,0.082137188,0.083236947,0.083393812,0.082775199,0.081515789,0.077546228,0.073608005,0.069698036,0.065812984,0.061969838,0.058168949,0.054414517,0.050709978,0.047058824,0.043462302,0.039922579,0.036441006,0.033013558,0.029665667,0.026314672,0.022991839,0.019703959,0.016441423,0.013205861,0.010002016,0.01000224,0.01000224,0.01000224,0.01000224,0.01000224,0.01000224,0.01000224,0.01000224,0.01000224,0.01000224,0.01000224,0.01000224,0.01000224,0.01000224,0.01000224,0.01000224,0.01000224,0.01000224,0.01000224,0.01000224,0.01000224,0.01000224,0.01000224,0.01000224,0.01000224,0.01000224,0.01000224,0.01000224,0.01000224,0.01000224,0.01000224,0.01000224,0.01000224,0.01000224,0.01000224,0.01000224,0.01000224,0.01000224,0.01000224,0.01000224,0.01000224,0.01000224,0.01000224,0.01000224,0.01000224
Step Change,TAS,Medium Residential,ICE,0.918722745,0.900981638,0.880094532,0.859691404,0.837570108,0.816562323,0.796168909,0.776281483,0.75654903,0.736720922,0.695706096,0.655232562,0.61537058,0.576119326,0.537444934,0.499342038,0.46178738,0.424744906,0.388141377,0.351910263,0.315936257,0.280090272,0.244285644,0.207641378,0.172089213,0.136942194,0.101912054,0.067698919,0.033732428,0,0,0,0,0,0,0,0,0,0,0,0,0,0,0,0,0,0,0,0,0,0,0,0,0,0,0,0,0,0,0,0,0,0,0,0,0,0,0,0,0,0,0,0,0,0
Step Change,TAS,Medium Residential,PHEV,0.00565258,0.010586158,0.018270044,0.028124048,0.040193864,0.050330061,0.058839445,0.065801145,0.071376582,0.075656738,0.073403392,0.071162056,0.0689226,0.066693425,0.064484389,0.062301973,0.060137686,0.058001979,0.055899571,0.05383328,0.051807832,0.049828126,0.047892908,0.046047016,0.044169322,0.042304742,0.040466495,0.038622679,0.036800095,0.034998162,0.034998998,0.034998998,0.034998998,0.034998998,0.034998998,0.034998998,0.034998998,0.034998998,0.034998998,0.034998998,0.034998998,0.034998998,0.034998998,0.034998998,0.034998998,0.034998998,0.034998998,0.034998998,0.034998998,0.034998998,0.034998998,0.034998998,0.034998998,0.034998998,0.034998998,0.034998998,0.034998998,0.034998998,0.034998998,0.034998998,0.034998998,0.034998998,0.034998998,0.034998998,0.034998998,0.034998998,0.034998998,0.034998998,0.034998998,0.034998998,0.034998998,0.034998998,0.034998998,0.034998998,0.034998998
Step Change,TAS,Motorcycle,BEV,0.005060175,0.008781015,0.0152142,0.02399789,0.035138774,0.048389867,0.06359854,0.080744038,0.099651076,0.120299207,0.170564073,0.219825331,0.268116808,0.315426182,0.361871656,0.407466151,0.452245899,0.496221758,0.539454374,0.581940922,0.623812165,0.664968106,0.705493147,0.745385059,0.784672055,0.823832174,0.862412797,0.900454704,0.938014376,0.97500431,0.975001712,0.975001712,0.975001712,0.975001712,0.975001712,0.975001712,0.975001712,0.975001712,0.975001712,0.975001712,0.975001712,0.975001712,0.975001712,0.975001712,0.975001712,0.975001712,0.975001712,0.975001712,0.975001712,0.975001712,0.975001712,0.975001712,0.975001712,0.975001712,0.975001712,0.975001712,0.975001712,0.975001712,0.975001712,0.975001712,0.975001712,0.975001712,0.975001712,0.975001712,0.975001712,0.975001712,0.975001712,0.975001712,0.975001712,0.975001712,0.975001712,0.975001712,0.975001712,0.975001712,0.975001712
Step Change,TAS,Motorcycle,FCEV,0,0,0,0,0,0,0,0,0,0,0,0,0,0,0,0,0,0,0,0,0,0,0,0,0,0,0,0,0,0,0,0,0,0,0,0,0,0,0,0,0,0,0,0,0,0,0,0,0,0,0,0,0,0,0,0,0,0,0,0,0,0,0,0,0,0,0,0,0,0,0,0,0,0,0
Step Change,TAS,Motorcycle,Hybrid,0,0,0,0,0,0,0,0,0,0,0,0,0,0,0,0,0,0,0,0,0,0,0,0,0,0,0,0,0,0,0,0,0,0,0,0,0,0,0,0,0,0,0,0,0,0,0,0,0,0,0,0,0,0,0,0,0,0,0,0,0,0,0,0,0,0,0,0,0,0,0,0,0,0,0
Step Change,TAS,Motorcycle,ICE,0.994939825,0.991218985,0.9847858,0.97600211,0.964861226,0.951610133,0.93640146,0.919255962,0.900348924,0.879700793,0.828541218,0.778403831,0.729293654,0.681142271,0.633871031,0.587466151,0.54192856,0.497171065,0.453170273,0.40992839,0.367350712,0.325463744,0.284218563,0.243618402,0.203669265,0.163815136,0.124550772,0.085834208,0.047643852,0.009998276,0.009999315,0.009999315,0.009999315,0.009999315,0.009999315,0.009999315,0.009999315,0.009999315,0.009999315,0.009999315,0.009999315,0.009999315,0.009999315,0.009999315,0.009999315,0.009999315,0.009999315,0.009999315,0.009999315,0.009999315,0.009999315,0.009999315,0.009999315,0.009999315,0.009999315,0.009999315,0.009999315,0.009999315,0.009999315,0.009999315,0.009999315,0.009999315,0.009999315,0.009999315,0.009999315,0.009999315,0.009999315,0.009999315,0.009999315,0.009999315,0.009999315,0.009999315,0.009999315,0.009999315,0.009999315
Step Change,TAS,Motorcycle,PHEV,0,0,0,0,0,0,0,0,0,0,0.000894709,0.001770838,0.002589538,0.003431547,0.004257314,0.005067698,0.00582554,0.006607177,0.007375353,0.008130688,0.008837123,0.00956815,0.01028829,0.010996539,0.01165868,0.012352691,0.013036432,0.013711088,0.014341772,0.014997414,0.014998973,0.014998973,0.014998973,0.014998973,0.014998973,0.014998973,0.014998973,0.014998973,0.014998973,0.014998973,0.014998973,0.014998973,0.014998973,0.014998973,0.014998973,0.014998973,0.014998973,0.014998973,0.014998973,0.014998973,0.014998973,0.014998973,0.014998973,0.014998973,0.014998973,0.014998973,0.014998973,0.014998973,0.014998973,0.014998973,0.014998973,0.014998973,0.014998973,0.014998973,0.014998973,0.014998973,0.014998973,0.014998973,0.014998973,0.014998973,0.014998973,0.014998973,0.014998973,0.014998973,0.014998973
Step Change,TAS,Rigid Truck,BEV,0.002110942,0.001206134,0.002188429,0.003511274,0.00516629,0.010597912,0.020095842,0.03286953,0.048334487,0.067276511,0.123568271,0.177868011,0.230088901,0.280397804,0.328739288,0.375276513,0.420113302,0.463266672,0.50482923,0.544903893,0.58346891,0.619960266,0.654075319,0.68670412,0.717995812,0.747910061,0.77654836,0.803919528,0.830026207,0.855005177,0.855007376,0.855007376,0.855007376,0.855007376,0.855007376,0.855007376,0.855007376,0.855007376,0.855007376,0.855007376,0.855007376,0.855007376,0.855007376,0.855007376,0.855007376,0.855007376,0.855007376,0.855007376,0.855007376,0.855007376,0.855007376,0.855007376,0.855007376,0.855007376,0.855007376,0.855007376,0.855007376,0.855007376,0.855007376,0.855007376,0.855007376,0.855007376,0.855007376,0.855007376,0.855007376,0.855007376,0.855007376,0.855007376,0.855007376,0.855007376,0.855007376,0.855007376,0.855007376,0.855007376,0.855007376
Step Change,TAS,Rigid Truck,FCEV,0,0,0,0,0,0.00026363,0.000721389,0.001411575,0.002273401,0.003388026,0.006701202,0.009894521,0.013014389,0.01597516,0.018817917,0.02160052,0.024236487,0.02681784,0.02926308,0.031618478,0.033927225,0.036071832,0.038079597,0.040037453,0.041876355,0.043636495,0.045354921,0.046964967,0.048534767,0.05000167,0.049991805,0.049991805,0.049991805,0.049991805,0.049991805,0.049991805,0.049991805,0.049991805,0.049991805,0.049991805,0.049991805,0.049991805,0.049991805,0.049991805,0.049991805,0.049991805,0.049991805,0.049991805,0.049991805,0.049991805,0.049991805,0.049991805,0.049991805,0.049991805,0.049991805,0.049991805,0.049991805,0.049991805,0.049991805,0.049991805,0.049991805,0.049991805,0.049991805,0.049991805,0.049991805,0.049991805,0.049991805,0.049991805,0.049991805,0.049991805,0.049991805,0.049991805,0.049991805,0.049991805,0.049991805
Step Change,TAS,Rigid Truck,Hybrid,0,0,0,0,0,0,0,0,0,0,0.003564469,0.00700084,0.010310696,0.013455135,0.016520894,0.019475168,0.022319717,0.025060664,0.027701286,0.030205136,0.032657434,0.034981107,0.037162936,0.039250936,0.041251883,0.04316806,0.044966063,0.046722164,0.048398625,0.05000167,0.049991805,0.049991805,0.049991805,0.049991805,0.049991805,0.049991805,0.049991805,0.049991805,0.049991805,0.049991805,0.049991805,0.049991805,0.049991805,0.049991805,0.049991805,0.049991805,0.049991805,0.049991805,0.049991805,0.049991805,0.049991805,0.049991805,0.049991805,0.049991805,0.049991805,0.049991805,0.049991805,0.049991805,0.049991805,0.049991805,0.049991805,0.049991805,0.049991805,0.049991805,0.049991805,0.049991805,0.049991805,0.049991805,0.049991805,0.049991805,0.049991805,0.049991805,0.049991805,0.049991805,0.049991805
Step Change,TAS,Rigid Truck,ICE,0.997889058,0.998793866,0.997811571,0.996488726,0.99483371,0.989033006,0.979028186,0.965466828,0.94904616,0.92889986,0.862554061,0.798562494,0.736962698,0.677706777,0.620726213,0.565820863,0.513012736,0.462095222,0.413094406,0.36589404,0.320384112,0.277355771,0.237109465,0.198576779,0.161664769,0.126369271,0.092583428,0.060319112,0.029474831,0,0,0,0,0,0,0,0,0,0,0,0,0,0,0,0,0,0,0,0,0,0,0,0,0,0,0,0,0,0,0,0,0,0,0,0,0,0,0,0,0,0,0,0,0,0
Step Change,TAS,Rigid Truck,PHEV,0,0,0,0,0,0.000105452,0.000154583,0.000252067,0.000345952,0.000435603,0.003611996,0.006674134,0.009623316,0.012465125,0.015195689,0.017826936,0.020317758,0.022759602,0.025111997,0.027378453,0.029562319,0.031631023,0.033572684,0.035430712,0.037211182,0.038916114,0.040547229,0.042074228,0.04356557,0.044991483,0.045009015,0.045009015,0.045009015,0.045009015,0.045009015,0.045009015,0.045009015,0.045009015,0.045009015,0.045009015,0.045009015,0.045009015,0.045009015,0.045009015,0.045009015,0.045009015,0.045009015,0.045009015,0.045009015,0.045009015,0.045009015,0.045009015,0.045009015,0.045009015,0.045009015,0.045009015,0.045009015,0.045009015,0.045009015,0.045009015,0.045009015,0.045009015,0.045009015,0.045009015,0.045009015,0.045009015,0.045009015,0.045009015,0.045009015,0.045009015,0.045009015,0.045009015,0.045009015,0.045009015,0.045009015
Step Change,TAS,Small Light Commercial,BEV,0.00708061,0.010328638,0.014915523,0.020145568,0.026271947,0.035506697,0.0479273,0.062845219,0.080174397,0.100047813,0.154709845,0.208065459,0.260346821,0.311527905,0.361507128,0.410500392,0.458462561,0.504928806,0.550178629,0.594285103,0.637498677,0.67953143,0.720132286,0.759726335,0.797982854,0.835292945,0.871555118,0.907031022,0.941391238,0.975030855,0.974953096,0.974953096,0.974953096,0.974953096,0.974953096,0.974953096,0.974953096,0.974953096,0.974953096,0.974953096,0.974953096,0.974953096,0.974953096,0.974953096,0.974953096,0.974953096,0.974953096,0.974953096,0.974953096,0.974953096,0.974953096,0.974953096,0.974953096,0.974953096,0.974953096,0.974953096,0.974953096,0.974953096,0.974953096,0.974953096,0.974953096,0.974953096,0.974953096,0.974953096,0.974953096,0.974953096,0.974953096,0.974953096,0.974953096,0.974953096,0.974953096,0.974953096,0.974953096,0.974953096,0.974953096
Step Change,TAS,Small Light Commercial,FCEV,0,0,0,0,0,0,0,0,0,0,0,0,0,0,0,0,0,0,0,0,0,0,0,0,0,0,0,0,0,0,0,0,0,0,0,0,0,0,0,0,0,0,0,0,0,0,0,0,0,0,0,0,0,0,0,0,0,0,0,0,0,0,0,0,0,0,0,0,0,0,0,0,0,0,0
Step Change,TAS,Small Light Commercial,Hybrid,0,0,0,0,0,0,0,0,0,0,0.000590947,0.001285798,0.001849711,0.002401647,0.002941842,0.003582223,0.004098361,0.004600219,0.005088232,0.005672089,0.006136917,0.006589269,0.007027697,0.007556418,0.007967726,0.008369868,0.008858268,0.009238549,0.009607994,0.00996867,0.010037523,0.010037523,0.010037523,0.010037523,0.010037523,0.010037523,0.010037523,0.010037523,0.010037523,0.010037523,0.010037523,0.010037523,0.010037523,0.010037523,0.010037523,0.010037523,0.010037523,0.010037523,0.010037523,0.010037523,0.010037523,0.010037523,0.010037523,0.010037523,0.010037523,0.010037523,0.010037523,0.010037523,0.010037523,0.010037523,0.010037523,0.010037523,0.010037523,0.010037523,0.010037523,0.010037523,0.010037523,0.010037523,0.010037523,0.010037523,0.010037523,0.010037523,0.010037523,0.010037523,0.010037523
Step Change,TAS,Small Light Commercial,ICE,0.990740741,0.983769282,0.972544879,0.958279179,0.941048315,0.922163255,0.90165567,0.880201301,0.857817609,0.834329429,0.782058858,0.731034483,0.681040462,0.632204941,0.584408237,0.537557372,0.491803279,0.447426068,0.404352062,0.362157534,0.32102423,0.280932957,0.242352212,0.204635964,0.168229955,0.132821841,0.098228346,0.064572596,0.03189854,0,0,0,0,0,0,0,0,0,0,0,0,0,0,0,0,0,0,0,0,0,0,0,0,0,0,0,0,0,0,0,0,0,0,0,0,0,0,0,0,0,0,0,0,0,0
Step Change,TAS,Small Light Commercial,PHEV,0.002178649,0.005902079,0.012539599,0.021575253,0.032679739,0.042330048,0.05041703,0.05695348,0.062007993,0.065622759,0.06264035,0.059614261,0.056763006,0.053865508,0.051142792,0.048360013,0.0456358,0.043044907,0.040381076,0.037885274,0.035340176,0.032946345,0.030487805,0.028081283,0.025819465,0.023515345,0.021358268,0.019157833,0.017102229,0.015000475,0.015009381,0.015009381,0.015009381,0.015009381,0.015009381,0.015009381,0.015009381,0.015009381,0.015009381,0.015009381,0.015009381,0.015009381,0.015009381,0.015009381,0.015009381,0.015009381,0.015009381,0.015009381,0.015009381,0.015009381,0.015009381,0.015009381,0.015009381,0.015009381,0.015009381,0.015009381,0.015009381,0.015009381,0.015009381,0.015009381,0.015009381,0.015009381,0.015009381,0.015009381,0.015009381,0.015009381,0.015009381,0.015009381,0.015009381,0.015009381,0.015009381,0.015009381,0.015009381,0.015009381,0.015009381
Step Change,TAS,Small Residential,BEV,0.042106988,0.050727927,0.05709287,0.059682035,0.060122293,0.063711998,0.070262884,0.079569295,0.091562682,0.106231626,0.15501575,0.203194388,0.250714296,0.297561193,0.343746309,0.389271783,0.43414556,0.478394838,0.522056499,0.565168363,0.607800312,0.650016209,0.691838879,0.733604616,0.774679896,0.815848984,0.856611644,0.896462786,0.935920406,0.974995612,0.975002348,0.975002348,0.975002348,0.975002348,0.975002348,0.975002348,0.975002348,0.975002348,0.975002348,0.975002348,0.975002348,0.975002348,0.975002348,0.975002348,0.975002348,0.975002348,0.975002348,0.975002348,0.975002348,0.975002348,0.975002348,0.975002348,0.975002348,0.975002348,0.975002348,0.975002348,0.975002348,0.975002348,0.975002348,0.975002348,0.975002348,0.975002348,0.975002348,0.975002348,0.975002348,0.975002348,0.975002348,0.975002348,0.975002348,0.975002348,0.975002348,0.975002348,0.975002348,0.975002348,0.975002348
Step Change,TAS,Small Residential,FCEV,0,0,0,0,0,0,0,0,0,0,0,0,0,0,0,0,0,0,0,0,0,0,0,0,0,0,0,0,0,0,0,0,0,0,0,0,0,0,0,0,0,0,0,0,0,0,0,0,0,0,0,0,0,0,0,0,0,0,0,0,0,0,0,0,0,0,0,0,0,0,0,0,0,0,0
Step Change,TAS,Small Residential,Hybrid,0,0,0,0,0,0,0,0,0,0,0.000560334,0.001113971,0.001660459,0.002199533,0.002731192,0.003255418,0.003772266,0.004281974,0.004784895,0.005281414,0.005772231,0.006258016,0.006739054,0.007218707,0.007690815,0.008176829,0.008644465,0.009102323,0.00955561,0.010004455,0.009996377,0.009996377,0.009996377,0.009996377,0.009996377,0.009996377,0.009996377,0.009996377,0.009996377,0.009996377,0.009996377,0.009996377,0.009996377,0.009996377,0.009996377,0.009996377,0.009996377,0.009996377,0.009996377,0.009996377,0.009996377,0.009996377,0.009996377,0.009996377,0.009996377,0.009996377,0.009996377,0.009996377,0.009996377,0.009996377,0.009996377,0.009996377,0.009996377,0.009996377,0.009996377,0.009996377,0.009996377,0.009996377,0.009996377,0.009996377,0.009996377,0.009996377,0.009996377,0.009996377,0.009996377
Step Change,TAS,Small Residential,ICE,0.944916851,0.929039266,0.913084652,0.899459459,0.886185268,0.871919179,0.856555022,0.840167222,0.82266916,0.803972642,0.75878362,0.714160984,0.670182052,0.626852141,0.58415023,0.54207115,0.500619001,0.459733534,0.419389603,0.379548082,0.340136151,0.30110361,0.262402802,0.223696313,0.18566044,0.147458702,0.109647498,0.072750348,0.036200016,0,0,0,0,0,0,0,0,0,0,0,0,0,0,0,0,0,0,0,0,0,0,0,0,0,0,0,0,0,0,0,0,0,0,0,0,0,0,0,0,0,0,0,0,0,0
Step Change,TAS,Small Residential,PHEV,0.012976161,0.020232807,0.029822478,0.040858506,0.053692439,0.064368823,0.073182093,0.080263483,0.085768158,0.089795732,0.085640296,0.081530657,0.077443193,0.073387133,0.069372269,0.065401648,0.061463173,0.057589654,0.053769003,0.050002141,0.046291306,0.042622165,0.039019264,0.035480365,0.031968849,0.028515485,0.025096393,0.021684544,0.018323968,0.014999932,0.015001275,0.015001275,0.015001275,0.015001275,0.015001275,0.015001275,0.015001275,0.015001275,0.015001275,0.015001275,0.015001275,0.015001275,0.015001275,0.015001275,0.015001275,0.015001275,0.015001275,0.015001275,0.015001275,0.015001275,0.015001275,0.015001275,0.015001275,0.015001275,0.015001275,0.015001275,0.015001275,0.015001275,0.015001275,0.015001275,0.015001275,0.015001275,0.015001275,0.015001275,0.015001275,0.015001275,0.015001275,0.015001275,0.015001275,0.015001275,0.015001275,0.015001275,0.015001275,0.015001275,0.015001275
Step Change,VIC,Articulated Truck,BEV,0,5.35318E-05,0.000339958,0.005909137,0.028593683,0.053333005,0.080602836,0.108788285,0.13744207,0.167685333,0.217344281,0.264881917,0.310333157,0.353839143,0.395323843,0.43480936,0.472488828,0.508464582,0.542781047,0.575555839,0.606831499,0.63665955,0.665112132,0.692236614,0.718053406,0.742842387,0.766395064,0.788733268,0.809926404,0.829996571,0.829999415,0.829999415,0.829999415,0.829999415,0.829999415,0.829999415,0.829999415,0.829999415,0.829999415,0.829999415,0.829999415,0.829999415,0.829999415,0.829999415,0.829999415,0.829999415,0.829999415,0.829999415,0.829999415,0.829999415,0.829999415,0.829999415,0.829999415,0.829999415,0.829999415,0.829999415,0.829999415,0.829999415,0.829999415,0.829999415,0.829999415,0.829999415,0.829999415,0.829999415,0.829999415,0.829999415,0.829999415,0.829999415,0.829999415,0.829999415,0.829999415,0.829999415,0.829999415,0.829999415,0.829999415
Step Change,VIC,Articulated Truck,FCEV,0,0,0,0,0,0.000320244,0.000938922,0.00185983,0.003020451,0.004443041,0.007835607,0.011084462,0.014193548,0.017150314,0.019994322,0.022706071,0.025296289,0.027771437,0.030134843,0.032392799,0.034532657,0.036593049,0.038560455,0.04043815,0.042227783,0.04394629,0.045566015,0.0471205,0.048598017,0.049999255,0.049994151,0.049994151,0.049994151,0.049994151,0.049994151,0.049994151,0.049994151,0.049994151,0.049994151,0.049994151,0.049994151,0.049994151,0.049994151,0.049994151,0.049994151,0.049994151,0.049994151,0.049994151,0.049994151,0.049994151,0.049994151,0.049994151,0.049994151,0.049994151,0.049994151,0.049994151,0.049994151,0.049994151,0.049994151,0.049994151,0.049994151,0.049994151,0.049994151,0.049994151,0.049994151,0.049994151,0.049994151,0.049994151,0.049994151,0.049994151,0.049994151,0.049994151,0.049994151,0.049994151,0.049994151
Step Change,VIC,Articulated Truck,Hybrid,0,0,0,0,0,0,0,0,0,0,0,0,0,0,0,0,0,0,0,0,0,0,0,0,0,0,0,0,0,0,0,0,0,0,0,0,0,0,0,0,0,0,0,0,0,0,0,0,0,0,0,0,0,0,0,0,0,0,0,0,0,0,0,0,0,0,0,0,0,0,0,0,0,0,0
Step Change,VIC,Articulated Truck,ICE,1,0.999946468,0.999660042,0.994065282,0.971305812,0.946100409,0.918048968,0.888786873,0.858822716,0.826992039,0.77252461,0.720382014,0.67050238,0.622796661,0.577280286,0.533949943,0.49259763,0.453111923,0.415443642,0.379466321,0.345130056,0.312379686,0.28113641,0.251348218,0.222992328,0.195765146,0.169907444,0.145363175,0.122072867,0.099998509,0.100002924,0.100002924,0.100002924,0.100002924,0.100002924,0.100002924,0.100002924,0.100002924,0.100002924,0.100002924,0.100002924,0.100002924,0.100002924,0.100002924,0.100002924,0.100002924,0.100002924,0.100002924,0.100002924,0.100002924,0.100002924,0.100002924,0.100002924,0.100002924,0.100002924,0.100002924,0.100002924,0.100002924,0.100002924,0.100002924,0.100002924,0.100002924,0.100002924,0.100002924,0.100002924,0.100002924,0.100002924,0.100002924,0.100002924,0.100002924,0.100002924,0.100002924,0.100002924,0.100002924,0.100002924
Step Change,VIC,Articulated Truck,PHEV,0,0,0,2.55807E-05,0.000100505,0.000246342,0.000409274,0.000565012,0.000714763,0.000879587,0.002295502,0.003651606,0.004970915,0.006213882,0.007401549,0.008534625,0.009617253,0.010652058,0.011640468,0.01258504,0.013505788,0.014367716,0.015191002,0.015977017,0.016726482,0.017446177,0.018131477,0.018783056,0.019402713,0.020005665,0.020003509,0.020003509,0.020003509,0.020003509,0.020003509,0.020003509,0.020003509,0.020003509,0.020003509,0.020003509,0.020003509,0.020003509,0.020003509,0.020003509,0.020003509,0.020003509,0.020003509,0.020003509,0.020003509,0.020003509,0.020003509,0.020003509,0.020003509,0.020003509,0.020003509,0.020003509,0.020003509,0.020003509,0.020003509,0.020003509,0.020003509,0.020003509,0.020003509,0.020003509,0.020003509,0.020003509,0.020003509,0.020003509,0.020003509,0.020003509,0.020003509,0.020003509,0.020003509,0.020003509,0.020003509
Step Change,VIC,Bus,BEV,0.011786851,0.006202375,0.01212997,0.019912558,0.029836052,0.042710055,0.05844837,0.076782374,0.097618263,0.120807288,0.166188289,0.212006423,0.255054941,0.29697362,0.338102681,0.378539375,0.418276988,0.45735799,0.49580352,0.533652924,0.57091241,0.607636007,0.64381152,0.67946528,0.71459101,0.74958844,0.784110724,0.818158863,0.851825314,0.885002669,0.884997349,0.884997349,0.884997349,0.884997349,0.884997349,0.884997349,0.884997349,0.884997349,0.884997349,0.884997349,0.884997349,0.884997349,0.884997349,0.884997349,0.884997349,0.884997349,0.884997349,0.884997349,0.884997349,0.884997349,0.884997349,0.884997349,0.884997349,0.884997349,0.884997349,0.884997349,0.884997349,0.884997349,0.884997349,0.884997349,0.884997349,0.884997349,0.884997349,0.884997349,0.884997349,0.884997349,0.884997349,0.884997349,0.884997349,0.884997349,0.884997349,0.884997349,0.884997349,0.884997349,0.884997349
Step Change,VIC,Bus,FCEV,0,0.000398724,0.000963391,0.001731527,0.00261119,0.003601542,0.004699366,0.005903139,0.007211142,0.008579483,0.011071019,0.013587516,0.015930722,0.01816637,0.020399984,0.022596402,0.024755008,0.026841448,0.028930574,0.030987536,0.033012589,0.034973214,0.036940005,0.038878574,0.040788504,0.042655936,0.044536472,0.046389149,0.048185433,0.049991105,0.050008835,0.050008835,0.050008835,0.050008835,0.050008835,0.050008835,0.050008835,0.050008835,0.050008835,0.050008835,0.050008835,0.050008835,0.050008835,0.050008835,0.050008835,0.050008835,0.050008835,0.050008835,0.050008835,0.050008835,0.050008835,0.050008835,0.050008835,0.050008835,0.050008835,0.050008835,0.050008835,0.050008835,0.050008835,0.050008835,0.050008835,0.050008835,0.050008835,0.050008835,0.050008835,0.050008835,0.050008835,0.050008835,0.050008835,0.050008835,0.050008835,0.050008835,0.050008835,0.050008835,0.050008835
Step Change,VIC,Bus,Hybrid,0,0,0,0,0,0,0,0,0,0,0.001148106,0.00230576,0.003431232,0.004531478,0.005651076,0.006711409,0.007753158,0.00877809,0.009785341,0.010776606,0.011752177,0.012714102,0.013660691,0.01459339,0.015549005,0.016462411,0.017364138,0.018252651,0.019130871,0.019996442,0.020003534,0.020003534,0.020003534,0.020003534,0.020003534,0.020003534,0.020003534,0.020003534,0.020003534,0.020003534,0.020003534,0.020003534,0.020003534,0.020003534,0.020003534,0.020003534,0.020003534,0.020003534,0.020003534,0.020003534,0.020003534,0.020003534,0.020003534,0.020003534,0.020003534,0.020003534,0.020003534,0.020003534,0.020003534,0.020003534,0.020003534,0.020003534,0.020003534,0.020003534,0.020003534,0.020003534,0.020003534,0.020003534,0.020003534,0.020003534,0.020003534,0.020003534,0.020003534,0.020003534,0.020003534
Step Change,VIC,Bus,ICE,0.988213149,0.993398901,0.986906639,0.978355915,0.967552759,0.953603661,0.936600512,0.916857202,0.894511291,0.869673571,0.818107266,0.76604768,0.717045872,0.669363975,0.6225001,0.576466383,0.531229092,0.486774345,0.442970412,0.399884947,0.35747157,0.315702105,0.274523747,0.233939844,0.193920413,0.154124748,0.114828538,0.07604069,0.037760183,0,0,0,0,0,0,0,0,0,0,0,0,0,0,0,0,0,0,0,0,0,0,0,0,0,0,0,0,0,0,0,0,0,0,0,0,0,0,0,0,0,0,0,0,0,0
Step Change,VIC,Bus,PHEV,0,0,0,0,0,8.47422E-05,0.000251752,0.000457285,0.000659304,0.000939658,0.003485321,0.006052621,0.008537233,0.010964557,0.013346158,0.01568643,0.017985753,0.020248127,0.022510153,0.024697987,0.026851253,0.028974572,0.031064037,0.033122911,0.035151069,0.037168465,0.039160128,0.041158647,0.043098198,0.045009785,0.044990281,0.044990281,0.044990281,0.044990281,0.044990281,0.044990281,0.044990281,0.044990281,0.044990281,0.044990281,0.044990281,0.044990281,0.044990281,0.044990281,0.044990281,0.044990281,0.044990281,0.044990281,0.044990281,0.044990281,0.044990281,0.044990281,0.044990281,0.044990281,0.044990281,0.044990281,0.044990281,0.044990281,0.044990281,0.044990281,0.044990281,0.044990281,0.044990281,0.044990281,0.044990281,0.044990281,0.044990281,0.044990281,0.044990281,0.044990281,0.044990281,0.044990281,0.044990281,0.044990281,0.044990281
Step Change,VIC,Large Light Commercial,BEV,0.000433313,0.003316713,0.009023249,0.01709681,0.027365868,0.041715935,0.060182848,0.08199292,0.106760034,0.134598132,0.185776608,0.235239631,0.283122705,0.329580787,0.374699257,0.418562443,0.461244081,0.502804401,0.543287253,0.582730106,0.621170971,0.658656597,0.695163963,0.730757893,0.765430675,0.79920503,0.832035075,0.86393688,0.894916158,0.924999513,0.925000711,0.925000711,0.925000711,0.925000711,0.925000711,0.925000711,0.925000711,0.925000711,0.925000711,0.925000711,0.925000711,0.925000711,0.925000711,0.925000711,0.925000711,0.925000711,0.925000711,0.925000711,0.925000711,0.925000711,0.925000711,0.925000711,0.925000711,0.925000711,0.925000711,0.925000711,0.925000711,0.925000711,0.925000711,0.925000711,0.925000711,0.925000711,0.925000711,0.925000711,0.925000711,0.925000711,0.925000711,0.925000711,0.925000711,0.925000711,0.925000711,0.925000711,0.925000711,0.925000711,0.925000711
Step Change,VIC,Large Light Commercial,FCEV,0,7.86261E-06,2.31497E-05,4.54199E-05,7.30847E-05,9.72201E-05,0.000116661,0.000130677,0.000140784,0.00014821,0.000137811,0.000128921,0.000119314,0.000111119,0.000102183,9.35433E-05,8.61788E-05,7.8051E-05,7.11328E-05,6.3447E-05,5.59692E-05,4.9626E-05,4.25195E-05,3.6506E-05,2.97402E-05,2.31406E-05,1.75797E-05,1.12851E-05,6.00126E-06,0,0,0,0,0,0,0,0,0,0,0,0,0,0,0,0,0,0,0,0,0,0,0,0,0,0,0,0,0,0,0,0,0,0,0,0,0,0,0,0,0,0,0,0,0,0
Step Change,VIC,Large Light Commercial,Hybrid,0.006073042,0.008869029,0.013104031,0.017988807,0.023602628,0.027694364,0.030479501,0.032062576,0.032659592,0.032477047,0.030946782,0.029482821,0.028079288,0.026733618,0.025439465,0.024190088,0.022982689,0.021814754,0.020681141,0.019580135,0.018509682,0.017469281,0.016454115,0.015464873,0.014499715,0.01355864,0.012638022,0.011738275,0.010858858,0.010000347,0.009999682,0.009999682,0.009999682,0.009999682,0.009999682,0.009999682,0.009999682,0.009999682,0.009999682,0.009999682,0.009999682,0.009999682,0.009999682,0.009999682,0.009999682,0.009999682,0.009999682,0.009999682,0.009999682,0.009999682,0.009999682,0.009999682,0.009999682,0.009999682,0.009999682,0.009999682,0.009999682,0.009999682,0.009999682,0.009999682,0.009999682,0.009999682,0.009999682,0.009999682,0.009999682,0.009999682,0.009999682,0.009999682,0.009999682,0.009999682,0.009999682,0.009999682,0.009999682,0.009999682,0.009999682
Step Change,VIC,Large Light Commercial,ICE,0.993348319,0.987448647,0.977124212,0.963657766,0.947144929,0.927772748,0.905287843,0.880415227,0.853350029,0.823766125,0.770502105,0.71900642,0.669144209,0.620748902,0.573737497,0.528025362,0.483534334,0.440206529,0.397996977,0.356869293,0.316783838,0.277690126,0.239618545,0.202499021,0.166342528,0.131123817,0.096894728,0.063639473,0.031349744,0,0,0,0,0,0,0,0,0,0,0,0,0,0,0,0,0,0,0,0,0,0,0,0,0,0,0,0,0,0,0,0,0,0,0,0,0,0,0,0,0,0,0,0,0,0
Step Change,VIC,Large Light Commercial,PHEV,0.000145326,0.000357749,0.000725358,0.001211198,0.00181349,0.002719733,0.003933146,0.0053986,0.00708956,0.009010486,0.012636694,0.016142207,0.019534483,0.022825574,0.026021599,0.029128563,0.032152717,0.035096265,0.037963496,0.040757019,0.043479539,0.04613437,0.048720857,0.051241707,0.053697342,0.056089373,0.058414595,0.060674087,0.062869238,0.06500014,0.064999607,0.064999607,0.064999607,0.064999607,0.064999607,0.064999607,0.064999607,0.064999607,0.064999607,0.064999607,0.064999607,0.064999607,0.064999607,0.064999607,0.064999607,0.064999607,0.064999607,0.064999607,0.064999607,0.064999607,0.064999607,0.064999607,0.064999607,0.064999607,0.064999607,0.064999607,0.064999607,0.064999607,0.064999607,0.064999607,0.064999607,0.064999607,0.064999607,0.064999607,0.064999607,0.064999607,0.064999607,0.064999607,0.064999607,0.064999607,0.064999607,0.064999607,0.064999607,0.064999607,0.064999607
Step Change,VIC,Large Residential,BEV,0.007964848,0.018395143,0.036436458,0.06044005,0.090525353,0.119833543,0.148803035,0.177430722,0.205933054,0.234452143,0.272740752,0.310564994,0.34784216,0.38457669,0.420789438,0.456493367,0.491716363,0.52651703,0.560978588,0.595112489,0.628753251,0.662338892,0.695958414,0.730388107,0.763896425,0.796222562,0.828727577,0.861017177,0.893104106,0.925000074,0.924999822,0.924999822,0.924999822,0.924999822,0.924999822,0.924999822,0.924999822,0.924999822,0.924999822,0.924999822,0.924999822,0.924999822,0.924999822,0.924999822,0.924999822,0.924999822,0.924999822,0.924999822,0.924999822,0.924999822,0.924999822,0.924999822,0.924999822,0.924999822,0.924999822,0.924999822,0.924999822,0.924999822,0.924999822,0.924999822,0.924999822,0.924999822,0.924999822,0.924999822,0.924999822,0.924999822,0.924999822,0.924999822,0.924999822,0.924999822,0.924999822,0.924999822,0.924999822,0.924999822,0.924999822
Step Change,VIC,Large Residential,FCEV,2.00134E-06,2.97223E-06,4.41803E-06,6.32605E-06,8.69039E-06,1.0551E-05,1.1916E-05,1.32709E-05,1.367E-05,1.4532E-05,1.35213E-05,1.29829E-05,1.19848E-05,1.14534E-05,1.04712E-05,9.95239E-06,8.99003E-06,8.0402E-06,7.5474E-06,6.62025E-06,6.14181E-06,5.23574E-06,4.77616E-06,3.89496E-06,3.44774E-06,2.57214E-06,2.13351E-06,1.27433E-06,8.45816E-07,0,0,0,0,0,0,0,0,0,0,0,0,0,0,0,0,0,0,0,0,0,0,0,0,0,0,0,0,0,0,0,0,0,0,0,0,0,0,0,0,0,0,0,0,0,0
Step Change,VIC,Large Residential,Hybrid,0.073334244,0.085903942,0.096848081,0.10147032,0.10326353,0.103656452,0.102896786,0.101191681,0.098715635,0.095623517,0.090907056,0.086226091,0.081565768,0.076938336,0.0723542,0.067818731,0.063336101,0.058912786,0.054553971,0.050255211,0.04599999,0.041817412,0.037701695,0.033678009,0.02965355,0.025633474,0.021669235,0.017743311,0.01385404,0.009999794,0.009999996,0.009999996,0.009999996,0.009999996,0.009999996,0.009999996,0.009999996,0.009999996,0.009999996,0.009999996,0.009999996,0.009999996,0.009999996,0.009999996,0.009999996,0.009999996,0.009999996,0.009999996,0.009999996,0.009999996,0.009999996,0.009999996,0.009999996,0.009999996,0.009999996,0.009999996,0.009999996,0.009999996,0.009999996,0.009999996,0.009999996,0.009999996,0.009999996,0.009999996,0.009999996,0.009999996,0.009999996,0.009999996,0.009999996,0.009999996,0.009999996,0.009999996,0.009999996,0.009999996,0.009999996
Step Change,VIC,Large Residential,ICE,0.916026112,0.891632919,0.861016696,0.830763092,0.797101176,0.765630478,0.735641547,0.706931257,0.679098649,0.651837598,0.615664116,0.579950934,0.54480217,0.510200613,0.476113817,0.442521121,0.409390175,0.376650363,0.344207811,0.312055257,0.280385197,0.2487011,0.216912291,0.18416291,0.152400293,0.121898648,0.091147928,0.060589597,0.030210426,0,0,0,0,0,0,0,0,0,0,0,0,0,0,0,0,0,0,0,0,0,0,0,0,0,0,0,0,0,0,0,0,0,0,0,0,0,0,0,0,0,0,0,0,0,0
Step Change,VIC,Large Residential,PHEV,0.002672795,0.004065023,0.005694347,0.007320212,0.00910125,0.010868976,0.012646716,0.014433069,0.016238993,0.01807221,0.020674555,0.023244998,0.025777917,0.028272908,0.030732074,0.033156829,0.035548372,0.037911781,0.040252083,0.042570423,0.04485542,0.04713736,0.049422823,0.05176708,0.054046285,0.056242744,0.058453127,0.060648641,0.062830582,0.065000133,0.065000182,0.065000182,0.065000182,0.065000182,0.065000182,0.065000182,0.065000182,0.065000182,0.065000182,0.065000182,0.065000182,0.065000182,0.065000182,0.065000182,0.065000182,0.065000182,0.065000182,0.065000182,0.065000182,0.065000182,0.065000182,0.065000182,0.065000182,0.065000182,0.065000182,0.065000182,0.065000182,0.065000182,0.065000182,0.065000182,0.065000182,0.065000182,0.065000182,0.065000182,0.065000182,0.065000182,0.065000182,0.065000182,0.065000182,0.065000182,0.065000182,0.065000182,0.065000182,0.065000182,0.065000182
Step Change,VIC,Medium Light Commercial,BEV,0.006644695,0.014160592,0.027163503,0.044237737,0.065299616,0.088397586,0.113764036,0.140537347,0.168544085,0.198243784,0.246810237,0.294007955,0.339862564,0.384431223,0.427739324,0.469829562,0.510751501,0.550558651,0.589296317,0.626996555,0.663705033,0.699475796,0.734280619,0.768200576,0.801221604,0.833709433,0.865327061,0.89607042,0.925952351,0.954999732,0.955000375,0.955000375,0.955000375,0.955000375,0.955000375,0.955000375,0.955000375,0.955000375,0.955000375,0.955000375,0.955000375,0.955000375,0.955000375,0.955000375,0.955000375,0.955000375,0.955000375,0.955000375,0.955000375,0.955000375,0.955000375,0.955000375,0.955000375,0.955000375,0.955000375,0.955000375,0.955000375,0.955000375,0.955000375,0.955000375,0.955000375,0.955000375,0.955000375,0.955000375,0.955000375,0.955000375,0.955000375,0.955000375,0.955000375,0.955000375,0.955000375,0.955000375,0.955000375,0.955000375,0.955000375
Step Change,VIC,Medium Light Commercial,FCEV,0,0,6.44907E-06,6.34506E-06,6.25176E-06,1.23168E-05,1.212E-05,1.19357E-05,1.76467E-05,1.73883E-05,1.71416E-05,1.12675E-05,1.11104E-05,1.0957E-05,1.08065E-05,1.0659E-05,1.05149E-05,1.03742E-05,5.11844E-06,5.05137E-06,4.98591E-06,4.92211E-06,4.85954E-06,4.79846E-06,4.73857E-06,4.68174E-06,0,0,0,0,0,0,0,0,0,0,0,0,0,0,0,0,0,0,0,0,0,0,0,0,0,0,0,0,0,0,0,0,0,0,0,0,0,0,0,0,0,0,0,0,0,0,0,0,0
Step Change,VIC,Medium Light Commercial,Hybrid,0.006211924,0.009138826,0.013472117,0.018127828,0.022962708,0.026450302,0.028803093,0.030119835,0.030593578,0.03040051,0.029112123,0.027858841,0.026631706,0.025442114,0.02428231,0.023151454,0.022049778,0.020976627,0.01992609,0.018907287,0.017914392,0.016946817,0.016002449,0.015076775,0.01417781,0.013305493,0.012452413,0.01161781,0.010801438,0.009998572,0.009999427,0.009999427,0.009999427,0.009999427,0.009999427,0.009999427,0.009999427,0.009999427,0.009999427,0.009999427,0.009999427,0.009999427,0.009999427,0.009999427,0.009999427,0.009999427,0.009999427,0.009999427,0.009999427,0.009999427,0.009999427,0.009999427,0.009999427,0.009999427,0.009999427,0.009999427,0.009999427,0.009999427,0.009999427,0.009999427,0.009999427,0.009999427,0.009999427,0.009999427,0.009999427,0.009999427,0.009999427,0.009999427,0.009999427,0.009999427,0.009999427,0.009999427,0.009999427,0.009999427,0.009999427
Step Change,VIC,Medium Light Commercial,ICE,0.984912947,0.973547228,0.955327258,0.932945439,0.906498703,0.879258529,0.850797191,0.821900886,0.792538955,0.762087753,0.713158451,0.665609402,0.619423257,0.574523919,0.530904022,0.488514875,0.447299244,0.407213179,0.368210388,0.330248629,0.29328148,0.2572638,0.222216823,0.188071017,0.154828132,0.122104347,0.090270743,0.0593139,0.029234326,0,0,0,0,0,0,0,0,0,0,0,0,0,0,0,0,0,0,0,0,0,0,0,0,0,0,0,0,0,0,0,0,0,0,0,0,0,0,0,0,0,0,0,0,0,0
Step Change,VIC,Medium Light Commercial,PHEV,0.002230434,0.003153354,0.004030672,0.004682652,0.005232722,0.005881266,0.00662356,0.007429997,0.008305736,0.009250565,0.010902047,0.012512535,0.014071362,0.015591787,0.017063537,0.01849345,0.019888962,0.021241169,0.022562087,0.023842478,0.025094109,0.026308665,0.02749525,0.028646833,0.029767715,0.030876046,0.031949783,0.03299787,0.034011885,0.035001695,0.035000198,0.035000198,0.035000198,0.035000198,0.035000198,0.035000198,0.035000198,0.035000198,0.035000198,0.035000198,0.035000198,0.035000198,0.035000198,0.035000198,0.035000198,0.035000198,0.035000198,0.035000198,0.035000198,0.035000198,0.035000198,0.035000198,0.035000198,0.035000198,0.035000198,0.035000198,0.035000198,0.035000198,0.035000198,0.035000198,0.035000198,0.035000198,0.035000198,0.035000198,0.035000198,0.035000198,0.035000198,0.035000198,0.035000198,0.035000198,0.035000198,0.035000198,0.035000198,0.035000198,0.035000198
Step Change,VIC,Medium Residential,BEV,0.029369963,0.045841261,0.069523885,0.097385393,0.130809485,0.162852133,0.19403635,0.224392201,0.254179131,0.283567742,0.32145708,0.35887517,0.395731345,0.432030061,0.467791715,0.503019531,0.537722647,0.571935199,0.605704178,0.638994715,0.671585634,0.703906232,0.736030076,0.768643081,0.800282352,0.831682481,0.862940611,0.893907317,0.924591928,0.95499996,0.954999821,0.954999821,0.954999821,0.954999821,0.954999821,0.954999821,0.954999821,0.954999821,0.954999821,0.954999821,0.954999821,0.954999821,0.954999821,0.954999821,0.954999821,0.954999821,0.954999821,0.954999821,0.954999821,0.954999821,0.954999821,0.954999821,0.954999821,0.954999821,0.954999821,0.954999821,0.954999821,0.954999821,0.954999821,0.954999821,0.954999821,0.954999821,0.954999821,0.954999821,0.954999821,0.954999821,0.954999821,0.954999821,0.954999821,0.954999821,0.954999821,0.954999821,0.954999821,0.954999821,0.954999821
Step Change,VIC,Medium Residential,FCEV,7.20838E-06,8.32634E-06,9.42976E-06,1.11004E-05,1.33318E-05,1.49706E-05,1.6023E-05,1.7071E-05,1.75439E-05,1.80098E-05,1.67933E-05,1.61438E-05,1.4942E-05,1.43003E-05,1.31171E-05,1.19467E-05,1.13293E-05,1.01831E-05,9.58435E-06,8.46377E-06,7.35481E-06,6.78446E-06,5.70487E-06,5.16004E-06,4.10396E-06,3.0606E-06,2.5368E-06,1.51402E-06,1.00408E-06,0,0,0,0,0,0,0,0,0,0,0,0,0,0,0,0,0,0,0,0,0,0,0,0,0,0,0,0,0,0,0,0,0,0,0,0,0,0,0,0,0,0,0,0,0,0
Step Change,VIC,Medium Residential,Hybrid,0.073505101,0.082895259,0.091018444,0.093466374,0.093650229,0.092922064,0.09143759,0.089338868,0.0867394,0.083742212,0.079687218,0.075662451,0.071654125,0.067673482,0.06372792,0.059821527,0.055957894,0.052140083,0.048372737,0.044650631,0.040960517,0.037330721,0.033758294,0.030265159,0.02678603,0.023350313,0.019958549,0.016603288,0.013284006,0.01000012,0.01000004,0.01000004,0.01000004,0.01000004,0.01000004,0.01000004,0.01000004,0.01000004,0.01000004,0.01000004,0.01000004,0.01000004,0.01000004,0.01000004,0.01000004,0.01000004,0.01000004,0.01000004,0.01000004,0.01000004,0.01000004,0.01000004,0.01000004,0.01000004,0.01000004,0.01000004,0.01000004,0.01000004,0.01000004,0.01000004,0.01000004,0.01000004,0.01000004,0.01000004,0.01000004,0.01000004,0.01000004,0.01000004,0.01000004,0.01000004,0.01000004,0.01000004,0.01000004,0.01000004,0.01000004
Step Change,VIC,Medium Residential,ICE,0.887260862,0.858067421,0.823671656,0.792157055,0.758075604,0.726278333,0.696080715,0.667311572,0.639595267,0.612656953,0.577965901,0.543727872,0.510053758,0.476925895,0.444314791,0.41221258,0.380605824,0.34945566,0.318707796,0.28840569,0.258791626,0.229389456,0.200127789,0.170269834,0.141405001,0.112739632,0.084171112,0.05586394,0.027808556,0,0,0,0,0,0,0,0,0,0,0,0,0,0,0,0,0,0,0,0,0,0,0,0,0,0,0,0,0,0,0,0,0,0,0,0,0,0,0,0,0,0,0,0,0,0
Step Change,VIC,Medium Residential,PHEV,0.009856866,0.013187733,0.015776585,0.016980077,0.01745135,0.0179325,0.018429322,0.018940288,0.019468657,0.020015083,0.020873008,0.021718364,0.02254583,0.023356262,0.024152456,0.024934415,0.025702306,0.026458875,0.027205705,0.0279405,0.028654868,0.029366806,0.030078136,0.030816767,0.031522513,0.032224513,0.032927191,0.033623942,0.034314506,0.03499992,0.035000139,0.035000139,0.035000139,0.035000139,0.035000139,0.035000139,0.035000139,0.035000139,0.035000139,0.035000139,0.035000139,0.035000139,0.035000139,0.035000139,0.035000139,0.035000139,0.035000139,0.035000139,0.035000139,0.035000139,0.035000139,0.035000139,0.035000139,0.035000139,0.035000139,0.035000139,0.035000139,0.035000139,0.035000139,0.035000139,0.035000139,0.035000139,0.035000139,0.035000139,0.035000139,0.035000139,0.035000139,0.035000139,0.035000139,0.035000139,0.035000139,0.035000139,0.035000139,0.035000139,0.035000139
Step Change,VIC,Motorcycle,BEV,0.005199377,0.013744336,0.0297826,0.051916277,0.080372634,0.109215176,0.138569684,0.168377186,0.198634261,0.229330078,0.272413613,0.314696416,0.356220808,0.39702304,0.437141209,0.476611486,0.515438698,0.553653752,0.591287495,0.628356387,0.664905485,0.700948783,0.736481465,0.771528397,0.80609537,0.840715657,0.874912772,0.908693978,0.942050463,0.974999049,0.974999313,0.974999313,0.974999313,0.974999313,0.974999313,0.974999313,0.974999313,0.974999313,0.974999313,0.974999313,0.974999313,0.974999313,0.974999313,0.974999313,0.974999313,0.974999313,0.974999313,0.974999313,0.974999313,0.974999313,0.974999313,0.974999313,0.974999313,0.974999313,0.974999313,0.974999313,0.974999313,0.974999313,0.974999313,0.974999313,0.974999313,0.974999313,0.974999313,0.974999313,0.974999313,0.974999313,0.974999313,0.974999313,0.974999313,0.974999313,0.974999313,0.974999313,0.974999313,0.974999313,0.974999313
Step Change,VIC,Motorcycle,FCEV,0,0,4.37336E-06,4.32275E-06,8.54664E-06,8.45351E-06,1.25452E-05,1.24151E-05,1.22892E-05,1.21671E-05,1.20498E-05,1.19357E-05,1.18248E-05,1.17172E-05,1.16129E-05,7.67466E-06,7.60902E-06,7.54518E-06,7.48304E-06,7.42255E-06,7.36382E-06,3.65338E-06,3.62549E-06,3.59826E-06,3.57165E-06,3.54777E-06,3.52438E-06,0,0,0,0,0,0,0,0,0,0,0,0,0,0,0,0,0,0,0,0,0,0,0,0,0,0,0,0,0,0,0,0,0,0,0,0,0,0,0,0,0,0,0,0,0,0,0,0
Step Change,VIC,Motorcycle,Hybrid,0,0,0,0,0,0,0,0,0,0,0,0,0,0,0,0,0,0,0,0,0,0,0,0,0,0,0,0,0,0,0,0,0,0,0,0,0,0,0,0,0,0,0,0,0,0,0,0,0,0,0,0,0,0,0,0,0,0,0,0,0,0,0,0,0,0,0,0,0,0,0,0,0,0,0
Step Change,VIC,Motorcycle,ICE,0.994800623,0.986255664,0.970213026,0.9480794,0.91961882,0.890776371,0.861417771,0.831610399,0.801353449,0.770657755,0.726702736,0.683564952,0.641201395,0.599575055,0.558647172,0.518384638,0.478774644,0.43978949,0.401397832,0.363582719,0.326298426,0.289534157,0.25328741,0.217536486,0.182275352,0.146962929,0.112082273,0.077629552,0.043606522,0.009999689,0.010000961,0.010000961,0.010000961,0.010000961,0.010000961,0.010000961,0.010000961,0.010000961,0.010000961,0.010000961,0.010000961,0.010000961,0.010000961,0.010000961,0.010000961,0.010000961,0.010000961,0.010000961,0.010000961,0.010000961,0.010000961,0.010000961,0.010000961,0.010000961,0.010000961,0.010000961,0.010000961,0.010000961,0.010000961,0.010000961,0.010000961,0.010000961,0.010000961,0.010000961,0.010000961,0.010000961,0.010000961,0.010000961,0.010000961,0.010000961,0.010000961,0.010000961,0.010000961,0.010000961,0.010000961
Step Change,VIC,Motorcycle,PHEV,0,0,0,0,0,0,0,0,0,0,0.000871601,0.001726697,0.002565972,0.003390188,0.004200005,0.004996201,0.005779049,0.006549213,0.00730719,0.008053472,0.008788725,0.009513406,0.010227499,0.010931518,0.011625706,0.012317866,0.013001431,0.013676471,0.014343015,0.015001262,0.014999725,0.014999725,0.014999725,0.014999725,0.014999725,0.014999725,0.014999725,0.014999725,0.014999725,0.014999725,0.014999725,0.014999725,0.014999725,0.014999725,0.014999725,0.014999725,0.014999725,0.014999725,0.014999725,0.014999725,0.014999725,0.014999725,0.014999725,0.014999725,0.014999725,0.014999725,0.014999725,0.014999725,0.014999725,0.014999725,0.014999725,0.014999725,0.014999725,0.014999725,0.014999725,0.014999725,0.014999725,0.014999725,0.014999725,0.014999725,0.014999725,0.014999725,0.014999725,0.014999725,0.014999725
Step Change,VIC,Rigid Truck,BEV,0.002743561,0.001732508,0.002924326,0.004776409,0.007523281,0.015261901,0.02811267,0.045166692,0.065774459,0.090515533,0.146032211,0.199331325,0.250435069,0.299444558,0.346301219,0.391254945,0.434323645,0.47560767,0.515179919,0.553082943,0.589428675,0.624262755,0.657659414,0.689647632,0.7202742,0.749765857,0.77794229,0.804846047,0.830518244,0.855000122,0.854999434,0.854999434,0.854999434,0.854999434,0.854999434,0.854999434,0.854999434,0.854999434,0.854999434,0.854999434,0.854999434,0.854999434,0.854999434,0.854999434,0.854999434,0.854999434,0.854999434,0.854999434,0.854999434,0.854999434,0.854999434,0.854999434,0.854999434,0.854999434,0.854999434,0.854999434,0.854999434,0.854999434,0.854999434,0.854999434,0.854999434,0.854999434,0.854999434,0.854999434,0.854999434,0.854999434,0.854999434,0.854999434,0.854999434,0.854999434,0.854999434,0.854999434,0.854999434,0.854999434,0.854999434
Step Change,VIC,Rigid Truck,FCEV,0,0,5.98022E-06,5.84628E-06,1.72026E-05,0.000337031,0.00098227,0.001899835,0.003044724,0.004457828,0.007759995,0.010935205,0.013975539,0.01689133,0.019684618,0.022360033,0.024927762,0.027385186,0.029740688,0.032001552,0.034165343,0.036243642,0.038232403,0.040141197,0.041965384,0.043721766,0.045404028,0.047007014,0.048540269,0.049999476,0.049999486,0.049999486,0.049999486,0.049999486,0.049999486,0.049999486,0.049999486,0.049999486,0.049999486,0.049999486,0.049999486,0.049999486,0.049999486,0.049999486,0.049999486,0.049999486,0.049999486,0.049999486,0.049999486,0.049999486,0.049999486,0.049999486,0.049999486,0.049999486,0.049999486,0.049999486,0.049999486,0.049999486,0.049999486,0.049999486,0.049999486,0.049999486,0.049999486,0.049999486,0.049999486,0.049999486,0.049999486,0.049999486,0.049999486,0.049999486,0.049999486,0.049999486,0.049999486,0.049999486,0.049999486
Step Change,VIC,Rigid Truck,Hybrid,0,0,0,0,0,0,0,0,0,0,0.003612586,0.007077466,0.010407729,0.013603341,0.01666302,0.01959469,0.02240949,0.0251093,0.027694054,0.030175903,0.032556735,0.034840139,0.037026572,0.039125953,0.041137725,0.043071055,0.044924031,0.046695301,0.048383711,0.049999476,0.049999486,0.049999486,0.049999486,0.049999486,0.049999486,0.049999486,0.049999486,0.049999486,0.049999486,0.049999486,0.049999486,0.049999486,0.049999486,0.049999486,0.049999486,0.049999486,0.049999486,0.049999486,0.049999486,0.049999486,0.049999486,0.049999486,0.049999486,0.049999486,0.049999486,0.049999486,0.049999486,0.049999486,0.049999486,0.049999486,0.049999486,0.049999486,0.049999486,0.049999486,0.049999486,0.049999486,0.049999486,0.049999486,0.049999486,0.049999486,0.049999486,0.049999486,0.049999486,0.049999486,0.049999486
Step Change,VIC,Rigid Truck,ICE,0.997256439,0.998267492,0.997063713,0.99519436,0.992362035,0.984131442,0.970400206,0.952160659,0.930113323,0.903621342,0.838039113,0.775069118,0.714691525,0.656780527,0.601405113,0.5482817,0.49737885,0.448582066,0.401815313,0.357004925,0.314042444,0.272855601,0.233378038,0.195551668,0.159339712,0.124470122,0.091147747,0.059326918,0.028963333,0,0,0,0,0,0,0,0,0,0,0,0,0,0,0,0,0,0,0,0,0,0,0,0,0,0,0,0,0,0,0,0,0,0,0,0,0,0,0,0,0,0,0,0,0,0
Step Change,VIC,Rigid Truck,PHEV,0,0,5.98022E-06,2.33851E-05,9.74815E-05,0.000269625,0.000504854,0.000772814,0.001067494,0.001405297,0.004556096,0.007586886,0.010490138,0.013280244,0.01594603,0.018508631,0.020960253,0.023315778,0.025570026,0.027734678,0.029806802,0.031797863,0.033703573,0.03553355,0.037282979,0.038971199,0.040581904,0.042124721,0.043594442,0.045000926,0.045001594,0.045001594,0.045001594,0.045001594,0.045001594,0.045001594,0.045001594,0.045001594,0.045001594,0.045001594,0.045001594,0.045001594,0.045001594,0.045001594,0.045001594,0.045001594,0.045001594,0.045001594,0.045001594,0.045001594,0.045001594,0.045001594,0.045001594,0.045001594,0.045001594,0.045001594,0.045001594,0.045001594,0.045001594,0.045001594,0.045001594,0.045001594,0.045001594,0.045001594,0.045001594,0.045001594,0.045001594,0.045001594,0.045001594,0.045001594,0.045001594,0.045001594,0.045001594,0.045001594,0.045001594
Step Change,VIC,Small Light Commercial,BEV,0.020280431,0.033936968,0.054957384,0.08060268,0.111357045,0.142551032,0.174601413,0.206498971,0.238208945,0.270348683,0.31560865,0.359601761,0.402336464,0.443859209,0.484209311,0.523407509,0.561498098,0.598568805,0.634640921,0.669739905,0.703909424,0.737200288,0.769608425,0.801168734,0.831896676,0.862162587,0.891585486,0.920194735,0.947985005,0.974997957,0.975008407,0.975008407,0.975008407,0.975008407,0.975008407,0.975008407,0.975008407,0.975008407,0.975008407,0.975008407,0.975008407,0.975008407,0.975008407,0.975008407,0.975008407,0.975008407,0.975008407,0.975008407,0.975008407,0.975008407,0.975008407,0.975008407,0.975008407,0.975008407,0.975008407,0.975008407,0.975008407,0.975008407,0.975008407,0.975008407,0.975008407,0.975008407,0.975008407,0.975008407,0.975008407,0.975008407,0.975008407,0.975008407,0.975008407,0.975008407,0.975008407,0.975008407,0.975008407,0.975008407,0.975008407
Step Change,VIC,Small Light Commercial,FCEV,0,0,0,0,1.90811E-05,1.87963E-05,1.84959E-05,1.82146E-05,1.79536E-05,1.76907E-05,1.74398E-05,1.71951E-05,1.69555E-05,1.6721E-05,1.64916E-05,1.62665E-05,1.60465E-05,1.58318E-05,1.56223E-05,1.54176E-05,0,0,0,0,0,0,0,0,0,0,0,0,0,0,0,0,0,0,0,0,0,0,0,0,0,0,0,0,0,0,0,0,0,0,0,0,0,0,0,0,0,0,0,0,0,0,0,0,0,0,0,0,0,0,0
Step Change,VIC,Small Light Commercial,Hybrid,0,0,0,0,0,0,0,0,0,0,0.000645274,0.001255245,0.001865102,0.002457988,0.003034451,0.003578632,0.004123943,0.00465455,0.005155364,0.005658254,0.006147946,0.006625203,0.007075052,0.007527937,0.007969107,0.008387991,0.008809826,0.00922064,0.009620155,0.00999537,0.009993947,0.009993947,0.009993947,0.009993947,0.009993947,0.009993947,0.009993947,0.009993947,0.009993947,0.009993947,0.009993947,0.009993947,0.009993947,0.009993947,0.009993947,0.009993947,0.009993947,0.009993947,0.009993947,0.009993947,0.009993947,0.009993947,0.009993947,0.009993947,0.009993947,0.009993947,0.009993947,0.009993947,0.009993947,0.009993947,0.009993947,0.009993947,0.009993947,0.009993947,0.009993947,0.009993947,0.009993947,0.009993947,0.009993947,0.009993947,0.009993947,0.009993947,0.009993947,0.009993947,0.009993947
Step Change,VIC,Small Light Commercial,ICE,0.97291201,0.956958479,0.934255851,0.908087381,0.877423294,0.846321567,0.814319535,0.78242655,0.750695704,0.718506201,0.672340426,0.627484696,0.583912645,0.54156007,0.500420535,0.460456113,0.421604968,0.383810398,0.347034104,0.311250212,0.276414104,0.242458386,0.209433403,0.177243369,0.145917098,0.115059802,0.085048708,0.05588182,0.02753735,0,0,0,0,0,0,0,0,0,0,0,0,0,0,0,0,0,0,0,0,0,0,0,0,0,0,0,0,0,0,0,0,0,0,0,0,0,0,0,0,0,0,0,0,0,0
Step Change,VIC,Small Light Commercial,PHEV,0.006807559,0.009104552,0.010786765,0.011309939,0.01120058,0.011108605,0.011060556,0.011056265,0.011077398,0.011127426,0.011388211,0.011641103,0.011868832,0.012106011,0.012319211,0.01254148,0.012756944,0.012950415,0.013153989,0.013336211,0.013528526,0.013716123,0.013883121,0.01405996,0.014217118,0.01438962,0.014555979,0.014702805,0.014857489,0.015006673,0.014997646,0.014997646,0.014997646,0.014997646,0.014997646,0.014997646,0.014997646,0.014997646,0.014997646,0.014997646,0.014997646,0.014997646,0.014997646,0.014997646,0.014997646,0.014997646,0.014997646,0.014997646,0.014997646,0.014997646,0.014997646,0.014997646,0.014997646,0.014997646,0.014997646,0.014997646,0.014997646,0.014997646,0.014997646,0.014997646,0.014997646,0.014997646,0.014997646,0.014997646,0.014997646,0.014997646,0.014997646,0.014997646,0.014997646,0.014997646,0.014997646,0.014997646,0.014997646,0.014997646,0.014997646
Step Change,VIC,Small Residential,BEV,0.067423183,0.093088251,0.123813956,0.154322379,0.188308543,0.220631486,0.251840476,0.281984225,0.311333416,0.340070285,0.37621004,0.411889493,0.447003508,0.481566873,0.515602396,0.549112808,0.582108849,0.614619023,0.646684559,0.678250366,0.709056676,0.739522395,0.769662554,0.799730381,0.829276882,0.858976095,0.888429436,0.91758023,0.946435253,0.974999458,0.975,0.975,0.975,0.975,0.975,0.975,0.975,0.975,0.975,0.975,0.975,0.975,0.975,0.975,0.975,0.975,0.975,0.975,0.975,0.975,0.975,0.975,0.975,0.975,0.975,0.975,0.975,0.975,0.975,0.975,0.975,0.975,0.975,0.975,0.975,0.975,0.975,0.975,0.975,0.975,0.975,0.975,0.975,0.975,0.975
Step Change,VIC,Small Residential,FCEV,1.65479E-05,1.7749E-05,1.89415E-05,2.01178E-05,2.12906E-05,2.24709E-05,2.36464E-05,2.35135E-05,2.46845E-05,2.45481E-05,2.3131E-05,2.17251E-05,2.03268E-05,1.89394E-05,1.75653E-05,1.62056E-05,1.4861E-05,1.35327E-05,1.22215E-05,1.09261E-05,9.64322E-06,9.57651E-06,8.3229E-06,7.08902E-06,5.86956E-06,4.66854E-06,3.48168E-06,2.30819E-06,1.14773E-06,0,0,0,0,0,0,0,0,0,0,0,0,0,0,0,0,0,0,0,0,0,0,0,0,0,0,0,0,0,0,0,0,0,0,0,0,0,0,0,0,0,0,0,0,0,0
Step Change,VIC,Small Residential,Hybrid,0,0,0,0,0,0,0,0,0,0,0.000562854,0.00111948,0.001669341,0.002212127,0.002747718,0.003276016,0.003796984,0.004310785,0.004817705,0.005317373,0.005807632,0.00629177,0.006770085,0.007244981,0.007712598,0.008179291,0.0086427,0.009100047,0.00955259,0.010000445,0.010000454,0.010000454,0.010000454,0.010000454,0.010000454,0.010000454,0.010000454,0.010000454,0.010000454,0.010000454,0.010000454,0.010000454,0.010000454,0.010000454,0.010000454,0.010000454,0.010000454,0.010000454,0.010000454,0.010000454,0.010000454,0.010000454,0.010000454,0.010000454,0.010000454,0.010000454,0.010000454,0.010000454,0.010000454,0.010000454,0.010000454,0.010000454,0.010000454,0.010000454,0.010000454,0.010000454,0.010000454,0.010000454,0.010000454,0.010000454,0.010000454,0.010000454,0.010000454,0.010000454,0.010000454
Step Change,VIC,Small Residential,ICE,0.909932347,0.877311812,0.841927597,0.810441948,0.777639833,0.746399694,0.716196191,0.686985806,0.658504771,0.630583082,0.594653915,0.559188045,0.524295008,0.489959571,0.456155077,0.422876511,0.390114714,0.35783821,0.326002894,0.294668666,0.264103819,0.233871653,0.203958609,0.174105218,0.144774979,0.115272211,0.086010361,0.057049276,0.028380019,0,0,0,0,0,0,0,0,0,0,0,0,0,0,0,0,0,0,0,0,0,0,0,0,0,0,0,0,0,0,0,0,0,0,0,0,0,0,0,0,0,0,0,0,0,0
Step Change,VIC,Small Residential,PHEV,0.022627922,0.029582188,0.034239505,0.035215556,0.034030334,0.032946349,0.031939686,0.031006456,0.030137129,0.029322084,0.02855006,0.027781257,0.027011816,0.026242491,0.025477243,0.02471846,0.023964591,0.023218449,0.022482621,0.021752669,0.02102223,0.020304605,0.019600429,0.018912331,0.018229671,0.017567735,0.016914021,0.016268138,0.01563099,0.015000097,0.014999546,0.014999546,0.014999546,0.014999546,0.014999546,0.014999546,0.014999546,0.014999546,0.014999546,0.014999546,0.014999546,0.014999546,0.014999546,0.014999546,0.014999546,0.014999546,0.014999546,0.014999546,0.014999546,0.014999546,0.014999546,0.014999546,0.014999546,0.014999546,0.014999546,0.014999546,0.014999546,0.014999546,0.014999546,0.014999546,0.014999546,0.014999546,0.014999546,0.014999546,0.014999546,0.014999546,0.014999546,0.014999546,0.014999546,0.014999546,0.014999546,0.014999546,0.014999546,0.014999546,0.014999546
Step Change,WEM,Articulated Truck,BEV,0,0,0.000133815,0.002267277,0.019447769,0.038775254,0.060640686,0.083685343,0.107442205,0.13285834,0.185998883,0.236767383,0.285185449,0.331407289,0.375391423,0.417210169,0.456988548,0.494909322,0.531011732,0.565392109,0.598117479,0.629288483,0.658972896,0.687203262,0.714043531,0.739769684,0.764171979,0.787296367,0.809243317,0.829991862,0.829999274,0.829999274,0.829999274,0.829999274,0.829999274,0.829999274,0.829999274,0.829999274,0.829999274,0.829999274,0.829999274,0.829999274,0.829999274,0.829999274,0.829999274,0.829999274,0.829999274,0.829999274,0.829999274,0.829999274,0.829999274,0.829999274,0.829999274,0.829999274,0.829999274,0.829999274,0.829999274,0.829999274,0.829999274,0.829999274,0.829999274,0.829999274,0.829999274,0.829999274,0.829999274,0.829999274,0.829999274,0.829999274,0.829999274,0.829999274,0.829999274,0.829999274,0.829999274,0.829999274,0.829999274
Step Change,WEM,Articulated Truck,FCEV,0,0,0,0,0,0.000250973,0.00081616,0.001594007,0.002611984,0.003810104,0.007335692,0.010666181,0.013846373,0.016916704,0.019809394,0.022560894,0.025214732,0.027712377,0.030093673,0.032391622,0.034552603,0.036639753,0.038601997,0.040468078,0.042272777,0.04397429,0.045591669,0.047150419,0.048607965,0.050011097,0.049998791,0.049998791,0.049998791,0.049998791,0.049998791,0.049998791,0.049998791,0.049998791,0.049998791,0.049998791,0.049998791,0.049998791,0.049998791,0.049998791,0.049998791,0.049998791,0.049998791,0.049998791,0.049998791,0.049998791,0.049998791,0.049998791,0.049998791,0.049998791,0.049998791,0.049998791,0.049998791,0.049998791,0.049998791,0.049998791,0.049998791,0.049998791,0.049998791,0.049998791,0.049998791,0.049998791,0.049998791,0.049998791,0.049998791,0.049998791,0.049998791,0.049998791,0.049998791,0.049998791,0.049998791
Step Change,WEM,Articulated Truck,Hybrid,0,0,0,0,0,0,0,0,0,0,0,0,0,0,0,0,0,0,0,0,0,0,0,0,0,0,0,0,0,0,0,0,0,0,0,0,0,0,0,0,0,0,0,0,0,0,0,0,0,0,0,0,0,0,0,0,0,0,0,0,0,0,0,0,0,0,0,0,0,0,0,0,0,0,0
Step Change,WEM,Articulated Truck,ICE,1,1,0.999866185,0.997732723,0.980509489,0.960806458,0.938257498,0.914322149,0.889439008,0.862683838,0.804542916,0.749035311,0.696127287,0.645549793,0.597447243,0.551743644,0.508198855,0.466719695,0.427255469,0.389612762,0.353806744,0.319701519,0.28721826,0.256325755,0.226922236,0.198794858,0.172083628,0.146744437,0.122740774,0.099997534,0.099997581,0.099997581,0.099997581,0.099997581,0.099997581,0.099997581,0.099997581,0.099997581,0.099997581,0.099997581,0.099997581,0.099997581,0.099997581,0.099997581,0.099997581,0.099997581,0.099997581,0.099997581,0.099997581,0.099997581,0.099997581,0.099997581,0.099997581,0.099997581,0.099997581,0.099997581,0.099997581,0.099997581,0.099997581,0.099997581,0.099997581,0.099997581,0.099997581,0.099997581,0.099997581,0.099997581,0.099997581,0.099997581,0.099997581,0.099997581,0.099997581,0.099997581,0.099997581,0.099997581,0.099997581
Step Change,WEM,Articulated Truck,PHEV,0,0,0,0,4.27423E-05,0.000167315,0.000285656,0.000398502,0.000506803,0.000647718,0.00212251,0.003531125,0.004840891,0.006126214,0.00735194,0.008485292,0.009597866,0.010658606,0.011639125,0.012603507,0.013523174,0.014370245,0.015206847,0.016002905,0.016761457,0.017461168,0.018152724,0.018808777,0.019407944,0.019999507,0.020004354,0.020004354,0.020004354,0.020004354,0.020004354,0.020004354,0.020004354,0.020004354,0.020004354,0.020004354,0.020004354,0.020004354,0.020004354,0.020004354,0.020004354,0.020004354,0.020004354,0.020004354,0.020004354,0.020004354,0.020004354,0.020004354,0.020004354,0.020004354,0.020004354,0.020004354,0.020004354,0.020004354,0.020004354,0.020004354,0.020004354,0.020004354,0.020004354,0.020004354,0.020004354,0.020004354,0.020004354,0.020004354,0.020004354,0.020004354,0.020004354,0.020004354,0.020004354,0.020004354,0.020004354
Step Change,WEM,Bus,BEV,0.008927039,0.003903598,0.006991051,0.011004811,0.016300186,0.0245329,0.035572486,0.04925008,0.065354995,0.083743327,0.13103557,0.178475478,0.223381501,0.267400403,0.310657248,0.353164942,0.394892933,0.435974091,0.476388066,0.516163793,0.555280288,0.593832811,0.631853162,0.669306649,0.706197939,0.742921222,0.779123173,0.814889892,0.850155564,0.88502613,0.884992101,0.884992101,0.884992101,0.884992101,0.884992101,0.884992101,0.884992101,0.884992101,0.884992101,0.884992101,0.884992101,0.884992101,0.884992101,0.884992101,0.884992101,0.884992101,0.884992101,0.884992101,0.884992101,0.884992101,0.884992101,0.884992101,0.884992101,0.884992101,0.884992101,0.884992101,0.884992101,0.884992101,0.884992101,0.884992101,0.884992101,0.884992101,0.884992101,0.884992101,0.884992101,0.884992101,0.884992101,0.884992101,0.884992101,0.884992101,0.884992101,0.884992101,0.884992101,0.884992101,0.884992101
Step Change,WEM,Bus,FCEV,0,0.000113148,0.000279642,0.000497705,0.000765781,0.0012456,0.00182423,0.002606106,0.00348138,0.004501204,0.007198024,0.009903598,0.01241588,0.014933085,0.017403767,0.019780889,0.022167488,0.0245142,0.026822762,0.029045846,0.031283396,0.033485907,0.035610152,0.037750166,0.039860699,0.041911971,0.043980515,0.046024141,0.048041728,0.049988639,0.050011284,0.050011284,0.050011284,0.050011284,0.050011284,0.050011284,0.050011284,0.050011284,0.050011284,0.050011284,0.050011284,0.050011284,0.050011284,0.050011284,0.050011284,0.050011284,0.050011284,0.050011284,0.050011284,0.050011284,0.050011284,0.050011284,0.050011284,0.050011284,0.050011284,0.050011284,0.050011284,0.050011284,0.050011284,0.050011284,0.050011284,0.050011284,0.050011284,0.050011284,0.050011284,0.050011284,0.050011284,0.050011284,0.050011284,0.050011284,0.050011284,0.050011284,0.050011284,0.050011284,0.050011284
Step Change,WEM,Bus,Hybrid,0,0,0,0,0,0,0,0,0,0,0.001155887,0.002317863,0.003443059,0.004547099,0.005630631,0.00669507,0.007741027,0.008769307,0.009780676,0.010775862,0.011755562,0.012719827,0.013670475,0.014606848,0.015530143,0.016447061,0.017350963,0.018243804,0.019125183,0.019995456,0.019995486,0.019995486,0.019995486,0.019995486,0.019995486,0.019995486,0.019995486,0.019995486,0.019995486,0.019995486,0.019995486,0.019995486,0.019995486,0.019995486,0.019995486,0.019995486,0.019995486,0.019995486,0.019995486,0.019995486,0.019995486,0.019995486,0.019995486,0.019995486,0.019995486,0.019995486,0.019995486,0.019995486,0.019995486,0.019995486,0.019995486,0.019995486,0.019995486,0.019995486,0.019995486,0.019995486,0.019995486,0.019995486,0.019995486,0.019995486,0.019995486,0.019995486,0.019995486,0.019995486,0.019995486
Step Change,WEM,Bus,ICE,0.991072961,0.995983254,0.992729306,0.988497484,0.982934033,0.974167344,0.962388668,0.9478247,0.930636143,0.911022715,0.857300478,0.803403045,0.75241275,0.702320054,0.653101966,0.604787989,0.55730371,0.510612855,0.464631496,0.41942594,0.374914991,0.331052758,0.287844749,0.245281229,0.203303685,0.161573685,0.120389701,0.079701465,0.039622987,0,0,0,0,0,0,0,0,0,0,0,0,0,0,0,0,0,0,0,0,0,0,0,0,0,0,0,0,0,0,0,0,0,0,0,0,0,0,0,0,0,0,0,0,0,0
Step Change,WEM,Bus,PHEV,0,0,0,0,0,5.41565E-05,0.000214615,0.000319115,0.000527482,0.000732754,0.00331004,0.005900016,0.00834681,0.010799359,0.013206388,0.01557111,0.017894843,0.020129547,0.022377001,0.024588558,0.026765763,0.028908697,0.031021462,0.033055108,0.035107534,0.037146061,0.039155648,0.041140698,0.043054539,0.044989775,0.045001128,0.045001128,0.045001128,0.045001128,0.045001128,0.045001128,0.045001128,0.045001128,0.045001128,0.045001128,0.045001128,0.045001128,0.045001128,0.045001128,0.045001128,0.045001128,0.045001128,0.045001128,0.045001128,0.045001128,0.045001128,0.045001128,0.045001128,0.045001128,0.045001128,0.045001128,0.045001128,0.045001128,0.045001128,0.045001128,0.045001128,0.045001128,0.045001128,0.045001128,0.045001128,0.045001128,0.045001128,0.045001128,0.045001128,0.045001128,0.045001128,0.045001128,0.045001128,0.045001128,0.045001128
Step Change,WEM,Large Light Commercial,BEV,0.000296983,0.000718585,0.001477422,0.002501608,0.003773411,0.009831694,0.020706242,0.035746416,0.05449767,0.077100918,0.134312236,0.189417105,0.242550529,0.293868329,0.343450911,0.391393081,0.43779545,0.482733914,0.526268388,0.568457011,0.609350856,0.6490174,0.687440863,0.724715757,0.760846457,0.795908598,0.82983345,0.862648408,0.894360865,0.925000397,0.924999324,0.924999324,0.924999324,0.924999324,0.924999324,0.924999324,0.924999324,0.924999324,0.924999324,0.924999324,0.924999324,0.924999324,0.924999324,0.924999324,0.924999324,0.924999324,0.924999324,0.924999324,0.924999324,0.924999324,0.924999324,0.924999324,0.924999324,0.924999324,0.924999324,0.924999324,0.924999324,0.924999324,0.924999324,0.924999324,0.924999324,0.924999324,0.924999324,0.924999324,0.924999324,0.924999324,0.924999324,0.924999324,0.924999324,0.924999324,0.924999324,0.924999324,0.924999324,0.924999324,0.924999324
Step Change,WEM,Large Light Commercial,FCEV,0,6.99921E-06,2.05833E-05,4.03485E-05,6.38069E-05,8.41422E-05,0.000101356,0.000115818,0.00012573,0.000131202,0.000122834,0.000112897,0.00010522,9.7838E-05,8.89045E-05,8.20624E-05,7.54526E-05,6.90609E-05,6.11742E-05,5.52059E-05,4.94196E-05,4.21856E-05,3.67609E-05,3.14951E-05,2.48283E-05,1.9882E-05,1.50738E-05,1.04002E-05,4.39333E-06,0,0,0,0,0,0,0,0,0,0,0,0,0,0,0,0,0,0,0,0,0,0,0,0,0,0,0,0,0,0,0,0,0,0,0,0,0,0,0,0,0,0,0,0,0,0
Step Change,WEM,Large Light Commercial,Hybrid,0.003858408,0.006187299,0.01002406,0.014821357,0.020537034,0.024802535,0.027820186,0.029632877,0.030458994,0.030510375,0.029103877,0.027757473,0.02646467,0.025223735,0.024027811,0.022874004,0.021760187,0.020683737,0.019642029,0.018632834,0.017654346,0.016705499,0.015783232,0.01488772,0.014017104,0.013171035,0.012346944,0.011544273,0.010762199,0.010000332,0.01000047,0.01000047,0.01000047,0.01000047,0.01000047,0.01000047,0.01000047,0.01000047,0.01000047,0.01000047,0.01000047,0.01000047,0.01000047,0.01000047,0.01000047,0.01000047,0.01000047,0.01000047,0.01000047,0.01000047,0.01000047,0.01000047,0.01000047,0.01000047,0.01000047,0.01000047,0.01000047,0.01000047,0.01000047,0.01000047,0.01000047,0.01000047,0.01000047,0.01000047,0.01000047,0.01000047,0.01000047,0.01000047,0.01000047,0.01000047,0.01000047,0.01000047,0.01000047,0.01000047,0.01000047
Step Change,WEM,Large Light Commercial,ICE,0.995744822,0.992018571,0.985481923,0.976911679,0.966461751,0.952852313,0.935805582,0.91605259,0.893831547,0.868710764,0.810131666,0.753695958,0.699270413,0.646692338,0.595888982,0.546758624,0.499203361,0.453144774,0.408523271,0.365280831,0.323365939,0.282710068,0.243330286,0.205130547,0.168109033,0.132182932,0.097429466,0.063823338,0.03135814,0,0,0,0,0,0,0,0,0,0,0,0,0,0,0,0,0,0,0,0,0,0,0,0,0,0,0,0,0,0,0,0,0,0,0,0,0,0,0,0,0,0,0,0,0,0
Step Change,WEM,Large Light Commercial,PHEV,9.97864E-05,0.001068546,0.002996011,0.005725007,0.009163997,0.012429315,0.015566634,0.018452298,0.02108606,0.023546742,0.026329386,0.029016567,0.031609168,0.03411776,0.036543392,0.038892229,0.04116555,0.043368514,0.045505138,0.047574118,0.049579439,0.051524847,0.053408858,0.055234481,0.057002577,0.058717552,0.060375066,0.06197358,0.063514402,0.064999271,0.065000206,0.065000206,0.065000206,0.065000206,0.065000206,0.065000206,0.065000206,0.065000206,0.065000206,0.065000206,0.065000206,0.065000206,0.065000206,0.065000206,0.065000206,0.065000206,0.065000206,0.065000206,0.065000206,0.065000206,0.065000206,0.065000206,0.065000206,0.065000206,0.065000206,0.065000206,0.065000206,0.065000206,0.065000206,0.065000206,0.065000206,0.065000206,0.065000206,0.065000206,0.065000206,0.065000206,0.065000206,0.065000206,0.065000206,0.065000206,0.065000206,0.065000206,0.065000206,0.065000206,0.065000206
Step Change,WEM,Large Residential,BEV,0.007183008,0.010934648,0.016138102,0.022159068,0.02930307,0.039306272,0.052058105,0.067352348,0.085148115,0.105406508,0.151161278,0.196308264,0.240791337,0.284599942,0.327744358,0.370236313,0.412103725,0.453402158,0.494208189,0.534599456,0.574677067,0.614545315,0.654267923,0.694378248,0.733869862,0.772360978,0.810916296,0.849202486,0.887226345,0.924999951,0.924999517,0.924999517,0.924999517,0.924999517,0.924999517,0.924999517,0.924999517,0.924999517,0.924999517,0.924999517,0.924999517,0.924999517,0.924999517,0.924999517,0.924999517,0.924999517,0.924999517,0.924999517,0.924999517,0.924999517,0.924999517,0.924999517,0.924999517,0.924999517,0.924999517,0.924999517,0.924999517,0.924999517,0.924999517,0.924999517,0.924999517,0.924999517,0.924999517,0.924999517,0.924999517,0.924999517,0.924999517,0.924999517,0.924999517,0.924999517,0.924999517,0.924999517,0.924999517,0.924999517,0.924999517
Step Change,WEM,Large Residential,FCEV,2.347E-06,3.48385E-06,5.74964E-06,6.8343E-06,9.03301E-06,1.00846E-05,1.22377E-05,1.21575E-05,1.31784E-05,1.41857E-05,1.30127E-05,1.18518E-05,1.1772E-05,1.06273E-05,1.05519E-05,9.42864E-06,8.321E-06,8.2623E-06,7.18014E-06,6.11424E-06,6.07682E-06,5.03549E-06,4.00767E-06,3.99173E-06,2.98071E-06,2.96522E-06,1.96772E-06,9.79446E-07,9.75163E-07,0,0,0,0,0,0,0,0,0,0,0,0,0,0,0,0,0,0,0,0,0,0,0,0,0,0,0,0,0,0,0,0,0,0,0,0,0,0,0,0,0,0,0,0,0,0
Step Change,WEM,Large Residential,Hybrid,0.061336619,0.072815974,0.08390801,0.091063587,0.096867692,0.1004333,0.102163738,0.102363632,0.101314769,0.09925645,0.094263122,0.089313208,0.084395758,0.079521604,0.074701989,0.069941616,0.065245995,0.06062052,0.056068708,0.051592963,0.047192609,0.042865113,0.038603927,0.03442567,0.030268165,0.026124585,0.022036448,0.017987532,0.013976031,0.01000033,0.010000386,0.010000386,0.010000386,0.010000386,0.010000386,0.010000386,0.010000386,0.010000386,0.010000386,0.010000386,0.010000386,0.010000386,0.010000386,0.010000386,0.010000386,0.010000386,0.010000386,0.010000386,0.010000386,0.010000386,0.010000386,0.010000386,0.010000386,0.010000386,0.010000386,0.010000386,0.010000386,0.010000386,0.010000386,0.010000386,0.010000386,0.010000386,0.010000386,0.010000386,0.010000386,0.010000386,0.010000386,0.010000386,0.010000386,0.010000386,0.010000386,0.010000386,0.010000386,0.010000386,0.010000386
Step Change,WEM,Large Residential,ICE,0.929066479,0.909378063,0.885378539,0.861859498,0.835941425,0.811379423,0.787604535,0.764418199,0.741423579,0.718318358,0.678235344,0.638725088,0.599862588,0.561643908,0.524037696,0.487023579,0.450562344,0.414585857,0.379005878,0.343737389,0.308673247,0.273707088,0.238782268,0.203303755,0.168447147,0.134628937,0.100649641,0.066888348,0.03334081,0,0,0,0,0,0,0,0,0,0,0,0,0,0,0,0,0,0,0,0,0,0,0,0,0,0,0,0,0,0,0,0,0,0,0,0,0,0,0,0,0,0,0,0,0,0
Step Change,WEM,Large Residential,PHEV,0.002411547,0.006867832,0.014569599,0.024911012,0.037878779,0.048870921,0.058161384,0.065853664,0.072100358,0.077004498,0.076327244,0.075641588,0.074938545,0.074223918,0.073505406,0.072789064,0.072079615,0.071383203,0.070710044,0.070064077,0.069451,0.068877448,0.068341875,0.067888335,0.067411845,0.066882535,0.066395647,0.065920655,0.06545584,0.064999718,0.065000097,0.065000097,0.065000097,0.065000097,0.065000097,0.065000097,0.065000097,0.065000097,0.065000097,0.065000097,0.065000097,0.065000097,0.065000097,0.065000097,0.065000097,0.065000097,0.065000097,0.065000097,0.065000097,0.065000097,0.065000097,0.065000097,0.065000097,0.065000097,0.065000097,0.065000097,0.065000097,0.065000097,0.065000097,0.065000097,0.065000097,0.065000097,0.065000097,0.065000097,0.065000097,0.065000097,0.065000097,0.065000097,0.065000097,0.065000097,0.065000097,0.065000097,0.065000097,0.065000097,0.065000097
Step Change,WEM,Medium Light Commercial,BEV,0.004551705,0.006946468,0.010300076,0.01415211,0.01859431,0.02720785,0.040058539,0.056419355,0.075932238,0.098891722,0.156165068,0.211578161,0.265175255,0.317033244,0.367180842,0.415674311,0.462592871,0.508014753,0.551983049,0.594566516,0.635823364,0.675804609,0.714523295,0.752058435,0.788422609,0.823955207,0.858356432,0.891663652,0.923865689,0.955002619,0.955001955,0.955001955,0.955001955,0.955001955,0.955001955,0.955001955,0.955001955,0.955001955,0.955001955,0.955001955,0.955001955,0.955001955,0.955001955,0.955001955,0.955001955,0.955001955,0.955001955,0.955001955,0.955001955,0.955001955,0.955001955,0.955001955,0.955001955,0.955001955,0.955001955,0.955001955,0.955001955,0.955001955,0.955001955,0.955001955,0.955001955,0.955001955,0.955001955,0.955001955,0.955001955,0.955001955,0.955001955,0.955001955,0.955001955,0.955001955,0.955001955,0.955001955,0.955001955,0.955001955,0.955001955
Step Change,WEM,Medium Light Commercial,FCEV,0,0,0,1.12408E-05,1.10615E-05,1.08788E-05,1.06823E-05,1.04986E-05,1.03295E-05,1.01584E-05,9.99201E-06,9.83033E-06,9.67193E-06,9.51737E-06,9.36566E-06,9.21693E-06,9.07169E-06,8.93009E-06,8.79206E-06,8.65756E-06,8.52653E-06,8.39884E-06,0,0,0,0,0,0,0,0,0,0,0,0,0,0,0,0,0,0,0,0,0,0,0,0,0,0,0,0,0,0,0,0,0,0,0,0,0,0,0,0,0,0,0,0,0,0,0,0,0,0,0,0,0
Step Change,WEM,Medium Light Commercial,Hybrid,0.003947181,0.006550193,0.010780746,0.015838223,0.021503473,0.025695699,0.028649867,0.030424877,0.031226113,0.031277618,0.029896083,0.028557104,0.027245822,0.025982431,0.024753449,0.023558472,0.022398011,0.021271466,0.020177775,0.01911589,0.018076244,0.017074851,0.016101141,0.015154974,0.014234761,0.013344526,0.012477064,0.011631935,0.010800431,0.009997755,0.009998746,0.009998746,0.009998746,0.009998746,0.009998746,0.009998746,0.009998746,0.009998746,0.009998746,0.009998746,0.009998746,0.009998746,0.009998746,0.009998746,0.009998746,0.009998746,0.009998746,0.009998746,0.009998746,0.009998746,0.009998746,0.009998746,0.009998746,0.009998746,0.009998746,0.009998746,0.009998746,0.009998746,0.009998746,0.009998746,0.009998746,0.009998746,0.009998746,0.009998746,0.009998746,0.009998746,0.009998746,0.009998746,0.009998746,0.009998746,0.009998746,0.009998746,0.009998746,0.009998746,0.009998746
Step Change,WEM,Medium Light Commercial,ICE,0.989972026,0.982004452,0.969122662,0.953103572,0.934283881,0.913948783,0.891649664,0.868274349,0.843900424,0.817809652,0.762989608,0.709956157,0.658687326,0.609083382,0.561143735,0.514793172,0.469959087,0.426563435,0.384564661,0.343895555,0.304516503,0.266344151,0.229395752,0.193574422,0.158879856,0.124955452,0.092125708,0.060361352,0.029668928,0,0,0,0,0,0,0,0,0,0,0,0,0,0,0,0,0,0,0,0,0,0,0,0,0,0,0,0,0,0,0,0,0,0,0,0,0,0,0,0,0,0,0,0,0,0
Step Change,WEM,Medium Light Commercial,PHEV,0.001529088,0.004498887,0.009796516,0.016894854,0.025607274,0.03313679,0.039631248,0.04487092,0.048930896,0.052010849,0.050939249,0.049898748,0.048881925,0.047891426,0.046912609,0.045964828,0.045040959,0.044141417,0.043265722,0.042413381,0.041575362,0.04076799,0.039979812,0.03921217,0.038462774,0.037744815,0.037040796,0.036343061,0.035664951,0.034999626,0.034999299,0.034999299,0.034999299,0.034999299,0.034999299,0.034999299,0.034999299,0.034999299,0.034999299,0.034999299,0.034999299,0.034999299,0.034999299,0.034999299,0.034999299,0.034999299,0.034999299,0.034999299,0.034999299,0.034999299,0.034999299,0.034999299,0.034999299,0.034999299,0.034999299,0.034999299,0.034999299,0.034999299,0.034999299,0.034999299,0.034999299,0.034999299,0.034999299,0.034999299,0.034999299,0.034999299,0.034999299,0.034999299,0.034999299,0.034999299,0.034999299,0.034999299,0.034999299,0.034999299,0.034999299
Step Change,WEM,Medium Residential,BEV,0.026485858,0.034795739,0.04340587,0.050682195,0.057968932,0.068093458,0.080948921,0.096329076,0.114194625,0.134508839,0.180742091,0.226351539,0.27128032,0.315513957,0.359062056,0.401924796,0.444115855,0.48567056,0.526642127,0.567090138,0.607107283,0.646806592,0.686268683,0.726292083,0.765207282,0.803683008,0.842012285,0.88000668,0.917664832,0.955000202,0.954999644,0.954999644,0.954999644,0.954999644,0.954999644,0.954999644,0.954999644,0.954999644,0.954999644,0.954999644,0.954999644,0.954999644,0.954999644,0.954999644,0.954999644,0.954999644,0.954999644,0.954999644,0.954999644,0.954999644,0.954999644,0.954999644,0.954999644,0.954999644,0.954999644,0.954999644,0.954999644,0.954999644,0.954999644,0.954999644,0.954999644,0.954999644,0.954999644,0.954999644,0.954999644,0.954999644,0.954999644,0.954999644,0.954999644,0.954999644,0.954999644,0.954999644,0.954999644,0.954999644,0.954999644
Step Change,WEM,Medium Residential,FCEV,1.12712E-05,1.11538E-05,1.24253E-05,1.36753E-05,1.62674E-05,1.74885E-05,1.73638E-05,1.85769E-05,1.97774E-05,1.96514E-05,1.82268E-05,1.68162E-05,1.67028E-05,1.53102E-05,1.39341E-05,1.25754E-05,1.24833E-05,1.11528E-05,9.84194E-06,8.55087E-06,8.49283E-06,7.23295E-06,5.99145E-06,4.77146E-06,4.74532E-06,3.53954E-06,2.34762E-06,1.16791E-06,1.16212E-06,0,0,0,0,0,0,0,0,0,0,0,0,0,0,0,0,0,0,0,0,0,0,0,0,0,0,0,0,0,0,0,0,0,0,0,0,0,0,0,0,0,0,0,0,0,0
Step Change,WEM,Medium Residential,Hybrid,0.061478638,0.07013662,0.078691087,0.08384217,0.088132785,0.090629397,0.091651729,0.091449992,0.090246848,0.088236257,0.083862778,0.0795278,0.07522038,0.070950036,0.066725443,0.062550223,0.058427,0.054362279,0.050358739,0.046417796,0.042541782,0.038730039,0.03498166,0.03132228,0.0276688,0.024054707,0.020486497,0.016954537,0.013459695,0.009999827,0.010000207,0.010000207,0.010000207,0.010000207,0.010000207,0.010000207,0.010000207,0.010000207,0.010000207,0.010000207,0.010000207,0.010000207,0.010000207,0.010000207,0.010000207,0.010000207,0.010000207,0.010000207,0.010000207,0.010000207,0.010000207,0.010000207,0.010000207,0.010000207,0.010000207,0.010000207,0.010000207,0.010000207,0.010000207,0.010000207,0.010000207,0.010000207,0.010000207,0.010000207,0.010000207,0.010000207,0.010000207,0.010000207,0.010000207,0.010000207,0.010000207,0.010000207,0.010000207,0.010000207,0.010000207
Step Change,WEM,Medium Residential,ICE,0.903132683,0.879066091,0.851709037,0.827031507,0.800790596,0.775961665,0.752004189,0.728745729,0.705819298,0.682950283,0.644395261,0.606403359,0.569052553,0.532342168,0.496240954,0.46074263,0.425825273,0.391444592,0.357537941,0.324041386,0.290855046,0.257863121,0.224987208,0.191354822,0.158846174,0.126709597,0.094631348,0.062820664,0.03127967,0,0,0,0,0,0,0,0,0,0,0,0,0,0,0,0,0,0,0,0,0,0,0,0,0,0,0,0,0,0,0,0,0,0,0,0,0,0,0,0,0,0,0,0,0,0
Step Change,WEM,Medium Residential,PHEV,0.00889155,0.015990397,0.026181581,0.038430453,0.053091419,0.06529799,0.075377797,0.083456626,0.089719451,0.094284969,0.090981643,0.087700485,0.084430043,0.081178528,0.077957612,0.074769775,0.071619388,0.068511416,0.065451351,0.062442129,0.059487397,0.056593015,0.053756457,0.051026044,0.048272999,0.045549148,0.042867523,0.040216951,0.03759464,0.034999971,0.035000149,0.035000149,0.035000149,0.035000149,0.035000149,0.035000149,0.035000149,0.035000149,0.035000149,0.035000149,0.035000149,0.035000149,0.035000149,0.035000149,0.035000149,0.035000149,0.035000149,0.035000149,0.035000149,0.035000149,0.035000149,0.035000149,0.035000149,0.035000149,0.035000149,0.035000149,0.035000149,0.035000149,0.035000149,0.035000149,0.035000149,0.035000149,0.035000149,0.035000149,0.035000149,0.035000149,0.035000149,0.035000149,0.035000149,0.035000149,0.035000149,0.035000149,0.035000149,0.035000149,0.035000149
Step Change,WEM,Motorcycle,BEV,0.005043987,0.009337711,0.01698746,0.027277089,0.040390593,0.055904624,0.073703909,0.093639382,0.115593589,0.139467472,0.187454184,0.234585513,0.280905717,0.326452073,0.371265307,0.415375386,0.458799922,0.501573127,0.543719507,0.585257873,0.626244277,0.666680881,0.706573608,0.745955489,0.784827035,0.823729155,0.862200365,0.900227129,0.937827663,0.975001301,0.974997415,0.974997415,0.974997415,0.974997415,0.974997415,0.974997415,0.974997415,0.974997415,0.974997415,0.974997415,0.974997415,0.974997415,0.974997415,0.974997415,0.974997415,0.974997415,0.974997415,0.974997415,0.974997415,0.974997415,0.974997415,0.974997415,0.974997415,0.974997415,0.974997415,0.974997415,0.974997415,0.974997415,0.974997415,0.974997415,0.974997415,0.974997415,0.974997415,0.974997415,0.974997415,0.974997415,0.974997415,0.974997415,0.974997415,0.974997415,0.974997415,0.974997415,0.974997415,0.974997415,0.974997415
Step Change,WEM,Motorcycle,FCEV,0,0,0,7.16122E-06,7.0811E-06,7.00471E-06,6.93097E-06,1.37201E-05,1.35833E-05,1.34511E-05,1.33282E-05,1.32086E-05,1.30922E-05,6.48971E-06,6.43497E-06,6.38195E-06,6.3302E-06,6.27995E-06,6.23096E-06,6.18326E-06,6.137E-06,6.09203E-06,6.04803E-06,6.00521E-06,0,0,0,0,0,0,0,0,0,0,0,0,0,0,0,0,0,0,0,0,0,0,0,0,0,0,0,0,0,0,0,0,0,0,0,0,0,0,0,0,0,0,0,0,0,0,0,0,0,0,0
Step Change,WEM,Motorcycle,Hybrid,0,0,0,0,0,0,0,0,0,0,0,0,0,0,0,0,0,0,0,0,0,0,0,0,0,0,0,0,0,0,0,0,0,0,0,0,0,0,0,0,0,0,0,0,0,0,0,0,0,0,0,0,0,0,0,0,0,0,0,0,0,0,0,0,0,0,0,0,0,0,0,0,0,0,0
Step Change,WEM,Motorcycle,ICE,0.994956013,0.990662289,0.98301254,0.97271575,0.959602325,0.944088371,0.92628916,0.906346898,0.884392828,0.860519077,0.811666156,0.763690759,0.716534763,0.670173275,0.624558401,0.579653077,0.535445931,0.491908288,0.449002735,0.406716256,0.36499822,0.323833834,0.28322336,0.243139045,0.203574389,0.163974257,0.124818894,0.086110005,0.047835169,0.010000636,0.010002183,0.010002183,0.010002183,0.010002183,0.010002183,0.010002183,0.010002183,0.010002183,0.010002183,0.010002183,0.010002183,0.010002183,0.010002183,0.010002183,0.010002183,0.010002183,0.010002183,0.010002183,0.010002183,0.010002183,0.010002183,0.010002183,0.010002183,0.010002183,0.010002183,0.010002183,0.010002183,0.010002183,0.010002183,0.010002183,0.010002183,0.010002183,0.010002183,0.010002183,0.010002183,0.010002183,0.010002183,0.010002183,0.010002183,0.010002183,0.010002183,0.010002183,0.010002183,0.010002183,0.010002183
Step Change,WEM,Motorcycle,PHEV,0,0,0,0,0,0,0,0,0,0,0.000866332,0.001710519,0.002546428,0.003368161,0.004169857,0.004965155,0.005747818,0.006512306,0.007271526,0.008019687,0.008751365,0.009479193,0.010196984,0.010899461,0.011598576,0.012296588,0.012980741,0.013662866,0.014337168,0.014998062,0.015000402,0.015000402,0.015000402,0.015000402,0.015000402,0.015000402,0.015000402,0.015000402,0.015000402,0.015000402,0.015000402,0.015000402,0.015000402,0.015000402,0.015000402,0.015000402,0.015000402,0.015000402,0.015000402,0.015000402,0.015000402,0.015000402,0.015000402,0.015000402,0.015000402,0.015000402,0.015000402,0.015000402,0.015000402,0.015000402,0.015000402,0.015000402,0.015000402,0.015000402,0.015000402,0.015000402,0.015000402,0.015000402,0.015000402,0.015000402,0.015000402,0.015000402,0.015000402,0.015000402,0.015000402
Step Change,WEM,Rigid Truck,BEV,0.001906066,0.001062195,0.001833125,0.002943377,0.004536855,0.010603011,0.021317418,0.035896142,0.05375462,0.075446313,0.134545546,0.190929825,0.244667756,0.295893815,0.344599474,0.39106011,0.435331346,0.477548823,0.517802216,0.556185333,0.592785065,0.627704374,0.661017386,0.692805016,0.723120355,0.752162151,0.779818418,0.80615542,0.831189024,0.854999246,0.85499926,0.85499926,0.85499926,0.85499926,0.85499926,0.85499926,0.85499926,0.85499926,0.85499926,0.85499926,0.85499926,0.85499926,0.85499926,0.85499926,0.85499926,0.85499926,0.85499926,0.85499926,0.85499926,0.85499926,0.85499926,0.85499926,0.85499926,0.85499926,0.85499926,0.85499926,0.85499926,0.85499926,0.85499926,0.85499926,0.85499926,0.85499926,0.85499926,0.85499926,0.85499926,0.85499926,0.85499926,0.85499926,0.85499926,0.85499926,0.85499926,0.85499926,0.85499926,0.85499926,0.85499926
Step Change,WEM,Rigid Truck,FCEV,0,0,0,9.84407E-06,9.65288E-06,0.000292953,0.000848638,0.00165827,0.002663915,0.003906856,0.007397983,0.010736664,0.013910903,0.016937424,0.019814988,0.022560005,0.025183184,0.027678059,0.030056602,0.032324773,0.034488091,0.036551824,0.038527193,0.040405952,0.042198185,0.043914809,0.045549698,0.047107092,0.048592957,0.050000837,0.050000822,0.050000822,0.050000822,0.050000822,0.050000822,0.050000822,0.050000822,0.050000822,0.050000822,0.050000822,0.050000822,0.050000822,0.050000822,0.050000822,0.050000822,0.050000822,0.050000822,0.050000822,0.050000822,0.050000822,0.050000822,0.050000822,0.050000822,0.050000822,0.050000822,0.050000822,0.050000822,0.050000822,0.050000822,0.050000822,0.050000822,0.050000822,0.050000822,0.050000822,0.050000822,0.050000822,0.050000822,0.050000822,0.050000822,0.050000822,0.050000822,0.050000822,0.050000822,0.050000822,0.050000822
Step Change,WEM,Rigid Truck,Hybrid,0,0,0,0,0,0,0,0,0,0,0.003774825,0.007377339,0.010813333,0.014083067,0.017202698,0.020179339,0.023017283,0.025725158,0.028307982,0.030765214,0.033116634,0.035360846,0.037502979,0.03954813,0.041500133,0.043364058,0.045146446,0.04684558,0.048461963,0.050000837,0.050000822,0.050000822,0.050000822,0.050000822,0.050000822,0.050000822,0.050000822,0.050000822,0.050000822,0.050000822,0.050000822,0.050000822,0.050000822,0.050000822,0.050000822,0.050000822,0.050000822,0.050000822,0.050000822,0.050000822,0.050000822,0.050000822,0.050000822,0.050000822,0.050000822,0.050000822,0.050000822,0.050000822,0.050000822,0.050000822,0.050000822,0.050000822,0.050000822,0.050000822,0.050000822,0.050000822,0.050000822,0.050000822,0.050000822,0.050000822,0.050000822,0.050000822,0.050000822,0.050000822,0.050000822
Step Change,WEM,Rigid Truck,ICE,0.998093934,0.998937805,0.998166875,0.997027091,0.995395575,0.988905584,0.977446522,0.961823737,0.942690554,0.919439414,0.849765337,0.783282422,0.719923406,0.659529464,0.602094442,0.547305416,0.495088178,0.445297243,0.397821599,0.35255644,0.309377668,0.268187082,0.228882834,0.191382671,0.155616232,0.121358841,0.088727324,0.057648946,0.02810099,0,0,0,0,0,0,0,0,0,0,0,0,0,0,0,0,0,0,0,0,0,0,0,0,0,0,0,0,0,0,0,0,0,0,0,0,0,0,0,0,0,0,0,0,0,0
Step Change,WEM,Rigid Truck,PHEV,0,0,0,1.96881E-05,5.79173E-05,0.000198452,0.000387422,0.000621851,0.000890912,0.001207417,0.004516308,0.00767375,0.010684603,0.01355623,0.016288397,0.018895131,0.021380009,0.023750718,0.026011601,0.02816824,0.030232543,0.032195873,0.034069608,0.035858232,0.037565095,0.03920014,0.040758114,0.042242962,0.043655065,0.044999079,0.044999096,0.044999096,0.044999096,0.044999096,0.044999096,0.044999096,0.044999096,0.044999096,0.044999096,0.044999096,0.044999096,0.044999096,0.044999096,0.044999096,0.044999096,0.044999096,0.044999096,0.044999096,0.044999096,0.044999096,0.044999096,0.044999096,0.044999096,0.044999096,0.044999096,0.044999096,0.044999096,0.044999096,0.044999096,0.044999096,0.044999096,0.044999096,0.044999096,0.044999096,0.044999096,0.044999096,0.044999096,0.044999096,0.044999096,0.044999096,0.044999096,0.044999096,0.044999096,0.044999096,0.044999096
Step Change,WEM,Small Light Commercial,BEV,0.013892406,0.019316282,0.025778958,0.032113082,0.038893953,0.049508567,0.064067034,0.081776524,0.102273086,0.125972778,0.182824556,0.237810915,0.29098155,0.342425563,0.392173118,0.44029032,0.486820246,0.53186328,0.575446129,0.617683587,0.658590538,0.698231223,0.736628113,0.773824334,0.809885745,0.845129321,0.87922406,0.912241541,0.944125278,0.974990293,0.975000563,0.975000563,0.975000563,0.975000563,0.975000563,0.975000563,0.975000563,0.975000563,0.975000563,0.975000563,0.975000563,0.975000563,0.975000563,0.975000563,0.975000563,0.975000563,0.975000563,0.975000563,0.975000563,0.975000563,0.975000563,0.975000563,0.975000563,0.975000563,0.975000563,0.975000563,0.975000563,0.975000563,0.975000563,0.975000563,0.975000563,0.975000563,0.975000563,0.975000563,0.975000563,0.975000563,0.975000563,0.975000563,0.975000563,0.975000563,0.975000563,0.975000563,0.975000563,0.975000563,0.975000563
Step Change,WEM,Small Light Commercial,FCEV,0,0,0,0,0,0,0,0,3.15268E-05,3.10049E-05,3.04962E-05,0,0,0,0,0,0,0,0,0,0,0,0,0,0,0,0,0,0,0,0,0,0,0,0,0,0,0,0,0,0,0,0,0,0,0,0,0,0,0,0,0,0,0,0,0,0,0,0,0,0,0,0,0,0,0,0,0,0,0,0,0,0,0,0
Step Change,WEM,Small Light Commercial,Hybrid,0,0,0,0,0,0,0,0,0,0,0.000670916,0.001320172,0.001948339,0.002556282,0.003115888,0.003685262,0.00423635,0.004769952,0.005286462,0.005787068,0.006271795,0.006741861,0.007197333,0.007613834,0.008041975,0.008460237,0.008865164,0.009257519,0.009636768,0.010003883,0.009999775,0.009999775,0.009999775,0.009999775,0.009999775,0.009999775,0.009999775,0.009999775,0.009999775,0.009999775,0.009999775,0.009999775,0.009999775,0.009999775,0.009999775,0.009999775,0.009999775,0.009999775,0.009999775,0.009999775,0.009999775,0.009999775,0.009999775,0.009999775,0.009999775,0.009999775,0.009999775,0.009999775,0.009999775,0.009999775,0.009999775,0.009999775,0.009999775,0.009999775,0.009999775,0.009999775,0.009999775,0.009999775,0.009999775,0.009999775,0.009999775,0.009999775,0.009999775,0.009999775,0.009999775
Step Change,WEM,Small Light Commercial,ICE,0.981440614,0.970652058,0.955533045,0.938209764,0.918261926,0.896466994,0.872518014,0.847502163,0.82162111,0.794220693,0.740935013,0.689429626,0.639616236,0.591401598,0.544851638,0.499817144,0.456279765,0.414140863,0.373353012,0.333853024,0.295607141,0.25854909,0.222662761,0.18790744,0.154219585,0.121271453,0.089414232,0.058576128,0.028794477,0,0,0,0,0,0,0,0,0,0,0,0,0,0,0,0,0,0,0,0,0,0,0,0,0,0,0,0,0,0,0,0,0,0,0,0,0,0,0,0,0,0,0,0,0,0
Step Change,WEM,Small Light Commercial,PHEV,0.00466698,0.01003166,0.018687998,0.029677154,0.04284412,0.054024439,0.063414952,0.070721313,0.076074277,0.079775525,0.07553902,0.071439287,0.067453875,0.063616558,0.059859356,0.056207275,0.052663639,0.049225905,0.045914397,0.042676321,0.039530526,0.036477826,0.033511794,0.030654392,0.027852695,0.02513899,0.022496544,0.019924812,0.017443477,0.015005824,0.014999662,0.014999662,0.014999662,0.014999662,0.014999662,0.014999662,0.014999662,0.014999662,0.014999662,0.014999662,0.014999662,0.014999662,0.014999662,0.014999662,0.014999662,0.014999662,0.014999662,0.014999662,0.014999662,0.014999662,0.014999662,0.014999662,0.014999662,0.014999662,0.014999662,0.014999662,0.014999662,0.014999662,0.014999662,0.014999662,0.014999662,0.014999662,0.014999662,0.014999662,0.014999662,0.014999662,0.014999662,0.014999662,0.014999662,0.014999662,0.014999662,0.014999662,0.014999662,0.014999662,0.014999662
Step Change,WEM,Small Residential,BEV,0.060802179,0.074760911,0.084729701,0.087601324,0.086666833,0.089853184,0.096875479,0.107464878,0.121480589,0.138818463,0.186245853,0.233031332,0.279119155,0.324490083,0.369160129,0.413118095,0.456378089,0.498967495,0.540927739,0.582296222,0.62313843,0.663526706,0.703498892,0.743536407,0.782735019,0.821902177,0.860759222,0.899226999,0.9373041,0.974999472,0.975001246,0.975001246,0.975001246,0.975001246,0.975001246,0.975001246,0.975001246,0.975001246,0.975001246,0.975001246,0.975001246,0.975001246,0.975001246,0.975001246,0.975001246,0.975001246,0.975001246,0.975001246,0.975001246,0.975001246,0.975001246,0.975001246,0.975001246,0.975001246,0.975001246,0.975001246,0.975001246,0.975001246,0.975001246,0.975001246,0.975001246,0.975001246,0.975001246,0.975001246,0.975001246,0.975001246,0.975001246,0.975001246,0.975001246,0.975001246,0.975001246,0.975001246,0.975001246,0.975001246,0.975001246
Step Change,WEM,Small Residential,FCEV,2.58746E-05,2.56052E-05,2.53549E-05,2.82544E-05,2.80082E-05,2.77944E-05,3.06626E-05,3.04614E-05,3.0268E-05,3.00753E-05,2.68986E-05,2.67258E-05,2.35962E-05,2.3431E-05,2.03556E-05,2.02074E-05,1.71932E-05,1.70662E-05,1.41174E-05,1.4015E-05,1.11325E-05,1.10562E-05,8.23721E-06,8.18954E-06,5.42566E-06,5.39502E-06,2.68276E-06,2.66828E-06,0,0,0,0,0,0,0,0,0,0,0,0,0,0,0,0,0,0,0,0,0,0,0,0,0,0,0,0,0,0,0,0,0,0,0,0,0,0,0,0,0,0,0,0,0,0,0
Step Change,WEM,Small Residential,Hybrid,0,0,0,0,0,0,0,0,0,0,0.00056487,0.001125454,0.001675328,0.002220087,0.00275382,0.003279379,0.003799688,0.004309217,0.004814032,0.005308891,0.005797271,0.006282685,0.006760003,0.007239552,0.007707145,0.008173461,0.008638498,0.009096173,0.009551816,0.010000211,0.009998977,0.009998977,0.009998977,0.009998977,0.009998977,0.009998977,0.009998977,0.009998977,0.009998977,0.009998977,0.009998977,0.009998977,0.009998977,0.009998977,0.009998977,0.009998977,0.009998977,0.009998977,0.009998977,0.009998977,0.009998977,0.009998977,0.009998977,0.009998977,0.009998977,0.009998977,0.009998977,0.009998977,0.009998977,0.009998977,0.009998977,0.009998977,0.009998977,0.009998977,0.009998977,0.009998977,0.009998977,0.009998977,0.009998977,0.009998977,0.009998977,0.009998977,0.009998977,0.009998977,0.009998977
Step Change,WEM,Small Residential,ICE,0.918760087,0.893719034,0.870477718,0.853855475,0.839522117,0.823808083,0.806641523,0.788149895,0.768274301,0.74699172,0.704536896,0.66268155,0.621502604,0.580998044,0.541150265,0.501958679,0.46340436,0.425460503,0.388078707,0.351219307,0.314817134,0.278790341,0.243113006,0.207271764,0.172248311,0.137179266,0.10236888,0.067899769,0.033780359,0,0,0,0,0,0,0,0,0,0,0,0,0,0,0,0,0,0,0,0,0,0,0,0,0,0,0,0,0,0,0,0,0,0,0,0,0,0,0,0,0,0,0,0,0,0
Step Change,WEM,Small Residential,PHEV,0.02041186,0.03149445,0.044767226,0.058514947,0.073783042,0.086310939,0.096452335,0.104354766,0.110214842,0.114159742,0.108625482,0.103134939,0.097679316,0.092268355,0.086915431,0.081623639,0.076400669,0.071245719,0.066165405,0.061161565,0.056236032,0.051389211,0.046619861,0.041944087,0.0373041,0.032739701,0.028230718,0.023774391,0.019363725,0.015000317,0.014999777,0.014999777,0.014999777,0.014999777,0.014999777,0.014999777,0.014999777,0.014999777,0.014999777,0.014999777,0.014999777,0.014999777,0.014999777,0.014999777,0.014999777,0.014999777,0.014999777,0.014999777,0.014999777,0.014999777,0.014999777,0.014999777,0.014999777,0.014999777,0.014999777,0.014999777,0.014999777,0.014999777,0.014999777,0.014999777,0.014999777,0.014999777,0.014999777,0.014999777,0.014999777,0.014999777,0.014999777,0.014999777,0.014999777,0.014999777,0.014999777,0.014999777,0.014999777,0.014999777,0.014999777
Accelerated Transition,New South Wales,Articulated Truck,BEV,0,0.000971534,0.004736512,0.046594982,0.115076088,0.173876991,0.224680922,0.265582873,0.299767502,0.33114402,0.360248297,0.38725811,0.412246375,0.4354111,0.456832548,0.476484971,0.494496965,0.510892196,0.52583808,0.539437257,0.551742881,0.56289725,0.572951333,0.581971534,0.58999938,0.589993834,0.589993284,0.590011483,0.590011838,0.589995187,0.590001299,0.590001299,0.590001299,0.590001299,0.590001299,0.590001299,0.590001299,0.590001299,0.590001299,0.590001299,0.590001299,0.590001299,0.590001299,0.590001299,0.590001299,0.590001299,0.590001299,0.590001299,0.590001299,0.590001299,0.590001299,0.590001299,0.590001299,0.590001299,0.590001299,0.590001299,0.590001299,0.590001299,0.590001299,0.590001299,0.590001299,0.590001299,0.590001299,0.590001299,0.590001299,0.590001299,0.590001299,0.590001299,0.590001299,0.590001299,0.590001299,0.590001299,0.590001299,0.590001299,0.590001299
Accelerated Transition,New South Wales,Articulated Truck,FCEV,0,0,0,0,0,0.00311669,0.009337532,0.018312378,0.036295531,0.053042979,0.06866818,0.08324764,0.096835486,0.109531736,0.121335539,0.132296439,0.142461937,0.151854565,0.160537865,0.168551524,0.17595385,0.182760613,0.18901776,0.194757272,0.199996902,0.200003008,0.20000292,0.199997165,0.199997247,0.200002674,0.2,0.2,0.2,0.2,0.2,0.2,0.2,0.2,0.2,0.2,0.2,0.2,0.2,0.2,0.2,0.2,0.2,0.2,0.2,0.2,0.2,0.2,0.2,0.2,0.2,0.2,0.2,0.2,0.2,0.2,0.2,0.2,0.2,0.2,0.2,0.2,0.2,0.2,0.2,0.2,0.2,0.2,0.2,0.2,0.2
Accelerated Transition,New South Wales,Articulated Truck,Hybrid,0,0,0,0,0,0,0,0,0,0,0,0,0,0,0,0,0,0,0,0,0,0,0,0,0,0,0,0,0,0,0,0,0,0,0,0,0,0,0,0,0,0,0,0,0,0,0,0,0,0,0,0,0,0,0,0,0,0,0,0,0,0,0,0,0,0,0,0,0,0,0,0,0,0,0
Accelerated Transition,New South Wales,Articulated Truck,ICE,1,0.999028466,0.995263488,0.953374643,0.88489442,0.822777571,0.765429029,0.715117055,0.66205115,0.613090927,0.567581276,0.525287464,0.486032256,0.449537869,0.41572271,0.384561649,0.355896109,0.329638341,0.30557475,0.283561024,0.263501192,0.245199008,0.228574253,0.21352694,0.199996902,0.200003008,0.20000292,0.199997165,0.199997247,0.200002674,0.2,0.2,0.2,0.2,0.2,0.2,0.2,0.2,0.2,0.2,0.2,0.2,0.2,0.2,0.2,0.2,0.2,0.2,0.2,0.2,0.2,0.2,0.2,0.2,0.2,0.2,0.2,0.2,0.2,0.2,0.2,0.2,0.2,0.2,0.2,0.2,0.2,0.2,0.2,0.2,0.2,0.2,0.2,0.2,0.2
Accelerated Transition,New South Wales,Articulated Truck,PHEV,0,0,0,3.03748E-05,2.94916E-05,0.000228748,0.000552517,0.000987694,0.001885818,0.002722074,0.003502246,0.004206787,0.004885883,0.005519296,0.006109202,0.006656942,0.00714499,0.007614898,0.008049304,0.008450195,0.008802076,0.009143129,0.009456654,0.009744253,0.010006816,0.01000015,0.010000876,0.009994188,0.009993668,0.009999465,0.009998701,0.009998701,0.009998701,0.009998701,0.009998701,0.009998701,0.009998701,0.009998701,0.009998701,0.009998701,0.009998701,0.009998701,0.009998701,0.009998701,0.009998701,0.009998701,0.009998701,0.009998701,0.009998701,0.009998701,0.009998701,0.009998701,0.009998701,0.009998701,0.009998701,0.009998701,0.009998701,0.009998701,0.009998701,0.009998701,0.009998701,0.009998701,0.009998701,0.009998701,0.009998701,0.009998701,0.009998701,0.009998701,0.009998701,0.009998701,0.009998701,0.009998701,0.009998701,0.009998701,0.009998701
Accelerated Transition,New South Wales,Bus,BEV,0.014423236,0.016490334,0.035219437,0.058256749,0.086152784,0.145040539,0.203163055,0.260605503,0.304851933,0.344990947,0.383958333,0.421902525,0.458846366,0.494867176,0.529992943,0.56424908,0.597720453,0.630405222,0.662384779,0.693596792,0.724167804,0.754035816,0.783312802,0.811949542,0.839998996,0.839984098,0.840010822,0.840016556,0.839981682,0.840011455,0.840004726,0.840004726,0.840004726,0.840004726,0.840004726,0.840004726,0.840004726,0.840004726,0.840004726,0.840004726,0.840004726,0.840004726,0.840004726,0.840004726,0.840004726,0.840004726,0.840004726,0.840004726,0.840004726,0.840004726,0.840004726,0.840004726,0.840004726,0.840004726,0.840004726,0.840004726,0.840004726,0.840004726,0.840004726,0.840004726,0.840004726,0.840004726,0.840004726,0.840004726,0.840004726,0.840004726,0.840004726,0.840004726,0.840004726,0.840004726,0.840004726,0.840004726,0.840004726,0.840004726,0.840004726
Accelerated Transition,New South Wales,Bus,FCEV,0,0.001730669,0.003802281,0.006359907,0.009415605,0.012705415,0.016154392,0.019723321,0.025666911,0.031261316,0.036666667,0.041955373,0.047078251,0.052100312,0.05696542,0.061740439,0.066376676,0.070927386,0.075354062,0.079701485,0.083928384,0.088087205,0.092136331,0.096119191,0.099997489,0.100009939,0.100002459,0.099992696,0.10000241,0.099992841,0.1,0.1,0.1,0.1,0.1,0.1,0.1,0.1,0.1,0.1,0.1,0.1,0.1,0.1,0.1,0.1,0.1,0.1,0.1,0.1,0.1,0.1,0.1,0.1,0.1,0.1,0.1,0.1,0.1,0.1,0.1,0.1,0.1,0.1,0.1,0.1,0.1,0.1,0.1,0.1,0.1,0.1,0.1,0.1,0.1
Accelerated Transition,New South Wales,Bus,Hybrid,0,0,0,0,0,0,0,0,0.001437837,0.002836451,0.004196429,0.005490311,0.006779268,0.008035229,0.009258998,0.01045267,0.011617983,0.012754963,0.013839994,0.01492577,0.015987609,0.017025694,0.018042295,0.019036016,0.02000954,0.020001988,0.019995573,0.0199888,0.020005303,0.019998568,0.019990548,0.019990548,0.019990548,0.019990548,0.019990548,0.019990548,0.019990548,0.019990548,0.019990548,0.019990548,0.019990548,0.019990548,0.019990548,0.019990548,0.019990548,0.019990548,0.019990548,0.019990548,0.019990548,0.019990548,0.019990548,0.019990548,0.019990548,0.019990548,0.019990548,0.019990548,0.019990548,0.019990548,0.019990548,0.019990548,0.019990548,0.019990548,0.019990548,0.019990548,0.019990548,0.019990548,0.019990548,0.019990548,0.019990548,0.019990548,0.019990548,0.019990548,0.019990548,0.019990548,0.019990548
Accelerated Transition,New South Wales,Bus,ICE,0.985576764,0.981778997,0.960978282,0.935383343,0.904431611,0.841788077,0.779326078,0.717125242,0.662781449,0.613035607,0.564761905,0.517762772,0.471999305,0.427382689,0.38388144,0.341426023,0.299975222,0.259477835,0.219934965,0.181260457,0.14341594,0.106410589,0.070167334,0.034721693,0,0,0,0,0,0,0,0,0,0,0,0,0,0,0,0,0,0,0,0,0,0,0,0,0,0,0,0,0,0,0,0,0,0,0,0,0,0,0,0,0,0,0,0,0,0,0,0,0,0,0
Accelerated Transition,New South Wales,Bus,PHEV,0,0,0,0,0,0.000465969,0.001356476,0.002545934,0.00526187,0.007875679,0.010416667,0.012889019,0.01529681,0.017614595,0.0199012,0.022131787,0.024309666,0.026434593,0.0284862,0.030515497,0.032500263,0.034440696,0.036341238,0.038173558,0.039993975,0.040003976,0.039991146,0.040001948,0.040010605,0.039997136,0.040004726,0.040004726,0.040004726,0.040004726,0.040004726,0.040004726,0.040004726,0.040004726,0.040004726,0.040004726,0.040004726,0.040004726,0.040004726,0.040004726,0.040004726,0.040004726,0.040004726,0.040004726,0.040004726,0.040004726,0.040004726,0.040004726,0.040004726,0.040004726,0.040004726,0.040004726,0.040004726,0.040004726,0.040004726,0.040004726,0.040004726,0.040004726,0.040004726,0.040004726,0.040004726,0.040004726,0.040004726,0.040004726,0.040004726,0.040004726,0.040004726,0.040004726,0.040004726,0.040004726,0.040004726
Accelerated Transition,New South Wales,Large Light Commercial,BEV,0.000461587,0.001320582,0.00289156,0.005011315,0.007664355,0.023027432,0.050928012,0.090026513,0.162178304,0.230365457,0.29487729,0.356079256,0.414230555,0.469610995,0.522427592,0.57280631,0.620820482,0.666529099,0.710059687,0.75149447,0.790914816,0.828435067,0.864080192,0.897927825,0.929999912,0.930000219,0.930000237,0.930000221,0.930000124,0.930000005,0.929999938,0.929999938,0.929999938,0.929999938,0.929999938,0.929999938,0.929999938,0.929999938,0.929999938,0.929999938,0.929999938,0.929999938,0.929999938,0.929999938,0.929999938,0.929999938,0.929999938,0.929999938,0.929999938,0.929999938,0.929999938,0.929999938,0.929999938,0.929999938,0.929999938,0.929999938,0.929999938,0.929999938,0.929999938,0.929999938,0.929999938,0.929999938,0.929999938,0.929999938,0.929999938,0.929999938,0.929999938,0.929999938,0.929999938,0.929999938,0.929999938,0.929999938,0.929999938,0.929999938,0.929999938
Accelerated Transition,New South Wales,Large Light Commercial,FCEV,1.05145E-06,1.02689E-06,2.00316E-06,1.95335E-06,2.86055E-06,3.7195E-06,4.5238E-06,4.40128E-06,4.28429E-06,3.33538E-06,3.24695E-06,3.16329E-06,3.08401E-06,2.2568E-06,2.20354E-06,2.15272E-06,1.40258E-06,1.3711E-06,1.34068E-06,6.55613E-07,6.41328E-07,6.27487E-07,6.14024E-07,0,0,0,0,0,0,0,0,0,0,0,0,0,0,0,0,0,0,0,0,0,0,0,0,0,0,0,0,0,0,0,0,0,0,0,0,0,0,0,0,0,0,0,0,0,0,0,0,0,0,0,0
Accelerated Transition,New South Wales,Large Light Commercial,Hybrid,0.006243514,0.009728767,0.01512986,0.021517107,0.02902977,0.032918516,0.034046103,0.033200649,0.03127359,0.029418043,0.027649388,0.025973009,0.024382966,0.022873469,0.021438939,0.020069777,0.01876023,0.017503508,0.016298694,0.015141383,0.014030337,0.012962622,0.011936633,0.010949482,0.010000265,0.009999804,0.009999966,0.00999989,0.010000059,0.009999773,0.010000083,0.010000083,0.010000083,0.010000083,0.010000083,0.010000083,0.010000083,0.010000083,0.010000083,0.010000083,0.010000083,0.010000083,0.010000083,0.010000083,0.010000083,0.010000083,0.010000083,0.010000083,0.010000083,0.010000083,0.010000083,0.010000083,0.010000083,0.010000083,0.010000083,0.010000083,0.010000083,0.010000083,0.010000083,0.010000083,0.010000083,0.010000083,0.010000083,0.010000083,0.010000083,0.010000083,0.010000083,0.010000083,0.010000083,0.010000083,0.010000083,0.010000083,0.010000083,0.010000083,0.010000083
Accelerated Transition,New South Wales,Large Light Commercial,ICE,0.993152953,0.987444201,0.977789975,0.965530241,0.950627937,0.927119163,0.894239034,0.852631792,0.779288894,0.710031319,0.644526538,0.582379666,0.523326692,0.467080364,0.413429672,0.362256994,0.313493817,0.267086864,0.222904109,0.180865278,0.1408857,0.102848853,0.066731549,0.032456041,0,0,0,0,0,0,0,0,0,0,0,0,0,0,0,0,0,0,0,0,0,0,0,0,0,0,0,0,0,0,0,0,0,0,0,0,0,0,0,0,0,0,0,0,0,0,0,0,0,0,0
Accelerated Transition,New South Wales,Large Light Commercial,PHEV,0.000140894,0.001505422,0.004186602,0.007939384,0.012675077,0.01693117,0.020782328,0.024136644,0.027254928,0.030181845,0.032943537,0.035564905,0.038056703,0.040432915,0.042701594,0.044864766,0.046924068,0.048879157,0.05073617,0.052498213,0.054168505,0.05575283,0.057251013,0.058666652,0.059999824,0.059999977,0.059999797,0.05999989,0.059999816,0.060000222,0.059999979,0.059999979,0.059999979,0.059999979,0.059999979,0.059999979,0.059999979,0.059999979,0.059999979,0.059999979,0.059999979,0.059999979,0.059999979,0.059999979,0.059999979,0.059999979,0.059999979,0.059999979,0.059999979,0.059999979,0.059999979,0.059999979,0.059999979,0.059999979,0.059999979,0.059999979,0.059999979,0.059999979,0.059999979,0.059999979,0.059999979,0.059999979,0.059999979,0.059999979,0.059999979,0.059999979,0.059999979,0.059999979,0.059999979,0.059999979,0.059999979,0.059999979,0.059999979,0.059999979,0.059999979
Accelerated Transition,New South Wales,Large Residential,BEV,0.009206278,0.015022921,0.02355307,0.033665042,0.045873071,0.065364111,0.091698414,0.124352573,0.178339196,0.231307333,0.283168855,0.334042944,0.383771946,0.432411678,0.480014929,0.526646419,0.572404188,0.617437634,0.661931566,0.70607388,0.750081646,0.794202734,0.838677994,0.884773643,0.930000155,0.929999877,0.930000057,0.930000197,0.930000149,0.929999954,0.929999831,0.929999831,0.929999831,0.929999831,0.929999831,0.929999831,0.929999831,0.929999831,0.929999831,0.929999831,0.929999831,0.929999831,0.929999831,0.929999831,0.929999831,0.929999831,0.929999831,0.929999831,0.929999831,0.929999831,0.929999831,0.929999831,0.929999831,0.929999831,0.929999831,0.929999831,0.929999831,0.929999831,0.929999831,0.929999831,0.929999831,0.929999831,0.929999831,0.929999831,0.929999831,0.929999831,0.929999831,0.929999831,0.929999831,0.929999831,0.929999831,0.929999831,0.929999831,0.929999831,0.929999831
Accelerated Transition,New South Wales,Large Residential,FCEV,1.36992E-05,1.39481E-05,1.37791E-05,1.32007E-05,1.26422E-05,1.17018E-05,1.11837E-05,1.068E-05,9.79825E-06,9.31935E-06,8.46041E-06,7.99883E-06,7.16524E-06,6.34637E-06,5.91263E-06,5.12157E-06,4.70887E-06,3.94663E-06,3.55577E-06,2.82116E-06,2.10021E-06,1.73898E-06,1.03789E-06,6.89924E-07,0,0,0,0,0,0,0,0,0,0,0,0,0,0,0,0,0,0,0,0,0,0,0,0,0,0,0,0,0,0,0,0,0,0,0,0,0,0,0,0,0,0,0,0,0,0,0,0,0,0,0
Accelerated Transition,New South Wales,Large Residential,Hybrid,0.081793103,0.097479287,0.112143476,0.11987994,0.125206251,0.125792089,0.12295408,0.117872968,0.110593284,0.103428432,0.096348717,0.089404826,0.082552951,0.075815649,0.06920331,0.062721279,0.056373551,0.050163785,0.044090843,0.038149095,0.032329889,0.026622014,0.02100927,0.015491909,0.00999988,0.010000163,0.009999895,0.009999876,0.009999884,0.010000007,0.010000117,0.010000117,0.010000117,0.010000117,0.010000117,0.010000117,0.010000117,0.010000117,0.010000117,0.010000117,0.010000117,0.010000117,0.010000117,0.010000117,0.010000117,0.010000117,0.010000117,0.010000117,0.010000117,0.010000117,0.010000117,0.010000117,0.010000117,0.010000117,0.010000117,0.010000117,0.010000117,0.010000117,0.010000117,0.010000117,0.010000117,0.010000117,0.010000117,0.010000117,0.010000117,0.010000117,0.010000117,0.010000117,0.010000117,0.010000117,0.010000117,0.010000117,0.010000117,0.010000117,0.010000117
Accelerated Transition,New South Wales,Large Residential,ICE,0.906182441,0.879066392,0.845982683,0.814876922,0.780662726,0.748077277,0.715822789,0.682980721,0.637294506,0.592505382,0.548753512,0.505833051,0.46397998,0.423099681,0.383119062,0.343962659,0.305519344,0.267625817,0.230087863,0.192715702,0.15529352,0.117575781,0.079334064,0.039226691,0,0,0,0,0,0,0,0,0,0,0,0,0,0,0,0,0,0,0,0,0,0,0,0,0,0,0,0,0,0,0,0,0,0,0,0,0,0,0,0,0,0,0,0,0,0,0,0,0,0,0
Accelerated Transition,New South Wales,Large Residential,PHEV,0.002804479,0.008417451,0.018306992,0.031564896,0.04824531,0.060754821,0.069513533,0.074783057,0.073763215,0.072749533,0.071720456,0.07071118,0.069687958,0.068666646,0.067656786,0.06666452,0.065698208,0.064768817,0.063886173,0.063058501,0.062292845,0.061597731,0.060977635,0.060507067,0.059999966,0.059999959,0.060000047,0.059999926,0.059999967,0.060000039,0.060000052,0.060000052,0.060000052,0.060000052,0.060000052,0.060000052,0.060000052,0.060000052,0.060000052,0.060000052,0.060000052,0.060000052,0.060000052,0.060000052,0.060000052,0.060000052,0.060000052,0.060000052,0.060000052,0.060000052,0.060000052,0.060000052,0.060000052,0.060000052,0.060000052,0.060000052,0.060000052,0.060000052,0.060000052,0.060000052,0.060000052,0.060000052,0.060000052,0.060000052,0.060000052,0.060000052,0.060000052,0.060000052,0.060000052,0.060000052,0.060000052,0.060000052,0.060000052,0.060000052,0.060000052
Accelerated Transition,New South Wales,Medium Light Commercial,BEV,0.007076784,0.011088969,0.016774362,0.023222816,0.030766641,0.049215759,0.07847026,0.11724811,0.18835621,0.256119524,0.320677923,0.382239921,0.440923393,0.496895946,0.55029034,0.601188554,0.649647448,0.69571309,0.739522231,0.781167474,0.820737989,0.858358769,0.894060478,0.927931849,0.960000247,0.960000363,0.959999882,0.959999768,0.960000341,0.960000222,0.959999238,0.959999238,0.959999238,0.959999238,0.959999238,0.959999238,0.959999238,0.959999238,0.959999238,0.959999238,0.959999238,0.959999238,0.959999238,0.959999238,0.959999238,0.959999238,0.959999238,0.959999238,0.959999238,0.959999238,0.959999238,0.959999238,0.959999238,0.959999238,0.959999238,0.959999238,0.959999238,0.959999238,0.959999238,0.959999238,0.959999238,0.959999238,0.959999238,0.959999238,0.959999238,0.959999238,0.959999238,0.959999238,0.959999238,0.959999238,0.959999238,0.959999238,0.959999238,0.959999238,0.959999238
Accelerated Transition,New South Wales,Medium Light Commercial,FCEV,1.04997E-05,1.02723E-05,1.00415E-05,9.81937E-06,9.61908E-06,9.41748E-06,9.2031E-06,8.99487E-06,8.79573E-06,4.29817E-06,4.20027E-06,4.10543E-06,4.01336E-06,3.92422E-06,3.83793E-06,3.75412E-06,3.67242E-06,3.59248E-06,3.51456E-06,0,0,0,0,0,0,0,0,0,0,0,0,0,0,0,0,0,0,0,0,0,0,0,0,0,0,0,0,0,0,0,0,0,0,0,0,0,0,0,0,0,0,0,0,0,0,0,0,0,0,0,0,0,0,0,0
Accelerated Transition,New South Wales,Medium Light Commercial,Hybrid,0.006383805,0.010143915,0.015915812,0.022412718,0.029511351,0.033140118,0.034157318,0.03332149,0.031501915,0.02973476,0.028028394,0.026389687,0.02481057,0.023298068,0.021845508,0.020448692,0.019100257,0.017804346,0.016557071,0.015356789,0.014198571,0.0130881,0.012019541,0.010991576,0.009999166,0.009999909,0.00999929,0.010000058,0.009999205,0.009999944,0.00999951,0.00999951,0.00999951,0.00999951,0.00999951,0.00999951,0.00999951,0.00999951,0.00999951,0.00999951,0.00999951,0.00999951,0.00999951,0.00999951,0.00999951,0.00999951,0.00999951,0.00999951,0.00999951,0.00999951,0.00999951,0.00999951,0.00999951,0.00999951,0.00999951,0.00999951,0.00999951,0.00999951,0.00999951,0.00999951,0.00999951,0.00999951,0.00999951,0.00999951,0.00999951,0.00999951,0.00999951,0.00999951,0.00999951,0.00999951,0.00999951,0.00999951,0.00999951,0.00999951,0.00999951
Accelerated Transition,New South Wales,Medium Light Commercial,ICE,0.984371227,0.972521546,0.953844146,0.931342946,0.904929781,0.874069435,0.837749289,0.796527081,0.72893752,0.664622169,0.603402218,0.54505296,0.489472966,0.436478723,0.385950099,0.337814501,0.292030848,0.248545942,0.207228738,0.16799282,0.130747982,0.09537027,0.061831353,0.030047846,0,0,0,0,0,0,0,0,0,0,0,0,0,0,0,0,0,0,0,0,0,0,0,0,0,0,0,0,0,0,0,0,0,0,0,0,0,0,0,0,0,0,0,0,0,0,0,0,0,0,0
Accelerated Transition,New South Wales,Medium Light Commercial,PHEV,0.002157684,0.006235298,0.013455639,0.0230117,0.034782609,0.04356527,0.04961393,0.052894324,0.05119556,0.049519249,0.047887265,0.046313326,0.044789058,0.04332334,0.041910215,0.040544498,0.039217775,0.037933029,0.036688445,0.035482917,0.034315457,0.033182861,0.032088629,0.031028729,0.030000587,0.029999728,0.030000829,0.030000174,0.030000454,0.029999833,0.030001252,0.030001252,0.030001252,0.030001252,0.030001252,0.030001252,0.030001252,0.030001252,0.030001252,0.030001252,0.030001252,0.030001252,0.030001252,0.030001252,0.030001252,0.030001252,0.030001252,0.030001252,0.030001252,0.030001252,0.030001252,0.030001252,0.030001252,0.030001252,0.030001252,0.030001252,0.030001252,0.030001252,0.030001252,0.030001252,0.030001252,0.030001252,0.030001252,0.030001252,0.030001252,0.030001252,0.030001252,0.030001252,0.030001252,0.030001252,0.030001252,0.030001252,0.030001252,0.030001252,0.030001252
Accelerated Transition,New South Wales,Medium Residential,BEV,0.03394789,0.04601272,0.059335922,0.07111779,0.083561168,0.103136574,0.129415054,0.16188464,0.215960937,0.269010616,0.320933492,0.371864832,0.421625288,0.470269672,0.517835819,0.564361365,0.609902485,0.654559556,0.698474499,0.741816434,0.78482003,0.827788816,0.871034993,0.916681704,0.959999984,0.960000259,0.960000385,0.959999761,0.960000126,0.96,0.959999706,0.959999706,0.959999706,0.959999706,0.959999706,0.959999706,0.959999706,0.959999706,0.959999706,0.959999706,0.959999706,0.959999706,0.959999706,0.959999706,0.959999706,0.959999706,0.959999706,0.959999706,0.959999706,0.959999706,0.959999706,0.959999706,0.959999706,0.959999706,0.959999706,0.959999706,0.959999706,0.959999706,0.959999706,0.959999706,0.959999706,0.959999706,0.959999706,0.959999706,0.959999706,0.959999706,0.959999706,0.959999706,0.959999706,0.959999706,0.959999706,0.959999706,0.959999706,0.959999706,0.959999706
Accelerated Transition,New South Wales,Medium Residential,FCEV,5.08833E-05,5.07452E-05,5.01305E-05,4.75459E-05,4.4555E-05,4.21472E-05,3.98017E-05,3.75173E-05,3.48206E-05,3.26339E-05,3.00108E-05,2.78951E-05,2.53539E-05,2.28562E-05,2.08482E-05,1.84391E-05,1.6078E-05,1.41956E-05,1.19273E-05,9.70642E-06,7.94921E-06,5.81215E-06,3.71178E-06,2.05526E-06,0,0,0,0,0,0,0,0,0,0,0,0,0,0,0,0,0,0,0,0,0,0,0,0,0,0,0,0,0,0,0,0,0,0,0,0,0,0,0,0,0,0,0,0,0,0,0,0,0,0,0
Accelerated Transition,New South Wales,Medium Residential,Hybrid,0.081983256,0.093808627,0.105039365,0.110149022,0.113517298,0.113180683,0.11017308,0.105427799,0.098993683,0.09266102,0.086402898,0.080264226,0.07420512,0.068245508,0.062393209,0.056651611,0.051023756,0.045511895,0.040118319,0.034841823,0.029679823,0.024626922,0.019672439,0.014830776,0.010000004,0.009999935,0.009999803,0.01000006,0.009999968,0.01,0.01000017,0.01000017,0.01000017,0.01000017,0.01000017,0.01000017,0.01000017,0.01000017,0.01000017,0.01000017,0.01000017,0.01000017,0.01000017,0.01000017,0.01000017,0.01000017,0.01000017,0.01000017,0.01000017,0.01000017,0.01000017,0.01000017,0.01000017,0.01000017,0.01000017,0.01000017,0.01000017,0.01000017,0.01000017,0.01000017,0.01000017,0.01000017,0.01000017,0.01000017,0.01000017,0.01000017,0.01000017,0.01000017,0.01000017,0.01000017,0.01000017,0.01000017,0.01000017,0.01000017,0.01000017
Accelerated Transition,New South Wales,Medium Residential,ICE,0.873676842,0.841156808,0.803784349,0.771427482,0.736908667,0.704221258,0.67224722,0.640231239,0.596794336,0.554219743,0.512660396,0.471894328,0.432179321,0.393422162,0.355568853,0.318576464,0.282381421,0.246875789,0.211911452,0.177317281,0.142857681,0.108233081,0.073143532,0.035391213,0,0,0,0,0,0,0,0,0,0,0,0,0,0,0,0,0,0,0,0,0,0,0,0,0,0,0,0,0,0,0,0,0,0,0,0,0,0,0,0,0,0,0,0,0,0,0,0,0,0,0
Accelerated Transition,New South Wales,Medium Residential,PHEV,0.010341129,0.0189711,0.031790234,0.047258161,0.065968312,0.079419338,0.088124845,0.092418805,0.088216223,0.084075987,0.079973203,0.075948719,0.071964917,0.068039802,0.064181271,0.060392121,0.05667626,0.053038564,0.049483804,0.046014755,0.042634517,0.039345369,0.036145324,0.033094251,0.030000012,0.029999806,0.029999811,0.030000179,0.029999905,0.03,0.030000124,0.030000124,0.030000124,0.030000124,0.030000124,0.030000124,0.030000124,0.030000124,0.030000124,0.030000124,0.030000124,0.030000124,0.030000124,0.030000124,0.030000124,0.030000124,0.030000124,0.030000124,0.030000124,0.030000124,0.030000124,0.030000124,0.030000124,0.030000124,0.030000124,0.030000124,0.030000124,0.030000124,0.030000124,0.030000124,0.030000124,0.030000124,0.030000124,0.030000124,0.030000124,0.030000124,0.030000124,0.030000124,0.030000124,0.030000124,0.030000124,0.030000124,0.030000124,0.030000124,0.030000124
Accelerated Transition,New South Wales,Motorcycle,BEV,0.00817063,0.014133428,0.02501478,0.039540444,0.058124322,0.083260591,0.114542685,0.151509409,0.209465323,0.266142967,0.321510643,0.375665787,0.42865891,0.480551379,0.531386459,0.581221184,0.630057834,0.677945903,0.724927772,0.770913153,0.814566426,0.857270852,0.899057934,0.939960925,0.979999126,0.979998558,0.979997812,0.980001601,0.980000979,0.980000646,0.980000823,0.980000823,0.980000823,0.980000823,0.980000823,0.980000823,0.980000823,0.980000823,0.980000823,0.980000823,0.980000823,0.980000823,0.980000823,0.980000823,0.980000823,0.980000823,0.980000823,0.980000823,0.980000823,0.980000823,0.980000823,0.980000823,0.980000823,0.980000823,0.980000823,0.980000823,0.980000823,0.980000823,0.980000823,0.980000823,0.980000823,0.980000823,0.980000823,0.980000823,0.980000823,0.980000823,0.980000823,0.980000823,0.980000823,0.980000823,0.980000823,0.980000823,0.980000823,0.980000823,0.980000823
Accelerated Transition,New South Wales,Motorcycle,FCEV,0,0,0,0,0,0,0,0,0,0,0,0,0,0,0,0,0,0,0,0,0,0,0,0,0,0,0,0,0,0,0,0,0,0,0,0,0,0,0,0,0,0,0,0,0,0,0,0,0,0,0,0,0,0,0,0,0,0,0,0,0,0,0,0,0,0,0,0,0,0,0,0,0,0,0
Accelerated Transition,New South Wales,Motorcycle,Hybrid,0,0,0,0,0,0,0,0,0,0,0,0,0,0,0,0,0,0,0,0,0,0,0,0,0,0,0,0,0,0,0,0,0,0,0,0,0,0,0,0,0,0,0,0,0,0,0,0,0,0,0,0,0,0,0,0,0,0,0,0,0,0,0,0,0,0,0,0,0,0,0,0,0,0,0
Accelerated Transition,New South Wales,Motorcycle,ICE,0.99182937,0.985866572,0.97498522,0.960459556,0.941875678,0.916739409,0.885457315,0.848490591,0.789836959,0.732474124,0.676439489,0.621632022,0.56800064,0.515480573,0.464033508,0.413599006,0.364171989,0.315707726,0.26816067,0.221621899,0.177437574,0.134216246,0.091923443,0.05052305,0.010000437,0.010000721,0.010001094,0.009999199,0.009999511,0.009999677,0.009999589,0.009999589,0.009999589,0.009999589,0.009999589,0.009999589,0.009999589,0.009999589,0.009999589,0.009999589,0.009999589,0.009999589,0.009999589,0.009999589,0.009999589,0.009999589,0.009999589,0.009999589,0.009999589,0.009999589,0.009999589,0.009999589,0.009999589,0.009999589,0.009999589,0.009999589,0.009999589,0.009999589,0.009999589,0.009999589,0.009999589,0.009999589,0.009999589,0.009999589,0.009999589,0.009999589,0.009999589,0.009999589,0.009999589,0.009999589,0.009999589,0.009999589,0.009999589,0.009999589,0.009999589
Accelerated Transition,New South Wales,Motorcycle,PHEV,0,0,0,0,0,0,0,0,0.000697718,0.001382909,0.002049868,0.00270219,0.00334045,0.003968048,0.004580033,0.00517981,0.005770177,0.006346371,0.006911558,0.007464948,0.007995999,0.008512902,0.009018623,0.009516025,0.010000437,0.010000721,0.010001094,0.009999199,0.009999511,0.009999677,0.009999589,0.009999589,0.009999589,0.009999589,0.009999589,0.009999589,0.009999589,0.009999589,0.009999589,0.009999589,0.009999589,0.009999589,0.009999589,0.009999589,0.009999589,0.009999589,0.009999589,0.009999589,0.009999589,0.009999589,0.009999589,0.009999589,0.009999589,0.009999589,0.009999589,0.009999589,0.009999589,0.009999589,0.009999589,0.009999589,0.009999589,0.009999589,0.009999589,0.009999589,0.009999589,0.009999589,0.009999589,0.009999589,0.009999589,0.009999589,0.009999589,0.009999589,0.009999589,0.009999589,0.009999589
Accelerated Transition,New South Wales,Rigid Truck,BEV,0.002909603,0.002027174,0.003595019,0.006200801,0.009988432,0.028955511,0.067814605,0.124600236,0.191699137,0.25422312,0.312687864,0.367323492,0.418316107,0.465944878,0.510357536,0.55184496,0.590384587,0.626070533,0.659109597,0.689643011,0.717838993,0.743871422,0.767845328,0.789862689,0.81000063,0.80999873,0.810000044,0.81,0.810000685,0.809999475,0.809999333,0.809999333,0.809999333,0.809999333,0.809999333,0.809999333,0.809999333,0.809999333,0.809999333,0.809999333,0.809999333,0.809999333,0.809999333,0.809999333,0.809999333,0.809999333,0.809999333,0.809999333,0.809999333,0.809999333,0.809999333,0.809999333,0.809999333,0.809999333,0.809999333,0.809999333,0.809999333,0.809999333,0.809999333,0.809999333,0.809999333,0.809999333,0.809999333,0.809999333,0.809999333,0.809999333,0.809999333,0.809999333,0.809999333,0.809999333,0.809999333,0.809999333,0.809999333,0.809999333,0.809999333
Accelerated Transition,New South Wales,Rigid Truck,FCEV,0,0,4.568E-06,1.32969E-05,2.15826E-05,0.001528173,0.004551889,0.008940528,0.017789747,0.02605074,0.033780564,0.041009639,0.047762871,0.054075465,0.059967508,0.065475625,0.070599254,0.075351077,0.07975757,0.083836348,0.087609318,0.091098752,0.094318489,0.097281917,0.0999993,0.100000907,0.10000044,0.1,0.100000623,0.100000807,0.099999216,0.099999216,0.099999216,0.099999216,0.099999216,0.099999216,0.099999216,0.099999216,0.099999216,0.099999216,0.099999216,0.099999216,0.099999216,0.099999216,0.099999216,0.099999216,0.099999216,0.099999216,0.099999216,0.099999216,0.099999216,0.099999216,0.099999216,0.099999216,0.099999216,0.099999216,0.099999216,0.099999216,0.099999216,0.099999216,0.099999216,0.099999216,0.099999216,0.099999216,0.099999216,0.099999216,0.099999216,0.099999216,0.099999216,0.099999216,0.099999216,0.099999216,0.099999216,0.099999216,0.099999216
Accelerated Transition,New South Wales,Rigid Truck,Hybrid,0,0,0,0,0,0,0,0,0.004813202,0.009321009,0.013538737,0.017490273,0.021185714,0.024643181,0.027874003,0.030893925,0.033710438,0.03632746,0.038758649,0.041013426,0.043100658,0.045037384,0.04682842,0.048481015,0.050000817,0.050000453,0.05000022,0.05,0.049999273,0.049999395,0.050000588,0.050000588,0.050000588,0.050000588,0.050000588,0.050000588,0.050000588,0.050000588,0.050000588,0.050000588,0.050000588,0.050000588,0.050000588,0.050000588,0.050000588,0.050000588,0.050000588,0.050000588,0.050000588,0.050000588,0.050000588,0.050000588,0.050000588,0.050000588,0.050000588,0.050000588,0.050000588,0.050000588,0.050000588,0.050000588,0.050000588,0.050000588,0.050000588,0.050000588,0.050000588,0.050000588,0.050000588,0.050000588,0.050000588,0.050000588,0.050000588,0.050000588,0.050000588,0.050000588,0.050000588
Accelerated Transition,New South Wales,Rigid Truck,ICE,0.997090397,0.997972826,0.996395845,0.993772605,0.989955453,0.968869782,0.925766377,0.862835762,0.778539231,0.699944888,0.626446932,0.557741502,0.493601235,0.433679557,0.377792457,0.325575621,0.277048181,0.232097235,0.190459409,0.151962367,0.116400988,0.083547834,0.053276403,0.025458726,0,0,0,0,0,0,0,0,0,0,0,0,0,0,0,0,0,0,0,0,0,0,0,0,0,0,0,0,0,0,0,0,0,0,0,0,0,0,0,0,0,0,0,0,0,0,0,0,0,0,0
Accelerated Transition,New South Wales,Rigid Truck,PHEV,0,0,4.568E-06,1.32969E-05,3.45322E-05,0.000646535,0.001867129,0.003623474,0.007158683,0.010460243,0.013545902,0.016435094,0.019134073,0.021656919,0.024008496,0.026209869,0.028257541,0.030153695,0.031914775,0.033544848,0.035050043,0.036444608,0.03773136,0.038915653,0.039999253,0.039999909,0.039999295,0.04,0.039999418,0.040000323,0.040000863,0.040000863,0.040000863,0.040000863,0.040000863,0.040000863,0.040000863,0.040000863,0.040000863,0.040000863,0.040000863,0.040000863,0.040000863,0.040000863,0.040000863,0.040000863,0.040000863,0.040000863,0.040000863,0.040000863,0.040000863,0.040000863,0.040000863,0.040000863,0.040000863,0.040000863,0.040000863,0.040000863,0.040000863,0.040000863,0.040000863,0.040000863,0.040000863,0.040000863,0.040000863,0.040000863,0.040000863,0.040000863,0.040000863,0.040000863,0.040000863,0.040000863,0.040000863,0.040000863,0.040000863
Accelerated Transition,New South Wales,Small Light Commercial,BEV,0.021599449,0.03041229,0.040976447,0.051144112,0.062197234,0.083126141,0.113902895,0.153262227,0.223173776,0.289766093,0.353183252,0.413633231,0.471262678,0.526200429,0.578607659,0.628556369,0.676078282,0.72125,0.764189095,0.804997848,0.84374294,0.880581266,0.915524126,0.948652291,0.980005653,0.979997048,0.979997109,0.980005839,0.980006064,0.979997455,0.979996677,0.979996677,0.979996677,0.979996677,0.979996677,0.979996677,0.979996677,0.979996677,0.979996677,0.979996677,0.979996677,0.979996677,0.979996677,0.979996677,0.979996677,0.979996677,0.979996677,0.979996677,0.979996677,0.979996677,0.979996677,0.979996677,0.979996677,0.979996677,0.979996677,0.979996677,0.979996677,0.979996677,0.979996677,0.979996677,0.979996677,0.979996677,0.979996677,0.979996677,0.979996677,0.979996677,0.979996677,0.979996677,0.979996677,0.979996677,0.979996677,0.979996677,0.979996677,0.979996677,0.979996677
Accelerated Transition,New South Wales,Small Light Commercial,FCEV,3.20467E-05,3.13529E-05,3.06481E-05,2.99702E-05,2.93591E-05,2.87435E-05,2.80895E-05,2.7454E-05,2.68464E-05,1.31187E-05,1.28202E-05,1.25305E-05,1.22495E-05,1.19773E-05,1.17141E-05,1.14583E-05,1.12088E-05,1.09649E-05,1.0727E-05,0,0,0,0,0,0,0,0,0,0,0,0,0,0,0,0,0,0,0,0,0,0,0,0,0,0,0,0,0,0,0,0,0,0,0,0,0,0,0,0,0,0,0,0,0,0,0,0,0,0,0,0,0,0,0,0
Accelerated Transition,New South Wales,Small Light Commercial,Hybrid,0,0,0,0,0,0,0,0,0.000832237,0.001639839,0.002397374,0.003132636,0.003821843,0.004491502,0.005119074,0.00571769,0.006299319,0.006842105,0.007369426,0.007860959,0.008338639,0.008783302,0.009205893,0.009616866,0.009997173,0.010001476,0.010001446,0.00999708,0.009996968,0.010001272,0.010001661,0.010001661,0.010001661,0.010001661,0.010001661,0.010001661,0.010001661,0.010001661,0.010001661,0.010001661,0.010001661,0.010001661,0.010001661,0.010001661,0.010001661,0.010001661,0.010001661,0.010001661,0.010001661,0.010001661,0.010001661,0.010001661,0.010001661,0.010001661,0.010001661,0.010001661,0.010001661,0.010001661,0.010001661,0.010001661,0.010001661,0.010001661,0.010001661,0.010001661,0.010001661,0.010001661,0.010001661,0.010001661,0.010001661,0.010001661,0.010001661,0.010001661,0.010001661,0.010001661,0.010001661
Accelerated Transition,New South Wales,Small Light Commercial,ICE,0.971782916,0.955714062,0.933447753,0.908635907,0.879921318,0.846366106,0.807615062,0.764938434,0.699871137,0.637989164,0.579113356,0.523012343,0.469572248,0.418643926,0.370096173,0.323857321,0.279893741,0.238157895,0.198513242,0.160892518,0.125192549,0.09129006,0.059169503,0.028744705,0,0,0,0,0,0,0,0,0,0,0,0,0,0,0,0,0,0,0,0,0,0,0,0,0,0,0,0,0,0,0,0,0,0,0,0,0,0,0,0,0,0,0,0,0,0,0,0,0,0,0
Accelerated Transition,New South Wales,Small Light Commercial,PHEV,0.006585589,0.013842295,0.025545152,0.040190011,0.057852089,0.07047901,0.078453954,0.081771884,0.076096003,0.070591785,0.065293198,0.06020926,0.055330981,0.050652166,0.04616538,0.041857161,0.03771745,0.033739035,0.02991751,0.026248675,0.022725872,0.019345373,0.016100478,0.012986138,0.009997173,0.010001476,0.010001446,0.00999708,0.009996968,0.010001272,0.010001661,0.010001661,0.010001661,0.010001661,0.010001661,0.010001661,0.010001661,0.010001661,0.010001661,0.010001661,0.010001661,0.010001661,0.010001661,0.010001661,0.010001661,0.010001661,0.010001661,0.010001661,0.010001661,0.010001661,0.010001661,0.010001661,0.010001661,0.010001661,0.010001661,0.010001661,0.010001661,0.010001661,0.010001661,0.010001661,0.010001661,0.010001661,0.010001661,0.010001661,0.010001661,0.010001661,0.010001661,0.010001661,0.010001661,0.010001661,0.010001661,0.010001661,0.010001661,0.010001661,0.010001661
Accelerated Transition,New South Wales,Small Residential,BEV,0.077932437,0.097810044,0.113327081,0.119199756,0.120732793,0.132013234,0.152346197,0.181055629,0.235863456,0.289628417,0.342242243,0.393850544,0.444261636,0.493530971,0.54169522,0.5887816,0.634827062,0.679904808,0.724108484,0.767538853,0.810344629,0.852727946,0.894902701,0.938332655,0.979999312,0.979999246,0.979999125,0.980000343,0.979999266,0.980000266,0.979999754,0.979999754,0.979999754,0.979999754,0.979999754,0.979999754,0.979999754,0.979999754,0.979999754,0.979999754,0.979999754,0.979999754,0.979999754,0.979999754,0.979999754,0.979999754,0.979999754,0.979999754,0.979999754,0.979999754,0.979999754,0.979999754,0.979999754,0.979999754,0.979999754,0.979999754,0.979999754,0.979999754,0.979999754,0.979999754,0.979999754,0.979999754,0.979999754,0.979999754,0.979999754,0.979999754,0.979999754,0.979999754,0.979999754,0.979999754,0.979999754,0.979999754,0.979999754,0.979999754,0.979999754
Accelerated Transition,New South Wales,Small Residential,FCEV,0.00011681,0.000116493,0.000115082,0.000108012,0.000102283,9.56432E-05,9.02701E-05,8.50364E-05,7.99361E-05,7.38458E-05,6.88942E-05,6.29874E-05,5.71638E-05,5.24683E-05,4.68388E-05,4.13167E-05,3.69003E-05,3.1586E-05,2.73584E-05,2.22513E-05,1.72487E-05,1.32955E-05,8.47635E-06,4.68014E-06,0,0,0,0,0,0,0,0,0,0,0,0,0,0,0,0,0,0,0,0,0,0,0,0,0,0,0,0,0,0,0,0,0,0,0,0,0,0,0,0,0,0,0,0,0,0,0,0,0,0,0
Accelerated Transition,New South Wales,Small Residential,Hybrid,0,0,0,0,0,0,0,0,0.000683778,0.001354909,0.002012772,0.002658067,0.003289518,0.003908372,0.00451282,0.005104128,0.00568264,0.006249087,0.006804416,0.007349697,0.007886496,0.008416984,0.008943489,0.009481956,0.010000344,0.010000377,0.010000438,0.009999828,0.010000367,0.009999867,0.010000123,0.010000123,0.010000123,0.010000123,0.010000123,0.010000123,0.010000123,0.010000123,0.010000123,0.010000123,0.010000123,0.010000123,0.010000123,0.010000123,0.010000123,0.010000123,0.010000123,0.010000123,0.010000123,0.010000123,0.010000123,0.010000123,0.010000123,0.010000123,0.010000123,0.010000123,0.010000123,0.010000123,0.010000123,0.010000123,0.010000123,0.010000123,0.010000123,0.010000123,0.010000123,0.010000123,0.010000123,0.010000123,0.010000123,0.010000123,0.010000123,0.010000123,0.010000123,0.010000123,0.010000123
Accelerated Transition,New South Wales,Small Residential,ICE,0.898211153,0.86523481,0.833389915,0.810493535,0.78966204,0.76501126,0.736665621,0.704925789,0.656440962,0.608901089,0.562443096,0.516875365,0.472430928,0.429032032,0.386637287,0.345215421,0.30472433,0.265090198,0.226216543,0.188003073,0.150301469,0.112910854,0.075622211,0.036944994,0,0,0,0,0,0,0,0,0,0,0,0,0,0,0,0,0,0,0,0,0,0,0,0,0,0,0,0,0,0,0,0,0,0,0,0,0,0,0,0,0,0,0,0,0,0,0,0,0,0,0
Accelerated Transition,New South Wales,Small Residential,PHEV,0.023739601,0.036838653,0.053167922,0.070198697,0.089502884,0.102879862,0.110897912,0.113933545,0.106931867,0.100041739,0.093232995,0.086553037,0.079960754,0.073476157,0.067107834,0.060857534,0.054729067,0.048724322,0.042843198,0.037086126,0.031450157,0.025930921,0.020523123,0.015235715,0.010000344,0.010000377,0.010000438,0.009999828,0.010000367,0.009999867,0.010000123,0.010000123,0.010000123,0.010000123,0.010000123,0.010000123,0.010000123,0.010000123,0.010000123,0.010000123,0.010000123,0.010000123,0.010000123,0.010000123,0.010000123,0.010000123,0.010000123,0.010000123,0.010000123,0.010000123,0.010000123,0.010000123,0.010000123,0.010000123,0.010000123,0.010000123,0.010000123,0.010000123,0.010000123,0.010000123,0.010000123,0.010000123,0.010000123,0.010000123,0.010000123,0.010000123,0.010000123,0.010000123,0.010000123,0.010000123,0.010000123,0.010000123,0.010000123,0.010000123,0.010000123
Accelerated Transition,QLD,Articulated Truck,BEV,0,0.065229111,0.131038548,0.18946631,0.241563441,0.286365695,0.324990497,0.35546632,0.381421034,0.404853062,0.426707853,0.446883643,0.465503644,0.482680427,0.498498364,0.512829419,0.525822189,0.537468174,0.547928177,0.557273944,0.565593509,0.572972585,0.579484145,0.585154312,0.589996564,0.589999365,0.590000617,0.589997754,0.589991131,0.590002824,0.590001372,0.590001372,0.590001372,0.590001372,0.590001372,0.590001372,0.590001372,0.590001372,0.590001372,0.590001372,0.590001372,0.590001372,0.590001372,0.590001372,0.590001372,0.590001372,0.590001372,0.590001372,0.590001372,0.590001372,0.590001372,0.590001372,0.590001372,0.590001372,0.590001372,0.590001372,0.590001372,0.590001372,0.590001372,0.590001372,0.590001372,0.590001372,0.590001372,0.590001372,0.590001372,0.590001372,0.590001372,0.590001372,0.590001372,0.590001372,0.590001372,0.590001372,0.590001372,0.590001372,0.590001372
Accelerated Transition,QLD,Articulated Truck,FCEV,0,0,0,0,0,0.002687604,0.008186895,0.016260393,0.034445994,0.051355847,0.067165322,0.081884631,0.095614769,0.108429553,0.120377426,0.13148526,0.141769703,0.151278134,0.160063141,0.168189639,0.175663159,0.182552649,0.188885795,0.19469146,0.200003272,0.199996823,0.200003084,0.2,0.200002908,0.2,0.2,0.2,0.2,0.2,0.2,0.2,0.2,0.2,0.2,0.2,0.2,0.2,0.2,0.2,0.2,0.2,0.2,0.2,0.2,0.2,0.2,0.2,0.2,0.2,0.2,0.2,0.2,0.2,0.2,0.2,0.2,0.2,0.2,0.2,0.2,0.2,0.2,0.2,0.2,0.2,0.2,0.2,0.2,0.2,0.2
Accelerated Transition,QLD,Articulated Truck,Hybrid,0,0,0,0,0,0,0,0,0,0,0,0,0,0,0,0,0,0,0,0,0,0,0,0,0,0,0,0,0,0,0,0,0,0,0,0,0,0,0,0,0,0,0,0,0,0,0,0,0,0,0,0,0,0,0,0,0,0,0,0,0,0,0,0,0,0,0,0,0,0,0,0,0,0,0
Accelerated Transition,QLD,Articulated Truck,ICE,1,0.934770889,0.868961452,0.81053369,0.758405514,0.710765514,0.666354785,0.62739664,0.582355997,0.541177092,0.502706015,0.467083169,0.434054248,0.403429206,0.375072841,0.349086094,0.325300698,0.303676545,0.283997632,0.266105907,0.249944428,0.235336362,0.222179679,0.210417967,0.200003272,0.199758562,0.199525014,0.199311223,0.199130549,0.198955097,0.198806748,0.198806748,0.198806748,0.198806748,0.198806748,0.198806748,0.198806748,0.198806748,0.198806748,0.198806748,0.198806748,0.198806748,0.198806748,0.198806748,0.198806748,0.198806748,0.198806748,0.198806748,0.198806748,0.198806748,0.198806748,0.198806748,0.198806748,0.198806748,0.198806748,0.198806748,0.198806748,0.198806748,0.198806748,0.198806748,0.198806748,0.198806748,0.198806748,0.198806748,0.198806748,0.198806748,0.198806748,0.198806748,0.198806748,0.198806748,0.198806748,0.198806748,0.198806748,0.198806748,0.198806748
Accelerated Transition,QLD,Articulated Truck,PHEV,0,0,0,0,3.10453E-05,0.000181187,0.000467823,0.000876647,0.001776976,0.002613999,0.003420811,0.004148558,0.004827339,0.005460814,0.006051369,0.006599227,0.00710741,0.007577146,0.00801105,0.00843051,0.008798903,0.009138405,0.009450381,0.00973626,0.009996891,0.010245251,0.010471285,0.010691023,0.010875413,0.011042079,0.01119188,0.01119188,0.01119188,0.01119188,0.01119188,0.01119188,0.01119188,0.01119188,0.01119188,0.01119188,0.01119188,0.01119188,0.01119188,0.01119188,0.01119188,0.01119188,0.01119188,0.01119188,0.01119188,0.01119188,0.01119188,0.01119188,0.01119188,0.01119188,0.01119188,0.01119188,0.01119188,0.01119188,0.01119188,0.01119188,0.01119188,0.01119188,0.01119188,0.01119188,0.01119188,0.01119188,0.01119188,0.01119188,0.01119188,0.01119188,0.01119188,0.01119188,0.01119188,0.01119188,0.01119188
Accelerated Transition,QLD,Bus,BEV,0.010914675,0.011794578,0.02516765,0.041769629,0.062173109,0.1062033,0.152013591,0.199516185,0.247984026,0.292362452,0.33552435,0.377532975,0.4184178,0.458286986,0.497166135,0.535100913,0.572119537,0.608293515,0.643601416,0.678164367,0.711974963,0.744984367,0.777359098,0.809020257,0.839991179,0.837686567,0.835420503,0.833207067,0.831074004,0.8289742,0.826955075,0.826955075,0.826955075,0.826955075,0.826955075,0.826955075,0.826955075,0.826955075,0.826955075,0.826955075,0.826955075,0.826955075,0.826955075,0.826955075,0.826955075,0.826955075,0.826955075,0.826955075,0.826955075,0.826955075,0.826955075,0.826955075,0.826955075,0.826955075,0.826955075,0.826955075,0.826955075,0.826955075,0.826955075,0.826955075,0.826955075,0.826955075,0.826955075,0.826955075,0.826955075,0.826955075,0.826955075,0.826955075,0.826955075,0.826955075,0.826955075,0.826955075,0.826955075,0.826955075,0.826955075
Accelerated Transition,QLD,Bus,FCEV,0,0.001228602,0.002706633,0.004543643,0.006803256,0.009339975,0.012162632,0.015205621,0.021503725,0.027377031,0.033089334,0.038685432,0.044099469,0.049409738,0.054551895,0.059568365,0.064501641,0.069283276,0.073984151,0.078550956,0.083017625,0.08741532,0.091690821,0.095903937,0.099993699,0.099720149,0.099447514,0.099184824,0.098931681,0.098678961,0.098432437,0.098432437,0.098432437,0.098432437,0.098432437,0.098432437,0.098432437,0.098432437,0.098432437,0.098432437,0.098432437,0.098432437,0.098432437,0.098432437,0.098432437,0.098432437,0.098432437,0.098432437,0.098432437,0.098432437,0.098432437,0.098432437,0.098432437,0.098432437,0.098432437,0.098432437,0.098432437,0.098432437,0.098432437,0.098432437,0.098432437,0.098432437,0.098432437,0.098432437,0.098432437,0.098432437,0.098432437,0.098432437,0.098432437,0.098432437,0.098432437,0.098432437,0.098432437,0.098432437,0.098432437
Accelerated Transition,QLD,Bus,Hybrid,0,0,0,0,0,0,0,0,0.001420782,0.002839941,0.00418285,0.005489647,0.006798517,0.008037605,0.009245484,0.010458568,0.011608222,0.012730375,0.013859383,0.014930347,0.015977598,0.017033611,0.018035427,0.019015161,0.020005041,0.020895522,0.021792511,0.02263705,0.023461113,0.024292934,0.025075167,0.025075167,0.025075167,0.025075167,0.025075167,0.025075167,0.025075167,0.025075167,0.025075167,0.025075167,0.025075167,0.025075167,0.025075167,0.025075167,0.025075167,0.025075167,0.025075167,0.025075167,0.025075167,0.025075167,0.025075167,0.025075167,0.025075167,0.025075167,0.025075167,0.025075167,0.025075167,0.025075167,0.025075167,0.025075167,0.025075167,0.025075167,0.025075167,0.025075167,0.025075167,0.025075167,0.025075167,0.025075167,0.025075167,0.025075167,0.025075167,0.025075167,0.025075167,0.025075167,0.025075167
Accelerated Transition,QLD,Bus,ICE,0.989085325,0.98697682,0.972125717,0.953686728,0.931023634,0.884067559,0.834665431,0.783051108,0.724137931,0.669847401,0.617045115,0.565654705,0.515632953,0.466862822,0.419305703,0.372905663,0.327621351,0.28337884,0.240161861,0.197927081,0.156613408,0.116173788,0.076618357,0.037902918,0,0,0,0,0,0,0,0,0,0,0,0,0,0,0,0,0,0,0,0,0,0,0,0,0,0,0,0,0,0,0,0,0,0,0,0,0,0,0,0,0,0,0,0,0,0,0,0,0,0,0
Accelerated Transition,QLD,Bus,PHEV,0,0,0,0,0,0.000389166,0.001158346,0.002227086,0.004953537,0.007573176,0.010158351,0.012637241,0.015051262,0.017402849,0.019730783,0.021966491,0.024149249,0.026313993,0.028393188,0.030427248,0.032416406,0.034392913,0.036296296,0.038157727,0.040010081,0.041697761,0.043339472,0.04497106,0.046533202,0.048053905,0.049537321,0.049537321,0.049537321,0.049537321,0.049537321,0.049537321,0.049537321,0.049537321,0.049537321,0.049537321,0.049537321,0.049537321,0.049537321,0.049537321,0.049537321,0.049537321,0.049537321,0.049537321,0.049537321,0.049537321,0.049537321,0.049537321,0.049537321,0.049537321,0.049537321,0.049537321,0.049537321,0.049537321,0.049537321,0.049537321,0.049537321,0.049537321,0.049537321,0.049537321,0.049537321,0.049537321,0.049537321,0.049537321,0.049537321,0.049537321,0.049537321,0.049537321,0.049537321,0.049537321,0.049537321
Accelerated Transition,QLD,Large Light Commercial,BEV,0.000267155,0.003596991,0.010185905,0.019496436,0.031282846,0.051219914,0.079354431,0.114565746,0.180702624,0.243961785,0.309864582,0.3729737,0.433468573,0.491539603,0.54735809,0.600983215,0.65230211,0.700950461,0.747508165,0.792038065,0.834622121,0.875351784,0.914249235,0.951382874,0.98677015,0.987612921,0.988401743,0.989141008,0.989832855,0.990480129,0.991085908,0.991085908,0.991085908,0.991085908,0.991085908,0.991085908,0.991085908,0.991085908,0.991085908,0.991085908,0.991085908,0.991085908,0.991085908,0.991085908,0.991085908,0.991085908,0.991085908,0.991085908,0.991085908,0.991085908,0.991085908,0.991085908,0.991085908,0.991085908,0.991085908,0.991085908,0.991085908,0.991085908,0.991085908,0.991085908,0.991085908,0.991085908,0.991085908,0.991085908,0.991085908,0.991085908,0.991085908,0.991085908,0.991085908,0.991085908,0.991085908,0.991085908,0.991085908,0.991085908,0.991085908
Accelerated Transition,QLD,Large Light Commercial,FCEV,0,0,1.05281E-06,1.02987E-06,1.0087E-06,9.87505E-07,9.65265E-07,9.43775E-07,9.2431E-07,9.04873E-07,8.85836E-07,8.67562E-07,8.5003E-07,0,0,0,0,0,0,0,0,0,0,0,0,0,0,0,0,0,0,0,0,0,0,0,0,0,0,0,0,0,0,0,0,0,0,0,0,0,0,0,0,0,0,0,0,0,0,0,0,0,0,0,0,0,0,0,0,0,0,0,0,0,0
Accelerated Transition,QLD,Large Light Commercial,Hybrid,0.003672,0.006085394,0.009753201,0.014040194,0.018886919,0.021483173,0.022372911,0.022031475,0.021115864,0.020219377,0.018903742,0.017680052,0.016543285,0.015486772,0.014505213,0.013589763,0.01273156,0.011920284,0.011161848,0.010453403,0.009790427,0.009170995,0.008591867,0.008049207,0.007541062,0.007060602,0.006611026,0.006189638,0.005795223,0.005426247,0.005081038,0.005081038,0.005081038,0.005081038,0.005081038,0.005081038,0.005081038,0.005081038,0.005081038,0.005081038,0.005081038,0.005081038,0.005081038,0.005081038,0.005081038,0.005081038,0.005081038,0.005081038,0.005081038,0.005081038,0.005081038,0.005081038,0.005081038,0.005081038,0.005081038,0.005081038,0.005081038,0.005081038,0.005081038,0.005081038,0.005081038,0.005081038,0.005081038,0.005081038,0.005081038,0.005081038,0.005081038,0.005081038,0.005081038,0.005081038,0.005081038,0.005081038,0.005081038,0.005081038,0.005081038
Accelerated Transition,QLD,Large Light Commercial,ICE,0.995964098,0.990021634,0.979413418,0.965344934,0.948128557,0.924438085,0.893684754,0.856584952,0.787051894,0.720564496,0.6569706,0.596007478,0.537507151,0.481290637,0.427194455,0.375174772,0.325361821,0.278136611,0.232909459,0.189622514,0.14820155,0.108558501,0.070677744,0.034496012,0,0,0,0,0,0,0,0,0,0,0,0,0,0,0,0,0,0,0,0,0,0,0,0,0,0,0,0,0,0,0,0,0,0,0,0,0,0,0,0,0,0,0,0,0,0,0,0,0,0,0
Accelerated Transition,QLD,Large Light Commercial,PHEV,9.67473E-05,0.000295982,0.000646423,0.001117407,0.00170067,0.00285784,0.004586939,0.006816884,0.011128694,0.015253437,0.01426019,0.013337902,0.012480141,0.011682989,0.010942242,0.01025225,0.00960451,0.008992644,0.008420527,0.007886018,0.007385901,0.00691872,0.006481154,0.006071908,0.005688788,0.005326477,0.004987231,0.004669354,0.004371922,0.004093624,0.003833053,0.003833053,0.003833053,0.003833053,0.003833053,0.003833053,0.003833053,0.003833053,0.003833053,0.003833053,0.003833053,0.003833053,0.003833053,0.003833053,0.003833053,0.003833053,0.003833053,0.003833053,0.003833053,0.003833053,0.003833053,0.003833053,0.003833053,0.003833053,0.003833053,0.003833053,0.003833053,0.003833053,0.003833053,0.003833053,0.003833053,0.003833053,0.003833053,0.003833053,0.003833053,0.003833053,0.003833053,0.003833053,0.003833053,0.003833053,0.003833053,0.003833053,0.003833053,0.003833053,0.003833053
Accelerated Transition,QLD,Large Residential,BEV,0.007708012,0.018546893,0.037630994,0.06336444,0.095845615,0.128724137,0.162250205,0.196350118,0.245982725,0.294644684,0.345306821,0.394754386,0.442852665,0.489665744,0.535291614,0.579787812,0.623263046,0.665866196,0.707773041,0.74915566,0.790217218,0.831153161,0.872157799,0.914316071,0.955559592,0.95797919,0.960224708,0.962345997,0.964361492,0.96627016,0.968074832,0.968074832,0.968074832,0.968074832,0.968074832,0.968074832,0.968074832,0.968074832,0.968074832,0.968074832,0.968074832,0.968074832,0.968074832,0.968074832,0.968074832,0.968074832,0.968074832,0.968074832,0.968074832,0.968074832,0.968074832,0.968074832,0.968074832,0.968074832,0.968074832,0.968074832,0.968074832,0.968074832,0.968074832,0.968074832,0.968074832,0.968074832,0.968074832,0.968074832,0.968074832,0.968074832,0.968074832,0.968074832,0.968074832,0.968074832,0.968074832,0.968074832,0.968074832,0.968074832,0.968074832
Accelerated Transition,QLD,Large Residential,FCEV,0,6.39217E-07,6.31371E-07,6.23666E-07,6.16414E-07,6.0979E-07,6.03479E-07,5.97499E-07,5.91864E-07,5.86248E-07,5.8043E-07,5.74698E-07,5.68831E-07,5.62929E-07,5.57089E-07,5.51339E-07,0,0,0,0,0,0,0,0,0,0,0,0,0,0,0,0,0,0,0,0,0,0,0,0,0,0,0,0,0,0,0,0,0,0,0,0,0,0,0,0,0,0,0,0,0,0,0,0,0,0,0,0,0,0,0,0,0,0,0
Accelerated Transition,QLD,Large Residential,Hybrid,0.069584496,0.082219976,0.092846942,0.097159639,0.098339627,0.097251678,0.09452234,0.090727831,0.085262119,0.079886831,0.075534779,0.071423481,0.06751286,0.063805785,0.0603027,0.056994642,0.053877102,0.050946217,0.048198356,0.045625427,0.043221472,0.040979011,0.038888854,0.036978422,0.035146035,0.03323251,0.031456561,0.029778718,0.028184777,0.02667532,0.025248164,0.025248164,0.025248164,0.025248164,0.025248164,0.025248164,0.025248164,0.025248164,0.025248164,0.025248164,0.025248164,0.025248164,0.025248164,0.025248164,0.025248164,0.025248164,0.025248164,0.025248164,0.025248164,0.025248164,0.025248164,0.025248164,0.025248164,0.025248164,0.025248164,0.025248164,0.025248164,0.025248164,0.025248164,0.025248164,0.025248164,0.025248164,0.025248164,0.025248164,0.025248164,0.025248164,0.025248164,0.025248164,0.025248164,0.025248164,0.025248164,0.025248164,0.025248164,0.025248164,0.025248164
Accelerated Transition,QLD,Large Residential,ICE,0.919909581,0.894933755,0.863535402,0.831854726,0.796447729,0.762829667,0.730115059,0.697808314,0.650605062,0.604341869,0.559182337,0.51493353,0.471780003,0.429654102,0.388457887,0.348144497,0.308612216,0.269714506,0.231282306,0.193153267,0.155131168,0.117030632,0.078669288,0.03892656,0,0,0,0,0,0,0,0,0,0,0,0,0,0,0,0,0,0,0,0,0,0,0,0,0,0,0,0,0,0,0,0,0,0,0,0,0,0,0,0,0,0,0,0,0,0,0,0,0,0,0
Accelerated Transition,QLD,Large Residential,PHEV,0.00279791,0.004298737,0.005986032,0.007620572,0.009366413,0.011193907,0.013111792,0.015113139,0.018149502,0.02112603,0.019975483,0.018888028,0.017853903,0.016873806,0.015947241,0.015072498,0.014247637,0.013473081,0.012746297,0.012065646,0.011430141,0.010837195,0.010284059,0.009778947,0.009294373,0.0087883,0.008318732,0.007875285,0.007453731,0.00705452,0.006677003,0.006677003,0.006677003,0.006677003,0.006677003,0.006677003,0.006677003,0.006677003,0.006677003,0.006677003,0.006677003,0.006677003,0.006677003,0.006677003,0.006677003,0.006677003,0.006677003,0.006677003,0.006677003,0.006677003,0.006677003,0.006677003,0.006677003,0.006677003,0.006677003,0.006677003,0.006677003,0.006677003,0.006677003,0.006677003,0.006677003,0.006677003,0.006677003,0.006677003,0.006677003,0.006677003,0.006677003,0.006677003,0.006677003,0.006677003,0.006677003,0.006677003,0.006677003,0.006677003,0.006677003
Accelerated Transition,QLD,Medium Light Commercial,BEV,0.004090114,0.01147733,0.024953551,0.043205356,0.065910034,0.093585438,0.126530135,0.163642961,0.227761027,0.289378722,0.351374179,0.41090432,0.468069928,0.522980629,0.575759481,0.626431508,0.6748551,0.720659946,0.764434153,0.806252358,0.84619956,0.884361274,0.920768683,0.955485301,0.98853889,0.98926662,0.989947039,0.990585624,0.991180952,0.991743917,0.992266605,0.992266605,0.992266605,0.992266605,0.992266605,0.992266605,0.992266605,0.992266605,0.992266605,0.992266605,0.992266605,0.992266605,0.992266605,0.992266605,0.992266605,0.992266605,0.992266605,0.992266605,0.992266605,0.992266605,0.992266605,0.992266605,0.992266605,0.992266605,0.992266605,0.992266605,0.992266605,0.992266605,0.992266605,0.992266605,0.992266605,0.992266605,0.992266605,0.992266605,0.992266605,0.992266605,0.992266605,0.992266605,0.992266605,0.992266605,0.992266605,0.992266605,0.992266605,0.992266605,0.992266605
Accelerated Transition,QLD,Medium Light Commercial,FCEV,0,0,0,0,0,0,0,0,0,0,0,0,0,0,0,0,0,0,0,0,0,0,0,0,0,0,0,0,0,0,0,0,0,0,0,0,0,0,0,0,0,0,0,0,0,0,0,0,0,0,0,0,0,0,0,0,0,0,0,0,0,0,0,0,0,0,0,0,0,0,0,0,0,0,0
Accelerated Transition,QLD,Medium Light Commercial,Hybrid,0.003750185,0.006421072,0.010374066,0.01467342,0.019033927,0.021322258,0.022052451,0.021670422,0.020828742,0.019998895,0.018743931,0.017565166,0.016464181,0.015430004,0.014468699,0.01356306,0.012714825,0.011907544,0.011154149,0.01044854,0.00978516,0.009169704,0.008588878,0.008048354,0.007539202,0.007060541,0.006610987,0.006192466,0.005800405,0.005430807,0.005085815,0.005085815,0.005085815,0.005085815,0.005085815,0.005085815,0.005085815,0.005085815,0.005085815,0.005085815,0.005085815,0.005085815,0.005085815,0.005085815,0.005085815,0.005085815,0.005085815,0.005085815,0.005085815,0.005085815,0.005085815,0.005085815,0.005085815,0.005085815,0.005085815,0.005085815,0.005085815,0.005085815,0.005085815,0.005085815,0.005085815,0.005085815,0.005085815,0.005085815,0.005085815,0.005085815,0.005085815,0.005085815,0.005085815,0.005085815,0.005085815,0.005085815,0.005085815,0.005085815,0.005085815
Accelerated Transition,QLD,Medium Light Commercial,ICE,0.990673882,0.979898552,0.961756486,0.938614045,0.911001205,0.880318145,0.845744836,0.807969215,0.74281052,0.680215592,0.62013053,0.562391132,0.506901037,0.453558422,0.402244073,0.352948196,0.305814165,0.261237101,0.218607344,0.177861441,0.138924604,0.101699017,0.066171763,0.032278097,0,0,0,0,0,0,0,0,0,0,0,0,0,0,0,0,0,0,0,0,0,0,0,0,0,0,0,0,0,0,0,0,0,0,0,0,0,0,0,0,0,0,0,0,0,0,0,0,0,0,0
Accelerated Transition,QLD,Medium Light Commercial,PHEV,0.001485819,0.002203046,0.002915897,0.003507179,0.004054834,0.004774159,0.005672578,0.006717401,0.00859971,0.01040679,0.009751361,0.009139382,0.008564854,0.008030945,0.007527747,0.007057236,0.00661591,0.006195409,0.005804354,0.005437661,0.005090675,0.004770006,0.004470676,0.004188249,0.003921908,0.003672839,0.003441974,0.00322191,0.003018643,0.002825276,0.002647579,0.002647579,0.002647579,0.002647579,0.002647579,0.002647579,0.002647579,0.002647579,0.002647579,0.002647579,0.002647579,0.002647579,0.002647579,0.002647579,0.002647579,0.002647579,0.002647579,0.002647579,0.002647579,0.002647579,0.002647579,0.002647579,0.002647579,0.002647579,0.002647579,0.002647579,0.002647579,0.002647579,0.002647579,0.002647579,0.002647579,0.002647579,0.002647579,0.002647579,0.002647579,0.002647579,0.002647579,0.002647579,0.002647579,0.002647579,0.002647579,0.002647579,0.002647579,0.002647579,0.002647579
Accelerated Transition,QLD,Medium Residential,BEV,0.028423301,0.044946605,0.069544355,0.099338239,0.135568171,0.171137778,0.206398498,0.24133993,0.290334019,0.338362307,0.386359138,0.433208725,0.478755923,0.523063927,0.566216928,0.608246127,0.649223885,0.689265808,0.728524749,0.767175328,0.805457875,0.843620857,0.881914645,0.922146994,0.960250815,0.9624126,0.964428247,0.966330899,0.968127705,0.96982436,0.971428122,0.971428122,0.971428122,0.971428122,0.971428122,0.971428122,0.971428122,0.971428122,0.971428122,0.971428122,0.971428122,0.971428122,0.971428122,0.971428122,0.971428122,0.971428122,0.971428122,0.971428122,0.971428122,0.971428122,0.971428122,0.971428122,0.971428122,0.971428122,0.971428122,0.971428122,0.971428122,0.971428122,0.971428122,0.971428122,0.971428122,0.971428122,0.971428122,0.971428122,0.971428122,0.971428122,0.971428122,0.971428122,0.971428122,0.971428122,0.971428122,0.971428122,0.971428122,0.971428122,0.971428122
Accelerated Transition,QLD,Medium Residential,FCEV,0,7.67439E-07,7.58018E-07,7.48768E-07,7.40062E-07,7.32109E-07,7.24533E-07,7.17353E-07,7.10588E-07,7.03845E-07,6.96858E-07,6.89971E-07,6.82914E-07,6.75797E-07,0,0,0,0,0,0,0,0,0,0,0,0,0,0,0,0,0,0,0,0,0,0,0,0,0,0,0,0,0,0,0,0,0,0,0,0,0,0,0,0,0,0,0,0,0,0,0,0,0,0,0,0,0,0,0,0,0,0,0,0,0
Accelerated Transition,QLD,Medium Residential,Hybrid,0.069746,0.078989436,0.086558068,0.088468381,0.087846784,0.085871982,0.082923549,0.079361527,0.074669257,0.070054414,0.066237774,0.062632129,0.059201783,0.055948531,0.052871228,0.049961787,0.04721514,0.044626488,0.042193113,0.039911439,0.037777824,0.035789309,0.033940054,0.032277079,0.030641827,0.02897523,0.027421764,0.025954858,0.024569572,0.023261697,0.022025416,0.022025416,0.022025416,0.022025416,0.022025416,0.022025416,0.022025416,0.022025416,0.022025416,0.022025416,0.022025416,0.022025416,0.022025416,0.022025416,0.022025416,0.022025416,0.022025416,0.022025416,0.022025416,0.022025416,0.022025416,0.022025416,0.022025416,0.022025416,0.022025416,0.022025416,0.022025416,0.022025416,0.022025416,0.022025416,0.022025416,0.022025416,0.022025416,0.022025416,0.022025416,0.022025416,0.022025416,0.022025416,0.022025416,0.022025416,0.022025416,0.022025416,0.022025416,0.022025416,0.022025416
Accelerated Transition,QLD,Medium Residential,ICE,0.891513046,0.862078916,0.827155993,0.7942589,0.75835881,0.724424691,0.691727063,0.65991924,0.614887805,0.570761427,0.527715448,0.485543035,0.444445659,0.404358213,0.365197527,0.326942839,0.289528307,0.252844118,0.216741743,0.181051329,0.145536393,0.109952826,0.074057965,0.035982393,0,0,0,0,0,0,0,0,0,0,0,0,0,0,0,0,0,0,0,0,0,0,0,0,0,0,0,0,0,0,0,0,0,0,0,0,0,0,0,0,0,0,0,0,0,0,0,0,0,0,0
Accelerated Transition,QLD,Medium Residential,PHEV,0.010317653,0.013984275,0.016740826,0.017933731,0.018225495,0.018564818,0.018950166,0.019378585,0.020108208,0.020821148,0.019686943,0.018615421,0.017595953,0.016628653,0.015714316,0.014849248,0.014032668,0.013263586,0.012540396,0.011861905,0.011227908,0.010637008,0.010087335,0.009593534,0.009107358,0.00861217,0.008149989,0.007714243,0.007302723,0.006913942,0.006546461,0.006546461,0.006546461,0.006546461,0.006546461,0.006546461,0.006546461,0.006546461,0.006546461,0.006546461,0.006546461,0.006546461,0.006546461,0.006546461,0.006546461,0.006546461,0.006546461,0.006546461,0.006546461,0.006546461,0.006546461,0.006546461,0.006546461,0.006546461,0.006546461,0.006546461,0.006546461,0.006546461,0.006546461,0.006546461,0.006546461,0.006546461,0.006546461,0.006546461,0.006546461,0.006546461,0.006546461,0.006546461,0.006546461,0.006546461,0.006546461,0.006546461,0.006546461,0.006546461,0.006546461
Accelerated Transition,QLD,Motorcycle,BEV,0.005297493,0.014162621,0.030708962,0.053530783,0.082759495,0.114188402,0.147795084,0.183407426,0.240091808,0.295788257,0.350912859,0.404984925,0.458057728,0.509369426,0.558365853,0.606155423,0.652800221,0.698348746,0.742845948,0.786338803,0.828868062,0.870466585,0.911165957,0.951003834,0.989992681,0.989995648,0.989995451,0.989995199,0.98999507,0.98999506,0.989995312,0.989995312,0.989995312,0.989995312,0.989995312,0.989995312,0.989995312,0.989995312,0.989995312,0.989995312,0.989995312,0.989995312,0.989995312,0.989995312,0.989995312,0.989995312,0.989995312,0.989995312,0.989995312,0.989995312,0.989995312,0.989995312,0.989995312,0.989995312,0.989995312,0.989995312,0.989995312,0.989995312,0.989995312,0.989995312,0.989995312,0.989995312,0.989995312,0.989995312,0.989995312,0.989995312,0.989995312,0.989995312,0.989995312,0.989995312,0.989995312,0.989995312,0.989995312,0.989995312,0.989995312
Accelerated Transition,QLD,Motorcycle,FCEV,0,0,0,0,0,0,0,0,0,0,0,0,0,0,0,0,0,0,0,0,0,0,0,0,0,0,0,0,0,0,0,0,0,0,0,0,0,0,0,0,0,0,0,0,0,0,0,0,0,0,0,0,0,0,0,0,0,0,0,0,0,0,0,0,0,0,0,0,0,0,0,0,0,0,0
Accelerated Transition,QLD,Motorcycle,Hybrid,0,0,0,0,0,0,0,0,0,0,0,0,0,0,0,0,0,0,0,0,0,0,0,0,0,0,0,0,0,0,0,0,0,0,0,0,0,0,0,0,0,0,0,0,0,0,0,0,0,0,0,0,0,0,0,0,0,0,0,0,0,0,0,0,0,0,0,0,0,0,0,0,0,0,0
Accelerated Transition,QLD,Motorcycle,ICE,0.994702507,0.985837379,0.969291038,0.946469217,0.917240505,0.885811598,0.852204916,0.816592574,0.759908192,0.704211743,0.649087141,0.595015075,0.541942272,0.490630574,0.441634147,0.393844577,0.347199779,0.301651254,0.257154052,0.213661197,0.171131938,0.129533415,0.088834043,0.048996166,0.010007319,0.010004352,0.010004549,0.010004801,0.01000493,0.01000494,0.010004688,0.010004688,0.010004688,0.010004688,0.010004688,0.010004688,0.010004688,0.010004688,0.010004688,0.010004688,0.010004688,0.010004688,0.010004688,0.010004688,0.010004688,0.010004688,0.010004688,0.010004688,0.010004688,0.010004688,0.010004688,0.010004688,0.010004688,0.010004688,0.010004688,0.010004688,0.010004688,0.010004688,0.010004688,0.010004688,0.010004688,0.010004688,0.010004688,0.010004688,0.010004688,0.010004688,0.010004688,0.010004688,0.010004688,0.010004688,0.010004688,0.010004688,0.010004688,0.010004688,0.010004688
Accelerated Transition,QLD,Motorcycle,PHEV,0,0,0,0,0,0,0,0,0,0,0,0,0,0,0,0,0,0,0,0,0,0,0,0,0,0,0,0,0,0,0,0,0,0,0,0,0,0,0,0,0,0,0,0,0,0,0,0,0,0,0,0,0,0,0,0,0,0,0,0,0,0,0,0,0,0,0,0,0,0,0,0,0,0,0
Accelerated Transition,QLD,Rigid Truck,BEV,0.002899511,0.001861886,0.003314851,0.005625265,0.009259627,0.026553115,0.061526771,0.112217885,0.178138,0.240009823,0.298286816,0.353087989,0.404591648,0.452997147,0.498440536,0.54114581,0.581039053,0.618181391,0.652750708,0.684855683,0.714660241,0.742140673,0.766681935,0.789278455,0.810000288,0.80803642,0.806249137,0.804625274,0.803158008,0.801829352,0.8006306,0.8006306,0.8006306,0.8006306,0.8006306,0.8006306,0.8006306,0.8006306,0.8006306,0.8006306,0.8006306,0.8006306,0.8006306,0.8006306,0.8006306,0.8006306,0.8006306,0.8006306,0.8006306,0.8006306,0.8006306,0.8006306,0.8006306,0.8006306,0.8006306,0.8006306,0.8006306,0.8006306,0.8006306,0.8006306,0.8006306,0.8006306,0.8006306,0.8006306,0.8006306,0.8006306,0.8006306,0.8006306,0.8006306,0.8006306,0.8006306,0.8006306,0.8006306,0.8006306,0.8006306
Accelerated Transition,QLD,Rigid Truck,FCEV,0,0,5.99431E-06,1.16345E-05,2.26674E-05,0.001362405,0.004061473,0.007962544,0.016594134,0.024710216,0.03236385,0.039566526,0.046335789,0.052707008,0.058692947,0.064317648,0.069581752,0.074490208,0.079060968,0.083315759,0.087267366,0.0909218,0.094199874,0.097220621,0.09999968,0.099757965,0.0995363,0.099335088,0.099154891,0.098990872,0.098842661,0.098842661,0.098842661,0.098842661,0.098842661,0.098842661,0.098842661,0.098842661,0.098842661,0.098842661,0.098842661,0.098842661,0.098842661,0.098842661,0.098842661,0.098842661,0.098842661,0.098842661,0.098842661,0.098842661,0.098842661,0.098842661,0.098842661,0.098842661,0.098842661,0.098842661,0.098842661,0.098842661,0.098842661,0.098842661,0.098842661,0.098842661,0.098842661,0.098842661,0.098842661,0.098842661,0.098842661,0.098842661,0.098842661,0.098842661,0.098842661,0.098842661,0.098842661,0.098842661,0.098842661
Accelerated Transition,QLD,Rigid Truck,Hybrid,0,0,0,0,0,0,0,0,0.004645144,0.009032417,0.013165118,0.017062456,0.02072644,0.024179658,0.027422709,0.030478684,0.033336556,0.036005624,0.038500777,0.040821688,0.042986352,0.044987331,0.046794578,0.048462068,0.050001439,0.051289044,0.052463556,0.053533583,0.054500189,0.05537882,0.056172254,0.056172254,0.056172254,0.056172254,0.056172254,0.056172254,0.056172254,0.056172254,0.056172254,0.056172254,0.056172254,0.056172254,0.056172254,0.056172254,0.056172254,0.056172254,0.056172254,0.056172254,0.056172254,0.056172254,0.056172254,0.056172254,0.056172254,0.056172254,0.056172254,0.056172254,0.056172254,0.056172254,0.056172254,0.056172254,0.056172254,0.056172254,0.056172254,0.056172254,0.056172254,0.056172254,0.056172254,0.056172254,0.056172254,0.056172254,0.056172254,0.056172254,0.056172254,0.056172254,0.056172254
Accelerated Transition,QLD,Rigid Truck,ICE,0.997100489,0.998138114,0.99667316,0.994351466,0.990689372,0.97150532,0.932747568,0.876590952,0.793945643,0.71632613,0.643205262,0.574426728,0.509783853,0.44900884,0.391945325,0.338310911,0.288193018,0.241512596,0.198050218,0.157670208,0.120169744,0.085577982,0.054642306,0.026149949,0,0,0,0,0,0,0,0,0,0,0,0,0,0,0,0,0,0,0,0,0,0,0,0,0,0,0,0,0,0,0,0,0,0,0,0,0,0,0,0,0,0,0,0,0,0,0,0,0,0,0
Accelerated Transition,QLD,Rigid Truck,PHEV,0,0,5.99431E-06,1.16345E-05,2.83342E-05,0.00057916,0.001664187,0.003228619,0.006677079,0.009921415,0.012978954,0.015856301,0.018562269,0.021107347,0.023498483,0.025746947,0.027849621,0.029810181,0.03163733,0.033336663,0.034916297,0.036372215,0.037681307,0.038888907,0.039998592,0.040916571,0.041751008,0.042506055,0.043186912,0.043800956,0.044354485,0.044354485,0.044354485,0.044354485,0.044354485,0.044354485,0.044354485,0.044354485,0.044354485,0.044354485,0.044354485,0.044354485,0.044354485,0.044354485,0.044354485,0.044354485,0.044354485,0.044354485,0.044354485,0.044354485,0.044354485,0.044354485,0.044354485,0.044354485,0.044354485,0.044354485,0.044354485,0.044354485,0.044354485,0.044354485,0.044354485,0.044354485,0.044354485,0.044354485,0.044354485,0.044354485,0.044354485,0.044354485,0.044354485,0.044354485,0.044354485,0.044354485,0.044354485,0.044354485,0.044354485
Accelerated Transition,QLD,Small Light Commercial,BEV,0.012483684,0.02497745,0.046073029,0.073435655,0.106978972,0.142560386,0.180757628,0.220429872,0.282076255,0.341348792,0.399508518,0.455357022,0.508999787,0.560538058,0.6100844,0.657651881,0.703098585,0.746021565,0.787046927,0.826227142,0.863650375,0.899391917,0.933485659,0.966001056,0.99692376,0.997118185,0.997306199,0.99747807,0.997634524,0.997785787,0.9979226,0.9979226,0.9979226,0.9979226,0.9979226,0.9979226,0.9979226,0.9979226,0.9979226,0.9979226,0.9979226,0.9979226,0.9979226,0.9979226,0.9979226,0.9979226,0.9979226,0.9979226,0.9979226,0.9979226,0.9979226,0.9979226,0.9979226,0.9979226,0.9979226,0.9979226,0.9979226,0.9979226,0.9979226,0.9979226,0.9979226,0.9979226,0.9979226,0.9979226,0.9979226,0.9979226,0.9979226,0.9979226,0.9979226,0.9979226,0.9979226,0.9979226,0.9979226,0.9979226,0.9979226
Accelerated Transition,QLD,Small Light Commercial,FCEV,0,0,0,0,0,0,0,0,0,0,0,0,0,0,0,0,0,0,0,0,0,0,0,0,0,0,0,0,0,0,0,0,0,0,0,0,0,0,0,0,0,0,0,0,0,0,0,0,0,0,0,0,0,0,0,0,0,0,0,0,0,0,0,0,0,0,0,0,0,0,0,0,0,0,0
Accelerated Transition,QLD,Small Light Commercial,Hybrid,0,0,0,0,0,0,0,0,0,0,0,0,0,0,0,0,0,0,0,0,0,0,0,0,0,0,0,0,0,0,0,0,0,0,0,0,0,0,0,0,0,0,0,0,0,0,0,0,0,0,0,0,0,0,0,0,0,0,0,0,0,0,0,0,0,0,0,0,0,0,0,0,0,0,0
Accelerated Transition,QLD,Small Light Commercial,ICE,0.982981358,0.968806888,0.946505165,0.918756395,0.885295799,0.849752089,0.811544235,0.771832423,0.709960182,0.650490355,0.59284314,0.537476801,0.48428693,0.43317329,0.384011475,0.336816033,0.291718598,0.249125652,0.20840751,0.169512635,0.132365197,0.096867756,0.063010117,0.030722976,0,0,0,0,0,0,0,0,0,0,0,0,0,0,0,0,0,0,0,0,0,0,0,0,0,0,0,0,0,0,0,0,0,0,0,0,0,0,0,0,0,0,0,0,0,0,0,0,0,0,0
Accelerated Transition,QLD,Small Light Commercial,PHEV,0.004534958,0.006215662,0.007421806,0.00780795,0.007725229,0.007687526,0.007698138,0.007737705,0.007963562,0.008160853,0.007648342,0.007166177,0.006713283,0.006288652,0.005904125,0.005532086,0.005182818,0.004852783,0.004545562,0.004260223,0.003984428,0.003740327,0.003504224,0.003275968,0.00307624,0.002881815,0.002693801,0.00252193,0.002365476,0.002214213,0.0020774,0.0020774,0.0020774,0.0020774,0.0020774,0.0020774,0.0020774,0.0020774,0.0020774,0.0020774,0.0020774,0.0020774,0.0020774,0.0020774,0.0020774,0.0020774,0.0020774,0.0020774,0.0020774,0.0020774,0.0020774,0.0020774,0.0020774,0.0020774,0.0020774,0.0020774,0.0020774,0.0020774,0.0020774,0.0020774,0.0020774,0.0020774,0.0020774,0.0020774,0.0020774,0.0020774,0.0020774,0.0020774,0.0020774,0.0020774,0.0020774,0.0020774,0.0020774,0.0020774,0.0020774
Accelerated Transition,QLD,Small Residential,BEV,0.065250019,0.090243301,0.121460752,0.153957619,0.191057871,0.226905501,0.261894941,0.296056413,0.343502099,0.390004411,0.436278995,0.481556747,0.525652482,0.568622858,0.610545366,0.65142766,0.69131454,0.730271609,0.768390434,0.805759429,0.842513748,0.878799477,0.914769704,0.951524126,0.986864693,0.9875777,0.988247965,0.988879967,0.98947826,0.990042826,0.990576305,0.990576305,0.990576305,0.990576305,0.990576305,0.990576305,0.990576305,0.990576305,0.990576305,0.990576305,0.990576305,0.990576305,0.990576305,0.990576305,0.990576305,0.990576305,0.990576305,0.990576305,0.990576305,0.990576305,0.990576305,0.990576305,0.990576305,0.990576305,0.990576305,0.990576305,0.990576305,0.990576305,0.990576305,0.990576305,0.990576305,0.990576305,0.990576305,0.990576305,0.990576305,0.990576305,0.990576305,0.990576305,0.990576305,0.990576305,0.990576305,0.990576305,0.990576305,0.990576305,0.990576305
Accelerated Transition,QLD,Small Residential,FCEV,0,0,0,0,0,0,0,0,0,0,0,0,0,0,0,0,0,0,0,0,0,0,0,0,0,0,0,0,0,0,0,0,0,0,0,0,0,0,0,0,0,0,0,0,0,0,0,0,0,0,0,0,0,0,0,0,0,0,0,0,0,0,0,0,0,0,0,0,0,0,0,0,0,0,0
Accelerated Transition,QLD,Small Residential,Hybrid,0,0,0,0,0,0,0,0,0.000688394,0.001363725,0.001289394,0.001219624,0.001152269,0.001089042,0.001030007,0.000973543,0.000919637,0.000868293,0.000820982,0.000776176,0.000733876,0.00069406,0.000656695,0.00062235,0.000589396,0.000557437,0.000527598,0.00049967,0.000472284,0.000446737,0.000422959,0.000422959,0.000422959,0.000422959,0.000422959,0.000422959,0.000422959,0.000422959,0.000422959,0.000422959,0.000422959,0.000422959,0.000422959,0.000422959,0.000422959,0.000422959,0.000422959,0.000422959,0.000422959,0.000422959,0.000422959,0.000422959,0.000422959,0.000422959,0.000422959,0.000422959,0.000422959,0.000422959,0.000422959,0.000422959,0.000422959,0.000422959,0.000422959,0.000422959,0.000422959,0.000422959,0.000422959,0.000422959,0.000422959,0.000422959,0.000422959,0.000422959,0.000422959,0.000422959,0.000422959
Accelerated Transition,QLD,Small Residential,ICE,0.911064235,0.87835838,0.842079619,0.808590769,0.773028523,0.738598759,0.704927631,0.671992412,0.625332574,0.579605845,0.534986402,0.491272559,0.448666817,0.407107941,0.366519713,0.326900762,0.288210014,0.250380622,0.213324329,0.176957915,0.141144904,0.105742701,0.070600423,0.034607161,0,0,0,0,0,0,0,0,0,0,0,0,0,0,0,0,0,0,0,0,0,0,0,0,0,0,0,0,0,0,0,0,0,0,0,0,0,0,0,0,0,0,0,0,0,0,0,0,0,0,0
Accelerated Transition,QLD,Small Residential,PHEV,0.023685746,0.031398319,0.036459629,0.037451613,0.035913606,0.03449574,0.033177429,0.031951176,0.030476933,0.029026019,0.027445209,0.025951069,0.024528432,0.023180159,0.021904914,0.020698035,0.019555809,0.018479476,0.017464255,0.01650648,0.015607473,0.014763763,0.013973177,0.013246364,0.012545912,0.011864863,0.011224437,0.010620363,0.010049456,0.009510438,0.009000735,0.009000735,0.009000735,0.009000735,0.009000735,0.009000735,0.009000735,0.009000735,0.009000735,0.009000735,0.009000735,0.009000735,0.009000735,0.009000735,0.009000735,0.009000735,0.009000735,0.009000735,0.009000735,0.009000735,0.009000735,0.009000735,0.009000735,0.009000735,0.009000735,0.009000735,0.009000735,0.009000735,0.009000735,0.009000735,0.009000735,0.009000735,0.009000735,0.009000735,0.009000735,0.009000735,0.009000735,0.009000735,0.009000735,0.009000735,0.009000735,0.009000735,0.009000735,0.009000735,0.009000735
Accelerated Transition,SA,Articulated Truck,BEV,0,0,0,0.00016243,0.001028318,0.009308408,0.025344763,0.048241496,0.101120448,0.150559512,0.196703008,0.23991602,0.28029836,0.318056883,0.35331943,0.386049646,0.416507867,0.444714203,0.470859131,0.494989582,0.517269579,0.537858642,0.556762137,0.574156169,0.589993613,0.590012815,0.590022476,0.589970387,0.590011351,0.590005512,0.589992505,0.589992505,0.589992505,0.589992505,0.589992505,0.589992505,0.589992505,0.589992505,0.589992505,0.589992505,0.589992505,0.589992505,0.589992505,0.589992505,0.589992505,0.589992505,0.589992505,0.589992505,0.589992505,0.589992505,0.589992505,0.589992505,0.589992505,0.589992505,0.589992505,0.589992505,0.589992505,0.589992505,0.589992505,0.589992505,0.589992505,0.589992505,0.589992505,0.589992505,0.589992505,0.589992505,0.589992505,0.589992505,0.589992505,0.589992505,0.589992505,0.589992505,0.589992505,0.589992505,0.589992505
Accelerated Transition,SA,Articulated Truck,FCEV,0,0,0,0,0,0.002615586,0.007901603,0.015599047,0.033543417,0.050389963,0.066071194,0.080799084,0.094562939,0.107373327,0.119395203,0.130573964,0.140904884,0.150525149,0.15939211,0.167625757,0.175245334,0.182225332,0.188679245,0.194574902,0.2,0.199991732,0.199991973,0.200007793,0.2,0.2,0.200007138,0.200007138,0.200007138,0.200007138,0.200007138,0.200007138,0.200007138,0.200007138,0.200007138,0.200007138,0.200007138,0.200007138,0.200007138,0.200007138,0.200007138,0.200007138,0.200007138,0.200007138,0.200007138,0.200007138,0.200007138,0.200007138,0.200007138,0.200007138,0.200007138,0.200007138,0.200007138,0.200007138,0.200007138,0.200007138,0.200007138,0.200007138,0.200007138,0.200007138,0.200007138,0.200007138,0.200007138,0.200007138,0.200007138,0.200007138,0.200007138,0.200007138,0.200007138,0.200007138,0.200007138
Accelerated Transition,SA,Articulated Truck,Hybrid,0,0,0,0,0,0,0,0,0,0,0,0,0,0,0,0,0,0,0,0,0,0,0,0,0,0,0,0,0,0,0,0,0,0,0,0,0,0,0,0,0,0,0,0,0,0,0,0,0,0,0,0,0,0,0,0,0,0,0,0,0,0,0,0,0,0,0,0,0,0,0,0,0,0,0
Accelerated Transition,SA,Articulated Truck,ICE,1,1,1,0.99983757,0.998971682,0.987922148,0.966306373,0.935365061,0.863655462,0.7965412,0.733876264,0.675213131,0.62039206,0.569192161,0.521318503,0.476861732,0.435509337,0.397213279,0.361766361,0.329000893,0.298730037,0.270818754,0.245102032,0.221524821,0.2,0.199991732,0.199991973,0.200007793,0.2,0.2,0.200007138,0.200007138,0.200007138,0.200007138,0.200007138,0.200007138,0.200007138,0.200007138,0.200007138,0.200007138,0.200007138,0.200007138,0.200007138,0.200007138,0.200007138,0.200007138,0.200007138,0.200007138,0.200007138,0.200007138,0.200007138,0.200007138,0.200007138,0.200007138,0.200007138,0.200007138,0.200007138,0.200007138,0.200007138,0.200007138,0.200007138,0.200007138,0.200007138,0.200007138,0.200007138,0.200007138,0.200007138,0.200007138,0.200007138,0.200007138,0.200007138,0.200007138,0.200007138,0.200007138,0.200007138
Accelerated Transition,SA,Articulated Truck,PHEV,0,0,0,0,0,0.000153858,0.000447261,0.000794396,0.001680672,0.002509325,0.003349534,0.004071765,0.00474664,0.005377629,0.005966864,0.006514658,0.007077911,0.007547369,0.007982398,0.008383768,0.008755051,0.009097271,0.009456586,0.009744107,0.010006387,0.01000372,0.009993578,0.010014027,0.009988649,0.009994488,0.009993219,0.009993219,0.009993219,0.009993219,0.009993219,0.009993219,0.009993219,0.009993219,0.009993219,0.009993219,0.009993219,0.009993219,0.009993219,0.009993219,0.009993219,0.009993219,0.009993219,0.009993219,0.009993219,0.009993219,0.009993219,0.009993219,0.009993219,0.009993219,0.009993219,0.009993219,0.009993219,0.009993219,0.009993219,0.009993219,0.009993219,0.009993219,0.009993219,0.009993219,0.009993219,0.009993219,0.009993219,0.009993219,0.009993219,0.009993219,0.009993219,0.009993219,0.009993219,0.009993219,0.009993219
Accelerated Transition,SA,Bus,BEV,0.010182435,0.005299861,0.009624639,0.014909189,0.021381799,0.040835205,0.069593709,0.106188925,0.160120057,0.211565767,0.261234882,0.309431119,0.356425827,0.402152642,0.446751992,0.49028258,0.532736693,0.574336901,0.614827586,0.654510339,0.693206064,0.731179214,0.768141399,0.804472913,0.840081624,0.840029762,0.839978958,0.840033326,0.839983503,0.839951005,0.83998787,0.83998787,0.83998787,0.83998787,0.83998787,0.83998787,0.83998787,0.83998787,0.83998787,0.83998787,0.83998787,0.83998787,0.83998787,0.83998787,0.83998787,0.83998787,0.83998787,0.83998787,0.83998787,0.83998787,0.83998787,0.83998787,0.83998787,0.83998787,0.83998787,0.83998787,0.83998787,0.83998787,0.83998787,0.83998787,0.83998787,0.83998787,0.83998787,0.83998787,0.83998787,0.83998787,0.83998787,0.83998787,0.83998787,0.83998787,0.83998787,0.83998787,0.83998787,0.83998787,0.83998787
Accelerated Transition,SA,Bus,FCEV,0,0.00013947,0.000412485,0.000813229,0.001202726,0.002510903,0.004456094,0.007166124,0.013832703,0.020394992,0.026607257,0.032776592,0.038666501,0.044520548,0.050229413,0.055681412,0.061116345,0.066309912,0.071494253,0.076459895,0.081414935,0.086164779,0.090899111,0.095537944,0.09998926,0.100021259,0.100052604,0.099979171,0.10001031,0.100030622,0.099969676,0.099969676,0.099969676,0.099969676,0.099969676,0.099969676,0.099969676,0.099969676,0.099969676,0.099969676,0.099969676,0.099969676,0.099969676,0.099969676,0.099969676,0.099969676,0.099969676,0.099969676,0.099969676,0.099969676,0.099969676,0.099969676,0.099969676,0.099969676,0.099969676,0.099969676,0.099969676,0.099969676,0.099969676,0.099969676,0.099969676,0.099969676,0.099969676,0.099969676,0.099969676,0.099969676,0.099969676,0.099969676,0.099969676,0.099969676,0.099969676,0.099969676,0.099969676,0.099969676,0.099969676
Accelerated Transition,SA,Bus,Hybrid,0,0,0,0,0,0,0,0,0.001435469,0.002839809,0.004201146,0.005525556,0.00681621,0.008072407,0.009297271,0.010492429,0.011658031,0.01279665,0.013908046,0.014882981,0.015946098,0.016988674,0.018004172,0.018999023,0.019976372,0.019982993,0.019989479,0.019995834,0.020002062,0.020006124,0.020014151,0.020014151,0.020014151,0.020014151,0.020014151,0.020014151,0.020014151,0.020014151,0.020014151,0.020014151,0.020014151,0.020014151,0.020014151,0.020014151,0.020014151,0.020014151,0.020014151,0.020014151,0.020014151,0.020014151,0.020014151,0.020014151,0.020014151,0.020014151,0.020014151,0.020014151,0.020014151,0.020014151,0.020014151,0.020014151,0.020014151,0.020014151,0.020014151,0.020014151,0.020014151,0.020014151,0.020014151,0.020014151,0.020014151,0.020014151,0.020014151,0.020014151,0.020014151,0.020014151,0.020014151
Accelerated Transition,SA,Bus,ICE,0.989817565,0.994560669,0.989962876,0.984277582,0.977415475,0.956257434,0.924770642,0.884560261,0.819783375,0.757712663,0.697899427,0.639708653,0.583095799,0.527886497,0.474040087,0.421604865,0.370348563,0.32026524,0.27137931,0.223699159,0.176979225,0.131245836,0.086617631,0.042774943,0,0,0,0,0,0,0,0,0,0,0,0,0,0,0,0,0,0,0,0,0,0,0,0,0,0,0,0,0,0,0,0,0,0,0,0,0,0,0,0,0,0,0,0,0,0,0,0,0,0,0
Accelerated Transition,SA,Bus,PHEV,0,0,0,0,0,0.000396458,0.001179554,0.002084691,0.004828396,0.007486769,0.010057288,0.012558081,0.014995662,0.017367906,0.019681236,0.021938715,0.024140367,0.026291298,0.028390805,0.030447626,0.032453678,0.034421497,0.036337688,0.038215178,0.039952744,0.039965986,0.039978958,0.039991668,0.040004124,0.040012249,0.040028303,0.040028303,0.040028303,0.040028303,0.040028303,0.040028303,0.040028303,0.040028303,0.040028303,0.040028303,0.040028303,0.040028303,0.040028303,0.040028303,0.040028303,0.040028303,0.040028303,0.040028303,0.040028303,0.040028303,0.040028303,0.040028303,0.040028303,0.040028303,0.040028303,0.040028303,0.040028303,0.040028303,0.040028303,0.040028303,0.040028303,0.040028303,0.040028303,0.040028303,0.040028303,0.040028303,0.040028303,0.040028303,0.040028303,0.040028303,0.040028303,0.040028303,0.040028303,0.040028303,0.040028303
Accelerated Transition,SA,Large Light Commercial,BEV,0.00027878,0.001286893,0.0032245,0.005942777,0.009369756,0.023297279,0.0477343,0.081550933,0.152366232,0.219592351,0.283478074,0.344354215,0.402423916,0.457948049,0.511112744,0.562025188,0.610743373,0.657308276,0.701840153,0.744401427,0.785064972,0.82393593,0.861024315,0.896376178,0.92999995,0.929998341,0.93000129,0.929999602,0.930000962,0.930001055,0.929999802,0.929999802,0.929999802,0.929999802,0.929999802,0.929999802,0.929999802,0.929999802,0.929999802,0.929999802,0.929999802,0.929999802,0.929999802,0.929999802,0.929999802,0.929999802,0.929999802,0.929999802,0.929999802,0.929999802,0.929999802,0.929999802,0.929999802,0.929999802,0.929999802,0.929999802,0.929999802,0.929999802,0.929999802,0.929999802,0.929999802,0.929999802,0.929999802,0.929999802,0.929999802,0.929999802,0.929999802,0.929999802,0.929999802,0.929999802,0.929999802,0.929999802,0.929999802,0.929999802,0.929999802
Accelerated Transition,SA,Large Light Commercial,FCEV,0,0,0,0,0,0,0,0,0,0,0,0,0,0,0,0,0,0,0,0,0,0,0,0,0,0,0,0,0,0,0,0,0,0,0,0,0,0,0,0,0,0,0,0,0,0,0,0,0,0,0,0,0,0,0,0,0,0,0,0,0,0,0,0,0,0,0,0,0,0,0,0,0,0,0
Accelerated Transition,SA,Large Light Commercial,Hybrid,0.005339704,0.007432124,0.010291392,0.013407192,0.016905366,0.018752119,0.019325357,0.018961632,0.018240332,0.017539996,0.016868699,0.016231468,0.01562485,0.015045264,0.014496613,0.013971769,0.013467342,0.012980747,0.012508649,0.012055497,0.011617453,0.011194336,0.010784586,0.010385002,0.009999651,0.010000586,0.009999474,0.010000725,0.009999863,0.009999529,0.009999714,0.009999714,0.009999714,0.009999714,0.009999714,0.009999714,0.009999714,0.009999714,0.009999714,0.009999714,0.009999714,0.009999714,0.009999714,0.009999714,0.009999714,0.009999714,0.009999714,0.009999714,0.009999714,0.009999714,0.009999714,0.009999714,0.009999714,0.009999714,0.009999714,0.009999714,0.009999714,0.009999714,0.009999714,0.009999714,0.009999714,0.009999714,0.009999714,0.009999714,0.009999714,0.009999714,0.009999714,0.009999714,0.009999714,0.009999714,0.009999714,0.009999714,0.009999714,0.009999714,0.009999714
Accelerated Transition,SA,Large Light Commercial,ICE,0.994270005,0.989784498,0.982248884,0.972530632,0.960686829,0.94058908,0.911773768,0.875132482,0.802031173,0.732674221,0.666771851,0.603969221,0.544062333,0.486774374,0.431910914,0.379370671,0.329102304,0.281061894,0.235129981,0.191240132,0.149315183,0.109247299,0.071032017,0.034619217,0,0,0,0,0,0,0,0,0,0,0,0,0,0,0,0,0,0,0,0,0,0,0,0,0,0,0,0,0,0,0,0,0,0,0,0,0,0,0,0,0,0,0,0,0,0,0,0,0,0,0
Accelerated Transition,SA,Large Light Commercial,PHEV,0.000111512,0.001496485,0.004235225,0.008119399,0.013038049,0.017361521,0.021166574,0.024354954,0.027362262,0.030193432,0.032881375,0.035445095,0.037888901,0.040232313,0.042479729,0.044632372,0.046686981,0.048649083,0.050521217,0.052302944,0.054002392,0.055622435,0.057159082,0.058619603,0.060000399,0.060001073,0.059999235,0.059999672,0.059999175,0.059999417,0.060000484,0.060000484,0.060000484,0.060000484,0.060000484,0.060000484,0.060000484,0.060000484,0.060000484,0.060000484,0.060000484,0.060000484,0.060000484,0.060000484,0.060000484,0.060000484,0.060000484,0.060000484,0.060000484,0.060000484,0.060000484,0.060000484,0.060000484,0.060000484,0.060000484,0.060000484,0.060000484,0.060000484,0.060000484,0.060000484,0.060000484,0.060000484,0.060000484,0.060000484,0.060000484,0.060000484,0.060000484,0.060000484,0.060000484,0.060000484,0.060000484,0.060000484,0.060000484,0.060000484,0.060000484
Accelerated Transition,SA,Large Residential,BEV,0.005570879,0.009826346,0.016554955,0.025093872,0.035620483,0.052205439,0.074529287,0.102193573,0.157041768,0.210942213,0.263819723,0.315784439,0.366687333,0.416592382,0.465565478,0.513684176,0.561046734,0.607776356,0.654018249,0.699919356,0.745368951,0.790783036,0.836555004,0.883093839,0.929999757,0.930000509,0.930000196,0.9300005,0.929999642,0.930000668,0.929999905,0.929999905,0.929999905,0.929999905,0.929999905,0.929999905,0.929999905,0.929999905,0.929999905,0.929999905,0.929999905,0.929999905,0.929999905,0.929999905,0.929999905,0.929999905,0.929999905,0.929999905,0.929999905,0.929999905,0.929999905,0.929999905,0.929999905,0.929999905,0.929999905,0.929999905,0.929999905,0.929999905,0.929999905,0.929999905,0.929999905,0.929999905,0.929999905,0.929999905,0.929999905,0.929999905,0.929999905,0.929999905,0.929999905,0.929999905,0.929999905,0.929999905,0.929999905,0.929999905,0.929999905
Accelerated Transition,SA,Large Residential,FCEV,0,0,0,0,0,0,0,0,0,0,0,0,0,0,0,0,0,0,0,0,0,0,0,0,0,0,0,0,0,0,0,0,0,0,0,0,0,0,0,0,0,0,0,0,0,0,0,0,0,0,0,0,0,0,0,0,0,0,0,0,0,0,0,0,0,0,0,0,0,0,0,0,0,0,0
Accelerated Transition,SA,Large Residential,Hybrid,0.070264621,0.082548236,0.093150488,0.098334908,0.101307556,0.101366155,0.099310663,0.095856188,0.09012356,0.084474245,0.078882842,0.073392985,0.067969749,0.062630191,0.057386802,0.052240837,0.047195328,0.042251951,0.037405664,0.032654083,0.027977425,0.023382597,0.018865782,0.014412598,0.010000443,0.009999321,0.009999972,0.009999334,0.010000248,0.009999905,0.010000014,0.010000014,0.010000014,0.010000014,0.010000014,0.010000014,0.010000014,0.010000014,0.010000014,0.010000014,0.010000014,0.010000014,0.010000014,0.010000014,0.010000014,0.010000014,0.010000014,0.010000014,0.010000014,0.010000014,0.010000014,0.010000014,0.010000014,0.010000014,0.010000014,0.010000014,0.010000014,0.010000014,0.010000014,0.010000014,0.010000014,0.010000014,0.010000014,0.010000014,0.010000014,0.010000014,0.010000014,0.010000014,0.010000014,0.010000014,0.010000014,0.010000014,0.010000014,0.010000014,0.010000014
Accelerated Transition,SA,Large Residential,ICE,0.92189722,0.900359982,0.87409715,0.848180639,0.819272778,0.790954852,0.76237799,0.733010079,0.684516029,0.6368854,0.590241086,0.544393637,0.499557922,0.455639257,0.412546107,0.370195346,0.328477687,0.287259478,0.246396469,0.205737845,0.165430024,0.12502546,0.084114138,0.042284019,0,0,0,0,0,0,0,0,0,0,0,0,0,0,0,0,0,0,0,0,0,0,0,0,0,0,0,0,0,0,0,0,0,0,0,0,0,0,0,0,0,0,0,0,0,0,0,0,0,0,0
Accelerated Transition,SA,Large Residential,PHEV,0.002267279,0.007265436,0.016197407,0.028390581,0.043799184,0.055473554,0.06378206,0.06894016,0.068318642,0.067698142,0.067056348,0.066428939,0.065784996,0.06513817,0.064501612,0.063879642,0.063280251,0.062712214,0.062179619,0.061688716,0.0612236,0.060808908,0.060465076,0.060209544,0.0599998,0.06000017,0.059999832,0.060000167,0.06000011,0.059999427,0.060000081,0.060000081,0.060000081,0.060000081,0.060000081,0.060000081,0.060000081,0.060000081,0.060000081,0.060000081,0.060000081,0.060000081,0.060000081,0.060000081,0.060000081,0.060000081,0.060000081,0.060000081,0.060000081,0.060000081,0.060000081,0.060000081,0.060000081,0.060000081,0.060000081,0.060000081,0.060000081,0.060000081,0.060000081,0.060000081,0.060000081,0.060000081,0.060000081,0.060000081,0.060000081,0.060000081,0.060000081,0.060000081,0.060000081,0.060000081,0.060000081,0.060000081,0.060000081,0.060000081,0.060000081
Accelerated Transition,SA,Medium Light Commercial,BEV,0.004260877,0.0074411,0.012467447,0.018742976,0.026300777,0.042834561,0.068430881,0.101958685,0.172274076,0.239584809,0.303971557,0.36561879,0.424643635,0.481156823,0.535304353,0.587122812,0.636668813,0.683980473,0.729171573,0.772323361,0.813493186,0.852829091,0.890324246,0.926043303,0.960004699,0.959993861,0.96,0.960011296,0.960003368,0.960010372,0.959998152,0.959998152,0.959998152,0.959998152,0.959998152,0.959998152,0.959998152,0.959998152,0.959998152,0.959998152,0.959998152,0.959998152,0.959998152,0.959998152,0.959998152,0.959998152,0.959998152,0.959998152,0.959998152,0.959998152,0.959998152,0.959998152,0.959998152,0.959998152,0.959998152,0.959998152,0.959998152,0.959998152,0.959998152,0.959998152,0.959998152,0.959998152,0.959998152,0.959998152,0.959998152,0.959998152,0.959998152,0.959998152,0.959998152,0.959998152,0.959998152,0.959998152,0.959998152,0.959998152,0.959998152
Accelerated Transition,SA,Medium Light Commercial,FCEV,0,0,0,0,0,0,0,0,0,0,0,0,0,0,0,0,0,0,0,0,0,0,0,0,0,0,0,0,0,0,0,0,0,0,0,0,0,0,0,0,0,0,0,0,0,0,0,0,0,0,0,0,0,0,0,0,0,0,0,0,0,0,0,0,0,0,0,0,0,0,0,0,0,0,0
Accelerated Transition,SA,Medium Light Commercial,Hybrid,0.005459918,0.007566865,0.010355363,0.013224434,0.016189633,0.017716004,0.018145123,0.017777696,0.017220172,0.016650135,0.016111689,0.015573784,0.015052976,0.014566191,0.014080235,0.013624916,0.013167173,0.012722493,0.012305699,0.011886558,0.01149409,0.011100179,0.010717633,0.010359797,0.009998825,0.010001535,0.01,0.009994107,0.009996151,0.009994461,0.010000462,0.010000462,0.010000462,0.010000462,0.010000462,0.010000462,0.010000462,0.010000462,0.010000462,0.010000462,0.010000462,0.010000462,0.010000462,0.010000462,0.010000462,0.010000462,0.010000462,0.010000462,0.010000462,0.010000462,0.010000462,0.010000462,0.010000462,0.010000462,0.010000462,0.010000462,0.010000462,0.010000462,0.010000462,0.010000462,0.010000462,0.010000462,0.010000462,0.010000462,0.010000462,0.010000462,0.010000462,0.010000462,0.010000462,0.010000462,0.010000462,0.010000462,0.010000462,0.010000462,0.010000462
Accelerated Transition,SA,Medium Light Commercial,ICE,0.988544878,0.979563176,0.96509935,0.946961792,0.925307367,0.898851062,0.866891752,0.83036423,0.762046885,0.696737282,0.634287201,0.574514699,0.517323398,0.462566191,0.410130745,0.359957451,0.312011404,0.266271123,0.222591851,0.180923805,0.141180795,0.103227505,0.067090482,0.032677302,0,0,0,0,0,0,0,0,0,0,0,0,0,0,0,0,0,0,0,0,0,0,0,0,0,0,0,0,0,0,0,0,0,0,0,0,0,0,0,0,0,0,0,0,0,0,0,0,0,0,0
Accelerated Transition,SA,Medium Light Commercial,PHEV,0.001734327,0.005428859,0.01207784,0.021070798,0.032202223,0.040598373,0.046532244,0.049899389,0.048458867,0.047027774,0.045629553,0.044292726,0.04297999,0.041710794,0.040484667,0.039294821,0.03815261,0.037025911,0.035930876,0.034866276,0.033831929,0.032843226,0.031867639,0.030919598,0.029996476,0.030004604,0.03,0.029994598,0.030000481,0.029995168,0.030001386,0.030001386,0.030001386,0.030001386,0.030001386,0.030001386,0.030001386,0.030001386,0.030001386,0.030001386,0.030001386,0.030001386,0.030001386,0.030001386,0.030001386,0.030001386,0.030001386,0.030001386,0.030001386,0.030001386,0.030001386,0.030001386,0.030001386,0.030001386,0.030001386,0.030001386,0.030001386,0.030001386,0.030001386,0.030001386,0.030001386,0.030001386,0.030001386,0.030001386,0.030001386,0.030001386,0.030001386,0.030001386,0.030001386,0.030001386,0.030001386,0.030001386,0.030001386,0.030001386,0.030001386
Accelerated Transition,SA,Medium Residential,BEV,0.020540836,0.028421812,0.038071452,0.048033986,0.059280818,0.076462934,0.099280191,0.127337255,0.182675899,0.237053644,0.29038887,0.342792865,0.394108243,0.444378941,0.493651837,0.541982172,0.589450815,0.636203826,0.682420678,0.728306397,0.773783469,0.819299477,0.865260497,0.91325875,0.960000342,0.959999797,0.959999933,0.959999933,0.959999538,0.959998953,0.960001298,0.960001298,0.960001298,0.960001298,0.960001298,0.960001298,0.960001298,0.960001298,0.960001298,0.960001298,0.960001298,0.960001298,0.960001298,0.960001298,0.960001298,0.960001298,0.960001298,0.960001298,0.960001298,0.960001298,0.960001298,0.960001298,0.960001298,0.960001298,0.960001298,0.960001298,0.960001298,0.960001298,0.960001298,0.960001298,0.960001298,0.960001298,0.960001298,0.960001298,0.960001298,0.960001298,0.960001298,0.960001298,0.960001298,0.960001298,0.960001298,0.960001298,0.960001298,0.960001298,0.960001298
Accelerated Transition,SA,Medium Residential,FCEV,0,0,0,0,0,0,0,0,0,0,0,0,0,0,0,0,0,0,0,0,0,0,0,0,0,0,0,0,0,0,0,0,0,0,0,0,0,0,0,0,0,0,0,0,0,0,0,0,0,0,0,0,0,0,0,0,0,0,0,0,0,0,0,0,0,0,0,0,0,0,0,0,0,0,0
Accelerated Transition,SA,Medium Residential,Hybrid,0.070428732,0.080045485,0.088139847,0.091212815,0.092427816,0.091581488,0.089243384,0.085932232,0.080863325,0.07586828,0.070923508,0.066068621,0.061268004,0.056539545,0.051892915,0.047327995,0.042851572,0.038464005,0.034169603,0.029962882,0.025830303,0.021777687,0.017795816,0.013894727,0.009999915,0.009999628,0.010000436,0.010000017,0.010000115,0.010000671,0.00999927,0.00999927,0.00999927,0.00999927,0.00999927,0.00999927,0.00999927,0.00999927,0.00999927,0.00999927,0.00999927,0.00999927,0.00999927,0.00999927,0.00999927,0.00999927,0.00999927,0.00999927,0.00999927,0.00999927,0.00999927,0.00999927,0.00999927,0.00999927,0.00999927,0.00999927,0.00999927,0.00999927,0.00999927,0.00999927,0.00999927,0.00999927,0.00999927,0.00999927,0.00999927,0.00999927,0.00999927,0.00999927,0.00999927,0.00999927,0.00999927,0.00999927,0.00999927,0.00999927,0.00999927
Accelerated Transition,SA,Medium Residential,ICE,0.900672624,0.875762672,0.846646155,0.819356489,0.78947622,0.760401705,0.731420006,0.702133299,0.655512416,0.609730486,0.564913347,0.520873535,0.477839689,0.435730021,0.394481355,0.354034079,0.314295778,0.275114879,0.236299573,0.197649516,0.159272082,0.120700385,0.081534347,0.040133269,0,0,0,0,0,0,0,0,0,0,0,0,0,0,0,0,0,0,0,0,0,0,0,0,0,0,0,0,0,0,0,0,0,0,0,0,0,0,0,0,0,0,0,0,0,0,0,0,0,0,0
Accelerated Transition,SA,Medium Residential,PHEV,0.008357807,0.015770031,0.027142546,0.04139671,0.058815146,0.071553874,0.08005642,0.084597215,0.080948359,0.07734759,0.073774275,0.070264979,0.066784064,0.063351494,0.059973893,0.056655754,0.053401835,0.050217291,0.047110146,0.044081205,0.041114146,0.038222451,0.03540934,0.032713255,0.029999744,0.030000576,0.029999631,0.03000005,0.030000346,0.030000376,0.029999432,0.029999432,0.029999432,0.029999432,0.029999432,0.029999432,0.029999432,0.029999432,0.029999432,0.029999432,0.029999432,0.029999432,0.029999432,0.029999432,0.029999432,0.029999432,0.029999432,0.029999432,0.029999432,0.029999432,0.029999432,0.029999432,0.029999432,0.029999432,0.029999432,0.029999432,0.029999432,0.029999432,0.029999432,0.029999432,0.029999432,0.029999432,0.029999432,0.029999432,0.029999432,0.029999432,0.029999432,0.029999432,0.029999432,0.029999432,0.029999432,0.029999432,0.029999432,0.029999432,0.029999432
Accelerated Transition,SA,Motorcycle,BEV,0.005168967,0.013935297,0.030340764,0.053108478,0.082350855,0.113620458,0.146878508,0.181977066,0.237575502,0.291916667,0.344991418,0.396885099,0.447665986,0.497389502,0.546097426,0.593849596,0.640670066,0.686577438,0.73163282,0.775854311,0.819320813,0.862041898,0.902210957,0.941525729,0.979996915,0.979991546,0.980009066,0.980003682,0.979998633,0.97999391,0.979989727,0.979989727,0.979989727,0.979989727,0.979989727,0.979989727,0.979989727,0.979989727,0.979989727,0.979989727,0.979989727,0.979989727,0.979989727,0.979989727,0.979989727,0.979989727,0.979989727,0.979989727,0.979989727,0.979989727,0.979989727,0.979989727,0.979989727,0.979989727,0.979989727,0.979989727,0.979989727,0.979989727,0.979989727,0.979989727,0.979989727,0.979989727,0.979989727,0.979989727,0.979989727,0.979989727,0.979989727,0.979989727,0.979989727,0.979989727,0.979989727,0.979989727,0.979989727,0.979989727,0.979989727
Accelerated Transition,SA,Motorcycle,FCEV,0,0,0,0,0,0,0,0,0,0,0,0,0,0,0,0,0,0,0,0,0,0,0,0,0,0,0,0,0,0,0,0,0,0,0,0,0,0,0,0,0,0,0,0,0,0,0,0,0,0,0,0,0,0,0,0,0,0,0,0,0,0,0,0,0,0,0,0,0,0,0,0,0,0,0
Accelerated Transition,SA,Motorcycle,Hybrid,0,0,0,0,0,0,0,0,0,0,0,0,0,0,0,0,0,0,0,0,0,0,0,0,0,0,0,0,0,0,0,0,0,0,0,0,0,0,0,0,0,0,0,0,0,0,0,0,0,0,0,0,0,0,0,0,0,0,0,0,0,0,0,0,0,0,0,0,0,0,0,0,0,0,0
Accelerated Transition,SA,Motorcycle,ICE,0.994831033,0.986064703,0.969659236,0.946891522,0.917649145,0.886379542,0.853121492,0.818022934,0.761722152,0.706708333,0.652962582,0.600426364,0.549003545,0.49866486,0.449341465,0.400986042,0.353587248,0.307100064,0.261488559,0.216708747,0.172693846,0.129446107,0.088765721,0.048962457,0.010001542,0.010004227,0.009995467,0.009998159,0.010000683,0.010003045,0.010005137,0.010005137,0.010005137,0.010005137,0.010005137,0.010005137,0.010005137,0.010005137,0.010005137,0.010005137,0.010005137,0.010005137,0.010005137,0.010005137,0.010005137,0.010005137,0.010005137,0.010005137,0.010005137,0.010005137,0.010005137,0.010005137,0.010005137,0.010005137,0.010005137,0.010005137,0.010005137,0.010005137,0.010005137,0.010005137,0.010005137,0.010005137,0.010005137,0.010005137,0.010005137,0.010005137,0.010005137,0.010005137,0.010005137,0.010005137,0.010005137,0.010005137,0.010005137,0.010005137,0.010005137
Accelerated Transition,SA,Motorcycle,PHEV,0,0,0,0,0,0,0,0,0.000702346,0.001375,0.002046001,0.002688537,0.003330468,0.003945638,0.004561108,0.005164362,0.005742686,0.006322498,0.006878621,0.007436942,0.007985342,0.008511995,0.009023322,0.009511815,0.010001542,0.010004227,0.009995467,0.009998159,0.010000683,0.010003045,0.010005137,0.010005137,0.010005137,0.010005137,0.010005137,0.010005137,0.010005137,0.010005137,0.010005137,0.010005137,0.010005137,0.010005137,0.010005137,0.010005137,0.010005137,0.010005137,0.010005137,0.010005137,0.010005137,0.010005137,0.010005137,0.010005137,0.010005137,0.010005137,0.010005137,0.010005137,0.010005137,0.010005137,0.010005137,0.010005137,0.010005137,0.010005137,0.010005137,0.010005137,0.010005137,0.010005137,0.010005137,0.010005137,0.010005137,0.010005137,0.010005137,0.010005137,0.010005137,0.010005137,0.010005137
Accelerated Transition,SA,Rigid Truck,BEV,0.00224811,0.001498292,0.002454904,0.003769287,0.005505364,0.019258678,0.051457454,0.100290805,0.169383201,0.233849079,0.294124542,0.350485862,0.403112473,0.452291705,0.498190252,0.541112576,0.581031679,0.618051155,0.652375222,0.684139069,0.713532946,0.740716402,0.765824693,0.788888263,0.80999377,0.810000955,0.810005876,0.809996295,0.810001264,0.810001134,0.809998072,0.809998072,0.809998072,0.809998072,0.809998072,0.809998072,0.809998072,0.809998072,0.809998072,0.809998072,0.809998072,0.809998072,0.809998072,0.809998072,0.809998072,0.809998072,0.809998072,0.809998072,0.809998072,0.809998072,0.809998072,0.809998072,0.809998072,0.809998072,0.809998072,0.809998072,0.809998072,0.809998072,0.809998072,0.809998072,0.809998072,0.809998072,0.809998072,0.809998072,0.809998072,0.809998072,0.809998072,0.809998072,0.809998072,0.809998072,0.809998072,0.809998072,0.809998072,0.809998072,0.809998072
Accelerated Transition,SA,Rigid Truck,FCEV,0,0,0,0,0,0.001313983,0.003971421,0.007840683,0.016763367,0.025101565,0.032901897,0.040199212,0.047017213,0.053407082,0.059359719,0.064928924,0.070113009,0.074925506,0.079405148,0.083542698,0.087375653,0.090924297,0.094205924,0.09722488,0.100003279,0.099998939,0.099996907,0.100003004,0.100002918,0.10000189,0.099999082,0.099999082,0.099999082,0.099999082,0.099999082,0.099999082,0.099999082,0.099999082,0.099999082,0.099999082,0.099999082,0.099999082,0.099999082,0.099999082,0.099999082,0.099999082,0.099999082,0.099999082,0.099999082,0.099999082,0.099999082,0.099999082,0.099999082,0.099999082,0.099999082,0.099999082,0.099999082,0.099999082,0.099999082,0.099999082,0.099999082,0.099999082,0.099999082,0.099999082,0.099999082,0.099999082,0.099999082,0.099999082,0.099999082,0.099999082,0.099999082,0.099999082,0.099999082,0.099999082,0.099999082
Accelerated Transition,SA,Rigid Truck,Hybrid,0,0,0,0,0,0,0,0,0.004802285,0.009300717,0.013512382,0.017455348,0.021158532,0.024608399,0.027833178,0.030852344,0.033666477,0.036282983,0.038715078,0.040971958,0.043066089,0.045020073,0.046818825,0.048477343,0.050001639,0.050004777,0.049998454,0.050001502,0.049996596,0.049996221,0.049999541,0.049999541,0.049999541,0.049999541,0.049999541,0.049999541,0.049999541,0.049999541,0.049999541,0.049999541,0.049999541,0.049999541,0.049999541,0.049999541,0.049999541,0.049999541,0.049999541,0.049999541,0.049999541,0.049999541,0.049999541,0.049999541,0.049999541,0.049999541,0.049999541,0.049999541,0.049999541,0.049999541,0.049999541,0.049999541,0.049999541,0.049999541,0.049999541,0.049999541,0.049999541,0.049999541,0.049999541,0.049999541,0.049999541,0.049999541,0.049999541,0.049999541,0.049999541,0.049999541,0.049999541
Accelerated Transition,SA,Rigid Truck,ICE,0.99775189,0.998501708,0.997545096,0.996230713,0.99447447,0.978897823,0.942974955,0.888721196,0.802338659,0.721704555,0.646283676,0.575766916,0.509895465,0.448329981,0.390861144,0.337125989,0.287138071,0.240767457,0.197747724,0.157924121,0.121072589,0.086969509,0.055470508,0.026512806,0,0,0,0,0,0,0,0,0,0,0,0,0,0,0,0,0,0,0,0,0,0,0,0,0,0,0,0,0,0,0,0,0,0,0,0,0,0,0,0,0,0,0,0,0,0,0,0,0,0,0
Accelerated Transition,SA,Rigid Truck,PHEV,0,0,0,0,2.01662E-05,0.000529516,0.001596169,0.003147316,0.006712488,0.010044083,0.013177503,0.016092663,0.018816317,0.021362833,0.023755706,0.025980167,0.028050764,0.029972899,0.031756827,0.033422155,0.034952723,0.036369719,0.03768005,0.038896707,0.040001312,0.03999533,0.039998763,0.039999199,0.039999222,0.040000756,0.040003305,0.040003305,0.040003305,0.040003305,0.040003305,0.040003305,0.040003305,0.040003305,0.040003305,0.040003305,0.040003305,0.040003305,0.040003305,0.040003305,0.040003305,0.040003305,0.040003305,0.040003305,0.040003305,0.040003305,0.040003305,0.040003305,0.040003305,0.040003305,0.040003305,0.040003305,0.040003305,0.040003305,0.040003305,0.040003305,0.040003305,0.040003305,0.040003305,0.040003305,0.040003305,0.040003305,0.040003305,0.040003305,0.040003305,0.040003305,0.040003305,0.040003305,0.040003305,0.040003305,0.040003305
Accelerated Transition,SA,Small Light Commercial,BEV,0.013004836,0.019256605,0.027663037,0.037116433,0.047913539,0.066898094,0.094237522,0.128690557,0.198575687,0.265394388,0.329363189,0.390544814,0.449131892,0.505246407,0.558982605,0.610408212,0.659539628,0.706459451,0.751325366,0.794073617,0.834865156,0.873831578,0.911024504,0.94639301,0.98,0.980013272,0.980034423,0.979989508,0.980027169,0.979999281,0.979980968,0.979980968,0.979980968,0.979980968,0.979980968,0.979980968,0.979980968,0.979980968,0.979980968,0.979980968,0.979980968,0.979980968,0.979980968,0.979980968,0.979980968,0.979980968,0.979980968,0.979980968,0.979980968,0.979980968,0.979980968,0.979980968,0.979980968,0.979980968,0.979980968,0.979980968,0.979980968,0.979980968,0.979980968,0.979980968,0.979980968,0.979980968,0.979980968,0.979980968,0.979980968,0.979980968,0.979980968,0.979980968,0.979980968,0.979980968,0.979980968,0.979980968,0.979980968,0.979980968,0.979980968
Accelerated Transition,SA,Small Light Commercial,FCEV,0,0,0,0,0,0,0,0,0,0,0,0,0,0,0,0,0,0,0,0,0,0,0,0,0,0,0,0,0,0,0,0,0,0,0,0,0,0,0,0,0,0,0,0,0,0,0,0,0,0,0,0,0,0,0,0,0,0,0,0,0,0,0,0,0,0,0,0,0,0,0,0,0,0,0
Accelerated Transition,SA,Small Light Commercial,Hybrid,0,0,0,0,0,0,0,0,0.000828089,0.001621885,0.002329151,0.003058421,0.003756727,0.004425879,0.005018759,0.005633803,0.006222513,0.006784945,0.007278282,0.007793237,0.00828479,0.008755234,0.009162901,0.009591546,0.01,0.009993364,0.009982788,0.010005246,0.009986416,0.01000036,0.010009516,0.010009516,0.010009516,0.010009516,0.010009516,0.010009516,0.010009516,0.010009516,0.010009516,0.010009516,0.010009516,0.010009516,0.010009516,0.010009516,0.010009516,0.010009516,0.010009516,0.010009516,0.010009516,0.010009516,0.010009516,0.010009516,0.010009516,0.010009516,0.010009516,0.010009516,0.010009516,0.010009516,0.010009516,0.010009516,0.010009516,0.010009516,0.010009516,0.010009516,0.010009516,0.010009516,0.010009516,0.010009516,0.010009516,0.010009516,0.010009516,0.010009516,0.010009516,0.010009516,0.010009516
Accelerated Transition,SA,Small Light Commercial,ICE,0.981701738,0.969099866,0.9501815,0.927237092,0.899969979,0.868969169,0.833803466,0.795638945,0.729987855,0.667351462,0.607432111,0.550101083,0.495227942,0.442737083,0.392486479,0.344378133,0.298446711,0.254618805,0.212822356,0.172948221,0.134929881,0.098633845,0.064098843,0.031213168,0,0,0,0,0,0,0,0,0,0,0,0,0,0,0,0,0,0,0,0,0,0,0,0,0,0,0,0,0,0,0,0,0,0,0,0,0,0,0,0,0,0,0,0,0,0,0,0,0,0,0
Accelerated Transition,SA,Small Light Commercial,PHEV,0.005293426,0.011643529,0.022155464,0.035646475,0.052116482,0.064132737,0.071959012,0.075670498,0.070608369,0.065632265,0.060875549,0.056295682,0.05188344,0.047590631,0.043512157,0.039579852,0.035791148,0.032136799,0.028573996,0.025184924,0.021920173,0.018779343,0.015713753,0.012802276,0.01,0.009993364,0.009982788,0.010005246,0.009986416,0.01000036,0.010009516,0.010009516,0.010009516,0.010009516,0.010009516,0.010009516,0.010009516,0.010009516,0.010009516,0.010009516,0.010009516,0.010009516,0.010009516,0.010009516,0.010009516,0.010009516,0.010009516,0.010009516,0.010009516,0.010009516,0.010009516,0.010009516,0.010009516,0.010009516,0.010009516,0.010009516,0.010009516,0.010009516,0.010009516,0.010009516,0.010009516,0.010009516,0.010009516,0.010009516,0.010009516,0.010009516,0.010009516,0.010009516,0.010009516,0.010009516,0.010009516,0.010009516,0.010009516,0.010009516,0.010009516
Accelerated Transition,SA,Small Residential,BEV,0.047154629,0.058899605,0.068495799,0.073407234,0.076135489,0.086981506,0.105431916,0.130965057,0.188021295,0.244087838,0.299079601,0.353111251,0.406007922,0.457818088,0.508574358,0.558301666,0.607045679,0.654905677,0.702008143,0.748522574,0.794358913,0.839992263,0.88587272,0.934105104,0.979996579,0.979999923,0.980003586,0.979999168,0.980001424,0.980003195,0.979996537,0.979996537,0.979996537,0.979996537,0.979996537,0.979996537,0.979996537,0.979996537,0.979996537,0.979996537,0.979996537,0.979996537,0.979996537,0.979996537,0.979996537,0.979996537,0.979996537,0.979996537,0.979996537,0.979996537,0.979996537,0.979996537,0.979996537,0.979996537,0.979996537,0.979996537,0.979996537,0.979996537,0.979996537,0.979996537,0.979996537,0.979996537,0.979996537,0.979996537,0.979996537,0.979996537,0.979996537,0.979996537,0.979996537,0.979996537,0.979996537,0.979996537,0.979996537,0.979996537,0.979996537
Accelerated Transition,SA,Small Residential,FCEV,0,0,0,0,0,0,0,0,0,0,0,0,0,0,0,0,0,0,0,0,0,0,0,0,0,0,0,0,0,0,0,0,0,0,0,0,0,0,0,0,0,0,0,0,0,0,0,0,0,0,0,0,0,0,0,0,0,0,0,0,0,0,0,0,0,0,0,0,0,0,0,0,0,0,0
Accelerated Transition,SA,Small Residential,Hybrid,0,0,0,0,0,0,0,0,0.00066992,0.001332876,0.001979447,0.002614679,0.003241623,0.003851881,0.00445001,0.005040394,0.005615106,0.006179319,0.006738326,0.007285828,0.007825118,0.008364947,0.0089021,0.009462132,0.01000171,0.010000038,0.009998207,0.010000416,0.009999288,0.009998402,0.010001731,0.010001731,0.010001731,0.010001731,0.010001731,0.010001731,0.010001731,0.010001731,0.010001731,0.010001731,0.010001731,0.010001731,0.010001731,0.010001731,0.010001731,0.010001731,0.010001731,0.010001731,0.010001731,0.010001731,0.010001731,0.010001731,0.010001731,0.010001731,0.010001731,0.010001731,0.010001731,0.010001731,0.010001731,0.010001731,0.010001731,0.010001731,0.010001731,0.010001731,0.010001731,0.010001731,0.010001731,0.010001731,0.010001731,0.010001731,0.010001731,0.010001731,0.010001731,0.010001731,0.010001731
Accelerated Transition,SA,Small Residential,ICE,0.933658749,0.91089657,0.887031676,0.866316265,0.845337548,0.821517342,0.794880595,0.765639121,0.714139308,0.663547825,0.613981697,0.565280527,0.517653356,0.471040899,0.425398253,0.380697497,0.336889842,0.293870916,0.251507523,0.20963607,0.168357401,0.127179564,0.085660167,0.041655267,0,0,0,0,0,0,0,0,0,0,0,0,0,0,0,0,0,0,0,0,0,0,0,0,0,0,0,0,0,0,0,0,0,0,0,0,0,0,0,0,0,0,0,0,0,0,0,0,0,0,0
Accelerated Transition,SA,Small Residential,PHEV,0.019186623,0.030203825,0.044472525,0.0602765,0.078526963,0.091501152,0.099687489,0.103395821,0.097169476,0.091031461,0.084959256,0.078993543,0.073097099,0.067289133,0.061577379,0.055960443,0.050449373,0.045044088,0.039746008,0.034555528,0.029458567,0.024463226,0.019565013,0.014777497,0.01000171,0.010000038,0.009998207,0.010000416,0.009999288,0.009998402,0.010001731,0.010001731,0.010001731,0.010001731,0.010001731,0.010001731,0.010001731,0.010001731,0.010001731,0.010001731,0.010001731,0.010001731,0.010001731,0.010001731,0.010001731,0.010001731,0.010001731,0.010001731,0.010001731,0.010001731,0.010001731,0.010001731,0.010001731,0.010001731,0.010001731,0.010001731,0.010001731,0.010001731,0.010001731,0.010001731,0.010001731,0.010001731,0.010001731,0.010001731,0.010001731,0.010001731,0.010001731,0.010001731,0.010001731,0.010001731,0.010001731,0.010001731,0.010001731,0.010001731,0.010001731
Accelerated Transition,TAS,Articulated Truck,BEV,0,0.03044316,0.08305275,0.132727273,0.177242113,0.216626423,0.251587036,0.280401035,0.312969925,0.342822532,0.370641664,0.396595745,0.42032967,0.442522618,0.463125322,0.481888584,0.499031477,0.514781793,0.529224471,0.542208508,0.553846154,0.564415907,0.574010846,0.582473223,0.589913109,0.589842318,0.590026714,0.589974071,0.590062112,0.589990218,0.590023753,0.590023753,0.590023753,0.590023753,0.590023753,0.590023753,0.590023753,0.590023753,0.590023753,0.590023753,0.590023753,0.590023753,0.590023753,0.590023753,0.590023753,0.590023753,0.590023753,0.590023753,0.590023753,0.590023753,0.590023753,0.590023753,0.590023753,0.590023753,0.590023753,0.590023753,0.590023753,0.590023753,0.590023753,0.590023753,0.590023753,0.590023753,0.590023753,0.590023753,0.590023753,0.590023753,0.590023753,0.590023753,0.590023753,0.590023753,0.590023753,0.590023753,0.590023753,0.590023753,0.590023753
Accelerated Transition,TAS,Articulated Truck,FCEV,0,0,0,0,0,0.002069679,0.006682259,0.013260026,0.031328321,0.048455482,0.06445942,0.079432624,0.093406593,0.106439596,0.118617844,0.129902573,0.140435835,0.150164242,0.158972026,0.167291162,0.175,0.182062966,0.188592087,0.194547225,0.200037779,0.20003667,0.2,0.2,0.199932852,0.200032605,0.2,0.2,0.2,0.2,0.2,0.2,0.2,0.2,0.2,0.2,0.2,0.2,0.2,0.2,0.2,0.2,0.2,0.2,0.2,0.2,0.2,0.2,0.2,0.2,0.2,0.2,0.2,0.2,0.2,0.2,0.2,0.2,0.2,0.2,0.2,0.2,0.2,0.2,0.2,0.2,0.2,0.2,0.2,0.2,0.2
Accelerated Transition,TAS,Articulated Truck,Hybrid,0,0,0,0,0,0,0,0,0,0,0,0,0,0,0,0,0,0,0,0,0,0,0,0,0,0,0,0,0,0,0,0,0,0,0,0,0,0,0,0,0,0,0,0,0,0,0,0,0,0,0,0,0,0,0,0,0,0,0,0,0,0,0,0,0,0,0,0,0,0,0,0,0,0,0
Accelerated Transition,TAS,Articulated Truck,ICE,1,0.96955684,0.91694725,0.867272727,0.822757887,0.781303898,0.741396592,0.705692109,0.654135338,0.606299213,0.561675945,0.52,0.481593407,0.445715806,0.412325941,0.381713715,0.353510896,0.327545753,0.30384353,0.282124752,0.262393162,0.244407622,0.227957421,0.213242454,0.200037779,0.20003667,0.2,0.2,0.199932852,0.200032605,0.2,0.2,0.2,0.2,0.2,0.2,0.2,0.2,0.2,0.2,0.2,0.2,0.2,0.2,0.2,0.2,0.2,0.2,0.2,0.2,0.2,0.2,0.2,0.2,0.2,0.2,0.2,0.2,0.2,0.2,0.2,0.2,0.2,0.2,0.2,0.2,0.2,0.2,0.2,0.2,0.2,0.2,0.2,0.2,0.2
Accelerated Transition,TAS,Articulated Truck,PHEV,0,0,0,0,0,0,0.000334113,0.000646831,0.001566416,0.002422774,0.003222971,0.003971631,0.00467033,0.00532198,0.005930892,0.006495129,0.007021792,0.007508212,0.007959973,0.008375579,0.008760684,0.009113505,0.009439647,0.009737098,0.010011334,0.010084342,0.009973286,0.010025929,0.010072184,0.009944571,0.009976247,0.009976247,0.009976247,0.009976247,0.009976247,0.009976247,0.009976247,0.009976247,0.009976247,0.009976247,0.009976247,0.009976247,0.009976247,0.009976247,0.009976247,0.009976247,0.009976247,0.009976247,0.009976247,0.009976247,0.009976247,0.009976247,0.009976247,0.009976247,0.009976247,0.009976247,0.009976247,0.009976247,0.009976247,0.009976247,0.009976247,0.009976247,0.009976247,0.009976247,0.009976247,0.009976247,0.009976247,0.009976247,0.009976247,0.009976247,0.009976247,0.009976247,0.009976247,0.009976247,0.009976247
Accelerated Transition,TAS,Bus,BEV,0.011174872,0.012824336,0.027385159,0.045943588,0.068390805,0.114017629,0.157790927,0.20005596,0.248183343,0.292642601,0.335689046,0.377747989,0.418518519,0.45860538,0.497293117,0.535386965,0.572290671,0.608447205,0.643838979,0.67814698,0.712059458,0.744963261,0.777361144,0.808806489,0.840174272,0.840027229,0.840071878,0.839928857,0.839973586,0.839834387,0.84009495,0.84009495,0.84009495,0.84009495,0.84009495,0.84009495,0.84009495,0.84009495,0.84009495,0.84009495,0.84009495,0.84009495,0.84009495,0.84009495,0.84009495,0.84009495,0.84009495,0.84009495,0.84009495,0.84009495,0.84009495,0.84009495,0.84009495,0.84009495,0.84009495,0.84009495,0.84009495,0.84009495,0.84009495,0.84009495,0.84009495,0.84009495,0.84009495,0.84009495,0.84009495,0.84009495,0.84009495,0.84009495,0.84009495,0.84009495,0.84009495,0.84009495,0.84009495,0.84009495,0.84009495
Accelerated Transition,TAS,Bus,FCEV,0,0.001491202,0.002944641,0.004943297,0.007471264,0.009951663,0.012679628,0.015109121,0.021520402,0.027280242,0.033161185,0.038605898,0.044179894,0.049360146,0.054653261,0.059572301,0.064621574,0.06931677,0.073883162,0.078583556,0.082953728,0.087461484,0.091633466,0.09594438,0.099977069,0.100068074,0.099955076,0.100044464,0.099933964,0.100021791,0.099913681,0.099913681,0.099913681,0.099913681,0.099913681,0.099913681,0.099913681,0.099913681,0.099913681,0.099913681,0.099913681,0.099913681,0.099913681,0.099913681,0.099913681,0.099913681,0.099913681,0.099913681,0.099913681,0.099913681,0.099913681,0.099913681,0.099913681,0.099913681,0.099913681,0.099913681,0.099913681,0.099913681,0.099913681,0.099913681,0.099913681,0.099913681,0.099913681,0.099913681,0.099913681,0.099913681,0.099913681,0.099913681,0.099913681,0.099913681,0.099913681,0.099913681,0.099913681,0.099913681,0.099913681
Accelerated Transition,TAS,Bus,Hybrid,0,0,0,0,0,0,0,0,0.001397429,0.00275558,0.004077195,0.005630027,0.006878307,0.008096109,0.009280742,0.010437882,0.011566507,0.012670807,0.013745704,0.015037594,0.016063294,0.017065655,0.018045465,0.019003476,0.019949553,0.019968232,0.019991015,0.020008893,0.020030817,0.020047941,0.020069055,0.020069055,0.020069055,0.020069055,0.020069055,0.020069055,0.020069055,0.020069055,0.020069055,0.020069055,0.020069055,0.020069055,0.020069055,0.020069055,0.020069055,0.020069055,0.020069055,0.020069055,0.020069055,0.020069055,0.020069055,0.020069055,0.020069055,0.020069055,0.020069055,0.020069055,0.020069055,0.020069055,0.020069055,0.020069055,0.020069055,0.020069055,0.020069055,0.020069055,0.020069055,0.020069055,0.020069055,0.020069055,0.020069055,0.020069055,0.020069055,0.020069055,0.020069055,0.020069055,0.020069055
Accelerated Transition,TAS,Bus,ICE,0.988825128,0.985684462,0.9696702,0.949113114,0.924137931,0.875746375,0.828684136,0.783156128,0.724427054,0.670157068,0.617287306,0.565683646,0.515608466,0.466962653,0.419437999,0.37296334,0.327633895,0.283478261,0.240304369,0.19791414,0.156557181,0.116141266,0.076634638,0.038006952,0,0,0,0,0,0,0,0,0,0,0,0,0,0,0,0,0,0,0,0,0,0,0,0,0,0,0,0,0,0,0,0,0,0,0,0,0,0,0,0,0,0,0,0,0,0,0,0,0,0,0
Accelerated Transition,TAS,Bus,PHEV,0,0,0,0,0,0.000284333,0.000845309,0.001678791,0.004471772,0.007164508,0.009785268,0.01233244,0.014814815,0.016975712,0.01933488,0.021639511,0.023887352,0.026086957,0.028227786,0.03031773,0.032366339,0.034368334,0.036325287,0.038238702,0.039899106,0.039936465,0.039982031,0.040017786,0.040061633,0.040095881,0.039922313,0.039922313,0.039922313,0.039922313,0.039922313,0.039922313,0.039922313,0.039922313,0.039922313,0.039922313,0.039922313,0.039922313,0.039922313,0.039922313,0.039922313,0.039922313,0.039922313,0.039922313,0.039922313,0.039922313,0.039922313,0.039922313,0.039922313,0.039922313,0.039922313,0.039922313,0.039922313,0.039922313,0.039922313,0.039922313,0.039922313,0.039922313,0.039922313,0.039922313,0.039922313,0.039922313,0.039922313,0.039922313,0.039922313,0.039922313,0.039922313,0.039922313,0.039922313,0.039922313,0.039922313
Accelerated Transition,TAS,Large Light Commercial,BEV,0.000159565,0.000624973,0.001528585,0.00280005,0.004403063,0.014494601,0.033150506,0.059488703,0.128989352,0.195714443,0.259800894,0.321479404,0.380855904,0.438139465,0.493381613,0.545986338,0.596583502,0.645230635,0.692005843,0.736462357,0.778926543,0.819658614,0.858235152,0.894948552,0.930001048,0.93000157,0.929999681,0.930002552,0.930001124,0.929998547,0.930003343,0.930003343,0.930003343,0.930003343,0.930003343,0.930003343,0.930003343,0.930003343,0.930003343,0.930003343,0.930003343,0.930003343,0.930003343,0.930003343,0.930003343,0.930003343,0.930003343,0.930003343,0.930003343,0.930003343,0.930003343,0.930003343,0.930003343,0.930003343,0.930003343,0.930003343,0.930003343,0.930003343,0.930003343,0.930003343,0.930003343,0.930003343,0.930003343,0.930003343,0.930003343,0.930003343,0.930003343,0.930003343,0.930003343,0.930003343,0.930003343,0.930003343,0.930003343,0.930003343,0.930003343
Accelerated Transition,TAS,Large Light Commercial,FCEV,0,0,0,0,0,0,0,0,0,0,0,0,0,0,0,0,0,0,0,0,0,0,0,0,0,0,0,0,0,0,0,0,0,0,0,0,0,0,0,0,0,0,0,0,0,0,0,0,0,0,0,0,0,0,0,0,0,0,0,0,0,0,0,0,0,0,0,0,0,0,0,0,0,0,0
Accelerated Transition,TAS,Large Light Commercial,Hybrid,0.002694868,0.00434877,0.006963552,0.010236384,0.014112591,0.016327344,0.017264752,0.017251495,0.01671586,0.016197209,0.015687176,0.015198489,0.01473527,0.014284647,0.013856936,0.013420316,0.013004528,0.012595586,0.012205387,0.011812793,0.011429389,0.011063745,0.01069761,0.010345933,0.009999062,0.009997456,0.00999777,0.009999635,0.00999765,0.010002355,0.00999882,0.00999882,0.00999882,0.00999882,0.00999882,0.00999882,0.00999882,0.00999882,0.00999882,0.00999882,0.00999882,0.00999882,0.00999882,0.00999882,0.00999882,0.00999882,0.00999882,0.00999882,0.00999882,0.00999882,0.00999882,0.00999882,0.00999882,0.00999882,0.00999882,0.00999882,0.00999882,0.00999882,0.00999882,0.00999882,0.00999882,0.00999882,0.00999882,0.00999882,0.00999882,0.00999882,0.00999882,0.00999882,0.00999882,0.00999882,0.00999882,0.00999882,0.00999882,0.00999882,0.00999882
Accelerated Transition,TAS,Large Light Commercial,ICE,0.997101244,0.994054078,0.988688474,0.981496406,0.972661941,0.957281167,0.934844259,0.905993066,0.833581169,0.764074576,0.697325135,0.633087189,0.571238911,0.51156554,0.454018045,0.399265841,0.34659474,0.295971052,0.247295256,0.201066492,0.156918713,0.114578765,0.074510434,0.036382355,0,0,0,0,0,0,0,0,0,0,0,0,0,0,0,0,0,0,0,0,0,0,0,0,0,0,0,0,0,0,0,0,0,0,0,0,0,0,0,0,0,0,0,0,0,0,0,0,0,0,0
Accelerated Transition,TAS,Large Light Commercial,PHEV,4.43235E-05,0.00097218,0.002819389,0.00546716,0.008822404,0.011896888,0.014740483,0.017266735,0.020713619,0.024013772,0.027186795,0.030234918,0.033169915,0.036010347,0.038743407,0.041327505,0.04381723,0.046202727,0.048493514,0.050658358,0.052725355,0.054698875,0.056556803,0.05832316,0.05999989,0.060000974,0.060002549,0.059997813,0.060001226,0.059999098,0.059997837,0.059997837,0.059997837,0.059997837,0.059997837,0.059997837,0.059997837,0.059997837,0.059997837,0.059997837,0.059997837,0.059997837,0.059997837,0.059997837,0.059997837,0.059997837,0.059997837,0.059997837,0.059997837,0.059997837,0.059997837,0.059997837,0.059997837,0.059997837,0.059997837,0.059997837,0.059997837,0.059997837,0.059997837,0.059997837,0.059997837,0.059997837,0.059997837,0.059997837,0.059997837,0.059997837,0.059997837,0.059997837,0.059997837,0.059997837,0.059997837,0.059997837,0.059997837,0.059997837,0.059997837
Accelerated Transition,TAS,Large Residential,BEV,0.005078305,0.008255385,0.013119483,0.019272522,0.026803415,0.039414163,0.056868798,0.07882787,0.135382635,0.190914987,0.245364986,0.298805032,0.351116832,0.402350342,0.452577615,0.501865587,0.550310727,0.598071091,0.645312061,0.692197041,0.73896605,0.785850953,0.833114513,0.881621103,0.930002488,0.930000332,0.92999831,0.929998279,0.929996958,0.929999269,0.929997329,0.929997329,0.929997329,0.929997329,0.929997329,0.929997329,0.929997329,0.929997329,0.929997329,0.929997329,0.929997329,0.929997329,0.929997329,0.929997329,0.929997329,0.929997329,0.929997329,0.929997329,0.929997329,0.929997329,0.929997329,0.929997329,0.929997329,0.929997329,0.929997329,0.929997329,0.929997329,0.929997329,0.929997329,0.929997329,0.929997329,0.929997329,0.929997329,0.929997329,0.929997329,0.929997329,0.929997329,0.929997329,0.929997329,0.929997329,0.929997329,0.929997329,0.929997329,0.929997329,0.929997329
Accelerated Transition,TAS,Large Residential,FCEV,0,0,0,0,0,0,0,0,0,0,0,0,0,0,0,0,0,0,0,0,0,0,0,0,0,0,0,0,0,0,0,0,0,0,0,0,0,0,0,0,0,0,0,0,0,0,0,0,0,0,0,0,0,0,0,0,0,0,0,0,0,0,0,0,0,0,0,0,0,0,0,0,0,0,0
Accelerated Transition,TAS,Large Residential,Hybrid,0.057867822,0.067351792,0.075993769,0.081472279,0.085467919,0.086744585,0.086030871,0.083969174,0.078988078,0.074087773,0.069247723,0.064494572,0.059802379,0.055187114,0.050657821,0.046216935,0.041866671,0.03760875,0.033441963,0.029361398,0.025362777,0.021438097,0.017572968,0.01377458,0.009998278,0.009999953,0.010002253,0.009999581,0.010001751,0.009999452,0.010001675,0.010001675,0.010001675,0.010001675,0.010001675,0.010001675,0.010001675,0.010001675,0.010001675,0.010001675,0.010001675,0.010001675,0.010001675,0.010001675,0.010001675,0.010001675,0.010001675,0.010001675,0.010001675,0.010001675,0.010001675,0.010001675,0.010001675,0.010001675,0.010001675,0.010001675,0.010001675,0.010001675,0.010001675,0.010001675,0.010001675,0.010001675,0.010001675,0.010001675,0.010001675,0.010001675,0.010001675,0.010001675,0.010001675,0.010001675,0.010001675,0.010001675,0.010001675,0.010001675,0.010001675
Accelerated Transition,TAS,Large Residential,ICE,0.935473561,0.919058664,0.89877113,0.877737445,0.854273678,0.831190391,0.807723264,0.783437578,0.731490296,0.680496813,0.630547811,0.581535094,0.53361962,0.486718036,0.44075013,0.395635995,0.351264728,0.307477007,0.264094385,0.220946845,0.177797001,0.134407251,0.090514733,0.045208633,0,0,0,0,0,0,0,0,0,0,0,0,0,0,0,0,0,0,0,0,0,0,0,0,0,0,0,0,0,0,0,0,0,0,0,0,0,0,0,0,0,0,0,0,0,0,0,0,0,0,0
Accelerated Transition,TAS,Large Residential,PHEV,0.001580312,0.005334159,0.012115618,0.021517754,0.033454988,0.04265086,0.049377067,0.053765378,0.05413899,0.054500426,0.054839481,0.055165301,0.055461169,0.055744507,0.056014434,0.056281483,0.056557875,0.056843152,0.057151591,0.057494716,0.057874173,0.058303699,0.058797786,0.059395683,0.059999235,0.059999716,0.059999437,0.060002139,0.060001291,0.060001279,0.060000996,0.060000996,0.060000996,0.060000996,0.060000996,0.060000996,0.060000996,0.060000996,0.060000996,0.060000996,0.060000996,0.060000996,0.060000996,0.060000996,0.060000996,0.060000996,0.060000996,0.060000996,0.060000996,0.060000996,0.060000996,0.060000996,0.060000996,0.060000996,0.060000996,0.060000996,0.060000996,0.060000996,0.060000996,0.060000996,0.060000996,0.060000996,0.060000996,0.060000996,0.060000996,0.060000996,0.060000996,0.060000996,0.060000996,0.060000996,0.060000996,0.060000996,0.060000996,0.060000996,0.060000996
Accelerated Transition,TAS,Medium Light Commercial,BEV,0.002387268,0.004333882,0.007557745,0.011735331,0.016830753,0.02931152,0.049296328,0.075849304,0.145631068,0.212988853,0.277930453,0.340669236,0.401182552,0.459669278,0.516035185,0.569690451,0.621282635,0.67083725,0.718437639,0.763645453,0.806787871,0.848142019,0.88727863,0.924468763,0.960015903,0.959991084,0.960005467,0.96000751,0.959998947,0.960003099,0.959993919,0.959993919,0.959993919,0.959993919,0.959993919,0.959993919,0.959993919,0.959993919,0.959993919,0.959993919,0.959993919,0.959993919,0.959993919,0.959993919,0.959993919,0.959993919,0.959993919,0.959993919,0.959993919,0.959993919,0.959993919,0.959993919,0.959993919,0.959993919,0.959993919,0.959993919,0.959993919,0.959993919,0.959993919,0.959993919,0.959993919,0.959993919,0.959993919,0.959993919,0.959993919,0.959993919,0.959993919,0.959993919,0.959993919,0.959993919,0.959993919,0.959993919,0.959993919,0.959993919,0.959993919
Accelerated Transition,TAS,Medium Light Commercial,FCEV,0,0,0,0,0,0,0,0,0,0,0,0,0,0,0,0,0,0,0,0,0,0,0,0,0,0,0,0,0,0,0,0,0,0,0,0,0,0,0,0,0,0,0,0,0,0,0,0,0,0,0,0,0,0,0,0,0,0,0,0,0,0,0,0,0,0,0,0,0,0,0,0,0,0,0
Accelerated Transition,TAS,Medium Light Commercial,Hybrid,0.002740937,0.004637254,0.007557745,0.011027882,0.014788186,0.016921288,0.017808004,0.017776578,0.01721784,0.016702084,0.016195815,0.015668336,0.015189067,0.014691036,0.014238286,0.013780123,0.013301647,0.012868302,0.01244668,0.011997376,0.011589049,0.011162931,0.010773318,0.010393145,0.009996024,0.010002229,0.010005467,0.010004828,0.010000263,0.00999277,0.010007854,0.010007854,0.010007854,0.010007854,0.010007854,0.010007854,0.010007854,0.010007854,0.010007854,0.010007854,0.010007854,0.010007854,0.010007854,0.010007854,0.010007854,0.010007854,0.010007854,0.010007854,0.010007854,0.010007854,0.010007854,0.010007854,0.010007854,0.010007854,0.010007854,0.010007854,0.010007854,0.010007854,0.010007854,0.010007854,0.010007854,0.010007854,0.010007854,0.010007854,0.010007854,0.010007854,0.010007854,0.010007854,0.010007854,0.010007854,0.010007854,0.010007854,0.010007854,0.010007854,0.010007854
Accelerated Transition,TAS,Medium Light Commercial,ICE,0.994120248,0.987735113,0.976732337,0.962297129,0.944973242,0.923854204,0.898183819,0.868738673,0.799946905,0.733586847,0.669598036,0.607823362,0.548222631,0.490687554,0.43519184,0.382448829,0.331782025,0.283135069,0.236391418,0.192082982,0.149829843,0.109342561,0.071044864,0.034682416,0,0,0,0,0,0,0,0,0,0,0,0,0,0,0,0,0,0,0,0,0,0,0,0,0,0,0,0,0,0,0,0,0,0,0,0,0,0,0,0,0,0,0,0,0,0,0,0,0,0,0
Accelerated Transition,TAS,Medium Light Commercial,PHEV,0.000751547,0.003293751,0.008152174,0.014939659,0.023407819,0.029912988,0.034711848,0.037635445,0.037204187,0.036722216,0.036275695,0.035839066,0.03540575,0.034952132,0.034534689,0.034080597,0.033633693,0.033159379,0.032724263,0.03227419,0.031793237,0.03135249,0.030903188,0.030455677,0.029988073,0.030006687,0.029989065,0.029987662,0.030000789,0.030004131,0.029998226,0.029998226,0.029998226,0.029998226,0.029998226,0.029998226,0.029998226,0.029998226,0.029998226,0.029998226,0.029998226,0.029998226,0.029998226,0.029998226,0.029998226,0.029998226,0.029998226,0.029998226,0.029998226,0.029998226,0.029998226,0.029998226,0.029998226,0.029998226,0.029998226,0.029998226,0.029998226,0.029998226,0.029998226,0.029998226,0.029998226,0.029998226,0.029998226,0.029998226,0.029998226,0.029998226,0.029998226,0.029998226,0.029998226,0.029998226,0.029998226,0.029998226,0.029998226,0.029998226,0.029998226
Accelerated Transition,TAS,Medium Residential,BEV,0.018724196,0.024929155,0.032201981,0.039640404,0.047833819,0.061017697,0.078958515,0.101323635,0.158909518,0.21544323,0.27087066,0.325262007,0.378487277,0.430589372,0.481620308,0.531596435,0.580589859,0.628712547,0.676105975,0.722972933,0.769575568,0.816221796,0.863250118,0.912679891,0.959998405,0.960003158,0.959998882,0.960000222,0.960005273,0.960003486,0.960001296,0.960001296,0.960001296,0.960001296,0.960001296,0.960001296,0.960001296,0.960001296,0.960001296,0.960001296,0.960001296,0.960001296,0.960001296,0.960001296,0.960001296,0.960001296,0.960001296,0.960001296,0.960001296,0.960001296,0.960001296,0.960001296,0.960001296,0.960001296,0.960001296,0.960001296,0.960001296,0.960001296,0.960001296,0.960001296,0.960001296,0.960001296,0.960001296,0.960001296,0.960001296,0.960001296,0.960001296,0.960001296,0.960001296,0.960001296,0.960001296,0.960001296,0.960001296,0.960001296,0.960001296
Accelerated Transition,TAS,Medium Residential,FCEV,0,0,0,0,0,0,0,0,0,0,0,0,0,0,0,0,0,0,0,0,0,0,0,0,0,0,0,0,0,0,0,0,0,0,0,0,0,0,0,0,0,0,0,0,0,0,0,0,0,0,0,0,0,0,0,0,0,0,0,0,0,0,0,0,0,0,0,0,0,0,0,0,0,0,0
Accelerated Transition,TAS,Medium Residential,Hybrid,0.058005926,0.06545832,0.07225878,0.076167866,0.078830458,0.079390559,0.078402563,0.0763908,0.071921656,0.067530345,0.063187426,0.058927206,0.054714042,0.050573388,0.046501356,0.042509248,0.038594106,0.034752715,0.030998005,0.027318215,0.02372409,0.020199399,0.016748277,0.013373144,0.010000399,0.00999921,0.010000279,0.01000133,0.009997308,0.009999129,0.010001026,0.010001026,0.010001026,0.010001026,0.010001026,0.010001026,0.010001026,0.010001026,0.010001026,0.010001026,0.010001026,0.010001026,0.010001026,0.010001026,0.010001026,0.010001026,0.010001026,0.010001026,0.010001026,0.010001026,0.010001026,0.010001026,0.010001026,0.010001026,0.010001026,0.010001026,0.010001026,0.010001026,0.010001026,0.010001026,0.010001026,0.010001026,0.010001026,0.010001026,0.010001026,0.010001026,0.010001026,0.010001026,0.010001026,0.010001026,0.010001026,0.010001026,0.010001026,0.010001026,0.010001026
Accelerated Transition,TAS,Medium Residential,ICE,0.917442992,0.898319351,0.875659763,0.853212829,0.82869353,0.804767447,0.780789188,0.756392111,0.705695935,0.655931833,0.607211401,0.559404158,0.51269153,0.467006177,0.422285069,0.378495107,0.335575032,0.293405146,0.251821155,0.210639356,0.169575568,0.128329326,0.086568123,0.042207198,0,0,0,0,0,0,0,0,0,0,0,0,0,0,0,0,0,0,0,0,0,0,0,0,0,0,0,0,0,0,0,0,0,0,0,0,0,0,0,0,0,0,0,0,0,0,0,0,0,0,0
Accelerated Transition,TAS,Medium Residential,PHEV,0.005826885,0.011293174,0.019879476,0.0309789,0.044642193,0.054824297,0.061849734,0.065893454,0.063472891,0.061094593,0.058730513,0.056406628,0.054107151,0.051831063,0.049593267,0.047399209,0.045241003,0.043129591,0.041074865,0.039069495,0.037124775,0.03524948,0.033433483,0.031739767,0.030001196,0.029997631,0.030000838,0.029998449,0.029997418,0.029997386,0.029997678,0.029997678,0.029997678,0.029997678,0.029997678,0.029997678,0.029997678,0.029997678,0.029997678,0.029997678,0.029997678,0.029997678,0.029997678,0.029997678,0.029997678,0.029997678,0.029997678,0.029997678,0.029997678,0.029997678,0.029997678,0.029997678,0.029997678,0.029997678,0.029997678,0.029997678,0.029997678,0.029997678,0.029997678,0.029997678,0.029997678,0.029997678,0.029997678,0.029997678,0.029997678,0.029997678,0.029997678,0.029997678,0.029997678,0.029997678,0.029997678,0.029997678,0.029997678,0.029997678,0.029997678
Accelerated Transition,TAS,Motorcycle,BEV,0.005129602,0.009303158,0.016613052,0.026568266,0.039344823,0.05701163,0.079388806,0.106195777,0.169167473,0.230356291,0.289814161,0.34761426,0.403867424,0.458626529,0.511957813,0.563966276,0.614671926,0.664140963,0.712429837,0.759599623,0.805693411,0.850773213,0.894814815,0.937882823,0.979987492,0.979997394,0.980007094,0.980017238,0.980027178,0.979975595,0.979986368,0.979986368,0.979986368,0.979986368,0.979986368,0.979986368,0.979986368,0.979986368,0.979986368,0.979986368,0.979986368,0.979986368,0.979986368,0.979986368,0.979986368,0.979986368,0.979986368,0.979986368,0.979986368,0.979986368,0.979986368,0.979986368,0.979986368,0.979986368,0.979986368,0.979986368,0.979986368,0.979986368,0.979986368,0.979986368,0.979986368,0.979986368,0.979986368,0.979986368,0.979986368,0.979986368,0.979986368,0.979986368,0.979986368,0.979986368,0.979986368,0.979986368,0.979986368,0.979986368,0.979986368
Accelerated Transition,TAS,Motorcycle,FCEV,0,0,0,0,0,0,0,0,0,0,0,0,0,0,0,0,0,0,0,0,0,0,0,0,0,0,0,0,0,0,0,0,0,0,0,0,0,0,0,0,0,0,0,0,0,0,0,0,0,0,0,0,0,0,0,0,0,0,0,0,0,0,0,0,0,0,0,0,0,0,0,0,0,0,0
Accelerated Transition,TAS,Motorcycle,Hybrid,0,0,0,0,0,0,0,0,0,0,0,0,0,0,0,0,0,0,0,0,0,0,0,0,0,0,0,0,0,0,0,0,0,0,0,0,0,0,0,0,0,0,0,0,0,0,0,0,0,0,0,0,0,0,0,0,0,0,0,0,0,0,0,0,0,0,0,0,0,0,0,0,0,0,0
Accelerated Transition,TAS,Motorcycle,ICE,0.994870398,0.990696842,0.983386948,0.973431734,0.960655177,0.94298837,0.920611194,0.893804223,0.830106486,0.768212184,0.70806869,0.649640399,0.592738091,0.537347131,0.483400178,0.430791789,0.379501285,0.329461382,0.280615667,0.232936909,0.186311001,0.14071122,0.096161616,0.052596538,0.010006254,0.010001303,0.009996453,0.009991381,0.009986411,0.010012202,0.010006816,0.010006816,0.010006816,0.010006816,0.010006816,0.010006816,0.010006816,0.010006816,0.010006816,0.010006816,0.010006816,0.010006816,0.010006816,0.010006816,0.010006816,0.010006816,0.010006816,0.010006816,0.010006816,0.010006816,0.010006816,0.010006816,0.010006816,0.010006816,0.010006816,0.010006816,0.010006816,0.010006816,0.010006816,0.010006816,0.010006816,0.010006816,0.010006816,0.010006816,0.010006816,0.010006816,0.010006816,0.010006816,0.010006816,0.010006816,0.010006816,0.010006816,0.010006816,0.010006816,0.010006816
Accelerated Transition,TAS,Motorcycle,PHEV,0,0,0,0,0,0,0,0,0.000726041,0.001431525,0.002117149,0.002745341,0.003394485,0.004026341,0.004642008,0.005241935,0.005826789,0.006397655,0.006954496,0.007463467,0.007995589,0.008515566,0.009023569,0.009520639,0.010006254,0.010001303,0.009996453,0.009991381,0.009986411,0.010012202,0.010006816,0.010006816,0.010006816,0.010006816,0.010006816,0.010006816,0.010006816,0.010006816,0.010006816,0.010006816,0.010006816,0.010006816,0.010006816,0.010006816,0.010006816,0.010006816,0.010006816,0.010006816,0.010006816,0.010006816,0.010006816,0.010006816,0.010006816,0.010006816,0.010006816,0.010006816,0.010006816,0.010006816,0.010006816,0.010006816,0.010006816,0.010006816,0.010006816,0.010006816,0.010006816,0.010006816,0.010006816,0.010006816,0.010006816,0.010006816,0.010006816,0.010006816,0.010006816,0.010006816,0.010006816
Accelerated Transition,TAS,Rigid Truck,BEV,0.002131091,0.001285706,0.002383274,0.003942181,0.005938972,0.018285999,0.045590795,0.086285366,0.154542959,0.218893291,0.279766031,0.337213225,0.391445343,0.442592815,0.490778928,0.53571023,0.57631289,0.613959454,0.648943893,0.681325685,0.711295573,0.739043888,0.764693252,0.788330951,0.809994794,0.809998596,0.810005728,0.810004504,0.809990735,0.809996499,0.810005102,0.810005102,0.810005102,0.810005102,0.810005102,0.810005102,0.810005102,0.810005102,0.810005102,0.810005102,0.810005102,0.810005102,0.810005102,0.810005102,0.810005102,0.810005102,0.810005102,0.810005102,0.810005102,0.810005102,0.810005102,0.810005102,0.810005102,0.810005102,0.810005102,0.810005102,0.810005102,0.810005102,0.810005102,0.810005102,0.810005102,0.810005102,0.810005102,0.810005102,0.810005102,0.810005102,0.810005102,0.810005102,0.810005102,0.810005102,0.810005102,0.810005102,0.810005102,0.810005102,0.810005102
Accelerated Transition,TAS,Rigid Truck,FCEV,0,0,0,0,0,0.001096163,0.003287565,0.006428002,0.015234697,0.02350532,0.031325823,0.038756748,0.045728829,0.052311873,0.058555754,0.064342758,0.069592361,0.074500303,0.079026515,0.083224313,0.087141927,0.090745363,0.094079755,0.097152728,0.100005784,0.100014043,0.100002728,0.099992052,0.100010294,0.099989998,0.10000243,0.10000243,0.10000243,0.10000243,0.10000243,0.10000243,0.10000243,0.10000243,0.10000243,0.10000243,0.10000243,0.10000243,0.10000243,0.10000243,0.10000243,0.10000243,0.10000243,0.10000243,0.10000243,0.10000243,0.10000243,0.10000243,0.10000243,0.10000243,0.10000243,0.10000243,0.10000243,0.10000243,0.10000243,0.10000243,0.10000243,0.10000243,0.10000243,0.10000243,0.10000243,0.10000243,0.10000243,0.10000243,0.10000243,0.10000243,0.10000243,0.10000243,0.10000243,0.10000243,0.10000243
Accelerated Transition,TAS,Rigid Truck,Hybrid,0,0,0,0,0,0,0,0,0.004666484,0.009037083,0.013214905,0.017164305,0.020853003,0.024377573,0.027702124,0.030808826,0.033602644,0.036234724,0.038683583,0.040924491,0.043033854,0.044993523,0.046779141,0.048457231,0.050002892,0.049992979,0.050001364,0.049996026,0.050005147,0.050007501,0.050001215,0.050001215,0.050001215,0.050001215,0.050001215,0.050001215,0.050001215,0.050001215,0.050001215,0.050001215,0.050001215,0.050001215,0.050001215,0.050001215,0.050001215,0.050001215,0.050001215,0.050001215,0.050001215,0.050001215,0.050001215,0.050001215,0.050001215,0.050001215,0.050001215,0.050001215,0.050001215,0.050001215,0.050001215,0.050001215,0.050001215,0.050001215,0.050001215,0.050001215,0.050001215,0.050001215,0.050001215,0.050001215,0.050001215,0.050001215,0.050001215,0.050001215,0.050001215,0.050001215,0.050001215
Accelerated Transition,TAS,Rigid Truck,ICE,0.997868909,0.998714294,0.997616726,0.996057819,0.994061028,0.980169407,0.949816283,0.904706048,0.819471132,0.739126564,0.66312825,0.591346154,0.523664874,0.459777005,0.399540892,0.343401082,0.29265516,0.245519649,0.201749231,0.161215659,0.123665365,0.088912762,0.056809816,0.027192042,0,0,0,0,0,0,0,0,0,0,0,0,0,0,0,0,0,0,0,0,0,0,0,0,0,0,0,0,0,0,0,0,0,0,0,0,0,0,0,0,0,0,0,0,0,0,0,0,0,0,0
Accelerated Transition,TAS,Rigid Truck,PHEV,0,0,0,0,0,0.00044843,0.001305357,0.002580585,0.006084729,0.009437742,0.012564991,0.015519568,0.018307951,0.020940735,0.023422302,0.025737103,0.027836945,0.02978587,0.031596778,0.033309852,0.034863281,0.036304465,0.037638037,0.038867048,0.03999653,0.039994383,0.03999018,0.040007419,0.039993823,0.040006001,0.039991253,0.039991253,0.039991253,0.039991253,0.039991253,0.039991253,0.039991253,0.039991253,0.039991253,0.039991253,0.039991253,0.039991253,0.039991253,0.039991253,0.039991253,0.039991253,0.039991253,0.039991253,0.039991253,0.039991253,0.039991253,0.039991253,0.039991253,0.039991253,0.039991253,0.039991253,0.039991253,0.039991253,0.039991253,0.039991253,0.039991253,0.039991253,0.039991253,0.039991253,0.039991253,0.039991253,0.039991253,0.039991253,0.039991253,0.039991253,0.039991253,0.039991253,0.039991253,0.039991253,0.039991253
Accelerated Transition,TAS,Small Light Commercial,BEV,0.007286466,0.011111111,0.016718507,0.023498031,0.031421446,0.046138784,0.067794576,0.095456685,0.165296909,0.232790989,0.297841405,0.360708004,0.421223255,0.479706757,0.53619555,0.589925105,0.641482825,0.691036803,0.738631947,0.783902346,0.827047263,0.868227732,0.907387387,0.944513165,0.980064141,0.979931973,0.979974969,0.98002456,0.980078721,0.979982662,0.980047947,0.980047947,0.980047947,0.980047947,0.980047947,0.980047947,0.980047947,0.980047947,0.980047947,0.980047947,0.980047947,0.980047947,0.980047947,0.980047947,0.980047947,0.980047947,0.980047947,0.980047947,0.980047947,0.980047947,0.980047947,0.980047947,0.980047947,0.980047947,0.980047947,0.980047947,0.980047947,0.980047947,0.980047947,0.980047947,0.980047947,0.980047947,0.980047947,0.980047947,0.980047947,0.980047947,0.980047947,0.980047947,0.980047947,0.980047947,0.980047947,0.980047947,0.980047947,0.980047947,0.980047947
Accelerated Transition,TAS,Small Light Commercial,FCEV,0,0,0,0,0,0,0,0,0,0,0,0,0,0,0,0,0,0,0,0,0,0,0,0,0,0,0,0,0,0,0,0,0,0,0,0,0,0,0,0,0,0,0,0,0,0,0,0,0,0,0,0,0,0,0,0,0,0,0,0,0,0,0,0,0,0,0,0,0,0,0,0,0,0,0
Accelerated Transition,TAS,Small Light Commercial,Hybrid,0,0,0,0,0,0,0,0,0.000810279,0.0015929,0.002236886,0.002968338,0.003674087,0.004356141,0.005014102,0.005540166,0.006144857,0.006727345,0.007287213,0.007724585,0.008235845,0.0087236,0.009189189,0.009630677,0.009967929,0.010034014,0.010012516,0.00998772,0.009960639,0.010008669,0.009976027,0.009976027,0.009976027,0.009976027,0.009976027,0.009976027,0.009976027,0.009976027,0.009976027,0.009976027,0.009976027,0.009976027,0.009976027,0.009976027,0.009976027,0.009976027,0.009976027,0.009976027,0.009976027,0.009976027,0.009976027,0.009976027,0.009976027,0.009976027,0.009976027,0.009976027,0.009976027,0.009976027,0.009976027,0.009976027,0.009976027,0.009976027,0.009976027,0.009976027,0.009976027,0.009976027,0.009976027,0.009976027,0.009976027,0.009976027,0.009976027,0.009976027,0.009976027,0.009976027,0.009976027
Accelerated Transition,TAS,Small Light Commercial,ICE,0.990419646,0.982407407,0.969155003,0.95186079,0.931047382,0.906743361,0.878569714,0.847457627,0.780182892,0.715325976,0.652947098,0.592568162,0.534363518,0.478219295,0.424005014,0.372627475,0.323159061,0.2757222,0.23017878,0.187011253,0.145811886,0.106427916,0.069099099,0.033751546,0,0,0,0,0,0,0,0,0,0,0,0,0,0,0,0,0,0,0,0,0,0,0,0,0,0,0,0,0,0,0,0,0,0,0,0,0,0,0,0,0,0,0,0,0,0,0,0,0,0,0
Accelerated Transition,TAS,Small Light Commercial,PHEV,0.002293887,0.006481481,0.01412649,0.024641179,0.037531172,0.047117856,0.053635709,0.057085687,0.05370992,0.050290135,0.046974611,0.043755497,0.04073914,0.037717807,0.034785334,0.031907254,0.029213257,0.026513653,0.02390206,0.021361816,0.018905007,0.016620753,0.014324324,0.012104612,0.009967929,0.010034014,0.010012516,0.00998772,0.009960639,0.010008669,0.009976027,0.009976027,0.009976027,0.009976027,0.009976027,0.009976027,0.009976027,0.009976027,0.009976027,0.009976027,0.009976027,0.009976027,0.009976027,0.009976027,0.009976027,0.009976027,0.009976027,0.009976027,0.009976027,0.009976027,0.009976027,0.009976027,0.009976027,0.009976027,0.009976027,0.009976027,0.009976027,0.009976027,0.009976027,0.009976027,0.009976027,0.009976027,0.009976027,0.009976027,0.009976027,0.009976027,0.009976027,0.009976027,0.009976027,0.009976027,0.009976027,0.009976027,0.009976027,0.009976027,0.009976027
Accelerated Transition,TAS,Small Residential,BEV,0.042983916,0.052590899,0.060011449,0.063673059,0.065197144,0.073362097,0.087804063,0.108080869,0.167402129,0.225633449,0.282717838,0.338742658,0.39356553,0.447220958,0.499753559,0.551169794,0.601548911,0.650919281,0.699388081,0.747062926,0.794098884,0.840660499,0.886962434,0.934292622,0.979992513,0.980005881,0.979988348,0.979996235,0.980003731,0.980010599,0.979993893,0.979993893,0.979993893,0.979993893,0.979993893,0.979993893,0.979993893,0.979993893,0.979993893,0.979993893,0.979993893,0.979993893,0.979993893,0.979993893,0.979993893,0.979993893,0.979993893,0.979993893,0.979993893,0.979993893,0.979993893,0.979993893,0.979993893,0.979993893,0.979993893,0.979993893,0.979993893,0.979993893,0.979993893,0.979993893,0.979993893,0.979993893,0.979993893,0.979993893,0.979993893,0.979993893,0.979993893,0.979993893,0.979993893,0.979993893,0.979993893,0.979993893,0.979993893,0.979993893,0.979993893
Accelerated Transition,TAS,Small Residential,FCEV,0,0,0,0,0,0,0,0,0,0,0,0,0,0,0,0,0,0,0,0,0,0,0,0,0,0,0,0,0,0,0,0,0,0,0,0,0,0,0,0,0,0,0,0,0,0,0,0,0,0,0,0,0,0,0,0,0,0,0,0,0,0,0,0,0,0,0,0,0,0,0,0,0,0,0
Accelerated Transition,TAS,Small Residential,Hybrid,0,0,0,0,0,0,0,0,0.000685769,0.001344463,0.002005299,0.002639403,0.003274686,0.003882694,0.004492262,0.005089094,0.005660013,0.00623334,0.006782552,0.00733598,0.007868155,0.008407791,0.008943632,0.009475901,0.010003743,0.00999706,0.010005826,0.010001882,0.009998135,0.009994701,0.010003053,0.010003053,0.010003053,0.010003053,0.010003053,0.010003053,0.010003053,0.010003053,0.010003053,0.010003053,0.010003053,0.010003053,0.010003053,0.010003053,0.010003053,0.010003053,0.010003053,0.010003053,0.010003053,0.010003053,0.010003053,0.010003053,0.010003053,0.010003053,0.010003053,0.010003053,0.010003053,0.010003053,0.010003053,0.010003053,0.010003053,0.010003053,0.010003053,0.010003053,0.010003053,0.010003053,0.010003053,0.010003053,0.010003053,0.010003053,0.010003053,0.010003053,0.010003053,0.010003053,0.010003053
Accelerated Transition,TAS,Small Residential,ICE,0.943639685,0.926041029,0.907963363,0.891878308,0.875830487,0.857083634,0.835665558,0.811817443,0.756522258,0.702253084,0.64908737,0.596925531,0.545895871,0.496003527,0.447156074,0.399347481,0.352535962,0.306650263,0.261595321,0.217263022,0.17351143,0.130136264,0.086965049,0.042687048,0,0,0,0,0,0,0,0,0,0,0,0,0,0,0,0,0,0,0,0,0,0,0,0,0,0,0,0,0,0,0,0,0,0,0,0,0,0,0,0,0,0,0,0,0,0,0,0,0,0,0
Accelerated Transition,TAS,Small Residential,PHEV,0.013376399,0.021368072,0.032025188,0.044448633,0.058972369,0.069554269,0.07653038,0.080101688,0.075389845,0.070769003,0.066189493,0.061692408,0.057263914,0.052892821,0.048598105,0.044393631,0.040255115,0.036197116,0.032234045,0.028338072,0.024521531,0.020795446,0.017128885,0.013544429,0.010003743,0.00999706,0.010005826,0.010001882,0.009998135,0.009994701,0.010003053,0.010003053,0.010003053,0.010003053,0.010003053,0.010003053,0.010003053,0.010003053,0.010003053,0.010003053,0.010003053,0.010003053,0.010003053,0.010003053,0.010003053,0.010003053,0.010003053,0.010003053,0.010003053,0.010003053,0.010003053,0.010003053,0.010003053,0.010003053,0.010003053,0.010003053,0.010003053,0.010003053,0.010003053,0.010003053,0.010003053,0.010003053,0.010003053,0.010003053,0.010003053,0.010003053,0.010003053,0.010003053,0.010003053,0.010003053,0.010003053,0.010003053,0.010003053,0.010003053,0.010003053
Accelerated Transition,VIC,Articulated Truck,BEV,0,5.2105E-05,0.000176732,0.0025,0.015940159,0.034210098,0.05783969,0.085653152,0.135430772,0.181836797,0.225147184,0.265612102,0.303371204,0.338618714,0.371480964,0.402004096,0.430277577,0.456418736,0.480567713,0.502853131,0.523373012,0.542271023,0.55962853,0.575519045,0.589989623,0.590005721,0.589997464,0.589995193,0.590005123,0.589999558,0.590002685,0.590002685,0.590002685,0.590002685,0.590002685,0.590002685,0.590002685,0.590002685,0.590002685,0.590002685,0.590002685,0.590002685,0.590002685,0.590002685,0.590002685,0.590002685,0.590002685,0.590002685,0.590002685,0.590002685,0.590002685,0.590002685,0.590002685,0.590002685,0.590002685,0.590002685,0.590002685,0.590002685,0.590002685,0.590002685,0.590002685,0.590002685,0.590002685,0.590002685,0.590002685,0.590002685,0.590002685,0.590002685,0.590002685,0.590002685,0.590002685,0.590002685,0.590002685,0.590002685,0.590002685
Accelerated Transition,VIC,Articulated Truck,FCEV,0,0,0,0,0,0.002790763,0.0084528,0.016702692,0.034656398,0.05141804,0.067100125,0.081741568,0.095408989,0.108200148,0.120118757,0.131197211,0.141495505,0.151015995,0.159834802,0.167976219,0.175485852,0.18242323,0.188798715,0.194648423,0.200002562,0.199997513,0.200002415,0.200002345,0.2,0.199997789,0.2,0.2,0.2,0.2,0.2,0.2,0.2,0.2,0.2,0.2,0.2,0.2,0.2,0.2,0.2,0.2,0.2,0.2,0.2,0.2,0.2,0.2,0.2,0.2,0.2,0.2,0.2,0.2,0.2,0.2,0.2,0.2,0.2,0.2,0.2,0.2,0.2,0.2,0.2,0.2,0.2,0.2,0.2,0.2,0.2
Accelerated Transition,VIC,Articulated Truck,Hybrid,0,0,0,0,0,0,0,0,0,0,0,0,0,0,0,0,0,0,0,0,0,0,0,0,0,0,0,0,0,0,0,0,0,0,0,0,0,0,0,0,0,0,0,0,0,0,0,0,0,0,0,0,0,0,0,0,0,0,0,0,0,0,0,0,0,0,0,0,0,0,0,0,0,0,0
Accelerated Transition,VIC,Articulated Truck,ICE,1,0.999947895,0.999823268,0.99747549,0.984035943,0.962813089,0.933234154,0.896748979,0.828114421,0.764124091,0.704343172,0.648518938,0.596403801,0.547739599,0.502357667,0.460214289,0.421123433,0.384996979,0.351584171,0.320760636,0.292350914,0.266178969,0.242122607,0.22009879,0.200002562,0.199997513,0.200002415,0.200002345,0.2,0.199997789,0.2,0.2,0.2,0.2,0.2,0.2,0.2,0.2,0.2,0.2,0.2,0.2,0.2,0.2,0.2,0.2,0.2,0.2,0.2,0.2,0.2,0.2,0.2,0.2,0.2,0.2,0.2,0.2,0.2,0.2,0.2,0.2,0.2,0.2,0.2,0.2,0.2,0.2,0.2,0.2,0.2,0.2,0.2,0.2,0.2
Accelerated Transition,VIC,Articulated Truck,PHEV,0,0,0,2.45098E-05,2.38983E-05,0.000186051,0.000473357,0.000895177,0.001798409,0.002621071,0.003409519,0.004127392,0.004816006,0.005441539,0.006042613,0.006584404,0.007103484,0.00756829,0.008013314,0.008410014,0.008790222,0.009126778,0.009450148,0.009733742,0.010005252,0.009999254,0.009997706,0.010000117,0.009994877,0.010004864,0.009997315,0.009997315,0.009997315,0.009997315,0.009997315,0.009997315,0.009997315,0.009997315,0.009997315,0.009997315,0.009997315,0.009997315,0.009997315,0.009997315,0.009997315,0.009997315,0.009997315,0.009997315,0.009997315,0.009997315,0.009997315,0.009997315,0.009997315,0.009997315,0.009997315,0.009997315,0.009997315,0.009997315,0.009997315,0.009997315,0.009997315,0.009997315,0.009997315,0.009997315,0.009997315,0.009997315,0.009997315,0.009997315,0.009997315,0.009997315,0.009997315,0.009997315,0.009997315,0.009997315,0.009997315
Accelerated Transition,VIC,Bus,BEV,0.011960548,0.006997315,0.013577998,0.022535814,0.034481305,0.064089734,0.101183089,0.14470869,0.196522026,0.245203861,0.29210188,0.337732335,0.382160873,0.425505635,0.467746237,0.508935626,0.54916388,0.588436123,0.626813697,0.664324634,0.70102764,0.736897422,0.771988776,0.806386405,0.840014911,0.839990609,0.840017263,0.839993428,0.839997397,0.840001288,0.840010207,0.840010207,0.840010207,0.840010207,0.840010207,0.840010207,0.840010207,0.840010207,0.840010207,0.840010207,0.840010207,0.840010207,0.840010207,0.840010207,0.840010207,0.840010207,0.840010207,0.840010207,0.840010207,0.840010207,0.840010207,0.840010207,0.840010207,0.840010207,0.840010207,0.840010207,0.840010207,0.840010207,0.840010207,0.840010207,0.840010207,0.840010207,0.840010207,0.840010207,0.840010207,0.840010207,0.840010207,0.840010207,0.840010207,0.840010207,0.840010207,0.840010207,0.840010207,0.840010207,0.840010207
Accelerated Transition,VIC,Bus,FCEV,0,0.000396074,0.001041124,0.001796023,0.002697804,0.004419982,0.006825515,0.009792627,0.016359665,0.022687467,0.028764262,0.034716443,0.040511477,0.046124749,0.051628882,0.056962263,0.062207358,0.06732746,0.072293964,0.077179524,0.081927711,0.086603139,0.091176776,0.095624764,0.100003389,0.100010061,0.09999336,0.1,0.10000976,0.099987115,0.099993621,0.099993621,0.099993621,0.099993621,0.099993621,0.099993621,0.099993621,0.099993621,0.099993621,0.099993621,0.099993621,0.099993621,0.099993621,0.099993621,0.099993621,0.099993621,0.099993621,0.099993621,0.099993621,0.099993621,0.099993621,0.099993621,0.099993621,0.099993621,0.099993621,0.099993621,0.099993621,0.099993621,0.099993621,0.099993621,0.099993621,0.099993621,0.099993621,0.099993621,0.099993621,0.099993621,0.099993621,0.099993621,0.099993621,0.099993621,0.099993621,0.099993621,0.099993621,0.099993621,0.099993621
Accelerated Transition,VIC,Bus,Hybrid,0,0,0,0,0,0,0,0,0.001442288,0.002810476,0.004178049,0.005508659,0.006804051,0.008028408,0.009258906,0.010459385,0.011594203,0.01273862,0.013856645,0.01494838,0.015981573,0.017026345,0.01804829,0.019015315,0.0199939,0.019988597,0.019985393,0.020013145,0.020008459,0.020003865,0.019998724,0.019998724,0.019998724,0.019998724,0.019998724,0.019998724,0.019998724,0.019998724,0.019998724,0.019998724,0.019998724,0.019998724,0.019998724,0.019998724,0.019998724,0.019998724,0.019998724,0.019998724,0.019998724,0.019998724,0.019998724,0.019998724,0.019998724,0.019998724,0.019998724,0.019998724,0.019998724,0.019998724,0.019998724,0.019998724,0.019998724,0.019998724,0.019998724,0.019998724,0.019998724,0.019998724,0.019998724,0.019998724,0.019998724,0.019998724,0.019998724,0.019998724,0.019998724,0.019998724,0.019998724
Accelerated Transition,VIC,Bus,ICE,0.988039452,0.99260661,0.985380878,0.975668163,0.962820891,0.931073305,0.890750393,0.84315339,0.780607409,0.721599935,0.664711554,0.609321127,0.555351347,0.502817662,0.451552677,0.401595244,0.352805648,0.305139501,0.258596924,0.213077144,0.168603827,0.125070067,0.082481727,0.040805838,0,0,0,0,0,0,0,0,0,0,0,0,0,0,0,0,0,0,0,0,0,0,0,0,0,0,0,0,0,0,0,0,0,0,0,0,0,0,0,0,0,0,0,0,0,0,0,0,0,0,0
Accelerated Transition,VIC,Bus,PHEV,0,0,0,0,0,0.000416979,0.001241003,0.002345293,0.005068612,0.007698261,0.010244255,0.012721436,0.015172252,0.017523545,0.019813298,0.022047481,0.024228911,0.026358297,0.02843877,0.030470318,0.032459249,0.034403027,0.036304431,0.038167677,0.0399878,0.040010732,0.040003984,0.039993428,0.039984384,0.040007731,0.039997448,0.039997448,0.039997448,0.039997448,0.039997448,0.039997448,0.039997448,0.039997448,0.039997448,0.039997448,0.039997448,0.039997448,0.039997448,0.039997448,0.039997448,0.039997448,0.039997448,0.039997448,0.039997448,0.039997448,0.039997448,0.039997448,0.039997448,0.039997448,0.039997448,0.039997448,0.039997448,0.039997448,0.039997448,0.039997448,0.039997448,0.039997448,0.039997448,0.039997448,0.039997448,0.039997448,0.039997448,0.039997448,0.039997448,0.039997448,0.039997448,0.039997448,0.039997448,0.039997448,0.039997448
Accelerated Transition,VIC,Large Light Commercial,BEV,0.000441092,0.004021271,0.011068496,0.021015807,0.033646875,0.05514293,0.085544949,0.123660574,0.19082257,0.254522427,0.315043676,0.372712923,0.4277546,0.480415728,0.530873073,0.579227409,0.625531665,0.669827328,0.712218869,0.752766119,0.791536413,0.828619918,0.864025782,0.897815588,0.929999977,0.930000008,0.930000007,0.930000203,0.93000022,0.930000014,0.929999836,0.929999836,0.929999836,0.929999836,0.929999836,0.929999836,0.929999836,0.929999836,0.929999836,0.929999836,0.929999836,0.929999836,0.929999836,0.929999836,0.929999836,0.929999836,0.929999836,0.929999836,0.929999836,0.929999836,0.929999836,0.929999836,0.929999836,0.929999836,0.929999836,0.929999836,0.929999836,0.929999836,0.929999836,0.929999836,0.929999836,0.929999836,0.929999836,0.929999836,0.929999836,0.929999836,0.929999836,0.929999836,0.929999836,0.929999836,0.929999836,0.929999836,0.929999836,0.929999836,0.929999836
Accelerated Transition,VIC,Large Light Commercial,FCEV,0,9.03947E-06,2.52245E-05,4.92548E-05,7.8215E-05,9.98604E-05,0.000113338,0.00011937,0.000109882,0.000100769,9.10465E-05,8.2813E-05,7.49746E-05,6.65426E-05,5.94357E-05,5.26351E-05,4.52096E-05,3.89658E-05,3.29684E-05,2.72042E-05,2.08294E-05,1.55176E-05,1.04087E-05,4.71015E-06,0,0,0,0,0,0,0,0,0,0,0,0,0,0,0,0,0,0,0,0,0,0,0,0,0,0,0,0,0,0,0,0,0,0,0,0,0,0,0,0,0,0,0,0,0,0,0,0,0,0,0
Accelerated Transition,VIC,Large Light Commercial,Hybrid,0.006133025,0.009107908,0.013440857,0.018306791,0.023774943,0.026612217,0.027439227,0.026823655,0.025451278,0.024125268,0.022858881,0.021656603,0.020512451,0.019425631,0.01839016,0.017400065,0.016449962,0.01553586,0.014656187,0.013807855,0.012990908,0.012203399,0.011443212,0.010709318,0.010000223,0.009999676,0.009999682,0.009999971,0.009999766,0.010000097,0.010000218,0.010000218,0.010000218,0.010000218,0.010000218,0.010000218,0.010000218,0.010000218,0.010000218,0.010000218,0.010000218,0.010000218,0.010000218,0.010000218,0.010000218,0.010000218,0.010000218,0.010000218,0.010000218,0.010000218,0.010000218,0.010000218,0.010000218,0.010000218,0.010000218,0.010000218,0.010000218,0.010000218,0.010000218,0.010000218,0.010000218,0.010000218,0.010000218,0.010000218,0.010000218,0.010000218,0.010000218,0.010000218,0.010000218,0.010000218,0.010000218,0.010000218,0.010000218,0.010000218,0.010000218
Accelerated Transition,VIC,Large Light Commercial,ICE,0.993276652,0.986487289,0.974708689,0.959368454,0.940619198,0.915019949,0.881911038,0.841992117,0.771832788,0.70531299,0.642119977,0.581899507,0.524419514,0.469418832,0.41671313,0.366201969,0.317835184,0.271570696,0.227299741,0.184961663,0.144485529,0.105776401,0.068825814,0.03357083,0,0,0,0,0,0,0,0,0,0,0,0,0,0,0,0,0,0,0,0,0,0,0,0,0,0,0,0,0,0,0,0,0,0,0,0,0,0,0,0,0,0,0,0,0,0,0,0,0,0,0
Accelerated Transition,VIC,Large Light Commercial,PHEV,0.000149232,0.000374492,0.000756734,0.001259692,0.001880769,0.003125044,0.004991448,0.007404284,0.011783482,0.015938545,0.019886419,0.023648154,0.02723846,0.030673267,0.033964201,0.037117922,0.04013798,0.04302715,0.045792235,0.048437159,0.05096632,0.053384765,0.055694784,0.057899554,0.0599998,0.060000317,0.060000311,0.059999826,0.060000014,0.059999889,0.059999945,0.059999945,0.059999945,0.059999945,0.059999945,0.059999945,0.059999945,0.059999945,0.059999945,0.059999945,0.059999945,0.059999945,0.059999945,0.059999945,0.059999945,0.059999945,0.059999945,0.059999945,0.059999945,0.059999945,0.059999945,0.059999945,0.059999945,0.059999945,0.059999945,0.059999945,0.059999945,0.059999945,0.059999945,0.059999945,0.059999945,0.059999945,0.059999945,0.059999945,0.059999945,0.059999945,0.059999945,0.059999945,0.059999945,0.059999945,0.059999945,0.059999945,0.059999945,0.059999945,0.059999945
Accelerated Transition,VIC,Large Residential,BEV,0.008162127,0.019587142,0.039413646,0.065885533,0.099131044,0.132783799,0.167078218,0.201940473,0.25041188,0.298032586,0.344688132,0.390535881,0.435371992,0.479265026,0.522268293,0.564445744,0.605887812,0.646738123,0.686946543,0.726698762,0.766430773,0.806359434,0.846714755,0.888882344,0.930000077,0.929999792,0.929999889,0.930000098,0.930000035,0.930000112,0.929999893,0.929999893,0.929999893,0.929999893,0.929999893,0.929999893,0.929999893,0.929999893,0.929999893,0.929999893,0.929999893,0.929999893,0.929999893,0.929999893,0.929999893,0.929999893,0.929999893,0.929999893,0.929999893,0.929999893,0.929999893,0.929999893,0.929999893,0.929999893,0.929999893,0.929999893,0.929999893,0.929999893,0.929999893,0.929999893,0.929999893,0.929999893,0.929999893,0.929999893,0.929999893,0.929999893,0.929999893,0.929999893,0.929999893,0.929999893,0.929999893,0.929999893,0.929999893,0.929999893,0.929999893
Accelerated Transition,VIC,Large Residential,FCEV,1.99246E-06,2.9518E-06,4.86246E-06,6.72949E-06,9.03478E-06,1.03579E-05,1.16587E-05,1.20153E-05,1.1457E-05,1.04517E-05,9.45845E-06,8.92934E-06,7.96282E-06,7.45019E-06,6.51189E-06,6.0209E-06,5.11332E-06,4.64568E-06,3.76804E-06,3.32165E-06,2.47282E-06,2.04755E-06,1.22209E-06,8.12522E-07,0,0,0,0,0,0,0,0,0,0,0,0,0,0,0,0,0,0,0,0,0,0,0,0,0,0,0,0,0,0,0,0,0,0,0,0,0,0,0,0,0,0,0,0,0,0,0,0,0,0,0
Accelerated Transition,VIC,Large Residential,Hybrid,0.074430965,0.087605896,0.098726911,0.10301981,0.104070692,0.102756195,0.099733483,0.095605861,0.089899082,0.084271825,0.078700192,0.073227738,0.067816675,0.062486935,0.057246936,0.052102691,0.047056989,0.042114323,0.037262577,0.032504375,0.027847692,0.023281423,0.01879413,0.014389764,0.009999931,0.010000144,0.010000016,0.010000098,0.010000051,0.009999818,0.010000015,0.010000015,0.010000015,0.010000015,0.010000015,0.010000015,0.010000015,0.010000015,0.010000015,0.010000015,0.010000015,0.010000015,0.010000015,0.010000015,0.010000015,0.010000015,0.010000015,0.010000015,0.010000015,0.010000015,0.010000015,0.010000015,0.010000015,0.010000015,0.010000015,0.010000015,0.010000015,0.010000015,0.010000015,0.010000015,0.010000015,0.010000015,0.010000015,0.010000015,0.010000015,0.010000015,0.010000015,0.010000015,0.010000015,0.010000015,0.010000015,0.010000015,0.010000015,0.010000015,0.010000015
Accelerated Transition,VIC,Large Residential,ICE,0.91463838,0.888568182,0.85593016,0.823504275,0.787407798,0.753187767,0.719943106,0.687152625,0.641411889,0.596495509,0.552549819,0.509361298,0.467187435,0.42593306,0.385534129,0.345916004,0.30697959,0.268566974,0.230745205,0.193312282,0.155797718,0.117980448,0.079628598,0.039263091,0,0,0,0,0,0,0,0,0,0,0,0,0,0,0,0,0,0,0,0,0,0,0,0,0,0,0,0,0,0,0,0,0,0,0,0,0,0,0,0,0,0,0,0,0,0,0,0,0,0,0
Accelerated Transition,VIC,Large Residential,PHEV,0.002766536,0.004235829,0.005924422,0.007583652,0.009381431,0.011261882,0.013233535,0.015289026,0.018265692,0.021189627,0.024052398,0.026866154,0.029615936,0.03230753,0.03494413,0.03752954,0.040070496,0.042575935,0.045041907,0.047481259,0.049921344,0.052376649,0.054861295,0.057463989,0.059999992,0.060000064,0.060000095,0.059999803,0.059999914,0.06000007,0.060000092,0.060000092,0.060000092,0.060000092,0.060000092,0.060000092,0.060000092,0.060000092,0.060000092,0.060000092,0.060000092,0.060000092,0.060000092,0.060000092,0.060000092,0.060000092,0.060000092,0.060000092,0.060000092,0.060000092,0.060000092,0.060000092,0.060000092,0.060000092,0.060000092,0.060000092,0.060000092,0.060000092,0.060000092,0.060000092,0.060000092,0.060000092,0.060000092,0.060000092,0.060000092,0.060000092,0.060000092,0.060000092,0.060000092,0.060000092,0.060000092,0.060000092,0.060000092,0.060000092,0.060000092
Accelerated Transition,VIC,Medium Light Commercial,BEV,0.006772977,0.01522072,0.029838286,0.049058707,0.072759846,0.101757478,0.136348272,0.175397151,0.239765395,0.301316906,0.360192394,0.416557693,0.470510466,0.522183526,0.571679038,0.619054995,0.664353214,0.707599104,0.748906267,0.788348916,0.825997662,0.861961781,0.896246033,0.928921083,0.959998057,0.959999841,0.959997198,0.960002137,0.960000449,0.960001468,0.959998417,0.959998417,0.959998417,0.959998417,0.959998417,0.959998417,0.959998417,0.959998417,0.959998417,0.959998417,0.959998417,0.959998417,0.959998417,0.959998417,0.959998417,0.959998417,0.959998417,0.959998417,0.959998417,0.959998417,0.959998417,0.959998417,0.959998417,0.959998417,0.959998417,0.959998417,0.959998417,0.959998417,0.959998417,0.959998417,0.959998417,0.959998417,0.959998417,0.959998417,0.959998417,0.959998417,0.959998417,0.959998417,0.959998417,0.959998417,0.959998417,0.959998417,0.959998417,0.959998417,0.959998417
Accelerated Transition,VIC,Medium Light Commercial,FCEV,0,0,6.32435E-06,6.19272E-06,1.21459E-05,1.1907E-05,1.16557E-05,1.14124E-05,1.11823E-05,1.09514E-05,1.07243E-05,1.05035E-05,1.02885E-05,5.03999E-06,4.93878E-06,4.84022E-06,4.74392E-06,4.64948E-06,4.55722E-06,4.4671E-06,4.37907E-06,0,0,0,0,0,0,0,0,0,0,0,0,0,0,0,0,0,0,0,0,0,0,0,0,0,0,0,0,0,0,0,0,0,0,0,0,0,0,0,0,0,0,0,0,0,0,0,0,0,0,0,0,0,0
Accelerated Transition,VIC,Medium Light Commercial,Hybrid,0.006271763,0.009348209,0.013742814,0.018342829,0.023004281,0.025367927,0.026003846,0.025403999,0.024237646,0.023101985,0.021995582,0.020933445,0.019903185,0.018915091,0.017957418,0.017037589,0.01614357,0.015282828,0.014446389,0.013642516,0.012861328,0.012107109,0.011382292,0.010677728,0.010000486,0.010001032,0.010001673,0.009998512,0.009998952,0.009999633,0.010000396,0.010000396,0.010000396,0.010000396,0.010000396,0.010000396,0.010000396,0.010000396,0.010000396,0.010000396,0.010000396,0.010000396,0.010000396,0.010000396,0.010000396,0.010000396,0.010000396,0.010000396,0.010000396,0.010000396,0.010000396,0.010000396,0.010000396,0.010000396,0.010000396,0.010000396,0.010000396,0.010000396,0.010000396,0.010000396,0.010000396,0.010000396,0.010000396,0.010000396,0.010000396,0.010000396,0.010000396,0.010000396,0.010000396,0.010000396,0.010000396,0.010000396,0.010000396,0.010000396,0.010000396
Accelerated Transition,VIC,Medium Light Commercial,ICE,0.98466023,0.972168565,0.952257477,0.927817686,0.898946346,0.866891313,0.83078268,0.791295764,0.726268353,0.664109514,0.604680094,0.547782977,0.493335597,0.441200929,0.391265267,0.34347199,0.297795025,0.254191503,0.212557877,0.172814137,0.134888487,0.098672941,0.064155884,0.031269605,0,0,0,0,0,0,0,0,0,0,0,0,0,0,0,0,0,0,0,0,0,0,0,0,0,0,0,0,0,0,0,0,0,0,0,0,0,0,0,0,0,0,0,0,0,0,0,0,0,0,0
Accelerated Transition,VIC,Medium Light Commercial,PHEV,0.00229503,0.003262506,0.004155098,0.004774585,0.005277381,0.005971376,0.006853546,0.007891674,0.009717423,0.011460643,0.013121206,0.014715382,0.016240464,0.017695413,0.019093338,0.020430586,0.021703448,0.022921917,0.02408491,0.025189963,0.026248144,0.027258169,0.028215792,0.029131583,0.030001457,0.029999127,0.030001129,0.029999351,0.030000599,0.029998899,0.030001188,0.030001188,0.030001188,0.030001188,0.030001188,0.030001188,0.030001188,0.030001188,0.030001188,0.030001188,0.030001188,0.030001188,0.030001188,0.030001188,0.030001188,0.030001188,0.030001188,0.030001188,0.030001188,0.030001188,0.030001188,0.030001188,0.030001188,0.030001188,0.030001188,0.030001188,0.030001188,0.030001188,0.030001188,0.030001188,0.030001188,0.030001188,0.030001188,0.030001188,0.030001188,0.030001188,0.030001188,0.030001188,0.030001188,0.030001188,0.030001188,0.030001188,0.030001188,0.030001188,0.030001188
Accelerated Transition,VIC,Medium Residential,BEV,0.030097234,0.048055847,0.073999717,0.104728735,0.14168003,0.177959539,0.213904148,0.249503985,0.297747829,0.345135742,0.39153868,0.43713437,0.481691086,0.525277241,0.567926806,0.609671448,0.650546532,0.6906283,0.729784442,0.768150264,0.806152037,0.844016257,0.882017467,0.922101541,0.960000057,0.960000455,0.960000019,0.96000013,0.959999815,0.960000128,0.959999819,0.959999819,0.959999819,0.959999819,0.959999819,0.959999819,0.959999819,0.959999819,0.959999819,0.959999819,0.959999819,0.959999819,0.959999819,0.959999819,0.959999819,0.959999819,0.959999819,0.959999819,0.959999819,0.959999819,0.959999819,0.959999819,0.959999819,0.959999819,0.959999819,0.959999819,0.959999819,0.959999819,0.959999819,0.959999819,0.959999819,0.959999819,0.959999819,0.959999819,0.959999819,0.959999819,0.959999819,0.959999819,0.959999819,0.959999819,0.959999819,0.959999819,0.959999819,0.959999819,0.959999819
Accelerated Transition,VIC,Medium Residential,FCEV,7.1764E-06,8.2691E-06,9.92431E-06,1.15419E-05,1.31307E-05,1.46967E-05,1.5677E-05,1.609E-05,1.48556E-05,1.36394E-05,1.2978E-05,1.17924E-05,1.06219E-05,9.46979E-06,8.85844E-06,7.7412E-06,6.64446E-06,6.07474E-06,5.01322E-06,3.97188E-06,3.44376E-06,2.43923E-06,1.45264E-06,9.64036E-07,0,0,0,0,0,0,0,0,0,0,0,0,0,0,0,0,0,0,0,0,0,0,0,0,0,0,0,0,0,0,0,0,0,0,0,0,0,0,0,0,0,0,0,0,0,0,0,0,0,0,0
Accelerated Transition,VIC,Medium Residential,Hybrid,0.074604087,0.084171711,0.092090561,0.093929513,0.093189573,0.091007908,0.087791151,0.083924779,0.079006168,0.074156092,0.069353253,0.064635021,0.059968411,0.055369346,0.050845382,0.046398714,0.042031814,0.037747913,0.033536937,0.029405836,0.025364793,0.021411054,0.017537735,0.013761134,0.010000105,0.009999768,0.009999878,0.009999851,0.010000162,0.009999854,0.010000045,0.010000045,0.010000045,0.010000045,0.010000045,0.010000045,0.010000045,0.010000045,0.010000045,0.010000045,0.010000045,0.010000045,0.010000045,0.010000045,0.010000045,0.010000045,0.010000045,0.010000045,0.010000045,0.010000045,0.010000045,0.010000045,0.010000045,0.010000045,0.010000045,0.010000045,0.010000045,0.010000045,0.010000045,0.010000045,0.010000045,0.010000045,0.010000045,0.010000045,0.010000045,0.010000045,0.010000045,0.010000045,0.010000045,0.010000045,0.010000045,0.010000045,0.010000045,0.010000045,0.010000045
Accelerated Transition,VIC,Medium Residential,ICE,0.88508905,0.854013258,0.817456389,0.783720662,0.747184183,0.712714868,0.679570137,0.64737811,0.603305326,0.560035266,0.51772576,0.476151015,0.435587931,0.395946719,0.357184432,0.319265845,0.282152273,0.245760086,0.2102389,0.17544006,0.140913384,0.106428878,0.071712044,0.034739043,0,0,0,0,0,0,0,0,0,0,0,0,0,0,0,0,0,0,0,0,0,0,0,0,0,0,0,0,0,0,0,0,0,0,0,0,0,0,0,0,0,0,0,0,0,0,0,0,0,0,0
Accelerated Transition,VIC,Medium Residential,PHEV,0.010202452,0.013750915,0.016443409,0.017609547,0.017933083,0.018302989,0.018718887,0.019177036,0.019925821,0.020659261,0.021369328,0.022067802,0.02274195,0.023397225,0.024034521,0.024656252,0.025262737,0.025857626,0.026434708,0.026999868,0.027566342,0.028141372,0.028731302,0.029397318,0.029999837,0.029999777,0.030000103,0.030000019,0.030000023,0.030000018,0.030000136,0.030000136,0.030000136,0.030000136,0.030000136,0.030000136,0.030000136,0.030000136,0.030000136,0.030000136,0.030000136,0.030000136,0.030000136,0.030000136,0.030000136,0.030000136,0.030000136,0.030000136,0.030000136,0.030000136,0.030000136,0.030000136,0.030000136,0.030000136,0.030000136,0.030000136,0.030000136,0.030000136,0.030000136,0.030000136,0.030000136,0.030000136,0.030000136,0.030000136,0.030000136,0.030000136,0.030000136,0.030000136,0.030000136,0.030000136,0.030000136,0.030000136,0.030000136,0.030000136,0.030000136
Accelerated Transition,VIC,Motorcycle,BEV,0.005266397,0.014631681,0.03226072,0.056668702,0.088066114,0.121844974,0.157961481,0.196235702,0.251955839,0.306227823,0.359032631,0.41047933,0.460632793,0.509562842,0.557319087,0.603969592,0.649526689,0.694044744,0.737573889,0.780143792,0.821827621,0.862636821,0.902580541,0.941701275,0.980000395,0.979997849,0.980001548,0.979998914,0.980002719,0.980000626,0.979999008,0.979999008,0.979999008,0.979999008,0.979999008,0.979999008,0.979999008,0.979999008,0.979999008,0.979999008,0.979999008,0.979999008,0.979999008,0.979999008,0.979999008,0.979999008,0.979999008,0.979999008,0.979999008,0.979999008,0.979999008,0.979999008,0.979999008,0.979999008,0.979999008,0.979999008,0.979999008,0.979999008,0.979999008,0.979999008,0.979999008,0.979999008,0.979999008,0.979999008,0.979999008,0.979999008,0.979999008,0.979999008,0.979999008,0.979999008,0.979999008,0.979999008,0.979999008,0.979999008,0.979999008
Accelerated Transition,VIC,Motorcycle,FCEV,0,0,4.33204E-06,4.26947E-06,8.4157E-06,8.29724E-06,1.22723E-05,1.21039E-05,1.19441E-05,7.85895E-06,7.75633E-06,7.65641E-06,7.55935E-06,7.46514E-06,7.37365E-06,3.6425E-06,3.59932E-06,3.55729E-06,3.51641E-06,3.47659E-06,3.43796E-06,0,0,0,0,0,0,0,0,0,0,0,0,0,0,0,0,0,0,0,0,0,0,0,0,0,0,0,0,0,0,0,0,0,0,0,0,0,0,0,0,0,0,0,0,0,0,0,0,0,0,0,0,0,0
Accelerated Transition,VIC,Motorcycle,Hybrid,0,0,0,0,0,0,0,0,0,0,0,0,0,0,0,0,0,0,0,0,0,0,0,0,0,0,0,0,0,0,0,0,0,0,0,0,0,0,0,0,0,0,0,0,0,0,0,0,0,0,0,0,0,0,0,0,0,0,0,0,0,0,0,0,0,0,0,0,0,0,0,0,0,0,0
Accelerated Transition,VIC,Motorcycle,ICE,0.994733603,0.985368319,0.967734948,0.943327029,0.911925471,0.878146728,0.842026246,0.803752194,0.747319555,0.692361496,0.638880917,0.586775847,0.535984398,0.486428379,0.438061319,0.390821638,0.344682,0.299594825,0.255512851,0.212398918,0.170185994,0.128858951,0.088405056,0.048788036,0.009999802,0.010001075,0.009999226,0.010000543,0.009998641,0.009999687,0.010000496,0.010000496,0.010000496,0.010000496,0.010000496,0.010000496,0.010000496,0.010000496,0.010000496,0.010000496,0.010000496,0.010000496,0.010000496,0.010000496,0.010000496,0.010000496,0.010000496,0.010000496,0.010000496,0.010000496,0.010000496,0.010000496,0.010000496,0.010000496,0.010000496,0.010000496,0.010000496,0.010000496,0.010000496,0.010000496,0.010000496,0.010000496,0.010000496,0.010000496,0.010000496,0.010000496,0.010000496,0.010000496,0.010000496,0.010000496,0.010000496,0.010000496,0.010000496,0.010000496,0.010000496
Accelerated Transition,VIC,Motorcycle,PHEV,0,0,0,0,0,0,0,0,0.000712662,0.001402822,0.002078696,0.002737167,0.00337525,0.004001314,0.00461222,0.005205127,0.005787712,0.006356874,0.006909744,0.007453813,0.007982948,0.008504228,0.009014403,0.009510689,0.009999802,0.010001075,0.009999226,0.010000543,0.009998641,0.009999687,0.010000496,0.010000496,0.010000496,0.010000496,0.010000496,0.010000496,0.010000496,0.010000496,0.010000496,0.010000496,0.010000496,0.010000496,0.010000496,0.010000496,0.010000496,0.010000496,0.010000496,0.010000496,0.010000496,0.010000496,0.010000496,0.010000496,0.010000496,0.010000496,0.010000496,0.010000496,0.010000496,0.010000496,0.010000496,0.010000496,0.010000496,0.010000496,0.010000496,0.010000496,0.010000496,0.010000496,0.010000496,0.010000496,0.010000496,0.010000496,0.010000496,0.010000496,0.010000496,0.010000496,0.010000496
Accelerated Transition,VIC,Rigid Truck,BEV,0.002756478,0.001996198,0.003337433,0.005586373,0.009245564,0.027112721,0.063485033,0.11631693,0.182359026,0.244198708,0.302334415,0.356920042,0.408101624,0.456112045,0.501072608,0.543249721,0.582582098,0.61913916,0.653114281,0.68462316,0.713822373,0.740879358,0.765881589,0.788900115,0.809999726,0.809999674,0.809999942,0.809999553,0.810001926,0.810000079,0.809998515,0.809998515,0.809998515,0.809998515,0.809998515,0.809998515,0.809998515,0.809998515,0.809998515,0.809998515,0.809998515,0.809998515,0.809998515,0.809998515,0.809998515,0.809998515,0.809998515,0.809998515,0.809998515,0.809998515,0.809998515,0.809998515,0.809998515,0.809998515,0.809998515,0.809998515,0.809998515,0.809998515,0.809998515,0.809998515,0.809998515,0.809998515,0.809998515,0.809998515,0.809998515,0.809998515,0.809998515,0.809998515,0.809998515,0.809998515,0.809998515,0.809998515,0.809998515,0.809998515,0.809998515
Accelerated Transition,VIC,Rigid Truck,FCEV,0,0,5.77411E-06,1.12064E-05,2.18313E-05,0.00141804,0.004233709,0.008309779,0.016973682,0.025109474,0.032757776,0.039948099,0.046691348,0.053025954,0.058958818,0.06453246,0.069732322,0.074576056,0.079080763,0.08326436,0.087150643,0.090754381,0.094093027,0.097170273,0.100000305,0.099999704,0.099999425,0.100001117,0.100000271,0.100000791,0.100000512,0.100000512,0.100000512,0.100000512,0.100000512,0.100000512,0.100000512,0.100000512,0.100000512,0.100000512,0.100000512,0.100000512,0.100000512,0.100000512,0.100000512,0.100000512,0.100000512,0.100000512,0.100000512,0.100000512,0.100000512,0.100000512,0.100000512,0.100000512,0.100000512,0.100000512,0.100000512,0.100000512,0.100000512,0.100000512,0.100000512,0.100000512,0.100000512,0.100000512,0.100000512,0.100000512,0.100000512,0.100000512,0.100000512,0.100000512,0.100000512,0.100000512,0.100000512,0.100000512,0.100000512
Accelerated Transition,VIC,Rigid Truck,Hybrid,0,0,0,0,0,0,0,0,0.004686582,0.00909258,0.013244063,0.01714791,0.02081068,0.024256241,0.027488877,0.030522003,0.033361769,0.036009571,0.038474369,0.040771043,0.042906458,0.044888585,0.046730028,0.04843295,0.049998628,0.050001332,0.049999712,0.050000559,0.049998779,0.050000395,0.050000256,0.050000256,0.050000256,0.050000256,0.050000256,0.050000256,0.050000256,0.050000256,0.050000256,0.050000256,0.050000256,0.050000256,0.050000256,0.050000256,0.050000256,0.050000256,0.050000256,0.050000256,0.050000256,0.050000256,0.050000256,0.050000256,0.050000256,0.050000256,0.050000256,0.050000256,0.050000256,0.050000256,0.050000256,0.050000256,0.050000256,0.050000256,0.050000256,0.050000256,0.050000256,0.050000256,0.050000256,0.050000256,0.050000256,0.050000256,0.050000256,0.050000256,0.050000256,0.050000256,0.050000256
Accelerated Transition,VIC,Rigid Truck,ICE,0.997243522,0.998003802,0.996651019,0.994391214,0.990705315,0.970869094,0.930550691,0.872007431,0.789152384,0.711521511,0.638529515,0.569978049,0.505695645,0.445371073,0.388874189,0.335864638,0.286414743,0.2404321,0.197687404,0.158026535,0.12125411,0.087171271,0.055656207,0.026627924,0,0,0,0,0,0,0,0,0,0,0,0,0,0,0,0,0,0,0,0,0,0,0,0,0,0,0,0,0,0,0,0,0,0,0,0,0,0,0,0,0,0,0,0,0,0,0,0,0,0,0
Accelerated Transition,VIC,Rigid Truck,PHEV,0,0,5.77411E-06,1.12064E-05,2.72892E-05,0.000600144,0.001730567,0.00336586,0.006828325,0.010077728,0.01313423,0.016005901,0.018700702,0.021234688,0.023605508,0.025831178,0.027909068,0.029843114,0.031643183,0.033314901,0.034866416,0.036306406,0.037639149,0.038868737,0.040001342,0.039999289,0.04000092,0.039998771,0.039999023,0.039998735,0.040000717,0.040000717,0.040000717,0.040000717,0.040000717,0.040000717,0.040000717,0.040000717,0.040000717,0.040000717,0.040000717,0.040000717,0.040000717,0.040000717,0.040000717,0.040000717,0.040000717,0.040000717,0.040000717,0.040000717,0.040000717,0.040000717,0.040000717,0.040000717,0.040000717,0.040000717,0.040000717,0.040000717,0.040000717,0.040000717,0.040000717,0.040000717,0.040000717,0.040000717,0.040000717,0.040000717,0.040000717,0.040000717,0.040000717,0.040000717,0.040000717,0.040000717,0.040000717,0.040000717,0.040000717
Accelerated Transition,VIC,Small Light Commercial,BEV,0.020672303,0.035886818,0.059396958,0.08821139,0.122854495,0.159722348,0.199345417,0.240617217,0.301535836,0.359728582,0.415338287,0.468566666,0.519493162,0.568237755,0.614938197,0.659600242,0.70228046,0.74300027,0.781870279,0.818949062,0.854326499,0.888092461,0.920266208,0.950882453,0.97998913,0.979989583,0.979997149,0.979989517,0.979989721,0.97999664,0.980010105,0.980010105,0.980010105,0.980010105,0.980010105,0.980010105,0.980010105,0.980010105,0.980010105,0.980010105,0.980010105,0.980010105,0.980010105,0.980010105,0.980010105,0.980010105,0.980010105,0.980010105,0.980010105,0.980010105,0.980010105,0.980010105,0.980010105,0.980010105,0.980010105,0.980010105,0.980010105,0.980010105,0.980010105,0.980010105,0.980010105,0.980010105,0.980010105,0.980010105,0.980010105,0.980010105,0.980010105,0.980010105,0.980010105,0.980010105,0.980010105,0.980010105,0.980010105,0.980010105,0.980010105
Accelerated Transition,VIC,Small Light Commercial,FCEV,0,0,0,1.89011E-05,1.85357E-05,1.81709E-05,1.77876E-05,1.74158E-05,1.70648E-05,1.67129E-05,1.63661E-05,1.60292E-05,1.57013E-05,1.53827E-05,1.50739E-05,0,0,0,0,0,0,0,0,0,0,0,0,0,0,0,0,0,0,0,0,0,0,0,0,0,0,0,0,0,0,0,0,0,0,0,0,0,0,0,0,0,0,0,0,0,0,0,0,0,0,0,0,0,0,0,0,0,0,0,0
Accelerated Transition,VIC,Small Light Commercial,Hybrid,0,0,0,0,0,0,0,0,0.000819113,0.001587726,0.002340349,0.003045555,0.003736909,0.004399459,0.005019596,0.005628518,0.00621154,0.006754935,0.007288609,0.007785231,0.00827341,0.008740319,0.009173369,0.009599274,0.010005435,0.010005209,0.010001425,0.010005241,0.01000514,0.01000168,0.009994948,0.009994948,0.009994948,0.009994948,0.009994948,0.009994948,0.009994948,0.009994948,0.009994948,0.009994948,0.009994948,0.009994948,0.009994948,0.009994948,0.009994948,0.009994948,0.009994948,0.009994948,0.009994948,0.009994948,0.009994948,0.009994948,0.009994948,0.009994948,0.009994948,0.009994948,0.009994948,0.009994948,0.009994948,0.009994948,0.009994948,0.009994948,0.009994948,0.009994948,0.009994948,0.009994948,0.009994948,0.009994948,0.009994948,0.009994948,0.009994948,0.009994948,0.009994948,0.009994948,0.009994948
Accelerated Transition,VIC,Small Light Commercial,ICE,0.972322866,0.954668244,0.929503513,0.900240044,0.865912882,0.829302419,0.789875309,0.748741706,0.687030717,0.628087709,0.571748879,0.517840541,0.46626576,0.416887152,0.369596021,0.324371039,0.281155433,0.23992791,0.200561946,0.163026287,0.12720201,0.09302478,0.060462009,0.029465489,0,0,0,0,0,0,0,0,0,0,0,0,0,0,0,0,0,0,0,0,0,0,0,0,0,0,0,0,0,0,0,0,0,0,0,0,0,0,0,0,0,0,0,0,0,0,0,0,0,0,0
Accelerated Transition,VIC,Small Light Commercial,PHEV,0.007004831,0.009444937,0.011099529,0.011529665,0.011214087,0.010957062,0.010761486,0.010623661,0.01059727,0.010579269,0.010556119,0.010531209,0.010488467,0.010460251,0.010431112,0.010400201,0.010352566,0.010316886,0.010279165,0.01023942,0.010198081,0.01014244,0.010098415,0.010052783,0.010005435,0.010005209,0.010001425,0.010005241,0.01000514,0.01000168,0.009994948,0.009994948,0.009994948,0.009994948,0.009994948,0.009994948,0.009994948,0.009994948,0.009994948,0.009994948,0.009994948,0.009994948,0.009994948,0.009994948,0.009994948,0.009994948,0.009994948,0.009994948,0.009994948,0.009994948,0.009994948,0.009994948,0.009994948,0.009994948,0.009994948,0.009994948,0.009994948,0.009994948,0.009994948,0.009994948,0.009994948,0.009994948,0.009994948,0.009994948,0.009994948,0.009994948,0.009994948,0.009994948,0.009994948,0.009994948,0.009994948,0.009994948,0.009994948,0.009994948,0.009994948
Accelerated Transition,VIC,Small Residential,BEV,0.069092721,0.09695405,0.130479416,0.164129869,0.201733118,0.238070212,0.273522652,0.308119778,0.35437976,0.399806622,0.444255618,0.487930629,0.530573728,0.572263103,0.613034034,0.652912202,0.691924074,0.730128911,0.767346657,0.803665515,0.839446324,0.874804501,0.909871126,0.945437503,0.979999738,0.979999547,0.980000342,0.980000805,0.980000882,0.980000687,0.980000825,0.980000825,0.980000825,0.980000825,0.980000825,0.980000825,0.980000825,0.980000825,0.980000825,0.980000825,0.980000825,0.980000825,0.980000825,0.980000825,0.980000825,0.980000825,0.980000825,0.980000825,0.980000825,0.980000825,0.980000825,0.980000825,0.980000825,0.980000825,0.980000825,0.980000825,0.980000825,0.980000825,0.980000825,0.980000825,0.980000825,0.980000825,0.980000825,0.980000825,0.980000825,0.980000825,0.980000825,0.980000825,0.980000825,0.980000825,0.980000825,0.980000825,0.980000825,0.980000825,0.980000825
Accelerated Transition,VIC,Small Residential,FCEV,1.64745E-05,1.7627E-05,1.87623E-05,1.98722E-05,2.09694E-05,2.20598E-05,2.31358E-05,2.29264E-05,2.14725E-05,2.00392E-05,1.86206E-05,1.7227E-05,1.58495E-05,1.32849E-05,1.19618E-05,1.06618E-05,9.38516E-06,8.13246E-06,6.90151E-06,5.69356E-06,4.5106E-06,3.35142E-06,2.21452E-06,1.09885E-06,0,0,0,0,0,0,0,0,0,0,0,0,0,0,0,0,0,0,0,0,0,0,0,0,0,0,0,0,0,0,0,0,0,0,0,0,0,0,0,0,0,0,0,0,0,0,0,0,0,0,0
Accelerated Transition,VIC,Small Residential,Hybrid,0,0,0,0,0,0,0,0,0.000682068,0.001351392,0.00200978,0.002656652,0.003289385,0.003910586,0.004517964,0.005114093,0.005697962,0.006268966,0.006827894,0.0073743,0.007910465,0.008439983,0.008963282,0.009487505,0.010000131,0.010000227,0.009999829,0.009999597,0.009999559,0.009999657,0.009999588,0.009999588,0.009999588,0.009999588,0.009999588,0.009999588,0.009999588,0.009999588,0.009999588,0.009999588,0.009999588,0.009999588,0.009999588,0.009999588,0.009999588,0.009999588,0.009999588,0.009999588,0.009999588,0.009999588,0.009999588,0.009999588,0.009999588,0.009999588,0.009999588,0.009999588,0.009999588,0.009999588,0.009999588,0.009999588,0.009999588,0.009999588,0.009999588,0.009999588,0.009999588,0.009999588,0.009999588,0.009999588,0.009999588,0.009999588,0.009999588,0.009999588,0.009999588,0.009999588,0.009999588
Accelerated Transition,VIC,Small Residential,ICE,0.907469543,0.872164761,0.833749007,0.799211206,0.763130097,0.728195226,0.694046138,0.660658243,0.615116646,0.570401385,0.526665268,0.483690322,0.441751787,0.400761344,0.360682348,0.321486534,0.283147781,0.245607309,0.209046729,0.173376908,0.138228462,0.103482792,0.069010075,0.034002938,0,0,0,0,0,0,0,0,0,0,0,0,0,0,0,0,0,0,0,0,0,0,0,0,0,0,0,0,0,0,0,0,0,0,0,0,0,0,0,0,0,0,0,0,0,0,0,0,0,0,0
Accelerated Transition,VIC,Small Residential,PHEV,0.023421261,0.030863561,0.035752815,0.036639053,0.035115816,0.033712502,0.032408074,0.031199052,0.029800053,0.028420562,0.027050714,0.025705169,0.02436925,0.023051682,0.021753693,0.02047651,0.019220798,0.017986681,0.016771819,0.015577583,0.014410239,0.013269373,0.012153303,0.011070954,0.010000131,0.010000227,0.009999829,0.009999597,0.009999559,0.009999657,0.009999588,0.009999588,0.009999588,0.009999588,0.009999588,0.009999588,0.009999588,0.009999588,0.009999588,0.009999588,0.009999588,0.009999588,0.009999588,0.009999588,0.009999588,0.009999588,0.009999588,0.009999588,0.009999588,0.009999588,0.009999588,0.009999588,0.009999588,0.009999588,0.009999588,0.009999588,0.009999588,0.009999588,0.009999588,0.009999588,0.009999588,0.009999588,0.009999588,0.009999588,0.009999588,0.009999588,0.009999588,0.009999588,0.009999588,0.009999588,0.009999588,0.009999588,0.009999588,0.009999588,0.009999588
Accelerated Transition,WEM,Articulated Truck,BEV,0,0,4.30663E-05,0.000710346,0.007770229,0.020127328,0.038212658,0.061042956,0.113539312,0.162496096,0.208096949,0.250633405,0.290304326,0.327265532,0.361685191,0.393627045,0.423214138,0.450551805,0.475792642,0.499069978,0.520468548,0.540202487,0.558308171,0.574875263,0.590010965,0.589994574,0.590006484,0.590005902,0.590001719,0.590000928,0.589992612,0.589992612,0.589992612,0.589992612,0.589992612,0.589992612,0.589992612,0.589992612,0.589992612,0.589992612,0.589992612,0.589992612,0.589992612,0.589992612,0.589992612,0.589992612,0.589992612,0.589992612,0.589992612,0.589992612,0.589992612,0.589992612,0.589992612,0.589992612,0.589992612,0.589992612,0.589992612,0.589992612,0.589992612,0.589992612,0.589992612,0.589992612,0.589992612,0.589992612,0.589992612,0.589992612,0.589992612,0.589992612,0.589992612,0.589992612,0.589992612,0.589992612,0.589992612,0.589992612,0.589992612
Accelerated Transition,WEM,Articulated Truck,FCEV,0,0,0,0,0,0.002412116,0.007274955,0.014343427,0.032726881,0.049838615,0.065829669,0.080718508,0.094598843,0.107576634,0.119637961,0.130856865,0.141237313,0.150835744,0.159721862,0.167906696,0.175462095,0.182403889,0.188786714,0.194655727,0.1999957,0.200004174,0.199991895,0.2,0.200003821,0.2,0.200003604,0.200003604,0.200003604,0.200003604,0.200003604,0.200003604,0.200003604,0.200003604,0.200003604,0.200003604,0.200003604,0.200003604,0.200003604,0.200003604,0.200003604,0.200003604,0.200003604,0.200003604,0.200003604,0.200003604,0.200003604,0.200003604,0.200003604,0.200003604,0.200003604,0.200003604,0.200003604,0.200003604,0.200003604,0.200003604,0.200003604,0.200003604,0.200003604,0.200003604,0.200003604,0.200003604,0.200003604,0.200003604,0.200003604,0.200003604,0.200003604,0.200003604,0.200003604,0.200003604,0.200003604
Accelerated Transition,WEM,Articulated Truck,Hybrid,0,0,0,0,0,0,0,0,0,0,0,0,0,0,0,0,0,0,0,0,0,0,0,0,0,0,0,0,0,0,0,0,0,0,0,0,0,0,0,0,0,0,0,0,0,0,0,0,0,0,0,0,0,0,0,0,0,0,0,0,0,0,0,0,0,0,0,0,0,0,0,0,0,0,0
Accelerated Transition,WEM,Articulated Truck,ICE,1,1,0.999956934,0.999289654,0.992189089,0.977302384,0.954091205,0.923835292,0.852047224,0.785131711,0.722750008,0.6645878,0.610349598,0.55976987,0.51266252,0.468948976,0.428468708,0.391058609,0.356494214,0.324627991,0.295277987,0.268260449,0.243457773,0.220734006,0.1999957,0.200004174,0.199991895,0.2,0.200003821,0.2,0.200003604,0.200003604,0.200003604,0.200003604,0.200003604,0.200003604,0.200003604,0.200003604,0.200003604,0.200003604,0.200003604,0.200003604,0.200003604,0.200003604,0.200003604,0.200003604,0.200003604,0.200003604,0.200003604,0.200003604,0.200003604,0.200003604,0.200003604,0.200003604,0.200003604,0.200003604,0.200003604,0.200003604,0.200003604,0.200003604,0.200003604,0.200003604,0.200003604,0.200003604,0.200003604,0.200003604,0.200003604,0.200003604,0.200003604,0.200003604,0.200003604,0.200003604,0.200003604,0.200003604,0.200003604
Accelerated Transition,WEM,Articulated Truck,PHEV,0,0,0,0,4.06818E-05,0.000158172,0.000421182,0.000778325,0.001686583,0.002533579,0.003323374,0.004060287,0.004747233,0.005387964,0.006014328,0.006567113,0.007079842,0.007553841,0.007991282,0.008395335,0.008791369,0.009133174,0.009447342,0.009735004,0.009997635,0.009997078,0.010009726,0.009994098,0.00999064,0.009999072,0.01000018,0.01000018,0.01000018,0.01000018,0.01000018,0.01000018,0.01000018,0.01000018,0.01000018,0.01000018,0.01000018,0.01000018,0.01000018,0.01000018,0.01000018,0.01000018,0.01000018,0.01000018,0.01000018,0.01000018,0.01000018,0.01000018,0.01000018,0.01000018,0.01000018,0.01000018,0.01000018,0.01000018,0.01000018,0.01000018,0.01000018,0.01000018,0.01000018,0.01000018,0.01000018,0.01000018,0.01000018,0.01000018,0.01000018,0.01000018,0.01000018,0.01000018,0.01000018,0.01000018,0.01000018
Accelerated Transition,WEM,Bus,BEV,0.009060862,0.004439948,0.008089539,0.013057969,0.019990301,0.039398625,0.066705459,0.100747054,0.155290642,0.206679499,0.256644433,0.305258896,0.352612127,0.398747905,0.443741483,0.487625547,0.530397228,0.572225608,0.613110957,0.653037865,0.692102286,0.730246085,0.767631183,0.804227016,0.839991344,0.839972586,0.839989824,0.839971461,0.839988366,0.840004937,0.839993482,0.839993482,0.839993482,0.839993482,0.839993482,0.839993482,0.839993482,0.839993482,0.839993482,0.839993482,0.839993482,0.839993482,0.839993482,0.839993482,0.839993482,0.839993482,0.839993482,0.839993482,0.839993482,0.839993482,0.839993482,0.839993482,0.839993482,0.839993482,0.839993482,0.839993482,0.839993482,0.839993482,0.839993482,0.839993482,0.839993482,0.839993482,0.839993482,0.839993482,0.839993482,0.839993482,0.839993482,0.839993482,0.839993482,0.839993482,0.839993482,0.839993482,0.839993482,0.839993482,0.839993482
Accelerated Transition,WEM,Bus,FCEV,0,0.000112404,0.000332447,0.000546359,0.000808233,0.001919283,0.003650021,0.006050084,0.012870556,0.019403839,0.025756798,0.031938047,0.037958246,0.043872622,0.049591201,0.055168437,0.060604622,0.06591964,0.0711142,0.076232773,0.08119484,0.086040268,0.090788426,0.095436048,0.10002164,0.100017134,0.100016959,0.100012591,0.100012465,0.100012342,0.100004073,0.100004073,0.100004073,0.100004073,0.100004073,0.100004073,0.100004073,0.100004073,0.100004073,0.100004073,0.100004073,0.100004073,0.100004073,0.100004073,0.100004073,0.100004073,0.100004073,0.100004073,0.100004073,0.100004073,0.100004073,0.100004073,0.100004073,0.100004073,0.100004073,0.100004073,0.100004073,0.100004073,0.100004073,0.100004073,0.100004073,0.100004073,0.100004073,0.100004073,0.100004073,0.100004073,0.100004073,0.100004073,0.100004073,0.100004073,0.100004073,0.100004073,0.100004073,0.100004073,0.100004073
Accelerated Transition,WEM,Bus,Hybrid,0,0,0,0,0,0,0,0,0.001424201,0.002809135,0.004207286,0.005517032,0.006792528,0.008035098,0.009246642,0.01042818,0.011627355,0.01275259,0.013852212,0.014926056,0.015976465,0.01704698,0.0180515,0.0190347,0.019995672,0.020003427,0.020011871,0.020019306,0.019985873,0.01999424,0.020000815,0.020000815,0.020000815,0.020000815,0.020000815,0.020000815,0.020000815,0.020000815,0.020000815,0.020000815,0.020000815,0.020000815,0.020000815,0.020000815,0.020000815,0.020000815,0.020000815,0.020000815,0.020000815,0.020000815,0.020000815,0.020000815,0.020000815,0.020000815,0.020000815,0.020000815,0.020000815,0.020000815,0.020000815,0.020000815,0.020000815,0.020000815,0.020000815,0.020000815,0.020000815,0.020000815,0.020000815,0.020000815,0.020000815,0.020000815,0.020000815,0.020000815,0.020000815,0.020000815,0.020000815
Accelerated Transition,WEM,Bus,ICE,0.990939138,0.995447648,0.991578014,0.986395673,0.979201466,0.958308898,0.928639441,0.891256313,0.825720013,0.763772564,0.703488969,0.644834742,0.587753471,0.532091097,0.477856726,0.424960354,0.373309288,0.322893713,0.273615937,0.225447553,0.178366146,0.132304251,0.087248916,0.04314532,0,0,0,0,0,0,0,0,0,0,0,0,0,0,0,0,0,0,0,0,0,0,0,0,0,0,0,0,0,0,0,0,0,0,0,0,0,0,0,0,0,0,0,0,0,0,0,0,0,0,0
Accelerated Transition,WEM,Bus,PHEV,0,0,0,0,0,0.000373194,0.001005078,0.001946549,0.004694588,0.007334963,0.009902514,0.012451283,0.014883628,0.017253278,0.019563948,0.021817483,0.024061506,0.026208449,0.028306694,0.030355753,0.032360263,0.034362416,0.036279975,0.038156916,0.039991344,0.040006853,0.039981345,0.039996642,0.040013296,0.039988481,0.040001629,0.040001629,0.040001629,0.040001629,0.040001629,0.040001629,0.040001629,0.040001629,0.040001629,0.040001629,0.040001629,0.040001629,0.040001629,0.040001629,0.040001629,0.040001629,0.040001629,0.040001629,0.040001629,0.040001629,0.040001629,0.040001629,0.040001629,0.040001629,0.040001629,0.040001629,0.040001629,0.040001629,0.040001629,0.040001629,0.040001629,0.040001629,0.040001629,0.040001629,0.040001629,0.040001629,0.040001629,0.040001629,0.040001629,0.040001629,0.040001629,0.040001629,0.040001629,0.040001629,0.040001629
Accelerated Transition,WEM,Large Light Commercial,BEV,0.000303,0.000882615,0.001946356,0.003393833,0.005195849,0.017407502,0.040137316,0.072269663,0.146970786,0.217570428,0.284325013,0.347577037,0.40757425,0.464584157,0.518806382,0.570373928,0.619362236,0.6658365,0.709938196,0.751762094,0.791404594,0.828996983,0.86457351,0.898228869,0.930000634,0.930000861,0.92999995,0.929999927,0.929999692,0.929999734,0.929999955,0.929999955,0.929999955,0.929999955,0.929999955,0.929999955,0.929999955,0.929999955,0.929999955,0.929999955,0.929999955,0.929999955,0.929999955,0.929999955,0.929999955,0.929999955,0.929999955,0.929999955,0.929999955,0.929999955,0.929999955,0.929999955,0.929999955,0.929999955,0.929999955,0.929999955,0.929999955,0.929999955,0.929999955,0.929999955,0.929999955,0.929999955,0.929999955,0.929999955,0.929999955,0.929999955,0.929999955,0.929999955,0.929999955,0.929999955,0.929999955,0.929999955,0.929999955,0.929999955,0.929999955
Accelerated Transition,WEM,Large Light Commercial,FCEV,0,6.87752E-06,2.23462E-05,4.35665E-05,7.01854E-05,8.91948E-05,0.000100908,0.000106031,9.74823E-05,8.92787E-05,8.14633E-05,7.40482E-05,6.52864E-05,5.86355E-05,5.23058E-05,4.62703E-05,4.05048E-05,3.34704E-05,2.82348E-05,2.32284E-05,1.84408E-05,1.3863E-05,8.12982E-06,3.97352E-06,0,0,0,0,0,0,0,0,0,0,0,0,0,0,0,0,0,0,0,0,0,0,0,0,0,0,0,0,0,0,0,0,0,0,0,0,0,0,0,0,0,0,0,0,0,0,0,0,0,0,0
Accelerated Transition,WEM,Large Light Commercial,Hybrid,0.003892029,0.006270002,0.009999933,0.014535973,0.019856099,0.022752966,0.023780068,0.023430796,0.022336822,0.02127438,0.020257207,0.019293086,0.018374679,0.01750186,0.016672469,0.015878689,0.015117643,0.01438769,0.01368495,0.013009374,0.01236102,0.011736425,0.011135139,0.010557644,0.009999909,0.009999696,0.009999653,0.009999492,0.010000213,0.009999873,0.009999683,0.009999683,0.009999683,0.009999683,0.009999683,0.009999683,0.009999683,0.009999683,0.009999683,0.009999683,0.009999683,0.009999683,0.009999683,0.009999683,0.009999683,0.009999683,0.009999683,0.009999683,0.009999683,0.009999683,0.009999683,0.009999683,0.009999683,0.009999683,0.009999683,0.009999683,0.009999683,0.009999683,0.009999683,0.009999683,0.009999683,0.009999683,0.009999683,0.009999683,0.009999683,0.009999683,0.009999683,0.009999683,0.009999683,0.009999683,0.009999683,0.009999683,0.009999683,0.009999683,0.009999683
Accelerated Transition,WEM,Large Light Commercial,ICE,0.995701622,0.991607138,0.98457217,0.975428477,0.964335163,0.945626448,0.91856694,0.883890616,0.806784384,0.733956797,0.665118864,0.599892806,0.538030173,0.479248058,0.423338515,0.370175125,0.319681134,0.27179605,0.226368606,0.183302822,0.142499269,0.103820091,0.067234941,0.032638497,0,0,0,0,0,0,0,0,0,0,0,0,0,0,0,0,0,0,0,0,0,0,0,0,0,0,0,0,0,0,0,0,0,0,0,0,0,0,0,0,0,0,0,0,0,0,0,0,0,0,0
Accelerated Transition,WEM,Large Light Commercial,PHEV,0.000103349,0.001233368,0.003459195,0.006598151,0.010542704,0.014123889,0.017414768,0.020302894,0.023810525,0.027109117,0.030217453,0.033163022,0.035955612,0.03860729,0.041130328,0.043525988,0.045798482,0.047946289,0.049980013,0.051902481,0.053716675,0.055432637,0.05704828,0.058571016,0.059999456,0.059999443,0.060000396,0.060000581,0.060000095,0.060000393,0.060000362,0.060000362,0.060000362,0.060000362,0.060000362,0.060000362,0.060000362,0.060000362,0.060000362,0.060000362,0.060000362,0.060000362,0.060000362,0.060000362,0.060000362,0.060000362,0.060000362,0.060000362,0.060000362,0.060000362,0.060000362,0.060000362,0.060000362,0.060000362,0.060000362,0.060000362,0.060000362,0.060000362,0.060000362,0.060000362,0.060000362,0.060000362,0.060000362,0.060000362,0.060000362,0.060000362,0.060000362,0.060000362,0.060000362,0.060000362,0.060000362,0.060000362,0.060000362,0.060000362,0.060000362
Accelerated Transition,WEM,Large Residential,BEV,0.007364899,0.011740406,0.017998214,0.025437687,0.034365514,0.049612008,0.070834798,0.097608824,0.153718996,0.208759879,0.262657973,0.315499169,0.3671531,0.417666995,0.46709328,0.515499572,0.562985801,0.609687549,0.655768478,0.701387518,0.746737946,0.792021568,0.837445124,0.883973309,0.930000205,0.929999631,0.9300001,0.929999339,0.929999901,0.929999707,0.93000052,0.93000052,0.93000052,0.93000052,0.93000052,0.93000052,0.93000052,0.93000052,0.93000052,0.93000052,0.93000052,0.93000052,0.93000052,0.93000052,0.93000052,0.93000052,0.93000052,0.93000052,0.93000052,0.93000052,0.93000052,0.93000052,0.93000052,0.93000052,0.93000052,0.93000052,0.93000052,0.93000052,0.93000052,0.93000052,0.93000052,0.93000052,0.93000052,0.93000052,0.93000052,0.93000052,0.93000052,0.93000052,0.93000052,0.93000052,0.93000052,0.93000052,0.93000052,0.93000052,0.93000052
Accelerated Transition,WEM,Large Residential,FCEV,2.33658E-06,3.45984E-06,5.69492E-06,6.75008E-06,8.89492E-06,1.09975E-05,1.19703E-05,1.18503E-05,1.06717E-05,1.05711E-05,9.42106E-06,8.29287E-06,8.20926E-06,7.10954E-06,6.03129E-06,5.96979E-06,4.92511E-06,4.87763E-06,3.86643E-06,2.87509E-06,2.85269E-06,1.88861E-06,9.38658E-07,9.34817E-07,0,0,0,0,0,0,0,0,0,0,0,0,0,0,0,0,0,0,0,0,0,0,0,0,0,0,0,0,0,0,0,0,0,0,0,0,0,0,0,0,0,0,0,0,0,0,0,0,0,0,0
Accelerated Transition,WEM,Large Residential,Hybrid,0.062297886,0.074134087,0.085102554,0.091628997,0.096394223,0.097597482,0.096203129,0.09307662,0.087452804,0.081924201,0.076464425,0.071108259,0.065824944,0.060630128,0.055534111,0.050540266,0.045650878,0.040869622,0.036194656,0.031620228,0.02714242,0.022752082,0.018438055,0.014202676,0.009999572,0.010000184,0.010000247,0.010000353,0.009999758,0.010000169,0.009999674,0.009999674,0.009999674,0.009999674,0.009999674,0.009999674,0.009999674,0.009999674,0.009999674,0.009999674,0.009999674,0.009999674,0.009999674,0.009999674,0.009999674,0.009999674,0.009999674,0.009999674,0.009999674,0.009999674,0.009999674,0.009999674,0.009999674,0.009999674,0.009999674,0.009999674,0.009999674,0.009999674,0.009999674,0.009999674,0.009999674,0.009999674,0.009999674,0.009999674,0.009999674,0.009999674,0.009999674,0.009999674,0.009999674,0.009999674,0.009999674,0.009999674,0.009999674,0.009999674,0.009999674
Accelerated Transition,WEM,Large Residential,ICE,0.927831234,0.906708754,0.880958022,0.85550323,0.827357431,0.799933135,0.772277001,0.743756504,0.693661198,0.644538105,0.596511907,0.549432768,0.50348945,0.458605739,0.414711523,0.371726066,0.329543294,0.28801109,0.246962674,0.206236834,0.165634943,0.124961756,0.084013626,0.041768562,0,0,0,0,0,0,0,0,0,0,0,0,0,0,0,0,0,0,0,0,0,0,0,0,0,0,0,0,0,0,0,0,0,0,0,0,0,0,0,0,0,0,0,0,0,0,0,0,0,0,0
Accelerated Transition,WEM,Large Residential,PHEV,0.002503645,0.007413293,0.015935515,0.027423336,0.041873937,0.052846378,0.060673101,0.065546202,0.06515633,0.064767245,0.064356275,0.063951512,0.063524298,0.063090028,0.062655054,0.062228126,0.061815101,0.061426861,0.061070326,0.060752545,0.060481839,0.060262706,0.060102257,0.060054519,0.060000223,0.060000184,0.059999653,0.060000308,0.060000341,0.060000124,0.059999806,0.059999806,0.059999806,0.059999806,0.059999806,0.059999806,0.059999806,0.059999806,0.059999806,0.059999806,0.059999806,0.059999806,0.059999806,0.059999806,0.059999806,0.059999806,0.059999806,0.059999806,0.059999806,0.059999806,0.059999806,0.059999806,0.059999806,0.059999806,0.059999806,0.059999806,0.059999806,0.059999806,0.059999806,0.059999806,0.059999806,0.059999806,0.059999806,0.059999806,0.059999806,0.059999806,0.059999806,0.059999806,0.059999806,0.059999806,0.059999806,0.059999806,0.059999806,0.059999806,0.059999806
Accelerated Transition,WEM,Medium Light Commercial,BEV,0.004628924,0.007501575,0.011696691,0.01664755,0.022443677,0.037339581,0.06149244,0.093782394,0.16823904,0.239048407,0.306360634,0.370384124,0.431261221,0.489177564,0.544266417,0.596626879,0.646330168,0.693426923,0.738065032,0.780349817,0.820379154,0.858300263,0.894154286,0.928038562,0.959996514,0.960004982,0.960000513,0.959996489,0.96,0.960002639,0.959999061,0.959999061,0.959999061,0.959999061,0.959999061,0.959999061,0.959999061,0.959999061,0.959999061,0.959999061,0.959999061,0.959999061,0.959999061,0.959999061,0.959999061,0.959999061,0.959999061,0.959999061,0.959999061,0.959999061,0.959999061,0.959999061,0.959999061,0.959999061,0.959999061,0.959999061,0.959999061,0.959999061,0.959999061,0.959999061,0.959999061,0.959999061,0.959999061,0.959999061,0.959999061,0.959999061,0.959999061,0.959999061,0.959999061,0.959999061,0.959999061,0.959999061,0.959999061,0.959999061,0.959999061
Accelerated Transition,WEM,Medium Light Commercial,FCEV,0,0,0,1.09236E-05,1.06926E-05,1.04593E-05,1.02096E-05,9.96731E-06,9.73606E-06,9.50453E-06,9.27747E-06,9.0574E-06,8.84384E-06,8.63722E-06,8.43732E-06,8.24321E-06,8.05406E-06,7.86912E-06,0,0,0,0,0,0,0,0,0,0,0,0,0,0,0,0,0,0,0,0,0,0,0,0,0,0,0,0,0,0,0,0,0,0,0,0,0,0,0,0,0,0,0,0,0,0,0,0,0,0,0,0,0,0,0,0,0
Accelerated Transition,WEM,Medium Light Commercial,Hybrid,0.003972672,0.006562446,0.010556096,0.015161942,0.020176855,0.022874416,0.023798585,0.023433139,0.022392928,0.02138519,0.020401158,0.019464346,0.018554385,0.017689026,0.016849335,0.016049525,0.015270496,0.014518528,0.013801429,0.013103127,0.012437774,0.011790371,0.011173772,0.010573086,0.010000871,0.009997116,0.010001475,0.010000878,0.010001533,0.009997841,0.010001701,0.010001701,0.010001701,0.010001701,0.010001701,0.010001701,0.010001701,0.010001701,0.010001701,0.010001701,0.010001701,0.010001701,0.010001701,0.010001701,0.010001701,0.010001701,0.010001701,0.010001701,0.010001701,0.010001701,0.010001701,0.010001701,0.010001701,0.010001701,0.010001701,0.010001701,0.010001701,0.010001701,0.010001701,0.010001701,0.010001701,0.010001701,0.010001701,0.010001701,0.010001701,0.010001701,0.010001701,0.010001701,0.010001701,0.010001701,0.010001701,0.010001701,0.010001701,0.010001701,0.010001701
Accelerated Transition,WEM,Medium Light Commercial,ICE,0.989828085,0.980954017,0.966699095,0.949008684,0.928220865,0.90305306,0.872594362,0.837602663,0.765263701,0.696539401,0.631276209,0.569212097,0.51023675,0.454153639,0.40083192,0.350171459,0.302131909,0.256643505,0.213564613,0.172797488,0.134223704,0.097717275,0.063233871,0.030677034,0,0,0,0,0,0,0,0,0,0,0,0,0,0,0,0,0,0,0,0,0,0,0,0,0,0,0,0,0,0,0,0,0,0,0,0,0,0,0,0,0,0,0,0,0,0,0,0,0,0,0
Accelerated Transition,WEM,Medium Light Commercial,PHEV,0.001570319,0.004981962,0.011048117,0.0191709,0.02914791,0.036722484,0.042104403,0.045171836,0.044094596,0.043017498,0.041952722,0.040930376,0.039938801,0.038971134,0.038043891,0.037143893,0.036259373,0.035403174,0.034568926,0.033749568,0.032959368,0.03219209,0.031438071,0.030711318,0.030002614,0.029997902,0.029998013,0.030002633,0.029998467,0.02999952,0.029999237,0.029999237,0.029999237,0.029999237,0.029999237,0.029999237,0.029999237,0.029999237,0.029999237,0.029999237,0.029999237,0.029999237,0.029999237,0.029999237,0.029999237,0.029999237,0.029999237,0.029999237,0.029999237,0.029999237,0.029999237,0.029999237,0.029999237,0.029999237,0.029999237,0.029999237,0.029999237,0.029999237,0.029999237,0.029999237,0.029999237,0.029999237,0.029999237,0.029999237,0.029999237,0.029999237,0.029999237,0.029999237,0.029999237,0.029999237,0.029999237,0.029999237,0.029999237,0.029999237,0.029999237
Accelerated Transition,WEM,Medium Residential,BEV,0.027159254,0.036498574,0.046515317,0.05545508,0.064699655,0.080169111,0.101531869,0.128365908,0.184931832,0.240417809,0.294737451,0.347985549,0.400017001,0.45087023,0.500579743,0.549183949,0.596739778,0.643344353,0.689141582,0.734300481,0.779061745,0.823689985,0.868464161,0.915305218,0.960000177,0.96,0.959999956,0.959999569,0.960000983,0.960000042,0.95999958,0.95999958,0.95999958,0.95999958,0.95999958,0.95999958,0.95999958,0.95999958,0.95999958,0.95999958,0.95999958,0.95999958,0.95999958,0.95999958,0.95999958,0.95999958,0.95999958,0.95999958,0.95999958,0.95999958,0.95999958,0.95999958,0.95999958,0.95999958,0.95999958,0.95999958,0.95999958,0.95999958,0.95999958,0.95999958,0.95999958,0.95999958,0.95999958,0.95999958,0.95999958,0.95999958,0.95999958,0.95999958,0.95999958,0.95999958,0.95999958,0.95999958,0.95999958,0.95999958,0.95999958
Accelerated Transition,WEM,Medium Residential,FCEV,1.12211E-05,1.1077E-05,1.23071E-05,1.35069E-05,1.60187E-05,1.71646E-05,1.69845E-05,1.81076E-05,1.66561E-05,1.523E-05,1.38243E-05,1.24453E-05,1.23194E-05,1.09731E-05,9.65233E-06,8.35751E-06,7.08898E-06,7.01622E-06,5.78862E-06,4.5869E-06,3.40977E-06,2.25505E-06,2.2394E-06,1.11526E-06,0,0,0,0,0,0,0,0,0,0,0,0,0,0,0,0,0,0,0,0,0,0,0,0,0,0,0,0,0,0,0,0,0,0,0,0,0,0,0,0,0,0,0,0,0,0,0,0,0,0,0
Accelerated Transition,WEM,Medium Residential,Hybrid,0.06244258,0.071073911,0.079123626,0.083306207,0.086258198,0.086547729,0.084897538,0.081962654,0.077096143,0.07231191,0.0675872,0.062949352,0.058374234,0.053874431,0.049456151,0.045122199,0.040875064,0.036717063,0.03265016,0.028672701,0.024785611,0.020983247,0.017257962,0.013623969,0.010000233,0.009999726,0.010000011,0.010000108,0.009999487,0.010000254,0.010000105,0.010000105,0.010000105,0.010000105,0.010000105,0.010000105,0.010000105,0.010000105,0.010000105,0.010000105,0.010000105,0.010000105,0.010000105,0.010000105,0.010000105,0.010000105,0.010000105,0.010000105,0.010000105,0.010000105,0.010000105,0.010000105,0.010000105,0.010000105,0.010000105,0.010000105,0.010000105,0.010000105,0.010000105,0.010000105,0.010000105,0.010000105,0.010000105,0.010000105,0.010000105,0.010000105,0.010000105,0.010000105,0.010000105,0.010000105,0.010000105,0.010000105,0.010000105,0.010000105,0.010000105
Accelerated Transition,WEM,Medium Residential,ICE,0.901154791,0.875405001,0.846101252,0.819383682,0.790854105,0.763161925,0.735513878,0.707422943,0.659249987,0.612018987,0.565860414,0.520623657,0.476506909,0.433444894,0.391390117,0.350297886,0.310106287,0.270708089,0.231955988,0.193678337,0.155630949,0.117551285,0.079169629,0.038498642,0,0,0,0,0,0,0,0,0,0,0,0,0,0,0,0,0,0,0,0,0,0,0,0,0,0,0,0,0,0,0,0,0,0,0,0,0,0,0,0,0,0,0,0,0,0,0,0,0,0,0
Accelerated Transition,WEM,Medium Residential,PHEV,0.009232155,0.017011437,0.028247498,0.041841524,0.058172022,0.07010407,0.078039731,0.082230388,0.078705382,0.075236065,0.07180111,0.068428998,0.065089537,0.061799472,0.058564336,0.055387609,0.052271782,0.04922348,0.046246482,0.043343895,0.040518285,0.037773228,0.035106008,0.032571056,0.02999959,0.030000274,0.030000033,0.030000324,0.02999953,0.029999703,0.030000315,0.030000315,0.030000315,0.030000315,0.030000315,0.030000315,0.030000315,0.030000315,0.030000315,0.030000315,0.030000315,0.030000315,0.030000315,0.030000315,0.030000315,0.030000315,0.030000315,0.030000315,0.030000315,0.030000315,0.030000315,0.030000315,0.030000315,0.030000315,0.030000315,0.030000315,0.030000315,0.030000315,0.030000315,0.030000315,0.030000315,0.030000315,0.030000315,0.030000315,0.030000315,0.030000315,0.030000315,0.030000315,0.030000315,0.030000315,0.030000315,0.030000315,0.030000315,0.030000315,0.030000315
Accelerated Transition,WEM,Motorcycle,BEV,0.005111198,0.00988643,0.018434536,0.030002971,0.044788086,0.06523398,0.091036063,0.121848121,0.182390311,0.241420913,0.298947694,0.355057438,0.409813507,0.463283501,0.515519833,0.566588027,0.616507678,0.665334701,0.713121434,0.759895607,0.805726253,0.850631618,0.894624175,0.937743991,0.979995816,0.979994879,0.980004422,0.980003096,0.980002114,0.98000136,0.98000114,0.98000114,0.98000114,0.98000114,0.98000114,0.98000114,0.98000114,0.98000114,0.98000114,0.98000114,0.98000114,0.98000114,0.98000114,0.98000114,0.98000114,0.98000114,0.98000114,0.98000114,0.98000114,0.98000114,0.98000114,0.98000114,0.98000114,0.98000114,0.98000114,0.98000114,0.98000114,0.98000114,0.98000114,0.98000114,0.98000114,0.98000114,0.98000114,0.98000114,0.98000114,0.98000114,0.98000114,0.98000114,0.98000114,0.98000114,0.98000114,0.98000114,0.98000114,0.98000114,0.98000114
Accelerated Transition,WEM,Motorcycle,FCEV,0,0,0,7.07284E-06,6.97199E-06,6.87469E-06,6.78007E-06,6.68834E-06,6.6038E-06,6.52154E-06,6.44006E-06,6.36076E-06,6.28346E-06,6.2084E-06,6.13553E-06,6.06476E-06,5.99581E-06,5.92863E-06,5.86328E-06,0,0,0,0,0,0,0,0,0,0,0,0,0,0,0,0,0,0,0,0,0,0,0,0,0,0,0,0,0,0,0,0,0,0,0,0,0,0,0,0,0,0,0,0,0,0,0,0,0,0,0,0,0,0,0,0
Accelerated Transition,WEM,Motorcycle,Hybrid,0,0,0,0,0,0,0,0,0,0,0,0,0,0,0,0,0,0,0,0,0,0,0,0,0,0,0,0,0,0,0,0,0,0,0,0,0,0,0,0,0,0,0,0,0,0,0,0,0,0,0,0,0,0,0,0,0,0,0,0,0,0,0,0,0,0,0,0,0,0,0,0,0,0,0
Accelerated Transition,WEM,Motorcycle,ICE,0.994888802,0.99011357,0.981565464,0.969989957,0.955204942,0.934759145,0.908957157,0.87814519,0.816896479,0.757176955,0.698978606,0.642220159,0.586824842,0.532730704,0.479884652,0.428220539,0.377718353,0.328321664,0.279983348,0.232669276,0.186304042,0.140874897,0.096369296,0.052746605,0.010002092,0.010002561,0.009997789,0.009998452,0.009998943,0.00999932,0.00999943,0.00999943,0.00999943,0.00999943,0.00999943,0.00999943,0.00999943,0.00999943,0.00999943,0.00999943,0.00999943,0.00999943,0.00999943,0.00999943,0.00999943,0.00999943,0.00999943,0.00999943,0.00999943,0.00999943,0.00999943,0.00999943,0.00999943,0.00999943,0.00999943,0.00999943,0.00999943,0.00999943,0.00999943,0.00999943,0.00999943,0.00999943,0.00999943,0.00999943,0.00999943,0.00999943,0.00999943,0.00999943,0.00999943,0.00999943,0.00999943,0.00999943,0.00999943,0.00999943,0.00999943
Accelerated Transition,WEM,Motorcycle,PHEV,0,0,0,0,0,0,0,0,0.000706606,0.00139561,0.00206726,0.002716043,0.003355367,0.003979587,0.004589379,0.005185369,0.005767974,0.006337707,0.006889354,0.007435117,0.007969705,0.008493485,0.009006529,0.009509404,0.010002092,0.010002561,0.009997789,0.009998452,0.009998943,0.00999932,0.00999943,0.00999943,0.00999943,0.00999943,0.00999943,0.00999943,0.00999943,0.00999943,0.00999943,0.00999943,0.00999943,0.00999943,0.00999943,0.00999943,0.00999943,0.00999943,0.00999943,0.00999943,0.00999943,0.00999943,0.00999943,0.00999943,0.00999943,0.00999943,0.00999943,0.00999943,0.00999943,0.00999943,0.00999943,0.00999943,0.00999943,0.00999943,0.00999943,0.00999943,0.00999943,0.00999943,0.00999943,0.00999943,0.00999943,0.00999943,0.00999943,0.00999943,0.00999943,0.00999943,0.00999943
Accelerated Transition,WEM,Rigid Truck,BEV,0.001924091,0.001194455,0.002051871,0.003377358,0.005493042,0.019243821,0.050200161,0.096823578,0.167699197,0.233617498,0.295029975,0.352254673,0.405513958,0.455122623,0.501254547,0.544251059,0.584120182,0.620968034,0.655035542,0.686471881,0.715465276,0.742193862,0.766790689,0.789363054,0.81,0.810002404,0.809999954,0.810003424,0.810000777,0.809999161,0.810001019,0.810001019,0.810001019,0.810001019,0.810001019,0.810001019,0.810001019,0.810001019,0.810001019,0.810001019,0.810001019,0.810001019,0.810001019,0.810001019,0.810001019,0.810001019,0.810001019,0.810001019,0.810001019,0.810001019,0.810001019,0.810001019,0.810001019,0.810001019,0.810001019,0.810001019,0.810001019,0.810001019,0.810001019,0.810001019,0.810001019,0.810001019,0.810001019,0.810001019,0.810001019,0.810001019,0.810001019,0.810001019,0.810001019,0.810001019,0.810001019,0.810001019,0.810001019,0.810001019,0.810001019
Accelerated Transition,WEM,Rigid Truck,FCEV,0,0,0,9.43396E-06,9.18569E-06,0.001241249,0.003743829,0.0073952,0.016552886,0.025081609,0.033032578,0.04043695,0.047340422,0.05377332,0.059760242,0.065336617,0.070517452,0.075311636,0.079747931,0.083841256,0.087625583,0.091119071,0.09433232,0.097290967,0.1,0.100000471,0.099999542,0.099998666,0.099999136,0.1,0.099997961,0.099997961,0.099997961,0.099997961,0.099997961,0.099997961,0.099997961,0.099997961,0.099997961,0.099997961,0.099997961,0.099997961,0.099997961,0.099997961,0.099997961,0.099997961,0.099997961,0.099997961,0.099997961,0.099997961,0.099997961,0.099997961,0.099997961,0.099997961,0.099997961,0.099997961,0.099997961,0.099997961,0.099997961,0.099997961,0.099997961,0.099997961,0.099997961,0.099997961,0.099997961,0.099997961,0.099997961,0.099997961,0.099997961,0.099997961,0.099997961,0.099997961,0.099997961,0.099997961,0.099997961
Accelerated Transition,WEM,Rigid Truck,Hybrid,0,0,0,0,0,0,0,0,0.004907558,0.0094878,0.013761051,0.01774745,0.021456552,0.024922353,0.02815097,0.031163804,0.033963228,0.0365577,0.038962026,0.041187067,0.043239089,0.045141753,0.046897819,0.048515362,0.05,0.049997879,0.049999771,0.049999333,0.049999568,0.05,0.050001019,0.050001019,0.050001019,0.050001019,0.050001019,0.050001019,0.050001019,0.050001019,0.050001019,0.050001019,0.050001019,0.050001019,0.050001019,0.050001019,0.050001019,0.050001019,0.050001019,0.050001019,0.050001019,0.050001019,0.050001019,0.050001019,0.050001019,0.050001019,0.050001019,0.050001019,0.050001019,0.050001019,0.050001019,0.050001019,0.050001019,0.050001019,0.050001019,0.050001019,0.050001019,0.050001019,0.050001019,0.050001019,0.050001019,0.050001019,0.050001019,0.050001019,0.050001019,0.050001019,0.050001019
Accelerated Transition,WEM,Rigid Truck,ICE,0.998075909,0.998805545,0.997948129,0.996603774,0.994479401,0.978997,0.944534269,0.8927947,0.80419167,0.721753834,0.644945198,0.573365646,0.506733065,0.444660034,0.386918196,0.333099728,0.283184683,0.237030735,0.194348314,0.15495423,0.118616525,0.085094493,0.054241084,0.02591423,0,0,0,0,0,0,0,0,0,0,0,0,0,0,0,0,0,0,0,0,0,0,0,0,0,0,0,0,0,0,0,0,0,0,0,0,0,0,0,0,0,0,0,0,0,0,0,0,0,0,0
Accelerated Transition,WEM,Rigid Truck,PHEV,0,0,0,9.43396E-06,1.83714E-05,0.000517931,0.001521741,0.002986523,0.006648688,0.01005926,0.013231198,0.016195281,0.018956003,0.021521669,0.023916045,0.026148792,0.028214455,0.030131895,0.031906187,0.033545566,0.035053527,0.036450821,0.037738088,0.038916387,0.04,0.039999246,0.040000733,0.039998577,0.040000518,0.040000839,0.04,0.04,0.04,0.04,0.04,0.04,0.04,0.04,0.04,0.04,0.04,0.04,0.04,0.04,0.04,0.04,0.04,0.04,0.04,0.04,0.04,0.04,0.04,0.04,0.04,0.04,0.04,0.04,0.04,0.04,0.04,0.04,0.04,0.04,0.04,0.04,0.04,0.04,0.04,0.04,0.04,0.04,0.04,0.04,0.04
Accelerated Transition,WEM,Small Light Commercial,BEV,0.014128335,0.020413157,0.028157958,0.036175108,0.044972423,0.062122905,0.087812782,0.120896839,0.194876976,0.265200743,0.33204021,0.395587991,0.456015332,0.513470765,0.56815431,0.620077997,0.669346116,0.716039005,0.760278795,0.802187722,0.841811581,0.879361325,0.914857632,0.948391687,0.979991407,0.979991997,0.980001565,0.979982394,0.980010856,0.980010251,0.979983528,0.979983528,0.979983528,0.979983528,0.979983528,0.979983528,0.979983528,0.979983528,0.979983528,0.979983528,0.979983528,0.979983528,0.979983528,0.979983528,0.979983528,0.979983528,0.979983528,0.979983528,0.979983528,0.979983528,0.979983528,0.979983528,0.979983528,0.979983528,0.979983528,0.979983528,0.979983528,0.979983528,0.979983528,0.979983528,0.979983528,0.979983528,0.979983528,0.979983528,0.979983528,0.979983528,0.979983528,0.979983528,0.979983528,0.979983528,0.979983528,0.979983528,0.979983528,0.979983528,0.979983528
Accelerated Transition,WEM,Small Light Commercial,FCEV,0,0,0,0,0,0,0,0,0,0,0,0,0,0,0,0,0,0,0,0,0,0,0,0,0,0,0,0,0,0,0,0,0,0,0,0,0,0,0,0,0,0,0,0,0,0,0,0,0,0,0,0,0,0,0,0,0,0,0,0,0,0,0,0,0,0,0,0,0,0,0,0,0,0,0
Accelerated Transition,WEM,Small Light Commercial,Hybrid,0,0,0,0,0,0,0,0,0.000861762,0.001682525,0.002435226,0.003179079,0.003886954,0.004560553,0.005176277,0.005786891,0.006366765,0.006917091,0.007415751,0.007911574,0.00838114,0.008826686,0.009227146,0.009626855,0.010004296,0.010004002,0.009999217,0.010008803,0.009994572,0.009994874,0.010008236,0.010008236,0.010008236,0.010008236,0.010008236,0.010008236,0.010008236,0.010008236,0.010008236,0.010008236,0.010008236,0.010008236,0.010008236,0.010008236,0.010008236,0.010008236,0.010008236,0.010008236,0.010008236,0.010008236,0.010008236,0.010008236,0.010008236,0.010008236,0.010008236,0.010008236,0.010008236,0.010008236,0.010008236,0.010008236,0.010008236,0.010008236,0.010008236,0.010008236,0.010008236,0.010008236,0.010008236,0.010008236,0.010008236,0.010008236,0.010008236,0.010008236,0.010008236,0.010008236,0.010008236
Accelerated Transition,WEM,Small Light Commercial,ICE,0.981078761,0.968681184,0.951124612,0.930550462,0.90666101,0.878531524,0.845595338,0.809163092,0.739123975,0.672603852,0.609486054,0.54945541,0.492428537,0.438208467,0.386675594,0.337728016,0.291322517,0.247406091,0.205834037,0.166487032,0.129302617,0.094114813,0.06088632,0.029529331,0,0,0,0,0,0,0,0,0,0,0,0,0,0,0,0,0,0,0,0,0,0,0,0,0,0,0,0,0,0,0,0,0,0,0,0,0,0,0,0,0,0,0,0,0,0,0,0,0,0,0
Accelerated Transition,WEM,Small Light Commercial,PHEV,0.004792904,0.010905659,0.020717431,0.033274431,0.048366568,0.059345571,0.066591879,0.069940069,0.065137288,0.06051288,0.056038511,0.05177752,0.047669177,0.043760215,0.039993819,0.036407095,0.032964602,0.029637813,0.026471417,0.023413672,0.020504661,0.017697177,0.015028902,0.012452127,0.010004296,0.010004002,0.009999217,0.010008803,0.009994572,0.009994874,0.010008236,0.010008236,0.010008236,0.010008236,0.010008236,0.010008236,0.010008236,0.010008236,0.010008236,0.010008236,0.010008236,0.010008236,0.010008236,0.010008236,0.010008236,0.010008236,0.010008236,0.010008236,0.010008236,0.010008236,0.010008236,0.010008236,0.010008236,0.010008236,0.010008236,0.010008236,0.010008236,0.010008236,0.010008236,0.010008236,0.010008236,0.010008236,0.010008236,0.010008236,0.010008236,0.010008236,0.010008236,0.010008236,0.010008236,0.010008236,0.010008236,0.010008236,0.010008236,0.010008236,0.010008236
Accelerated Transition,WEM,Small Residential,BEV,0.062348259,0.077729463,0.089124887,0.093241098,0.093465963,0.102095685,0.118584591,0.14239734,0.199954704,0.256407642,0.311670177,0.365841185,0.418765325,0.470484512,0.521027093,0.570424755,0.618714341,0.665968117,0.712289405,0.757776598,0.802612017,0.846979055,0.891093339,0.936482996,0.97999894,0.9799993,0.980001634,0.979997645,0.979998201,0.97999841,0.979998758,0.979998758,0.979998758,0.979998758,0.979998758,0.979998758,0.979998758,0.979998758,0.979998758,0.979998758,0.979998758,0.979998758,0.979998758,0.979998758,0.979998758,0.979998758,0.979998758,0.979998758,0.979998758,0.979998758,0.979998758,0.979998758,0.979998758,0.979998758,0.979998758,0.979998758,0.979998758,0.979998758,0.979998758,0.979998758,0.979998758,0.979998758,0.979998758,0.979998758,0.979998758,0.979998758,0.979998758,0.979998758,0.979998758,0.979998758,0.979998758,0.979998758,0.979998758,0.979998758,0.979998758
Accelerated Transition,WEM,Small Residential,FCEV,2.57598E-05,2.54288E-05,2.51136E-05,2.79063E-05,2.75801E-05,2.72797E-05,2.99926E-05,2.67229E-05,2.64716E-05,2.33085E-05,2.30807E-05,1.9999E-05,1.97964E-05,1.67932E-05,1.66178E-05,1.37026E-05,1.08467E-05,1.07332E-05,7.96703E-06,7.88702E-06,5.20737E-06,5.16004E-06,2.55836E-06,2.54251E-06,0,0,0,0,0,0,0,0,0,0,0,0,0,0,0,0,0,0,0,0,0,0,0,0,0,0,0,0,0,0,0,0,0,0,0,0,0,0,0,0,0,0,0,0,0,0,0,0,0,0,0
Accelerated Transition,WEM,Small Residential,Hybrid,0,0,0,0,0,0,0,0,0.00068532,0.001357718,0.002016676,0.00266272,0.003297521,0.00391562,0.004520049,0.005111087,0.00568909,0.006254746,0.006809153,0.007353328,0.007889166,0.008418603,0.008946571,0.009483565,0.01000053,0.01000035,0.009999183,0.010001177,0.010000899,0.010000795,0.010000621,0.010000621,0.010000621,0.010000621,0.010000621,0.010000621,0.010000621,0.010000621,0.010000621,0.010000621,0.010000621,0.010000621,0.010000621,0.010000621,0.010000621,0.010000621,0.010000621,0.010000621,0.010000621,0.010000621,0.010000621,0.010000621,0.010000621,0.010000621,0.010000621,0.010000621,0.010000621,0.010000621,0.010000621,0.010000621,0.010000621,0.010000621,0.010000621,0.010000621,0.010000621,0.010000621,0.010000621,0.010000621,0.010000621,0.010000621,0.010000621,0.010000621,0.010000621,0.010000621,0.010000621
Accelerated Transition,WEM,Small Residential,ICE,0.916432146,0.888971532,0.863011807,0.843656591,0.82642911,0.805774803,0.781789116,0.754731435,0.702762164,0.651806551,0.601976285,0.553137267,0.505473715,0.458939172,0.413484814,0.36908628,0.325696358,0.28323991,0.241618687,0.200724554,0.160384408,0.120406921,0.080585659,0.039368237,0,0,0,0,0,0,0,0,0,0,0,0,0,0,0,0,0,0,0,0,0,0,0,0,0,0,0,0,0,0,0,0,0,0,0,0,0,0,0,0,0,0,0,0,0,0,0,0,0,0,0
Accelerated Transition,WEM,Small Residential,PHEV,0.021193836,0.033273576,0.047838193,0.063074404,0.080077347,0.092102232,0.0995963,0.102844503,0.096571339,0.090404781,0.084313782,0.078338828,0.072443644,0.066643903,0.060951426,0.055364175,0.049889364,0.044526493,0.039274788,0.034137634,0.029109201,0.024190261,0.019371872,0.01466266,0.01000053,0.01000035,0.009999183,0.010001177,0.010000899,0.010000795,0.010000621,0.010000621,0.010000621,0.010000621,0.010000621,0.010000621,0.010000621,0.010000621,0.010000621,0.010000621,0.010000621,0.010000621,0.010000621,0.010000621,0.010000621,0.010000621,0.010000621,0.010000621,0.010000621,0.010000621,0.010000621,0.010000621,0.010000621,0.010000621,0.010000621,0.010000621,0.010000621,0.010000621,0.010000621,0.010000621,0.010000621,0.010000621,0.010000621,0.010000621,0.010000621,0.010000621,0.010000621,0.010000621,0.010000621,0.010000621,0.010000621,0.010000621,0.010000621,0.010000621,0.010000621
